representation,condition,experiment_id,cycle_name,camera_role,cosine_similarity
dinov2,dark_60pct,exp_20260729,frost_cycle_000060,extreme,0.9938733367417055
dinov2,dark_60pct,exp_20260729,frost_cycle_000060,extreme,0.9929468383702376
dinov2,dark_60pct,exp_20260729,frost_cycle_000060,extreme,0.99073232475238
dinov2,dark_60pct,exp_20260729,frost_cycle_000060,front,0.9938749785952262
dinov2,dark_60pct,exp_20260729,frost_cycle_000060,front,0.975616119329974
dinov2,dark_60pct,exp_20260729,frost_cycle_000060,front,0.9863879363769708
dinov2,dark_60pct,exp_20260729,frost_cycle_000060,left,0.9917581032772007
dinov2,dark_60pct,exp_20260729,frost_cycle_000060,left,0.9861868274487372
dinov2,dark_60pct,exp_20260729,frost_cycle_000060,left,0.9908975651251813
dinov2,dark_60pct,exp_20260729,frost_cycle_000060,left_close,0.9950765317121545
dinov2,dark_60pct,exp_20260729,frost_cycle_000060,left_close,0.9753725345009794
dinov2,dark_60pct,exp_20260729,frost_cycle_000060,left_close,0.9828610258305708
dinov2,dark_60pct,exp_20260729,frost_cycle_000060,top,0.9954375327922685
dinov2,dark_60pct,exp_20260729,frost_cycle_000060,top,0.9911404266663508
dinov2,dark_60pct,exp_20260729,frost_cycle_000060,top,0.987011450038815
dinov2,dark_60pct,exp_20260729,frost_cycle_000060,top_close,0.9938126425431637
dinov2,dark_60pct,exp_20260729,frost_cycle_000060,top_close,0.9834587980563458
dinov2,dark_60pct,exp_20260729,frost_cycle_000060,top_close,0.9781955385027792
dinov2,dark_60pct,exp_20260729,frost_cycle_000060,extreme,0.9910237941334077
dinov2,dark_60pct,exp_20260729,frost_cycle_000060,extreme,0.9935673829720507
dinov2,dark_60pct,exp_20260729,frost_cycle_000060,extreme,0.994337623755958
dinov2,dark_60pct,exp_20260729,frost_cycle_000060,front,0.9887727126321388
dinov2,dark_60pct,exp_20260729,frost_cycle_000060,front,0.9912556183317176
dinov2,dark_60pct,exp_20260729,frost_cycle_000060,front,0.9911586393200738
dinov2,dark_60pct,exp_20260729,frost_cycle_000060,left,0.9875187939262752
dinov2,dark_60pct,exp_20260729,frost_cycle_000060,left,0.9878619354101805
dinov2,dark_60pct,exp_20260729,frost_cycle_000060,left,0.9798710252566017
dinov2,dark_60pct,exp_20260729,frost_cycle_000060,left_close,0.9883578090321503
dinov2,dark_60pct,exp_20260729,frost_cycle_000060,left_close,0.9911680675501633
dinov2,dark_60pct,exp_20260729,frost_cycle_000060,left_close,0.9930354830059585
dinov2,dark_60pct,exp_20260729,frost_cycle_000060,top,0.9926888870328854
dinov2,dark_60pct,exp_20260729,frost_cycle_000060,top,0.9962759135764523
dinov2,dark_60pct,exp_20260729,frost_cycle_000060,top,0.9949717827697466
dinov2,dark_60pct,exp_20260729,frost_cycle_000060,top_close,0.9871525096635845
dinov2,dark_60pct,exp_20260729,frost_cycle_000060,top_close,0.9856387458263858
dinov2,dark_60pct,exp_20260729,frost_cycle_000060,top_close,0.9895133378260873
dinov2,dark_60pct,exp_20260729,frost_cycle_000061,extreme,0.9942225243630238
dinov2,dark_60pct,exp_20260729,frost_cycle_000061,extreme,0.9946963805410118
dinov2,dark_60pct,exp_20260729,frost_cycle_000061,extreme,0.9904535195783619
dinov2,dark_60pct,exp_20260729,frost_cycle_000061,front,0.9891438418027269
dinov2,dark_60pct,exp_20260729,frost_cycle_000061,front,0.9828818659099863
dinov2,dark_60pct,exp_20260729,frost_cycle_000061,front,0.9771164928929664
dinov2,dark_60pct,exp_20260729,frost_cycle_000061,left,0.9907848193438391
dinov2,dark_60pct,exp_20260729,frost_cycle_000061,left,0.9825773428495298
dinov2,dark_60pct,exp_20260729,frost_cycle_000061,left,0.987585810436812
dinov2,dark_60pct,exp_20260729,frost_cycle_000061,left_close,0.987967825171832
dinov2,dark_60pct,exp_20260729,frost_cycle_000061,left_close,0.9843894997775376
dinov2,dark_60pct,exp_20260729,frost_cycle_000061,left_close,0.9714943892430447
dinov2,dark_60pct,exp_20260729,frost_cycle_000061,top,0.9938977817613764
dinov2,dark_60pct,exp_20260729,frost_cycle_000061,top,0.989524825919354
dinov2,dark_60pct,exp_20260729,frost_cycle_000061,top,0.9878910897923319
dinov2,dark_60pct,exp_20260729,frost_cycle_000061,top_close,0.9863506555563192
dinov2,dark_60pct,exp_20260729,frost_cycle_000061,top_close,0.978318456781903
dinov2,dark_60pct,exp_20260729,frost_cycle_000061,top_close,0.9736538111230177
dinov2,dark_60pct,exp_20260730,frost_cycle_000063,extreme,0.9949751813686715
dinov2,dark_60pct,exp_20260730,frost_cycle_000063,extreme,0.9934115357153489
dinov2,dark_60pct,exp_20260730,frost_cycle_000063,extreme,0.9922657145563466
dinov2,dark_60pct,exp_20260730,frost_cycle_000063,front,0.9924692689613573
dinov2,dark_60pct,exp_20260730,frost_cycle_000063,front,0.9842990252617771
dinov2,dark_60pct,exp_20260730,frost_cycle_000063,front,0.982164165618201
dinov2,dark_60pct,exp_20260730,frost_cycle_000063,left,0.9885066678537083
dinov2,dark_60pct,exp_20260730,frost_cycle_000063,left,0.981832215775255
dinov2,dark_60pct,exp_20260730,frost_cycle_000063,left,0.9801696650466583
dinov2,dark_60pct,exp_20260730,frost_cycle_000063,left_close,0.9945421470122972
dinov2,dark_60pct,exp_20260730,frost_cycle_000063,left_close,0.9746303442897967
dinov2,dark_60pct,exp_20260730,frost_cycle_000063,left_close,0.9754756548283925
dinov2,dark_60pct,exp_20260730,frost_cycle_000063,top,0.9914455349711269
dinov2,dark_60pct,exp_20260730,frost_cycle_000063,top,0.9932550449869072
dinov2,dark_60pct,exp_20260730,frost_cycle_000063,top,0.9882074243553485
dinov2,dark_60pct,exp_20260730,frost_cycle_000063,top_close,0.991822946452579
dinov2,dark_60pct,exp_20260730,frost_cycle_000063,top_close,0.9877157711351862
dinov2,dark_60pct,exp_20260730,frost_cycle_000063,top_close,0.9713183933362625
dinov2,dark_60pct,exp_20260730,frost_cycle_000063,extreme,0.992844875594798
dinov2,dark_60pct,exp_20260730,frost_cycle_000063,extreme,0.9915069201957001
dinov2,dark_60pct,exp_20260730,frost_cycle_000063,extreme,0.9925163648321385
dinov2,dark_60pct,exp_20260730,frost_cycle_000063,front,0.9912739235872643
dinov2,dark_60pct,exp_20260730,frost_cycle_000063,front,0.991364419851871
dinov2,dark_60pct,exp_20260730,frost_cycle_000063,front,0.9901734321127627
dinov2,dark_60pct,exp_20260730,frost_cycle_000063,left,0.9824290775364681
dinov2,dark_60pct,exp_20260730,frost_cycle_000063,left,0.9852260295826666
dinov2,dark_60pct,exp_20260730,frost_cycle_000063,left,0.9854747819120184
dinov2,dark_60pct,exp_20260730,frost_cycle_000063,left_close,0.9878143693405967
dinov2,dark_60pct,exp_20260730,frost_cycle_000063,left_close,0.9919342369897295
dinov2,dark_60pct,exp_20260730,frost_cycle_000063,left_close,0.9949766016460824
dinov2,dark_60pct,exp_20260730,frost_cycle_000063,top,0.9931472356210816
dinov2,dark_60pct,exp_20260730,frost_cycle_000063,top,0.9942107172266023
dinov2,dark_60pct,exp_20260730,frost_cycle_000063,top,0.993526525649344
dinov2,dark_60pct,exp_20260730,frost_cycle_000063,top_close,0.9767803249035325
dinov2,dark_60pct,exp_20260730,frost_cycle_000063,top_close,0.9828616730021473
dinov2,dark_60pct,exp_20260730,frost_cycle_000063,top_close,0.9840193432158943
dinov2,dark_60pct,exp_20260730,frost_cycle_000064,extreme,0.9946253016512077
dinov2,dark_60pct,exp_20260730,frost_cycle_000064,extreme,0.9954180402514071
dinov2,dark_60pct,exp_20260730,frost_cycle_000064,extreme,0.9929903028542847
dinov2,dark_60pct,exp_20260730,frost_cycle_000064,front,0.9903952383797293
dinov2,dark_60pct,exp_20260730,frost_cycle_000064,front,0.974902834587337
dinov2,dark_60pct,exp_20260730,frost_cycle_000064,front,0.983202613252227
dinov2,dark_60pct,exp_20260730,frost_cycle_000064,left,0.9864239055568602
dinov2,dark_60pct,exp_20260730,frost_cycle_000064,left,0.9838304361294642
dinov2,dark_60pct,exp_20260730,frost_cycle_000064,left,0.9681393356260275
dinov2,dark_60pct,exp_20260730,frost_cycle_000064,left_close,0.9871454274771508
dinov2,dark_60pct,exp_20260730,frost_cycle_000064,left_close,0.9826977034839955
dinov2,dark_60pct,exp_20260730,frost_cycle_000064,left_close,0.9737232654771101
dinov2,dark_60pct,exp_20260730,frost_cycle_000064,top,0.9941607335906304
dinov2,dark_60pct,exp_20260730,frost_cycle_000064,top,0.9885498206313906
dinov2,dark_60pct,exp_20260730,frost_cycle_000064,top,0.9836795770732528
dinov2,dark_60pct,exp_20260730,frost_cycle_000064,top_close,0.9906922273574131
dinov2,dark_60pct,exp_20260730,frost_cycle_000064,top_close,0.983368827790607
dinov2,dark_60pct,exp_20260730,frost_cycle_000064,top_close,0.9776426532579565
dinov2,dark_60pct,exp_20260730,frost_cycle_000064,extreme,0.9925039253053634
dinov2,dark_60pct,exp_20260730,frost_cycle_000064,extreme,0.9940546476324286
dinov2,dark_60pct,exp_20260730,frost_cycle_000064,extreme,0.9939260406948331
dinov2,dark_60pct,exp_20260730,frost_cycle_000064,front,0.9932694547340003
dinov2,dark_60pct,exp_20260730,frost_cycle_000064,front,0.9917585700372038
dinov2,dark_60pct,exp_20260730,frost_cycle_000064,front,0.9921860727143758
dinov2,dark_60pct,exp_20260730,frost_cycle_000064,left,0.9833581793605211
dinov2,dark_60pct,exp_20260730,frost_cycle_000064,left,0.9875558697651691
dinov2,dark_60pct,exp_20260730,frost_cycle_000064,left,0.9841814446662474
dinov2,dark_60pct,exp_20260730,frost_cycle_000064,left_close,0.9867250884510247
dinov2,dark_60pct,exp_20260730,frost_cycle_000064,left_close,0.9852170870889491
dinov2,dark_60pct,exp_20260730,frost_cycle_000064,left_close,0.9866255881184647
dinov2,dark_60pct,exp_20260730,frost_cycle_000064,top,0.9932713221551773
dinov2,dark_60pct,exp_20260730,frost_cycle_000064,top,0.99514734431093
dinov2,dark_60pct,exp_20260730,frost_cycle_000064,top,0.9955768706721397
dinov2,dark_60pct,exp_20260730,frost_cycle_000064,top_close,0.9819749550084673
dinov2,dark_60pct,exp_20260730,frost_cycle_000064,top_close,0.9848262429970993
dinov2,dark_60pct,exp_20260730,frost_cycle_000064,top_close,0.9877357271023292
dinov2,dark_60pct,exp_20260730,frost_cycle_000065,extreme,0.9937810595978712
dinov2,dark_60pct,exp_20260730,frost_cycle_000065,extreme,0.9938635811232037
dinov2,dark_60pct,exp_20260730,frost_cycle_000065,extreme,0.9949064046852606
dinov2,dark_60pct,exp_20260730,frost_cycle_000065,front,0.9908156190988638
dinov2,dark_60pct,exp_20260730,frost_cycle_000065,front,0.9921533672852342
dinov2,dark_60pct,exp_20260730,frost_cycle_000065,front,0.9695481599629294
dinov2,dark_60pct,exp_20260730,frost_cycle_000065,left,0.9848173637165692
dinov2,dark_60pct,exp_20260730,frost_cycle_000065,left,0.97415481363407
dinov2,dark_60pct,exp_20260730,frost_cycle_000065,left,0.9810072378955375
dinov2,dark_60pct,exp_20260730,frost_cycle_000065,left_close,0.9913839586468559
dinov2,dark_60pct,exp_20260730,frost_cycle_000065,left_close,0.9850727837364229
dinov2,dark_60pct,exp_20260730,frost_cycle_000065,left_close,0.9746940332118127
dinov2,dark_60pct,exp_20260730,frost_cycle_000065,top,0.9943119732341262
dinov2,dark_60pct,exp_20260730,frost_cycle_000065,top,0.9920589781445509
dinov2,dark_60pct,exp_20260730,frost_cycle_000065,top,0.9827692799293353
dinov2,dark_60pct,exp_20260730,frost_cycle_000065,top_close,0.9833020054552907
dinov2,dark_60pct,exp_20260730,frost_cycle_000065,top_close,0.9780764509854739
dinov2,dark_60pct,exp_20260730,frost_cycle_000065,top_close,0.97575567996079
dinov2,dark_60pct,exp_20260730,frost_cycle_000066,extreme,0.9936638762906495
dinov2,dark_60pct,exp_20260730,frost_cycle_000066,extreme,0.9947334698940444
dinov2,dark_60pct,exp_20260730,frost_cycle_000066,extreme,0.9931053080764063
dinov2,dark_60pct,exp_20260730,frost_cycle_000066,front,0.9936482568786235
dinov2,dark_60pct,exp_20260730,frost_cycle_000066,front,0.9739217672540544
dinov2,dark_60pct,exp_20260730,frost_cycle_000066,front,0.9777018854385412
dinov2,dark_60pct,exp_20260730,frost_cycle_000066,left,0.940140968183285
dinov2,dark_60pct,exp_20260730,frost_cycle_000066,left,0.9813381069439043
dinov2,dark_60pct,exp_20260730,frost_cycle_000066,left,0.9585292624380235
dinov2,dark_60pct,exp_20260730,frost_cycle_000066,left_close,0.9926571617503582
dinov2,dark_60pct,exp_20260730,frost_cycle_000066,left_close,0.9617298837252479
dinov2,dark_60pct,exp_20260730,frost_cycle_000066,left_close,0.97705566484077
dinov2,dark_60pct,exp_20260730,frost_cycle_000066,top,0.9942290147477137
dinov2,dark_60pct,exp_20260730,frost_cycle_000066,top,0.9886861197033624
dinov2,dark_60pct,exp_20260730,frost_cycle_000066,top,0.9820228167962707
dinov2,dark_60pct,exp_20260730,frost_cycle_000066,top_close,0.9908570140372394
dinov2,dark_60pct,exp_20260730,frost_cycle_000066,top_close,0.9787797564978117
dinov2,dark_60pct,exp_20260730,frost_cycle_000066,top_close,0.9705791091929705
dinov2,dark_60pct,exp_20260730,frost_cycle_000066,extreme,0.9926257648528422
dinov2,dark_60pct,exp_20260730,frost_cycle_000066,extreme,0.9931088493582211
dinov2,dark_60pct,exp_20260730,frost_cycle_000066,extreme,0.9941086456473265
dinov2,dark_60pct,exp_20260730,frost_cycle_000066,front,0.9903866071231862
dinov2,dark_60pct,exp_20260730,frost_cycle_000066,front,0.9894700945022624
dinov2,dark_60pct,exp_20260730,frost_cycle_000066,front,0.9903610474985934
dinov2,dark_60pct,exp_20260730,frost_cycle_000066,left,0.9830199251477906
dinov2,dark_60pct,exp_20260730,frost_cycle_000066,left,0.9780935955795896
dinov2,dark_60pct,exp_20260730,frost_cycle_000066,left,0.9843339069924174
dinov2,dark_60pct,exp_20260730,frost_cycle_000066,left_close,0.9926494821005304
dinov2,dark_60pct,exp_20260730,frost_cycle_000066,left_close,0.992993540905456
dinov2,dark_60pct,exp_20260730,frost_cycle_000066,left_close,0.9930731009264383
dinov2,dark_60pct,exp_20260730,frost_cycle_000066,top,0.9926902362881421
dinov2,dark_60pct,exp_20260730,frost_cycle_000066,top,0.9926080485774001
dinov2,dark_60pct,exp_20260730,frost_cycle_000066,top,0.9919477883876481
dinov2,dark_60pct,exp_20260730,frost_cycle_000066,top_close,0.9876006256440578
dinov2,dark_60pct,exp_20260730,frost_cycle_000066,top_close,0.9894041699601526
dinov2,dark_60pct,exp_20260730,frost_cycle_000066,top_close,0.9915684653002126
dinov2,dark_60pct,exp_20260730,frost_cycle_000067,extreme,0.9950609737446976
dinov2,dark_60pct,exp_20260730,frost_cycle_000067,extreme,0.992243987119926
dinov2,dark_60pct,exp_20260730,frost_cycle_000067,extreme,0.9928918570393441
dinov2,dark_60pct,exp_20260730,frost_cycle_000067,front,0.9941209757561332
dinov2,dark_60pct,exp_20260730,frost_cycle_000067,front,0.982452746071475
dinov2,dark_60pct,exp_20260730,frost_cycle_000067,front,0.9813685909603751
dinov2,dark_60pct,exp_20260730,frost_cycle_000067,left,0.9740632577708968
dinov2,dark_60pct,exp_20260730,frost_cycle_000067,left,0.9754460660340147
dinov2,dark_60pct,exp_20260730,frost_cycle_000067,left,0.9570355536595513
dinov2,dark_60pct,exp_20260730,frost_cycle_000067,left_close,0.994305128441633
dinov2,dark_60pct,exp_20260730,frost_cycle_000067,left_close,0.9781221395208146
dinov2,dark_60pct,exp_20260730,frost_cycle_000067,left_close,0.9774954286472277
dinov2,dark_60pct,exp_20260730,frost_cycle_000067,top,0.9925674817639926
dinov2,dark_60pct,exp_20260730,frost_cycle_000067,top,0.9853162022579443
dinov2,dark_60pct,exp_20260730,frost_cycle_000067,top,0.9851981903736095
dinov2,dark_60pct,exp_20260730,frost_cycle_000067,top_close,0.9891942030055584
dinov2,dark_60pct,exp_20260730,frost_cycle_000067,top_close,0.9748857893832423
dinov2,dark_60pct,exp_20260730,frost_cycle_000067,top_close,0.9792793833080794
dinov2,dark_60pct,exp_20260730,frost_cycle_000067,extreme,0.9929288835791792
dinov2,dark_60pct,exp_20260730,frost_cycle_000067,extreme,0.9931378578878327
dinov2,dark_60pct,exp_20260730,frost_cycle_000067,extreme,0.9951152850258898
dinov2,dark_60pct,exp_20260730,frost_cycle_000067,front,0.9915467338011252
dinov2,dark_60pct,exp_20260730,frost_cycle_000067,front,0.9920893698977631
dinov2,dark_60pct,exp_20260730,frost_cycle_000067,front,0.9912708648419265
dinov2,dark_60pct,exp_20260730,frost_cycle_000067,left,0.9828112234954016
dinov2,dark_60pct,exp_20260730,frost_cycle_000067,left,0.9789849913173431
dinov2,dark_60pct,exp_20260730,frost_cycle_000067,left,0.9827535523853261
dinov2,dark_60pct,exp_20260730,frost_cycle_000067,left_close,0.9925935216194596
dinov2,dark_60pct,exp_20260730,frost_cycle_000067,left_close,0.9927638918587495
dinov2,dark_60pct,exp_20260730,frost_cycle_000067,left_close,0.9930295593171014
dinov2,dark_60pct,exp_20260730,frost_cycle_000067,top,0.9948490513126151
dinov2,dark_60pct,exp_20260730,frost_cycle_000067,top,0.9951849917324721
dinov2,dark_60pct,exp_20260730,frost_cycle_000067,top,0.9964666263288895
dinov2,dark_60pct,exp_20260730,frost_cycle_000067,top_close,0.9875516689201256
dinov2,dark_60pct,exp_20260730,frost_cycle_000067,top_close,0.9846401825649214
dinov2,dark_60pct,exp_20260730,frost_cycle_000067,top_close,0.9877873491688229
dinov2,dark_60pct,exp_20260730,frost_cycle_000068,extreme,0.9927879247217813
dinov2,dark_60pct,exp_20260730,frost_cycle_000068,extreme,0.9952888846997573
dinov2,dark_60pct,exp_20260730,frost_cycle_000068,extreme,0.9929074403821926
dinov2,dark_60pct,exp_20260730,frost_cycle_000068,front,0.990084734687222
dinov2,dark_60pct,exp_20260730,frost_cycle_000068,front,0.9910607489020458
dinov2,dark_60pct,exp_20260730,frost_cycle_000068,front,0.9632011872166203
dinov2,dark_60pct,exp_20260730,frost_cycle_000068,left,0.9667825375216109
dinov2,dark_60pct,exp_20260730,frost_cycle_000068,left,0.9714703051443049
dinov2,dark_60pct,exp_20260730,frost_cycle_000068,left,0.9668975344392265
dinov2,dark_60pct,exp_20260730,frost_cycle_000068,left_close,0.9914818786603314
dinov2,dark_60pct,exp_20260730,frost_cycle_000068,left_close,0.9892187728241573
dinov2,dark_60pct,exp_20260730,frost_cycle_000068,left_close,0.9801532207541922
dinov2,dark_60pct,exp_20260730,frost_cycle_000068,top,0.9944836167747768
dinov2,dark_60pct,exp_20260730,frost_cycle_000068,top,0.9955258863330372
dinov2,dark_60pct,exp_20260730,frost_cycle_000068,top,0.9874990602459723
dinov2,dark_60pct,exp_20260730,frost_cycle_000068,top_close,0.9841318819800124
dinov2,dark_60pct,exp_20260730,frost_cycle_000068,top_close,0.9835791905631608
dinov2,dark_60pct,exp_20260730,frost_cycle_000068,top_close,0.9786097782801365
dinov2,dark_60pct,exp_20260731,frost_cycle_000070,extreme,0.9921100122133458
dinov2,dark_60pct,exp_20260731,frost_cycle_000070,extreme,0.9926336100941068
dinov2,dark_60pct,exp_20260731,frost_cycle_000070,extreme,0.9952054906218185
dinov2,dark_60pct,exp_20260731,frost_cycle_000070,front,0.9922492245489967
dinov2,dark_60pct,exp_20260731,frost_cycle_000070,front,0.9911176930560265
dinov2,dark_60pct,exp_20260731,frost_cycle_000070,front,0.9922395182057323
dinov2,dark_60pct,exp_20260731,frost_cycle_000070,left,0.9888182294722415
dinov2,dark_60pct,exp_20260731,frost_cycle_000070,left,0.9882152846074479
dinov2,dark_60pct,exp_20260731,frost_cycle_000070,left,0.9875058606572615
dinov2,dark_60pct,exp_20260731,frost_cycle_000070,left_close,0.9912129118143118
dinov2,dark_60pct,exp_20260731,frost_cycle_000070,left_close,0.990479978462452
dinov2,dark_60pct,exp_20260731,frost_cycle_000070,left_close,0.9914691965627853
dinov2,dark_60pct,exp_20260731,frost_cycle_000070,top,0.9957047580992967
dinov2,dark_60pct,exp_20260731,frost_cycle_000070,top,0.9935201536980981
dinov2,dark_60pct,exp_20260731,frost_cycle_000070,top,0.9958225378234393
dinov2,dark_60pct,exp_20260731,frost_cycle_000070,top_close,0.9756077846384739
dinov2,dark_60pct,exp_20260731,frost_cycle_000070,top_close,0.9800442370786264
dinov2,dark_60pct,exp_20260731,frost_cycle_000070,top_close,0.9895864138547765
dinov2,dark_60pct,exp_20260731,frost_cycle_000071,extreme,0.9913386984891892
dinov2,dark_60pct,exp_20260731,frost_cycle_000071,extreme,0.9932736415586726
dinov2,dark_60pct,exp_20260731,frost_cycle_000071,extreme,0.9940134081859316
dinov2,dark_60pct,exp_20260731,frost_cycle_000071,front,0.9907343779515193
dinov2,dark_60pct,exp_20260731,frost_cycle_000071,front,0.9902515978493655
dinov2,dark_60pct,exp_20260731,frost_cycle_000071,front,0.9925109977162663
dinov2,dark_60pct,exp_20260731,frost_cycle_000071,left,0.9907429081178272
dinov2,dark_60pct,exp_20260731,frost_cycle_000071,left,0.9849151100694666
dinov2,dark_60pct,exp_20260731,frost_cycle_000071,left,0.9657664342409552
dinov2,dark_60pct,exp_20260731,frost_cycle_000071,left_close,0.9917208958777848
dinov2,dark_60pct,exp_20260731,frost_cycle_000071,left_close,0.9930984543303868
dinov2,dark_60pct,exp_20260731,frost_cycle_000071,left_close,0.9897920954876939
dinov2,dark_60pct,exp_20260731,frost_cycle_000071,top,0.9943195609688565
dinov2,dark_60pct,exp_20260731,frost_cycle_000071,top,0.9938035250095029
dinov2,dark_60pct,exp_20260731,frost_cycle_000071,top,0.9902105769648187
dinov2,dark_60pct,exp_20260731,frost_cycle_000071,top_close,0.9800190452493692
dinov2,dark_60pct,exp_20260731,frost_cycle_000071,top_close,0.9915872879225708
dinov2,dark_60pct,exp_20260731,frost_cycle_000071,top_close,0.9812275059333095
dinov2,dark_60pct,exp_20260731,frost_cycle_000072,extreme,0.992357415296292
dinov2,dark_60pct,exp_20260731,frost_cycle_000072,extreme,0.9947985824629263
dinov2,dark_60pct,exp_20260731,frost_cycle_000072,extreme,0.9923641056569356
dinov2,dark_60pct,exp_20260731,frost_cycle_000072,front,0.9928291415452117
dinov2,dark_60pct,exp_20260731,frost_cycle_000072,front,0.9798643326018985
dinov2,dark_60pct,exp_20260731,frost_cycle_000072,front,0.9731423241274123
dinov2,dark_60pct,exp_20260731,frost_cycle_000072,left,0.9794490775425958
dinov2,dark_60pct,exp_20260731,frost_cycle_000072,left,0.9792259836229513
dinov2,dark_60pct,exp_20260731,frost_cycle_000072,left,0.9840421708398227
dinov2,dark_60pct,exp_20260731,frost_cycle_000072,left_close,0.991287882357918
dinov2,dark_60pct,exp_20260731,frost_cycle_000072,left_close,0.9785214382623252
dinov2,dark_60pct,exp_20260731,frost_cycle_000072,left_close,0.9629909528468088
dinov2,dark_60pct,exp_20260731,frost_cycle_000072,top,0.992052594006259
dinov2,dark_60pct,exp_20260731,frost_cycle_000072,top,0.9913081058742527
dinov2,dark_60pct,exp_20260731,frost_cycle_000072,top,0.9876297555042046
dinov2,dark_60pct,exp_20260731,frost_cycle_000072,top_close,0.9879834199810787
dinov2,dark_60pct,exp_20260731,frost_cycle_000072,top_close,0.9808623007608881
dinov2,dark_60pct,exp_20260731,frost_cycle_000072,top_close,0.9850972859948031
dinov2,dark_60pct,exp_20260731,frost_cycle_000072,extreme,0.9950061539962244
dinov2,dark_60pct,exp_20260731,frost_cycle_000072,extreme,0.9934313261584736
dinov2,dark_60pct,exp_20260731,frost_cycle_000072,extreme,0.9942309233131349
dinov2,dark_60pct,exp_20260731,frost_cycle_000072,front,0.9916827020300708
dinov2,dark_60pct,exp_20260731,frost_cycle_000072,front,0.9914355395708259
dinov2,dark_60pct,exp_20260731,frost_cycle_000072,front,0.9887381563373376
dinov2,dark_60pct,exp_20260731,frost_cycle_000072,left,0.9697791033769141
dinov2,dark_60pct,exp_20260731,frost_cycle_000072,left,0.9772394997137483
dinov2,dark_60pct,exp_20260731,frost_cycle_000072,left,0.97909869648762
dinov2,dark_60pct,exp_20260731,frost_cycle_000072,left_close,0.9926350211699665
dinov2,dark_60pct,exp_20260731,frost_cycle_000072,left_close,0.9903077453358871
dinov2,dark_60pct,exp_20260731,frost_cycle_000072,left_close,0.9894478280561237
dinov2,dark_60pct,exp_20260731,frost_cycle_000072,top,0.9952003654563233
dinov2,dark_60pct,exp_20260731,frost_cycle_000072,top,0.9938482848378717
dinov2,dark_60pct,exp_20260731,frost_cycle_000072,top,0.9933386381970553
dinov2,dark_60pct,exp_20260731,frost_cycle_000072,top_close,0.9856241880321094
dinov2,dark_60pct,exp_20260731,frost_cycle_000072,top_close,0.9873322944389691
dinov2,dark_60pct,exp_20260731,frost_cycle_000072,top_close,0.9850484866485821
dinov2,dark_60pct,exp_20260731,frost_cycle_000073,extreme,0.9938006580081926
dinov2,dark_60pct,exp_20260731,frost_cycle_000073,extreme,0.993381922883875
dinov2,dark_60pct,exp_20260731,frost_cycle_000073,extreme,0.995697446081045
dinov2,dark_60pct,exp_20260731,frost_cycle_000073,front,0.9901285034567341
dinov2,dark_60pct,exp_20260731,frost_cycle_000073,front,0.983504720396569
dinov2,dark_60pct,exp_20260731,frost_cycle_000073,front,0.9899455526942124
dinov2,dark_60pct,exp_20260731,frost_cycle_000073,left,0.9826189544439585
dinov2,dark_60pct,exp_20260731,frost_cycle_000073,left,0.9833813860506442
dinov2,dark_60pct,exp_20260731,frost_cycle_000073,left,0.9674271588699556
dinov2,dark_60pct,exp_20260731,frost_cycle_000073,left_close,0.9958611078789156
dinov2,dark_60pct,exp_20260731,frost_cycle_000073,left_close,0.9621300030081966
dinov2,dark_60pct,exp_20260731,frost_cycle_000073,left_close,0.9853464969989173
dinov2,dark_60pct,exp_20260731,frost_cycle_000073,top,0.9936625711665319
dinov2,dark_60pct,exp_20260731,frost_cycle_000073,top,0.9920845815607721
dinov2,dark_60pct,exp_20260731,frost_cycle_000073,top,0.9873867710879394
dinov2,dark_60pct,exp_20260731,frost_cycle_000073,top_close,0.9886417496574073
dinov2,dark_60pct,exp_20260731,frost_cycle_000073,top_close,0.988434033751715
dinov2,dark_60pct,exp_20260731,frost_cycle_000073,top_close,0.9827091855072068
dinov2,dark_60pct,exp_20260731,frost_cycle_000073,extreme,0.9903748569287036
dinov2,dark_60pct,exp_20260731,frost_cycle_000073,extreme,0.9940702421812795
dinov2,dark_60pct,exp_20260731,frost_cycle_000073,extreme,0.9926978267890925
dinov2,dark_60pct,exp_20260731,frost_cycle_000073,front,0.9899938941847239
dinov2,dark_60pct,exp_20260731,frost_cycle_000073,front,0.9895904040939704
dinov2,dark_60pct,exp_20260731,frost_cycle_000073,front,0.989114494159471
dinov2,dark_60pct,exp_20260731,frost_cycle_000073,left,0.9707034243295675
dinov2,dark_60pct,exp_20260731,frost_cycle_000073,left,0.9622414369864806
dinov2,dark_60pct,exp_20260731,frost_cycle_000073,left,0.9600921348981176
dinov2,dark_60pct,exp_20260731,frost_cycle_000073,left_close,0.9927543191751428
dinov2,dark_60pct,exp_20260731,frost_cycle_000073,left_close,0.9927890023695485
dinov2,dark_60pct,exp_20260731,frost_cycle_000073,left_close,0.9918120264921191
dinov2,dark_60pct,exp_20260731,frost_cycle_000073,top,0.993178832360905
dinov2,dark_60pct,exp_20260731,frost_cycle_000073,top,0.9947566206354321
dinov2,dark_60pct,exp_20260731,frost_cycle_000073,top,0.9940971273529695
dinov2,dark_60pct,exp_20260731,frost_cycle_000073,top_close,0.9880141131634411
dinov2,dark_60pct,exp_20260731,frost_cycle_000073,top_close,0.9843498311600766
dinov2,dark_60pct,exp_20260731,frost_cycle_000073,top_close,0.9860174724598093
dinov2,dark_60pct,exp_20260731,frost_cycle_000074,extreme,0.9913355478974551
dinov2,dark_60pct,exp_20260731,frost_cycle_000074,extreme,0.9913355478974551
dinov2,dark_60pct,exp_20260731,frost_cycle_000074,extreme,0.9947293560623561
dinov2,dark_60pct,exp_20260731,frost_cycle_000074,front,0.9936731103478688
dinov2,dark_60pct,exp_20260731,frost_cycle_000074,front,0.9940962238379648
dinov2,dark_60pct,exp_20260731,frost_cycle_000074,front,0.992323511646056
dinov2,dark_60pct,exp_20260731,frost_cycle_000074,left,0.9902163027431037
dinov2,dark_60pct,exp_20260731,frost_cycle_000074,left,0.9925354682740779
dinov2,dark_60pct,exp_20260731,frost_cycle_000074,left,0.9908135295106245
dinov2,dark_60pct,exp_20260731,frost_cycle_000074,left_close,0.9920029823885582
dinov2,dark_60pct,exp_20260731,frost_cycle_000074,left_close,0.9930134965546824
dinov2,dark_60pct,exp_20260731,frost_cycle_000074,left_close,0.991779027948127
dinov2,dark_60pct,exp_20260731,frost_cycle_000074,top,0.9938269962996158
dinov2,dark_60pct,exp_20260731,frost_cycle_000074,top,0.9965824515282204
dinov2,dark_60pct,exp_20260731,frost_cycle_000074,top,0.993466606148893
dinov2,dark_60pct,exp_20260731,frost_cycle_000074,top_close,0.9877414108258022
dinov2,dark_60pct,exp_20260731,frost_cycle_000074,top_close,0.9874687035657029
dinov2,dark_60pct,exp_20260731,frost_cycle_000074,top_close,0.9862859088276784
dinov2,dark_60pct,exp_20260731,frost_cycle_000075,extreme,0.9933784183050057
dinov2,dark_60pct,exp_20260731,frost_cycle_000075,extreme,0.9943468814247114
dinov2,dark_60pct,exp_20260731,frost_cycle_000075,extreme,0.9932065599725765
dinov2,dark_60pct,exp_20260731,frost_cycle_000075,front,0.9893421168477371
dinov2,dark_60pct,exp_20260731,frost_cycle_000075,front,0.9910165864606112
dinov2,dark_60pct,exp_20260731,frost_cycle_000075,front,0.976400425444498
dinov2,dark_60pct,exp_20260731,frost_cycle_000075,left,0.9850807889074947
dinov2,dark_60pct,exp_20260731,frost_cycle_000075,left,0.9907626002056785
dinov2,dark_60pct,exp_20260731,frost_cycle_000075,left,0.9856521295655563
dinov2,dark_60pct,exp_20260731,frost_cycle_000075,left_close,0.9924558714357443
dinov2,dark_60pct,exp_20260731,frost_cycle_000075,left_close,0.9859660410591977
dinov2,dark_60pct,exp_20260731,frost_cycle_000075,left_close,0.9798247540879097
dinov2,dark_60pct,exp_20260731,frost_cycle_000075,top,0.9958842065164851
dinov2,dark_60pct,exp_20260731,frost_cycle_000075,top,0.9920004160949437
dinov2,dark_60pct,exp_20260731,frost_cycle_000075,top,0.9900329859582895
dinov2,dark_60pct,exp_20260731,frost_cycle_000075,top_close,0.9921820149691204
dinov2,dark_60pct,exp_20260731,frost_cycle_000075,top_close,0.9856012140624991
dinov2,dark_60pct,exp_20260731,frost_cycle_000075,top_close,0.9797067041187297
dinov2,dark_60pct,exp_20260731,frost_cycle_000075,extreme,0.9891532290843887
dinov2,dark_60pct,exp_20260731,frost_cycle_000075,extreme,0.9906983420807879
dinov2,dark_60pct,exp_20260731,frost_cycle_000075,extreme,0.9924242019591543
dinov2,dark_60pct,exp_20260731,frost_cycle_000075,front,0.992607660101556
dinov2,dark_60pct,exp_20260731,frost_cycle_000075,front,0.9930815674563946
dinov2,dark_60pct,exp_20260731,frost_cycle_000075,front,0.9924174669585598
dinov2,dark_60pct,exp_20260731,frost_cycle_000075,left,0.9862495797824068
dinov2,dark_60pct,exp_20260731,frost_cycle_000075,left,0.9839001815110554
dinov2,dark_60pct,exp_20260731,frost_cycle_000075,left,0.984235737386016
dinov2,dark_60pct,exp_20260731,frost_cycle_000075,left_close,0.9830441031333199
dinov2,dark_60pct,exp_20260731,frost_cycle_000075,left_close,0.9871765211393294
dinov2,dark_60pct,exp_20260731,frost_cycle_000075,left_close,0.9879871559033664
dinov2,dark_60pct,exp_20260731,frost_cycle_000075,top,0.995061228969466
dinov2,dark_60pct,exp_20260731,frost_cycle_000075,top,0.9930706022069311
dinov2,dark_60pct,exp_20260731,frost_cycle_000075,top,0.9954229225064576
dinov2,dark_60pct,exp_20260731,frost_cycle_000075,top_close,0.9798548547838978
dinov2,dark_60pct,exp_20260731,frost_cycle_000075,top_close,0.9836543263323537
dinov2,dark_60pct,exp_20260731,frost_cycle_000075,top_close,0.9817817245566592
dinov2,dark_60pct,exp_20260731,frost_cycle_000076,extreme,0.9935325945522063
dinov2,dark_60pct,exp_20260731,frost_cycle_000076,extreme,0.9944965919071911
dinov2,dark_60pct,exp_20260731,frost_cycle_000076,extreme,0.9921468389652968
dinov2,dark_60pct,exp_20260731,frost_cycle_000076,front,0.9934652099171568
dinov2,dark_60pct,exp_20260731,frost_cycle_000076,front,0.9926813094518927
dinov2,dark_60pct,exp_20260731,frost_cycle_000076,front,0.9780027144789282
dinov2,dark_60pct,exp_20260731,frost_cycle_000076,left,0.9839514232833375
dinov2,dark_60pct,exp_20260731,frost_cycle_000076,left,0.9833246236781529
dinov2,dark_60pct,exp_20260731,frost_cycle_000076,left,0.985198796384953
dinov2,dark_60pct,exp_20260731,frost_cycle_000076,left_close,0.9847632286505601
dinov2,dark_60pct,exp_20260731,frost_cycle_000076,left_close,0.9919556623252082
dinov2,dark_60pct,exp_20260731,frost_cycle_000076,left_close,0.9839743456620011
dinov2,dark_60pct,exp_20260731,frost_cycle_000076,top,0.9928091755833351
dinov2,dark_60pct,exp_20260731,frost_cycle_000076,top,0.995634761970491
dinov2,dark_60pct,exp_20260731,frost_cycle_000076,top,0.9879512865096854
dinov2,dark_60pct,exp_20260731,frost_cycle_000076,top_close,0.9826538118369176
dinov2,dark_60pct,exp_20260731,frost_cycle_000076,top_close,0.991535379042855
dinov2,dark_60pct,exp_20260731,frost_cycle_000076,top_close,0.9710113493126831
efficientnet,dark_60pct,exp_20260729,frost_cycle_000060,extreme,0.9557655822345733
efficientnet,dark_60pct,exp_20260729,frost_cycle_000060,extreme,0.9585863469668575
efficientnet,dark_60pct,exp_20260729,frost_cycle_000060,extreme,0.9647636488105037
efficientnet,dark_60pct,exp_20260729,frost_cycle_000060,front,0.9392689646605091
efficientnet,dark_60pct,exp_20260729,frost_cycle_000060,front,0.8587351853317234
efficientnet,dark_60pct,exp_20260729,frost_cycle_000060,front,0.7986648399750857
efficientnet,dark_60pct,exp_20260729,frost_cycle_000060,left,0.9492833876257468
efficientnet,dark_60pct,exp_20260729,frost_cycle_000060,left,0.8532257054918748
efficientnet,dark_60pct,exp_20260729,frost_cycle_000060,left,0.8557466815615203
efficientnet,dark_60pct,exp_20260729,frost_cycle_000060,left_close,0.9501315835926507
efficientnet,dark_60pct,exp_20260729,frost_cycle_000060,left_close,0.888722377076372
efficientnet,dark_60pct,exp_20260729,frost_cycle_000060,left_close,0.8819084480225726
efficientnet,dark_60pct,exp_20260729,frost_cycle_000060,top,0.9552046018520022
efficientnet,dark_60pct,exp_20260729,frost_cycle_000060,top,0.9405017791013011
efficientnet,dark_60pct,exp_20260729,frost_cycle_000060,top,0.9430469374085504
efficientnet,dark_60pct,exp_20260729,frost_cycle_000060,top_close,0.8895137165176474
efficientnet,dark_60pct,exp_20260729,frost_cycle_000060,top_close,0.800593142369296
efficientnet,dark_60pct,exp_20260729,frost_cycle_000060,top_close,0.8109204834737
efficientnet,dark_60pct,exp_20260729,frost_cycle_000060,extreme,0.9436951811172849
efficientnet,dark_60pct,exp_20260729,frost_cycle_000060,extreme,0.9470100220240678
efficientnet,dark_60pct,exp_20260729,frost_cycle_000060,extreme,0.9546006355688582
efficientnet,dark_60pct,exp_20260729,frost_cycle_000060,front,0.9548448550289476
efficientnet,dark_60pct,exp_20260729,frost_cycle_000060,front,0.9251330349654735
efficientnet,dark_60pct,exp_20260729,frost_cycle_000060,front,0.9243572600206054
efficientnet,dark_60pct,exp_20260729,frost_cycle_000060,left,0.9582356604159319
efficientnet,dark_60pct,exp_20260729,frost_cycle_000060,left,0.9474493164519614
efficientnet,dark_60pct,exp_20260729,frost_cycle_000060,left,0.9569904308353973
efficientnet,dark_60pct,exp_20260729,frost_cycle_000060,left_close,0.9599395561769207
efficientnet,dark_60pct,exp_20260729,frost_cycle_000060,left_close,0.9593428728324934
efficientnet,dark_60pct,exp_20260729,frost_cycle_000060,left_close,0.9566118272246185
efficientnet,dark_60pct,exp_20260729,frost_cycle_000060,top,0.9654162624874939
efficientnet,dark_60pct,exp_20260729,frost_cycle_000060,top,0.9712605731481251
efficientnet,dark_60pct,exp_20260729,frost_cycle_000060,top,0.9675965541972257
efficientnet,dark_60pct,exp_20260729,frost_cycle_000060,top_close,0.9112909216091145
efficientnet,dark_60pct,exp_20260729,frost_cycle_000060,top_close,0.882480117392941
efficientnet,dark_60pct,exp_20260729,frost_cycle_000060,top_close,0.9123765463934768
efficientnet,dark_60pct,exp_20260729,frost_cycle_000061,extreme,0.9543397316785253
efficientnet,dark_60pct,exp_20260729,frost_cycle_000061,extreme,0.9549569185650948
efficientnet,dark_60pct,exp_20260729,frost_cycle_000061,extreme,0.9587401651659014
efficientnet,dark_60pct,exp_20260729,frost_cycle_000061,front,0.9474418378888935
efficientnet,dark_60pct,exp_20260729,frost_cycle_000061,front,0.8701295699715244
efficientnet,dark_60pct,exp_20260729,frost_cycle_000061,front,0.77696046569367
efficientnet,dark_60pct,exp_20260729,frost_cycle_000061,left,0.948186010997003
efficientnet,dark_60pct,exp_20260729,frost_cycle_000061,left,0.902380839729793
efficientnet,dark_60pct,exp_20260729,frost_cycle_000061,left,0.8218132743382653
efficientnet,dark_60pct,exp_20260729,frost_cycle_000061,left_close,0.9632679270349823
efficientnet,dark_60pct,exp_20260729,frost_cycle_000061,left_close,0.8774587977121108
efficientnet,dark_60pct,exp_20260729,frost_cycle_000061,left_close,0.910163902732069
efficientnet,dark_60pct,exp_20260729,frost_cycle_000061,top,0.9753086314824346
efficientnet,dark_60pct,exp_20260729,frost_cycle_000061,top,0.9515936877882649
efficientnet,dark_60pct,exp_20260729,frost_cycle_000061,top,0.9488959350216053
efficientnet,dark_60pct,exp_20260729,frost_cycle_000061,top_close,0.885221947122818
efficientnet,dark_60pct,exp_20260729,frost_cycle_000061,top_close,0.8083143931419337
efficientnet,dark_60pct,exp_20260729,frost_cycle_000061,top_close,0.7815935090309782
efficientnet,dark_60pct,exp_20260730,frost_cycle_000063,extreme,0.9435383057593554
efficientnet,dark_60pct,exp_20260730,frost_cycle_000063,extreme,0.9595279157154722
efficientnet,dark_60pct,exp_20260730,frost_cycle_000063,extreme,0.9671049427074094
efficientnet,dark_60pct,exp_20260730,frost_cycle_000063,front,0.9103804256207303
efficientnet,dark_60pct,exp_20260730,frost_cycle_000063,front,0.8781380363977004
efficientnet,dark_60pct,exp_20260730,frost_cycle_000063,front,0.8666127763073181
efficientnet,dark_60pct,exp_20260730,frost_cycle_000063,left,0.9213827438913842
efficientnet,dark_60pct,exp_20260730,frost_cycle_000063,left,0.8866660255836695
efficientnet,dark_60pct,exp_20260730,frost_cycle_000063,left,0.8787536516299773
efficientnet,dark_60pct,exp_20260730,frost_cycle_000063,left_close,0.9346230941109497
efficientnet,dark_60pct,exp_20260730,frost_cycle_000063,left_close,0.8794074169792582
efficientnet,dark_60pct,exp_20260730,frost_cycle_000063,left_close,0.8923544111004204
efficientnet,dark_60pct,exp_20260730,frost_cycle_000063,top,0.9592045254804533
efficientnet,dark_60pct,exp_20260730,frost_cycle_000063,top,0.9420591713985698
efficientnet,dark_60pct,exp_20260730,frost_cycle_000063,top,0.9475790230186917
efficientnet,dark_60pct,exp_20260730,frost_cycle_000063,top_close,0.8900693452843518
efficientnet,dark_60pct,exp_20260730,frost_cycle_000063,top_close,0.846716277396652
efficientnet,dark_60pct,exp_20260730,frost_cycle_000063,top_close,0.8456553658805966
efficientnet,dark_60pct,exp_20260730,frost_cycle_000063,extreme,0.9618521455692862
efficientnet,dark_60pct,exp_20260730,frost_cycle_000063,extreme,0.9533805542156784
efficientnet,dark_60pct,exp_20260730,frost_cycle_000063,extreme,0.9439325044933107
efficientnet,dark_60pct,exp_20260730,frost_cycle_000063,front,0.9619371544102728
efficientnet,dark_60pct,exp_20260730,frost_cycle_000063,front,0.9525559716409293
efficientnet,dark_60pct,exp_20260730,frost_cycle_000063,front,0.9208808934903899
efficientnet,dark_60pct,exp_20260730,frost_cycle_000063,left,0.8998587123298913
efficientnet,dark_60pct,exp_20260730,frost_cycle_000063,left,0.8738067133756486
efficientnet,dark_60pct,exp_20260730,frost_cycle_000063,left,0.9098843625280845
efficientnet,dark_60pct,exp_20260730,frost_cycle_000063,left_close,0.9620030130831605
efficientnet,dark_60pct,exp_20260730,frost_cycle_000063,left_close,0.9548054724280641
efficientnet,dark_60pct,exp_20260730,frost_cycle_000063,left_close,0.9572817277092661
efficientnet,dark_60pct,exp_20260730,frost_cycle_000063,top,0.9589113057315612
efficientnet,dark_60pct,exp_20260730,frost_cycle_000063,top,0.9441356318439232
efficientnet,dark_60pct,exp_20260730,frost_cycle_000063,top,0.9712327335356054
efficientnet,dark_60pct,exp_20260730,frost_cycle_000063,top_close,0.9516199466656075
efficientnet,dark_60pct,exp_20260730,frost_cycle_000063,top_close,0.948802798236229
efficientnet,dark_60pct,exp_20260730,frost_cycle_000063,top_close,0.8936963410100724
efficientnet,dark_60pct,exp_20260730,frost_cycle_000064,extreme,0.9582082106362285
efficientnet,dark_60pct,exp_20260730,frost_cycle_000064,extreme,0.9617306526389413
efficientnet,dark_60pct,exp_20260730,frost_cycle_000064,extreme,0.9643464876500847
efficientnet,dark_60pct,exp_20260730,frost_cycle_000064,front,0.9197037387658165
efficientnet,dark_60pct,exp_20260730,frost_cycle_000064,front,0.891704135189887
efficientnet,dark_60pct,exp_20260730,frost_cycle_000064,front,0.8449949230962951
efficientnet,dark_60pct,exp_20260730,frost_cycle_000064,left,0.9047192631619725
efficientnet,dark_60pct,exp_20260730,frost_cycle_000064,left,0.9007054589340863
efficientnet,dark_60pct,exp_20260730,frost_cycle_000064,left,0.8896744876496915
efficientnet,dark_60pct,exp_20260730,frost_cycle_000064,left_close,0.9183020642587435
efficientnet,dark_60pct,exp_20260730,frost_cycle_000064,left_close,0.8904438873091626
efficientnet,dark_60pct,exp_20260730,frost_cycle_000064,left_close,0.9056370094279423
efficientnet,dark_60pct,exp_20260730,frost_cycle_000064,top,0.9621054651989904
efficientnet,dark_60pct,exp_20260730,frost_cycle_000064,top,0.9434054706073628
efficientnet,dark_60pct,exp_20260730,frost_cycle_000064,top,0.9461768197380159
efficientnet,dark_60pct,exp_20260730,frost_cycle_000064,top_close,0.8915025163063974
efficientnet,dark_60pct,exp_20260730,frost_cycle_000064,top_close,0.8389632408759874
efficientnet,dark_60pct,exp_20260730,frost_cycle_000064,top_close,0.8121060121234095
efficientnet,dark_60pct,exp_20260730,frost_cycle_000064,extreme,0.9415742184099286
efficientnet,dark_60pct,exp_20260730,frost_cycle_000064,extreme,0.9419894578739619
efficientnet,dark_60pct,exp_20260730,frost_cycle_000064,extreme,0.9571103484395167
efficientnet,dark_60pct,exp_20260730,frost_cycle_000064,front,0.9545569868348929
efficientnet,dark_60pct,exp_20260730,frost_cycle_000064,front,0.9491085222024344
efficientnet,dark_60pct,exp_20260730,frost_cycle_000064,front,0.9332307148951057
efficientnet,dark_60pct,exp_20260730,frost_cycle_000064,left,0.9087195063094832
efficientnet,dark_60pct,exp_20260730,frost_cycle_000064,left,0.9113461519535214
efficientnet,dark_60pct,exp_20260730,frost_cycle_000064,left,0.9172550330227395
efficientnet,dark_60pct,exp_20260730,frost_cycle_000064,left_close,0.9377596017928985
efficientnet,dark_60pct,exp_20260730,frost_cycle_000064,left_close,0.931253315657233
efficientnet,dark_60pct,exp_20260730,frost_cycle_000064,left_close,0.9321386476559349
efficientnet,dark_60pct,exp_20260730,frost_cycle_000064,top,0.9675553695169258
efficientnet,dark_60pct,exp_20260730,frost_cycle_000064,top,0.9688309988055904
efficientnet,dark_60pct,exp_20260730,frost_cycle_000064,top,0.9674230663353722
efficientnet,dark_60pct,exp_20260730,frost_cycle_000064,top_close,0.9267875816980264
efficientnet,dark_60pct,exp_20260730,frost_cycle_000064,top_close,0.9173229471797089
efficientnet,dark_60pct,exp_20260730,frost_cycle_000064,top_close,0.9154720878753789
efficientnet,dark_60pct,exp_20260730,frost_cycle_000065,extreme,0.9509985844047941
efficientnet,dark_60pct,exp_20260730,frost_cycle_000065,extreme,0.9476476122391674
efficientnet,dark_60pct,exp_20260730,frost_cycle_000065,extreme,0.9523349078499502
efficientnet,dark_60pct,exp_20260730,frost_cycle_000065,front,0.9583088743061579
efficientnet,dark_60pct,exp_20260730,frost_cycle_000065,front,0.9188833254776541
efficientnet,dark_60pct,exp_20260730,frost_cycle_000065,front,0.8246980624984266
efficientnet,dark_60pct,exp_20260730,frost_cycle_000065,left,0.9086995773210131
efficientnet,dark_60pct,exp_20260730,frost_cycle_000065,left,0.880905706264675
efficientnet,dark_60pct,exp_20260730,frost_cycle_000065,left,0.8800574972181648
efficientnet,dark_60pct,exp_20260730,frost_cycle_000065,left_close,0.9554340908937046
efficientnet,dark_60pct,exp_20260730,frost_cycle_000065,left_close,0.9292700941978401
efficientnet,dark_60pct,exp_20260730,frost_cycle_000065,left_close,0.8965499920787738
efficientnet,dark_60pct,exp_20260730,frost_cycle_000065,top,0.9696409460725719
efficientnet,dark_60pct,exp_20260730,frost_cycle_000065,top,0.9478651800151393
efficientnet,dark_60pct,exp_20260730,frost_cycle_000065,top,0.9405986530170586
efficientnet,dark_60pct,exp_20260730,frost_cycle_000065,top_close,0.92053212908229
efficientnet,dark_60pct,exp_20260730,frost_cycle_000065,top_close,0.8156060616948001
efficientnet,dark_60pct,exp_20260730,frost_cycle_000065,top_close,0.7815025928618619
efficientnet,dark_60pct,exp_20260730,frost_cycle_000066,extreme,0.9596616720950835
efficientnet,dark_60pct,exp_20260730,frost_cycle_000066,extreme,0.9543035163141792
efficientnet,dark_60pct,exp_20260730,frost_cycle_000066,extreme,0.9629727827345756
efficientnet,dark_60pct,exp_20260730,frost_cycle_000066,front,0.9240817098523181
efficientnet,dark_60pct,exp_20260730,frost_cycle_000066,front,0.8546852469309365
efficientnet,dark_60pct,exp_20260730,frost_cycle_000066,front,0.7847762756409741
efficientnet,dark_60pct,exp_20260730,frost_cycle_000066,left,0.8800748875373781
efficientnet,dark_60pct,exp_20260730,frost_cycle_000066,left,0.8759832100761132
efficientnet,dark_60pct,exp_20260730,frost_cycle_000066,left,0.8013826898139088
efficientnet,dark_60pct,exp_20260730,frost_cycle_000066,left_close,0.9385277533890126
efficientnet,dark_60pct,exp_20260730,frost_cycle_000066,left_close,0.9077910345472103
efficientnet,dark_60pct,exp_20260730,frost_cycle_000066,left_close,0.8897137476022003
efficientnet,dark_60pct,exp_20260730,frost_cycle_000066,top,0.9556315853588958
efficientnet,dark_60pct,exp_20260730,frost_cycle_000066,top,0.9524155125622097
efficientnet,dark_60pct,exp_20260730,frost_cycle_000066,top,0.9488901337711264
efficientnet,dark_60pct,exp_20260730,frost_cycle_000066,top_close,0.9299500378856205
efficientnet,dark_60pct,exp_20260730,frost_cycle_000066,top_close,0.778988690523541
efficientnet,dark_60pct,exp_20260730,frost_cycle_000066,top_close,0.7634977184320766
efficientnet,dark_60pct,exp_20260730,frost_cycle_000066,extreme,0.9487396847710782
efficientnet,dark_60pct,exp_20260730,frost_cycle_000066,extreme,0.9576855196152346
efficientnet,dark_60pct,exp_20260730,frost_cycle_000066,extreme,0.9580812144876175
efficientnet,dark_60pct,exp_20260730,frost_cycle_000066,front,0.9385480703559747
efficientnet,dark_60pct,exp_20260730,frost_cycle_000066,front,0.9267991275969207
efficientnet,dark_60pct,exp_20260730,frost_cycle_000066,front,0.9302388678607828
efficientnet,dark_60pct,exp_20260730,frost_cycle_000066,left,0.8946022741740082
efficientnet,dark_60pct,exp_20260730,frost_cycle_000066,left,0.8905739946897823
efficientnet,dark_60pct,exp_20260730,frost_cycle_000066,left,0.8911121313159147
efficientnet,dark_60pct,exp_20260730,frost_cycle_000066,left_close,0.9589227390941262
efficientnet,dark_60pct,exp_20260730,frost_cycle_000066,left_close,0.9588978534174263
efficientnet,dark_60pct,exp_20260730,frost_cycle_000066,left_close,0.9537545829415738
efficientnet,dark_60pct,exp_20260730,frost_cycle_000066,top,0.9729694110639315
efficientnet,dark_60pct,exp_20260730,frost_cycle_000066,top,0.9727294902918986
efficientnet,dark_60pct,exp_20260730,frost_cycle_000066,top,0.9676229561971207
efficientnet,dark_60pct,exp_20260730,frost_cycle_000066,top_close,0.9133559390743772
efficientnet,dark_60pct,exp_20260730,frost_cycle_000066,top_close,0.9041661336192064
efficientnet,dark_60pct,exp_20260730,frost_cycle_000066,top_close,0.9055735022832477
efficientnet,dark_60pct,exp_20260730,frost_cycle_000067,extreme,0.9555116938650947
efficientnet,dark_60pct,exp_20260730,frost_cycle_000067,extreme,0.9579145555593915
efficientnet,dark_60pct,exp_20260730,frost_cycle_000067,extreme,0.9639774764729803
efficientnet,dark_60pct,exp_20260730,frost_cycle_000067,front,0.9144797829250945
efficientnet,dark_60pct,exp_20260730,frost_cycle_000067,front,0.8664980265753702
efficientnet,dark_60pct,exp_20260730,frost_cycle_000067,front,0.8186823661442665
efficientnet,dark_60pct,exp_20260730,frost_cycle_000067,left,0.8813294131516961
efficientnet,dark_60pct,exp_20260730,frost_cycle_000067,left,0.863484077887172
efficientnet,dark_60pct,exp_20260730,frost_cycle_000067,left,0.8393747484858397
efficientnet,dark_60pct,exp_20260730,frost_cycle_000067,left_close,0.9374233007402716
efficientnet,dark_60pct,exp_20260730,frost_cycle_000067,left_close,0.8991930553620525
efficientnet,dark_60pct,exp_20260730,frost_cycle_000067,left_close,0.9019942020011755
efficientnet,dark_60pct,exp_20260730,frost_cycle_000067,top,0.9558582012580706
efficientnet,dark_60pct,exp_20260730,frost_cycle_000067,top,0.9478786919482494
efficientnet,dark_60pct,exp_20260730,frost_cycle_000067,top,0.9411314371446018
efficientnet,dark_60pct,exp_20260730,frost_cycle_000067,top_close,0.9143445387615173
efficientnet,dark_60pct,exp_20260730,frost_cycle_000067,top_close,0.7465765785742682
efficientnet,dark_60pct,exp_20260730,frost_cycle_000067,top_close,0.7977565857183524
efficientnet,dark_60pct,exp_20260730,frost_cycle_000067,extreme,0.9514875096311103
efficientnet,dark_60pct,exp_20260730,frost_cycle_000067,extreme,0.9567112795792887
efficientnet,dark_60pct,exp_20260730,frost_cycle_000067,extreme,0.9611013630990718
efficientnet,dark_60pct,exp_20260730,frost_cycle_000067,front,0.945076549627433
efficientnet,dark_60pct,exp_20260730,frost_cycle_000067,front,0.9330005328631659
efficientnet,dark_60pct,exp_20260730,frost_cycle_000067,front,0.9331765891724225
efficientnet,dark_60pct,exp_20260730,frost_cycle_000067,left,0.8717299972197095
efficientnet,dark_60pct,exp_20260730,frost_cycle_000067,left,0.8684946010954504
efficientnet,dark_60pct,exp_20260730,frost_cycle_000067,left,0.8697114691121751
efficientnet,dark_60pct,exp_20260730,frost_cycle_000067,left_close,0.9593662105324271
efficientnet,dark_60pct,exp_20260730,frost_cycle_000067,left_close,0.9634002917049801
efficientnet,dark_60pct,exp_20260730,frost_cycle_000067,left_close,0.9588906755263692
efficientnet,dark_60pct,exp_20260730,frost_cycle_000067,top,0.9719704760079412
efficientnet,dark_60pct,exp_20260730,frost_cycle_000067,top,0.974793171413684
efficientnet,dark_60pct,exp_20260730,frost_cycle_000067,top,0.9683079517136872
efficientnet,dark_60pct,exp_20260730,frost_cycle_000067,top_close,0.886128106827212
efficientnet,dark_60pct,exp_20260730,frost_cycle_000067,top_close,0.8947806989313444
efficientnet,dark_60pct,exp_20260730,frost_cycle_000067,top_close,0.8917431357955099
efficientnet,dark_60pct,exp_20260730,frost_cycle_000068,extreme,0.95588112744844
efficientnet,dark_60pct,exp_20260730,frost_cycle_000068,extreme,0.9555858936496068
efficientnet,dark_60pct,exp_20260730,frost_cycle_000068,extreme,0.9659476115207362
efficientnet,dark_60pct,exp_20260730,frost_cycle_000068,front,0.9474646245496089
efficientnet,dark_60pct,exp_20260730,frost_cycle_000068,front,0.9193930282087531
efficientnet,dark_60pct,exp_20260730,frost_cycle_000068,front,0.7745602922040138
efficientnet,dark_60pct,exp_20260730,frost_cycle_000068,left,0.8769898207782368
efficientnet,dark_60pct,exp_20260730,frost_cycle_000068,left,0.8949765935945982
efficientnet,dark_60pct,exp_20260730,frost_cycle_000068,left,0.8518901698670481
efficientnet,dark_60pct,exp_20260730,frost_cycle_000068,left_close,0.9568182980029563
efficientnet,dark_60pct,exp_20260730,frost_cycle_000068,left_close,0.9409974755922241
efficientnet,dark_60pct,exp_20260730,frost_cycle_000068,left_close,0.8794281883351696
efficientnet,dark_60pct,exp_20260730,frost_cycle_000068,top,0.9737627840098653
efficientnet,dark_60pct,exp_20260730,frost_cycle_000068,top,0.9503190391417565
efficientnet,dark_60pct,exp_20260730,frost_cycle_000068,top,0.9349141166384631
efficientnet,dark_60pct,exp_20260730,frost_cycle_000068,top_close,0.9057706432024677
efficientnet,dark_60pct,exp_20260730,frost_cycle_000068,top_close,0.8360596656597578
efficientnet,dark_60pct,exp_20260730,frost_cycle_000068,top_close,0.8072422649977327
efficientnet,dark_60pct,exp_20260731,frost_cycle_000070,extreme,0.9579115786820556
efficientnet,dark_60pct,exp_20260731,frost_cycle_000070,extreme,0.943154704327078
efficientnet,dark_60pct,exp_20260731,frost_cycle_000070,extreme,0.9466227496226446
efficientnet,dark_60pct,exp_20260731,frost_cycle_000070,front,0.960637243138637
efficientnet,dark_60pct,exp_20260731,frost_cycle_000070,front,0.924961259637302
efficientnet,dark_60pct,exp_20260731,frost_cycle_000070,front,0.9336904790019331
efficientnet,dark_60pct,exp_20260731,frost_cycle_000070,left,0.7850761299721586
efficientnet,dark_60pct,exp_20260731,frost_cycle_000070,left,0.9019599646960568
efficientnet,dark_60pct,exp_20260731,frost_cycle_000070,left,0.9081479876255215
efficientnet,dark_60pct,exp_20260731,frost_cycle_000070,left_close,0.9422466665005329
efficientnet,dark_60pct,exp_20260731,frost_cycle_000070,left_close,0.951574053515801
efficientnet,dark_60pct,exp_20260731,frost_cycle_000070,left_close,0.9464427243334996
efficientnet,dark_60pct,exp_20260731,frost_cycle_000070,top,0.9249835156533813
efficientnet,dark_60pct,exp_20260731,frost_cycle_000070,top,0.9718479450828106
efficientnet,dark_60pct,exp_20260731,frost_cycle_000070,top,0.9623776970800098
efficientnet,dark_60pct,exp_20260731,frost_cycle_000070,top_close,0.9633073859421769
efficientnet,dark_60pct,exp_20260731,frost_cycle_000070,top_close,0.893399149566524
efficientnet,dark_60pct,exp_20260731,frost_cycle_000070,top_close,0.8910646932914893
efficientnet,dark_60pct,exp_20260731,frost_cycle_000071,extreme,0.9472813714438931
efficientnet,dark_60pct,exp_20260731,frost_cycle_000071,extreme,0.9576730749856343
efficientnet,dark_60pct,exp_20260731,frost_cycle_000071,extreme,0.9460204733116849
efficientnet,dark_60pct,exp_20260731,frost_cycle_000071,front,0.9515102366298603
efficientnet,dark_60pct,exp_20260731,frost_cycle_000071,front,0.9171908718904002
efficientnet,dark_60pct,exp_20260731,frost_cycle_000071,front,0.9027899913001222
efficientnet,dark_60pct,exp_20260731,frost_cycle_000071,left,0.8590176592048386
efficientnet,dark_60pct,exp_20260731,frost_cycle_000071,left,0.8614555643548445
efficientnet,dark_60pct,exp_20260731,frost_cycle_000071,left,0.9144746132315303
efficientnet,dark_60pct,exp_20260731,frost_cycle_000071,left_close,0.961392875983564
efficientnet,dark_60pct,exp_20260731,frost_cycle_000071,left_close,0.9364041257702069
efficientnet,dark_60pct,exp_20260731,frost_cycle_000071,left_close,0.9329453105786726
efficientnet,dark_60pct,exp_20260731,frost_cycle_000071,top,0.96705192138312
efficientnet,dark_60pct,exp_20260731,frost_cycle_000071,top,0.9622207021584444
efficientnet,dark_60pct,exp_20260731,frost_cycle_000071,top,0.949602737005131
efficientnet,dark_60pct,exp_20260731,frost_cycle_000071,top_close,0.9346318180510271
efficientnet,dark_60pct,exp_20260731,frost_cycle_000071,top_close,0.9240029171820612
efficientnet,dark_60pct,exp_20260731,frost_cycle_000071,top_close,0.8157574657666058
efficientnet,dark_60pct,exp_20260731,frost_cycle_000072,extreme,0.9577771631675737
efficientnet,dark_60pct,exp_20260731,frost_cycle_000072,extreme,0.9606923487148538
efficientnet,dark_60pct,exp_20260731,frost_cycle_000072,extreme,0.9566734100987903
efficientnet,dark_60pct,exp_20260731,frost_cycle_000072,front,0.928875970860011
efficientnet,dark_60pct,exp_20260731,frost_cycle_000072,front,0.8660836194436682
efficientnet,dark_60pct,exp_20260731,frost_cycle_000072,front,0.8044415563764815
efficientnet,dark_60pct,exp_20260731,frost_cycle_000072,left,0.9021198469419185
efficientnet,dark_60pct,exp_20260731,frost_cycle_000072,left,0.8895089074066316
efficientnet,dark_60pct,exp_20260731,frost_cycle_000072,left,0.8716436164717837
efficientnet,dark_60pct,exp_20260731,frost_cycle_000072,left_close,0.9343502977984697
efficientnet,dark_60pct,exp_20260731,frost_cycle_000072,left_close,0.8927320343839649
efficientnet,dark_60pct,exp_20260731,frost_cycle_000072,left_close,0.8993443484693561
efficientnet,dark_60pct,exp_20260731,frost_cycle_000072,top,0.9574541824746053
efficientnet,dark_60pct,exp_20260731,frost_cycle_000072,top,0.9502488968353499
efficientnet,dark_60pct,exp_20260731,frost_cycle_000072,top,0.9499520865355197
efficientnet,dark_60pct,exp_20260731,frost_cycle_000072,top_close,0.8802390304571225
efficientnet,dark_60pct,exp_20260731,frost_cycle_000072,top_close,0.7536553349400303
efficientnet,dark_60pct,exp_20260731,frost_cycle_000072,top_close,0.8133515853790233
efficientnet,dark_60pct,exp_20260731,frost_cycle_000072,extreme,0.9548458451387476
efficientnet,dark_60pct,exp_20260731,frost_cycle_000072,extreme,0.9576556484612536
efficientnet,dark_60pct,exp_20260731,frost_cycle_000072,extreme,0.9558088666433001
efficientnet,dark_60pct,exp_20260731,frost_cycle_000072,front,0.9573438673874927
efficientnet,dark_60pct,exp_20260731,frost_cycle_000072,front,0.944000348126794
efficientnet,dark_60pct,exp_20260731,frost_cycle_000072,front,0.9459032947607894
efficientnet,dark_60pct,exp_20260731,frost_cycle_000072,left,0.8626892633335579
efficientnet,dark_60pct,exp_20260731,frost_cycle_000072,left,0.8563227398125127
efficientnet,dark_60pct,exp_20260731,frost_cycle_000072,left,0.8170274585872451
efficientnet,dark_60pct,exp_20260731,frost_cycle_000072,left_close,0.9643494169151211
efficientnet,dark_60pct,exp_20260731,frost_cycle_000072,left_close,0.9560693149414277
efficientnet,dark_60pct,exp_20260731,frost_cycle_000072,left_close,0.9463333666396899
efficientnet,dark_60pct,exp_20260731,frost_cycle_000072,top,0.958168130939038
efficientnet,dark_60pct,exp_20260731,frost_cycle_000072,top,0.9721923615123592
efficientnet,dark_60pct,exp_20260731,frost_cycle_000072,top,0.9667609000741165
efficientnet,dark_60pct,exp_20260731,frost_cycle_000072,top_close,0.9308655020285622
efficientnet,dark_60pct,exp_20260731,frost_cycle_000072,top_close,0.9106889578284278
efficientnet,dark_60pct,exp_20260731,frost_cycle_000072,top_close,0.914315209597139
efficientnet,dark_60pct,exp_20260731,frost_cycle_000073,extreme,0.9526121913320965
efficientnet,dark_60pct,exp_20260731,frost_cycle_000073,extreme,0.9555831737696132
efficientnet,dark_60pct,exp_20260731,frost_cycle_000073,extreme,0.94902521012007
efficientnet,dark_60pct,exp_20260731,frost_cycle_000073,front,0.9197043320423769
efficientnet,dark_60pct,exp_20260731,frost_cycle_000073,front,0.8671922180820298
efficientnet,dark_60pct,exp_20260731,frost_cycle_000073,front,0.8476706400193099
efficientnet,dark_60pct,exp_20260731,frost_cycle_000073,left,0.9133600842288119
efficientnet,dark_60pct,exp_20260731,frost_cycle_000073,left,0.8679476559475647
efficientnet,dark_60pct,exp_20260731,frost_cycle_000073,left,0.8894082518436923
efficientnet,dark_60pct,exp_20260731,frost_cycle_000073,left_close,0.9442634898958874
efficientnet,dark_60pct,exp_20260731,frost_cycle_000073,left_close,0.9099811300097248
efficientnet,dark_60pct,exp_20260731,frost_cycle_000073,left_close,0.9125983008794993
efficientnet,dark_60pct,exp_20260731,frost_cycle_000073,top,0.9606278505001252
efficientnet,dark_60pct,exp_20260731,frost_cycle_000073,top,0.9459696048839724
efficientnet,dark_60pct,exp_20260731,frost_cycle_000073,top,0.9489497691582324
efficientnet,dark_60pct,exp_20260731,frost_cycle_000073,top_close,0.8994847693341379
efficientnet,dark_60pct,exp_20260731,frost_cycle_000073,top_close,0.8261493432289299
efficientnet,dark_60pct,exp_20260731,frost_cycle_000073,top_close,0.8357707032618436
efficientnet,dark_60pct,exp_20260731,frost_cycle_000073,extreme,0.9508746410035988
efficientnet,dark_60pct,exp_20260731,frost_cycle_000073,extreme,0.9528972058055529
efficientnet,dark_60pct,exp_20260731,frost_cycle_000073,extreme,0.9597845299252923
efficientnet,dark_60pct,exp_20260731,frost_cycle_000073,front,0.9666009404288359
efficientnet,dark_60pct,exp_20260731,frost_cycle_000073,front,0.9656584517013369
efficientnet,dark_60pct,exp_20260731,frost_cycle_000073,front,0.9539054642323183
efficientnet,dark_60pct,exp_20260731,frost_cycle_000073,left,0.8578602401732249
efficientnet,dark_60pct,exp_20260731,frost_cycle_000073,left,0.8676529155745628
efficientnet,dark_60pct,exp_20260731,frost_cycle_000073,left,0.8614325134462278
efficientnet,dark_60pct,exp_20260731,frost_cycle_000073,left_close,0.9634203018144437
efficientnet,dark_60pct,exp_20260731,frost_cycle_000073,left_close,0.9657949316003939
efficientnet,dark_60pct,exp_20260731,frost_cycle_000073,left_close,0.9620330997082936
efficientnet,dark_60pct,exp_20260731,frost_cycle_000073,top,0.9774889840639951
efficientnet,dark_60pct,exp_20260731,frost_cycle_000073,top,0.973577302448346
efficientnet,dark_60pct,exp_20260731,frost_cycle_000073,top,0.9740386896589988
efficientnet,dark_60pct,exp_20260731,frost_cycle_000073,top_close,0.8978119849394403
efficientnet,dark_60pct,exp_20260731,frost_cycle_000073,top_close,0.8835098570532111
efficientnet,dark_60pct,exp_20260731,frost_cycle_000073,top_close,0.8904293960656504
efficientnet,dark_60pct,exp_20260731,frost_cycle_000074,extreme,0.9699643051842957
efficientnet,dark_60pct,exp_20260731,frost_cycle_000074,extreme,0.9699643051842957
efficientnet,dark_60pct,exp_20260731,frost_cycle_000074,extreme,0.9716181729614594
efficientnet,dark_60pct,exp_20260731,frost_cycle_000074,front,0.9454315994662593
efficientnet,dark_60pct,exp_20260731,frost_cycle_000074,front,0.9583065325926391
efficientnet,dark_60pct,exp_20260731,frost_cycle_000074,front,0.9480721773724755
efficientnet,dark_60pct,exp_20260731,frost_cycle_000074,left,0.9490036461704758
efficientnet,dark_60pct,exp_20260731,frost_cycle_000074,left,0.9668860942026434
efficientnet,dark_60pct,exp_20260731,frost_cycle_000074,left,0.9735050798350737
efficientnet,dark_60pct,exp_20260731,frost_cycle_000074,left_close,0.9478548552779671
efficientnet,dark_60pct,exp_20260731,frost_cycle_000074,left_close,0.9794250366241667
efficientnet,dark_60pct,exp_20260731,frost_cycle_000074,left_close,0.9590271408910942
efficientnet,dark_60pct,exp_20260731,frost_cycle_000074,top,0.9628322448760657
efficientnet,dark_60pct,exp_20260731,frost_cycle_000074,top,0.9438207934579971
efficientnet,dark_60pct,exp_20260731,frost_cycle_000074,top,0.9454927767832039
efficientnet,dark_60pct,exp_20260731,frost_cycle_000074,top_close,0.9589859351142231
efficientnet,dark_60pct,exp_20260731,frost_cycle_000074,top_close,0.9506519774685164
efficientnet,dark_60pct,exp_20260731,frost_cycle_000074,top_close,0.9541302439150394
efficientnet,dark_60pct,exp_20260731,frost_cycle_000075,extreme,0.955903915653076
efficientnet,dark_60pct,exp_20260731,frost_cycle_000075,extreme,0.9565039890650087
efficientnet,dark_60pct,exp_20260731,frost_cycle_000075,extreme,0.9624466099376903
efficientnet,dark_60pct,exp_20260731,frost_cycle_000075,front,0.9191954436802333
efficientnet,dark_60pct,exp_20260731,frost_cycle_000075,front,0.885603380022978
efficientnet,dark_60pct,exp_20260731,frost_cycle_000075,front,0.864829220018657
efficientnet,dark_60pct,exp_20260731,frost_cycle_000075,left,0.9591407798763135
efficientnet,dark_60pct,exp_20260731,frost_cycle_000075,left,0.9443818172947529
efficientnet,dark_60pct,exp_20260731,frost_cycle_000075,left,0.9300950389941318
efficientnet,dark_60pct,exp_20260731,frost_cycle_000075,left_close,0.9222029526123023
efficientnet,dark_60pct,exp_20260731,frost_cycle_000075,left_close,0.8856753782957308
efficientnet,dark_60pct,exp_20260731,frost_cycle_000075,left_close,0.86275730863606
efficientnet,dark_60pct,exp_20260731,frost_cycle_000075,top,0.9706486654826736
efficientnet,dark_60pct,exp_20260731,frost_cycle_000075,top,0.9551233681575176
efficientnet,dark_60pct,exp_20260731,frost_cycle_000075,top,0.9403096957121487
efficientnet,dark_60pct,exp_20260731,frost_cycle_000075,top_close,0.9442185073933897
efficientnet,dark_60pct,exp_20260731,frost_cycle_000075,top_close,0.8642145634622235
efficientnet,dark_60pct,exp_20260731,frost_cycle_000075,top_close,0.8332814260100908
efficientnet,dark_60pct,exp_20260731,frost_cycle_000075,extreme,0.9584648468488144
efficientnet,dark_60pct,exp_20260731,frost_cycle_000075,extreme,0.9627374741507755
efficientnet,dark_60pct,exp_20260731,frost_cycle_000075,extreme,0.9659142253972552
efficientnet,dark_60pct,exp_20260731,frost_cycle_000075,front,0.9674502345743967
efficientnet,dark_60pct,exp_20260731,frost_cycle_000075,front,0.9709696225205747
efficientnet,dark_60pct,exp_20260731,frost_cycle_000075,front,0.9522212049812255
efficientnet,dark_60pct,exp_20260731,frost_cycle_000075,left,0.960345370749235
efficientnet,dark_60pct,exp_20260731,frost_cycle_000075,left,0.9511437710214509
efficientnet,dark_60pct,exp_20260731,frost_cycle_000075,left,0.954984314193378
efficientnet,dark_60pct,exp_20260731,frost_cycle_000075,left_close,0.9502923043314727
efficientnet,dark_60pct,exp_20260731,frost_cycle_000075,left_close,0.9480954571260996
efficientnet,dark_60pct,exp_20260731,frost_cycle_000075,left_close,0.9458791750011015
efficientnet,dark_60pct,exp_20260731,frost_cycle_000075,top,0.9308785610378908
efficientnet,dark_60pct,exp_20260731,frost_cycle_000075,top,0.9501815162483741
efficientnet,dark_60pct,exp_20260731,frost_cycle_000075,top,0.9768520910960498
efficientnet,dark_60pct,exp_20260731,frost_cycle_000075,top_close,0.948303531649444
efficientnet,dark_60pct,exp_20260731,frost_cycle_000075,top_close,0.955593453439428
efficientnet,dark_60pct,exp_20260731,frost_cycle_000075,top_close,0.9371482442635418
efficientnet,dark_60pct,exp_20260731,frost_cycle_000076,extreme,0.9617008893307144
efficientnet,dark_60pct,exp_20260731,frost_cycle_000076,extreme,0.9586776844626106
efficientnet,dark_60pct,exp_20260731,frost_cycle_000076,extreme,0.9555647046339244
efficientnet,dark_60pct,exp_20260731,frost_cycle_000076,front,0.9712169931844454
efficientnet,dark_60pct,exp_20260731,frost_cycle_000076,front,0.9009658844936922
efficientnet,dark_60pct,exp_20260731,frost_cycle_000076,front,0.8454992267660948
efficientnet,dark_60pct,exp_20260731,frost_cycle_000076,left,0.958707806962803
efficientnet,dark_60pct,exp_20260731,frost_cycle_000076,left,0.9625736000244771
efficientnet,dark_60pct,exp_20260731,frost_cycle_000076,left,0.9193286951622287
efficientnet,dark_60pct,exp_20260731,frost_cycle_000076,left_close,0.9411969173264111
efficientnet,dark_60pct,exp_20260731,frost_cycle_000076,left_close,0.8940694807340999
efficientnet,dark_60pct,exp_20260731,frost_cycle_000076,left_close,0.8332419626211218
efficientnet,dark_60pct,exp_20260731,frost_cycle_000076,top,0.9709240440846623
efficientnet,dark_60pct,exp_20260731,frost_cycle_000076,top,0.9552805785608305
efficientnet,dark_60pct,exp_20260731,frost_cycle_000076,top,0.9461076000464488
efficientnet,dark_60pct,exp_20260731,frost_cycle_000076,top_close,0.9371414631503054
efficientnet,dark_60pct,exp_20260731,frost_cycle_000076,top_close,0.9006155575937165
efficientnet,dark_60pct,exp_20260731,frost_cycle_000076,top_close,0.7896874266748957
dinov2,gamma_1p8,exp_20260729,frost_cycle_000060,extreme,0.9662132494029037
dinov2,gamma_1p8,exp_20260729,frost_cycle_000060,extreme,0.967415638618555
dinov2,gamma_1p8,exp_20260729,frost_cycle_000060,extreme,0.9693075867426483
dinov2,gamma_1p8,exp_20260729,frost_cycle_000060,front,0.972436871739381
dinov2,gamma_1p8,exp_20260729,frost_cycle_000060,front,0.983215981336589
dinov2,gamma_1p8,exp_20260729,frost_cycle_000060,front,0.9849985352282761
dinov2,gamma_1p8,exp_20260729,frost_cycle_000060,left,0.9727521387456878
dinov2,gamma_1p8,exp_20260729,frost_cycle_000060,left,0.9833894217067564
dinov2,gamma_1p8,exp_20260729,frost_cycle_000060,left,0.9888627058929977
dinov2,gamma_1p8,exp_20260729,frost_cycle_000060,left_close,0.9878126335372068
dinov2,gamma_1p8,exp_20260729,frost_cycle_000060,left_close,0.9823216441084837
dinov2,gamma_1p8,exp_20260729,frost_cycle_000060,left_close,0.9835842291616977
dinov2,gamma_1p8,exp_20260729,frost_cycle_000060,top,0.9768191765233306
dinov2,gamma_1p8,exp_20260729,frost_cycle_000060,top,0.9780629014872096
dinov2,gamma_1p8,exp_20260729,frost_cycle_000060,top,0.9785076174913648
dinov2,gamma_1p8,exp_20260729,frost_cycle_000060,top_close,0.9825369076692501
dinov2,gamma_1p8,exp_20260729,frost_cycle_000060,top_close,0.9700926896353674
dinov2,gamma_1p8,exp_20260729,frost_cycle_000060,top_close,0.9766849508007897
dinov2,gamma_1p8,exp_20260729,frost_cycle_000060,extreme,0.9788530647948779
dinov2,gamma_1p8,exp_20260729,frost_cycle_000060,extreme,0.9731353797674188
dinov2,gamma_1p8,exp_20260729,frost_cycle_000060,extreme,0.9698222358731714
dinov2,gamma_1p8,exp_20260729,frost_cycle_000060,front,0.9581933901163635
dinov2,gamma_1p8,exp_20260729,frost_cycle_000060,front,0.9744015355443725
dinov2,gamma_1p8,exp_20260729,frost_cycle_000060,front,0.9800944887578019
dinov2,gamma_1p8,exp_20260729,frost_cycle_000060,left,0.9904086406024311
dinov2,gamma_1p8,exp_20260729,frost_cycle_000060,left,0.9897993854645242
dinov2,gamma_1p8,exp_20260729,frost_cycle_000060,left,0.9835708398030246
dinov2,gamma_1p8,exp_20260729,frost_cycle_000060,left_close,0.9753486279997993
dinov2,gamma_1p8,exp_20260729,frost_cycle_000060,left_close,0.9817589213668168
dinov2,gamma_1p8,exp_20260729,frost_cycle_000060,left_close,0.9882030816296606
dinov2,gamma_1p8,exp_20260729,frost_cycle_000060,top,0.9692620712221837
dinov2,gamma_1p8,exp_20260729,frost_cycle_000060,top,0.9878921083706436
dinov2,gamma_1p8,exp_20260729,frost_cycle_000060,top,0.9812689782237813
dinov2,gamma_1p8,exp_20260729,frost_cycle_000060,top_close,0.9758451161325077
dinov2,gamma_1p8,exp_20260729,frost_cycle_000060,top_close,0.9835816205376356
dinov2,gamma_1p8,exp_20260729,frost_cycle_000060,top_close,0.9817227040239999
dinov2,gamma_1p8,exp_20260729,frost_cycle_000061,extreme,0.9689653193731254
dinov2,gamma_1p8,exp_20260729,frost_cycle_000061,extreme,0.9730408979819407
dinov2,gamma_1p8,exp_20260729,frost_cycle_000061,extreme,0.9733743905999585
dinov2,gamma_1p8,exp_20260729,frost_cycle_000061,front,0.9708540567404849
dinov2,gamma_1p8,exp_20260729,frost_cycle_000061,front,0.9842496016339983
dinov2,gamma_1p8,exp_20260729,frost_cycle_000061,front,0.9875243267043704
dinov2,gamma_1p8,exp_20260729,frost_cycle_000061,left,0.989207516782732
dinov2,gamma_1p8,exp_20260729,frost_cycle_000061,left,0.984090483249252
dinov2,gamma_1p8,exp_20260729,frost_cycle_000061,left,0.9845807174761098
dinov2,gamma_1p8,exp_20260729,frost_cycle_000061,left_close,0.9855415561534995
dinov2,gamma_1p8,exp_20260729,frost_cycle_000061,left_close,0.9837044206132677
dinov2,gamma_1p8,exp_20260729,frost_cycle_000061,left_close,0.9820980122659994
dinov2,gamma_1p8,exp_20260729,frost_cycle_000061,top,0.9843730509024969
dinov2,gamma_1p8,exp_20260729,frost_cycle_000061,top,0.9744705461962704
dinov2,gamma_1p8,exp_20260729,frost_cycle_000061,top,0.9811768509801204
dinov2,gamma_1p8,exp_20260729,frost_cycle_000061,top_close,0.9802798189943834
dinov2,gamma_1p8,exp_20260729,frost_cycle_000061,top_close,0.9798241874279386
dinov2,gamma_1p8,exp_20260729,frost_cycle_000061,top_close,0.9795103321768961
dinov2,gamma_1p8,exp_20260730,frost_cycle_000063,extreme,0.9718439892487601
dinov2,gamma_1p8,exp_20260730,frost_cycle_000063,extreme,0.9765911581175116
dinov2,gamma_1p8,exp_20260730,frost_cycle_000063,extreme,0.9751146819128527
dinov2,gamma_1p8,exp_20260730,frost_cycle_000063,front,0.979237469551239
dinov2,gamma_1p8,exp_20260730,frost_cycle_000063,front,0.9816875973351499
dinov2,gamma_1p8,exp_20260730,frost_cycle_000063,front,0.9885021394340516
dinov2,gamma_1p8,exp_20260730,frost_cycle_000063,left,0.9836939302589873
dinov2,gamma_1p8,exp_20260730,frost_cycle_000063,left,0.9765656395820957
dinov2,gamma_1p8,exp_20260730,frost_cycle_000063,left,0.9749722854906175
dinov2,gamma_1p8,exp_20260730,frost_cycle_000063,left_close,0.9901411374451087
dinov2,gamma_1p8,exp_20260730,frost_cycle_000063,left_close,0.9636021693919574
dinov2,gamma_1p8,exp_20260730,frost_cycle_000063,left_close,0.9717692704596362
dinov2,gamma_1p8,exp_20260730,frost_cycle_000063,top,0.9738661019476117
dinov2,gamma_1p8,exp_20260730,frost_cycle_000063,top,0.9761288152655435
dinov2,gamma_1p8,exp_20260730,frost_cycle_000063,top,0.97173731358446
dinov2,gamma_1p8,exp_20260730,frost_cycle_000063,top_close,0.9881832418518286
dinov2,gamma_1p8,exp_20260730,frost_cycle_000063,top_close,0.9657803155725242
dinov2,gamma_1p8,exp_20260730,frost_cycle_000063,top_close,0.981448454794518
dinov2,gamma_1p8,exp_20260730,frost_cycle_000063,extreme,0.9794076553494251
dinov2,gamma_1p8,exp_20260730,frost_cycle_000063,extreme,0.9710252544003879
dinov2,gamma_1p8,exp_20260730,frost_cycle_000063,extreme,0.9758600798502756
dinov2,gamma_1p8,exp_20260730,frost_cycle_000063,front,0.9538769864290998
dinov2,gamma_1p8,exp_20260730,frost_cycle_000063,front,0.9645569250132889
dinov2,gamma_1p8,exp_20260730,frost_cycle_000063,front,0.9647297619784874
dinov2,gamma_1p8,exp_20260730,frost_cycle_000063,left,0.9870067129491733
dinov2,gamma_1p8,exp_20260730,frost_cycle_000063,left,0.9837687194238908
dinov2,gamma_1p8,exp_20260730,frost_cycle_000063,left,0.9811089108354468
dinov2,gamma_1p8,exp_20260730,frost_cycle_000063,left_close,0.9891310054126142
dinov2,gamma_1p8,exp_20260730,frost_cycle_000063,left_close,0.987388590888923
dinov2,gamma_1p8,exp_20260730,frost_cycle_000063,left_close,0.9882739850258928
dinov2,gamma_1p8,exp_20260730,frost_cycle_000063,top,0.976574631105229
dinov2,gamma_1p8,exp_20260730,frost_cycle_000063,top,0.9828366936582558
dinov2,gamma_1p8,exp_20260730,frost_cycle_000063,top,0.9665447791638645
dinov2,gamma_1p8,exp_20260730,frost_cycle_000063,top_close,0.9567406821261432
dinov2,gamma_1p8,exp_20260730,frost_cycle_000063,top_close,0.9734460735624377
dinov2,gamma_1p8,exp_20260730,frost_cycle_000063,top_close,0.9824586130222371
dinov2,gamma_1p8,exp_20260730,frost_cycle_000064,extreme,0.9722478227791086
dinov2,gamma_1p8,exp_20260730,frost_cycle_000064,extreme,0.972471711868207
dinov2,gamma_1p8,exp_20260730,frost_cycle_000064,extreme,0.9727854850066036
dinov2,gamma_1p8,exp_20260730,frost_cycle_000064,front,0.9756506395421681
dinov2,gamma_1p8,exp_20260730,frost_cycle_000064,front,0.9847116675496512
dinov2,gamma_1p8,exp_20260730,frost_cycle_000064,front,0.9835218459204998
dinov2,gamma_1p8,exp_20260730,frost_cycle_000064,left,0.9795002615405466
dinov2,gamma_1p8,exp_20260730,frost_cycle_000064,left,0.9743852812129726
dinov2,gamma_1p8,exp_20260730,frost_cycle_000064,left,0.9790441217830095
dinov2,gamma_1p8,exp_20260730,frost_cycle_000064,left_close,0.9876613229078892
dinov2,gamma_1p8,exp_20260730,frost_cycle_000064,left_close,0.9799791661573862
dinov2,gamma_1p8,exp_20260730,frost_cycle_000064,left_close,0.9797662782730875
dinov2,gamma_1p8,exp_20260730,frost_cycle_000064,top,0.9788957020073045
dinov2,gamma_1p8,exp_20260730,frost_cycle_000064,top,0.9839462324894152
dinov2,gamma_1p8,exp_20260730,frost_cycle_000064,top,0.963975935254244
dinov2,gamma_1p8,exp_20260730,frost_cycle_000064,top_close,0.9880573682626573
dinov2,gamma_1p8,exp_20260730,frost_cycle_000064,top_close,0.9781985497357921
dinov2,gamma_1p8,exp_20260730,frost_cycle_000064,top_close,0.976329476054849
dinov2,gamma_1p8,exp_20260730,frost_cycle_000064,extreme,0.9781549787331888
dinov2,gamma_1p8,exp_20260730,frost_cycle_000064,extreme,0.9717827947547758
dinov2,gamma_1p8,exp_20260730,frost_cycle_000064,extreme,0.9744067190854716
dinov2,gamma_1p8,exp_20260730,frost_cycle_000064,front,0.9693462450173979
dinov2,gamma_1p8,exp_20260730,frost_cycle_000064,front,0.963191229949555
dinov2,gamma_1p8,exp_20260730,frost_cycle_000064,front,0.9565900039872111
dinov2,gamma_1p8,exp_20260730,frost_cycle_000064,left,0.9791364253358725
dinov2,gamma_1p8,exp_20260730,frost_cycle_000064,left,0.9820938121448227
dinov2,gamma_1p8,exp_20260730,frost_cycle_000064,left,0.9761847612989835
dinov2,gamma_1p8,exp_20260730,frost_cycle_000064,left_close,0.9731152978618973
dinov2,gamma_1p8,exp_20260730,frost_cycle_000064,left_close,0.9763981924125124
dinov2,gamma_1p8,exp_20260730,frost_cycle_000064,left_close,0.9850120728898833
dinov2,gamma_1p8,exp_20260730,frost_cycle_000064,top,0.9748255595517088
dinov2,gamma_1p8,exp_20260730,frost_cycle_000064,top,0.9853723073827545
dinov2,gamma_1p8,exp_20260730,frost_cycle_000064,top,0.9876225768697502
dinov2,gamma_1p8,exp_20260730,frost_cycle_000064,top_close,0.9865922765073104
dinov2,gamma_1p8,exp_20260730,frost_cycle_000064,top_close,0.9871129357976259
dinov2,gamma_1p8,exp_20260730,frost_cycle_000064,top_close,0.9865686164085409
dinov2,gamma_1p8,exp_20260730,frost_cycle_000065,extreme,0.9732851566206123
dinov2,gamma_1p8,exp_20260730,frost_cycle_000065,extreme,0.9685204597703404
dinov2,gamma_1p8,exp_20260730,frost_cycle_000065,extreme,0.9715862062704181
dinov2,gamma_1p8,exp_20260730,frost_cycle_000065,front,0.9742462332162432
dinov2,gamma_1p8,exp_20260730,frost_cycle_000065,front,0.9726165066398252
dinov2,gamma_1p8,exp_20260730,frost_cycle_000065,front,0.9843311104692295
dinov2,gamma_1p8,exp_20260730,frost_cycle_000065,left,0.9772671154021496
dinov2,gamma_1p8,exp_20260730,frost_cycle_000065,left,0.9790929494608698
dinov2,gamma_1p8,exp_20260730,frost_cycle_000065,left,0.9752702873009109
dinov2,gamma_1p8,exp_20260730,frost_cycle_000065,left_close,0.9895089439302417
dinov2,gamma_1p8,exp_20260730,frost_cycle_000065,left_close,0.9890963664752958
dinov2,gamma_1p8,exp_20260730,frost_cycle_000065,left_close,0.9828775826915896
dinov2,gamma_1p8,exp_20260730,frost_cycle_000065,top,0.9791817093595211
dinov2,gamma_1p8,exp_20260730,frost_cycle_000065,top,0.9772672923786149
dinov2,gamma_1p8,exp_20260730,frost_cycle_000065,top,0.9513091995045819
dinov2,gamma_1p8,exp_20260730,frost_cycle_000065,top_close,0.9808174748172503
dinov2,gamma_1p8,exp_20260730,frost_cycle_000065,top_close,0.9804133562609137
dinov2,gamma_1p8,exp_20260730,frost_cycle_000065,top_close,0.9793671058300641
dinov2,gamma_1p8,exp_20260730,frost_cycle_000066,extreme,0.9698964883214266
dinov2,gamma_1p8,exp_20260730,frost_cycle_000066,extreme,0.9748945118887521
dinov2,gamma_1p8,exp_20260730,frost_cycle_000066,extreme,0.9682828635907665
dinov2,gamma_1p8,exp_20260730,frost_cycle_000066,front,0.9754730755002741
dinov2,gamma_1p8,exp_20260730,frost_cycle_000066,front,0.9833218133545644
dinov2,gamma_1p8,exp_20260730,frost_cycle_000066,front,0.9834684425051208
dinov2,gamma_1p8,exp_20260730,frost_cycle_000066,left,0.9801999639190556
dinov2,gamma_1p8,exp_20260730,frost_cycle_000066,left,0.9845395514229236
dinov2,gamma_1p8,exp_20260730,frost_cycle_000066,left,0.979082383558542
dinov2,gamma_1p8,exp_20260730,frost_cycle_000066,left_close,0.9916409555504121
dinov2,gamma_1p8,exp_20260730,frost_cycle_000066,left_close,0.9804133560741837
dinov2,gamma_1p8,exp_20260730,frost_cycle_000066,left_close,0.977397075993094
dinov2,gamma_1p8,exp_20260730,frost_cycle_000066,top,0.9784254072135644
dinov2,gamma_1p8,exp_20260730,frost_cycle_000066,top,0.9672768877808501
dinov2,gamma_1p8,exp_20260730,frost_cycle_000066,top,0.9613856468920591
dinov2,gamma_1p8,exp_20260730,frost_cycle_000066,top_close,0.9815672385730922
dinov2,gamma_1p8,exp_20260730,frost_cycle_000066,top_close,0.9736654990457768
dinov2,gamma_1p8,exp_20260730,frost_cycle_000066,top_close,0.9737040926663681
dinov2,gamma_1p8,exp_20260730,frost_cycle_000066,extreme,0.97704967040869
dinov2,gamma_1p8,exp_20260730,frost_cycle_000066,extreme,0.9793174678093973
dinov2,gamma_1p8,exp_20260730,frost_cycle_000066,extreme,0.9770663524882889
dinov2,gamma_1p8,exp_20260730,frost_cycle_000066,front,0.9687966597543567
dinov2,gamma_1p8,exp_20260730,frost_cycle_000066,front,0.9742734294631805
dinov2,gamma_1p8,exp_20260730,frost_cycle_000066,front,0.9713034024916976
dinov2,gamma_1p8,exp_20260730,frost_cycle_000066,left,0.982881240343119
dinov2,gamma_1p8,exp_20260730,frost_cycle_000066,left,0.9793856855524503
dinov2,gamma_1p8,exp_20260730,frost_cycle_000066,left,0.9752893707161305
dinov2,gamma_1p8,exp_20260730,frost_cycle_000066,left_close,0.9894679399265095
dinov2,gamma_1p8,exp_20260730,frost_cycle_000066,left_close,0.9873369922841065
dinov2,gamma_1p8,exp_20260730,frost_cycle_000066,left_close,0.9882364832951767
dinov2,gamma_1p8,exp_20260730,frost_cycle_000066,top,0.9794076911426945
dinov2,gamma_1p8,exp_20260730,frost_cycle_000066,top,0.9856092488017048
dinov2,gamma_1p8,exp_20260730,frost_cycle_000066,top,0.9883054421887181
dinov2,gamma_1p8,exp_20260730,frost_cycle_000066,top_close,0.9735172797081482
dinov2,gamma_1p8,exp_20260730,frost_cycle_000066,top_close,0.964933302511837
dinov2,gamma_1p8,exp_20260730,frost_cycle_000066,top_close,0.9786613109033137
dinov2,gamma_1p8,exp_20260730,frost_cycle_000067,extreme,0.9713241736836109
dinov2,gamma_1p8,exp_20260730,frost_cycle_000067,extreme,0.9729145129122113
dinov2,gamma_1p8,exp_20260730,frost_cycle_000067,extreme,0.9687269233950351
dinov2,gamma_1p8,exp_20260730,frost_cycle_000067,front,0.9747760138388882
dinov2,gamma_1p8,exp_20260730,frost_cycle_000067,front,0.9815754019586875
dinov2,gamma_1p8,exp_20260730,frost_cycle_000067,front,0.9872014200397466
dinov2,gamma_1p8,exp_20260730,frost_cycle_000067,left,0.9839604366515282
dinov2,gamma_1p8,exp_20260730,frost_cycle_000067,left,0.9787843865842635
dinov2,gamma_1p8,exp_20260730,frost_cycle_000067,left,0.9742872123178219
dinov2,gamma_1p8,exp_20260730,frost_cycle_000067,left_close,0.9902446318813147
dinov2,gamma_1p8,exp_20260730,frost_cycle_000067,left_close,0.9829915973526063
dinov2,gamma_1p8,exp_20260730,frost_cycle_000067,left_close,0.9734844404756113
dinov2,gamma_1p8,exp_20260730,frost_cycle_000067,top,0.9721252242999397
dinov2,gamma_1p8,exp_20260730,frost_cycle_000067,top,0.9662783352551992
dinov2,gamma_1p8,exp_20260730,frost_cycle_000067,top,0.9767349321271915
dinov2,gamma_1p8,exp_20260730,frost_cycle_000067,top_close,0.9852935984372023
dinov2,gamma_1p8,exp_20260730,frost_cycle_000067,top_close,0.9752528254494426
dinov2,gamma_1p8,exp_20260730,frost_cycle_000067,top_close,0.9709308909992929
dinov2,gamma_1p8,exp_20260730,frost_cycle_000067,extreme,0.9773911414971315
dinov2,gamma_1p8,exp_20260730,frost_cycle_000067,extreme,0.9725290777423002
dinov2,gamma_1p8,exp_20260730,frost_cycle_000067,extreme,0.9765300497172031
dinov2,gamma_1p8,exp_20260730,frost_cycle_000067,front,0.9675068843258436
dinov2,gamma_1p8,exp_20260730,frost_cycle_000067,front,0.9663846771673821
dinov2,gamma_1p8,exp_20260730,frost_cycle_000067,front,0.9683775924264502
dinov2,gamma_1p8,exp_20260730,frost_cycle_000067,left,0.9766198411538963
dinov2,gamma_1p8,exp_20260730,frost_cycle_000067,left,0.9718762318435948
dinov2,gamma_1p8,exp_20260730,frost_cycle_000067,left,0.9796931569952538
dinov2,gamma_1p8,exp_20260730,frost_cycle_000067,left_close,0.9884327627557451
dinov2,gamma_1p8,exp_20260730,frost_cycle_000067,left_close,0.9868367503483778
dinov2,gamma_1p8,exp_20260730,frost_cycle_000067,left_close,0.9880892921609236
dinov2,gamma_1p8,exp_20260730,frost_cycle_000067,top,0.979058592755757
dinov2,gamma_1p8,exp_20260730,frost_cycle_000067,top,0.983658930463717
dinov2,gamma_1p8,exp_20260730,frost_cycle_000067,top,0.9843195935935847
dinov2,gamma_1p8,exp_20260730,frost_cycle_000067,top_close,0.974168658633472
dinov2,gamma_1p8,exp_20260730,frost_cycle_000067,top_close,0.9788419578883153
dinov2,gamma_1p8,exp_20260730,frost_cycle_000067,top_close,0.9811962027977807
dinov2,gamma_1p8,exp_20260730,frost_cycle_000068,extreme,0.9718514758515798
dinov2,gamma_1p8,exp_20260730,frost_cycle_000068,extreme,0.9741489313327436
dinov2,gamma_1p8,exp_20260730,frost_cycle_000068,extreme,0.9710801342830492
dinov2,gamma_1p8,exp_20260730,frost_cycle_000068,front,0.9685487948835261
dinov2,gamma_1p8,exp_20260730,frost_cycle_000068,front,0.9768115823618331
dinov2,gamma_1p8,exp_20260730,frost_cycle_000068,front,0.98797607880404
dinov2,gamma_1p8,exp_20260730,frost_cycle_000068,left,0.9803577175654893
dinov2,gamma_1p8,exp_20260730,frost_cycle_000068,left,0.9822292528228778
dinov2,gamma_1p8,exp_20260730,frost_cycle_000068,left,0.9714321023677305
dinov2,gamma_1p8,exp_20260730,frost_cycle_000068,left_close,0.9882850985404426
dinov2,gamma_1p8,exp_20260730,frost_cycle_000068,left_close,0.9874085367519686
dinov2,gamma_1p8,exp_20260730,frost_cycle_000068,left_close,0.9792563944148807
dinov2,gamma_1p8,exp_20260730,frost_cycle_000068,top,0.9759523863402618
dinov2,gamma_1p8,exp_20260730,frost_cycle_000068,top,0.973298310319214
dinov2,gamma_1p8,exp_20260730,frost_cycle_000068,top,0.9601861622679541
dinov2,gamma_1p8,exp_20260730,frost_cycle_000068,top_close,0.9821142902008729
dinov2,gamma_1p8,exp_20260730,frost_cycle_000068,top_close,0.9783931441358392
dinov2,gamma_1p8,exp_20260730,frost_cycle_000068,top_close,0.9785297742973421
dinov2,gamma_1p8,exp_20260731,frost_cycle_000070,extreme,0.9754444660181018
dinov2,gamma_1p8,exp_20260731,frost_cycle_000070,extreme,0.9782863197934417
dinov2,gamma_1p8,exp_20260731,frost_cycle_000070,extreme,0.9778879777478806
dinov2,gamma_1p8,exp_20260731,frost_cycle_000070,front,0.9648662732480912
dinov2,gamma_1p8,exp_20260731,frost_cycle_000070,front,0.9708441937545894
dinov2,gamma_1p8,exp_20260731,frost_cycle_000070,front,0.9776376292517167
dinov2,gamma_1p8,exp_20260731,frost_cycle_000070,left,0.9855992521183009
dinov2,gamma_1p8,exp_20260731,frost_cycle_000070,left,0.9836037044508306
dinov2,gamma_1p8,exp_20260731,frost_cycle_000070,left,0.983224631722046
dinov2,gamma_1p8,exp_20260731,frost_cycle_000070,left_close,0.981714624236303
dinov2,gamma_1p8,exp_20260731,frost_cycle_000070,left_close,0.9847528654363885
dinov2,gamma_1p8,exp_20260731,frost_cycle_000070,left_close,0.9837977956953521
dinov2,gamma_1p8,exp_20260731,frost_cycle_000070,top,0.9705991790825661
dinov2,gamma_1p8,exp_20260731,frost_cycle_000070,top,0.9812665213717605
dinov2,gamma_1p8,exp_20260731,frost_cycle_000070,top,0.9805708732997184
dinov2,gamma_1p8,exp_20260731,frost_cycle_000070,top_close,0.98595569712575
dinov2,gamma_1p8,exp_20260731,frost_cycle_000070,top_close,0.9855515652166953
dinov2,gamma_1p8,exp_20260731,frost_cycle_000070,top_close,0.9830719288598673
dinov2,gamma_1p8,exp_20260731,frost_cycle_000071,extreme,0.9779853087771669
dinov2,gamma_1p8,exp_20260731,frost_cycle_000071,extreme,0.9782829428487934
dinov2,gamma_1p8,exp_20260731,frost_cycle_000071,extreme,0.9731138090916421
dinov2,gamma_1p8,exp_20260731,frost_cycle_000071,front,0.9706246427037019
dinov2,gamma_1p8,exp_20260731,frost_cycle_000071,front,0.9641112412743335
dinov2,gamma_1p8,exp_20260731,frost_cycle_000071,front,0.9694296653062149
dinov2,gamma_1p8,exp_20260731,frost_cycle_000071,left,0.9744936825626077
dinov2,gamma_1p8,exp_20260731,frost_cycle_000071,left,0.9711751779882238
dinov2,gamma_1p8,exp_20260731,frost_cycle_000071,left,0.9801099887479967
dinov2,gamma_1p8,exp_20260731,frost_cycle_000071,left_close,0.9844488152555401
dinov2,gamma_1p8,exp_20260731,frost_cycle_000071,left_close,0.986014581460919
dinov2,gamma_1p8,exp_20260731,frost_cycle_000071,left_close,0.9899729768852258
dinov2,gamma_1p8,exp_20260731,frost_cycle_000071,top,0.9820691700673227
dinov2,gamma_1p8,exp_20260731,frost_cycle_000071,top,0.9807282447376648
dinov2,gamma_1p8,exp_20260731,frost_cycle_000071,top,0.9807511174717273
dinov2,gamma_1p8,exp_20260731,frost_cycle_000071,top_close,0.983535962343895
dinov2,gamma_1p8,exp_20260731,frost_cycle_000071,top_close,0.9825305564168506
dinov2,gamma_1p8,exp_20260731,frost_cycle_000071,top_close,0.9808022626751999
dinov2,gamma_1p8,exp_20260731,frost_cycle_000072,extreme,0.9731683613487058
dinov2,gamma_1p8,exp_20260731,frost_cycle_000072,extreme,0.9741983887657515
dinov2,gamma_1p8,exp_20260731,frost_cycle_000072,extreme,0.977709197424017
dinov2,gamma_1p8,exp_20260731,frost_cycle_000072,front,0.9491046883359344
dinov2,gamma_1p8,exp_20260731,frost_cycle_000072,front,0.9817736087551787
dinov2,gamma_1p8,exp_20260731,frost_cycle_000072,front,0.9822316846371891
dinov2,gamma_1p8,exp_20260731,frost_cycle_000072,left,0.97257381580218
dinov2,gamma_1p8,exp_20260731,frost_cycle_000072,left,0.9778289606188619
dinov2,gamma_1p8,exp_20260731,frost_cycle_000072,left,0.9787671018831603
dinov2,gamma_1p8,exp_20260731,frost_cycle_000072,left_close,0.9898830455855754
dinov2,gamma_1p8,exp_20260731,frost_cycle_000072,left_close,0.9794714848061452
dinov2,gamma_1p8,exp_20260731,frost_cycle_000072,left_close,0.9855546733904662
dinov2,gamma_1p8,exp_20260731,frost_cycle_000072,top,0.9658367511297371
dinov2,gamma_1p8,exp_20260731,frost_cycle_000072,top,0.9748406489527567
dinov2,gamma_1p8,exp_20260731,frost_cycle_000072,top,0.9764024686268965
dinov2,gamma_1p8,exp_20260731,frost_cycle_000072,top_close,0.9809810154166206
dinov2,gamma_1p8,exp_20260731,frost_cycle_000072,top_close,0.9803569791194044
dinov2,gamma_1p8,exp_20260731,frost_cycle_000072,top_close,0.9728766955863133
dinov2,gamma_1p8,exp_20260731,frost_cycle_000072,extreme,0.9798738287309148
dinov2,gamma_1p8,exp_20260731,frost_cycle_000072,extreme,0.9802955325440641
dinov2,gamma_1p8,exp_20260731,frost_cycle_000072,extreme,0.9782968407414041
dinov2,gamma_1p8,exp_20260731,frost_cycle_000072,front,0.9634562395005143
dinov2,gamma_1p8,exp_20260731,frost_cycle_000072,front,0.9521161044425239
dinov2,gamma_1p8,exp_20260731,frost_cycle_000072,front,0.9430597871086954
dinov2,gamma_1p8,exp_20260731,frost_cycle_000072,left,0.966481408551668
dinov2,gamma_1p8,exp_20260731,frost_cycle_000072,left,0.9796405917927473
dinov2,gamma_1p8,exp_20260731,frost_cycle_000072,left,0.9729569384731551
dinov2,gamma_1p8,exp_20260731,frost_cycle_000072,left_close,0.9870775539010903
dinov2,gamma_1p8,exp_20260731,frost_cycle_000072,left_close,0.9869182852795435
dinov2,gamma_1p8,exp_20260731,frost_cycle_000072,left_close,0.9869506766148826
dinov2,gamma_1p8,exp_20260731,frost_cycle_000072,top,0.986584227540031
dinov2,gamma_1p8,exp_20260731,frost_cycle_000072,top,0.9891405516618945
dinov2,gamma_1p8,exp_20260731,frost_cycle_000072,top,0.9842752898433083
dinov2,gamma_1p8,exp_20260731,frost_cycle_000072,top_close,0.9840732050971346
dinov2,gamma_1p8,exp_20260731,frost_cycle_000072,top_close,0.9766264626846259
dinov2,gamma_1p8,exp_20260731,frost_cycle_000072,top_close,0.9599487394343656
dinov2,gamma_1p8,exp_20260731,frost_cycle_000073,extreme,0.9755224473105762
dinov2,gamma_1p8,exp_20260731,frost_cycle_000073,extreme,0.9724786612474385
dinov2,gamma_1p8,exp_20260731,frost_cycle_000073,extreme,0.982565582425129
dinov2,gamma_1p8,exp_20260731,frost_cycle_000073,front,0.9603360222875533
dinov2,gamma_1p8,exp_20260731,frost_cycle_000073,front,0.9806448913119579
dinov2,gamma_1p8,exp_20260731,frost_cycle_000073,front,0.9839749992389725
dinov2,gamma_1p8,exp_20260731,frost_cycle_000073,left,0.9768123267913595
dinov2,gamma_1p8,exp_20260731,frost_cycle_000073,left,0.9855737433907991
dinov2,gamma_1p8,exp_20260731,frost_cycle_000073,left,0.9800077642208286
dinov2,gamma_1p8,exp_20260731,frost_cycle_000073,left_close,0.9875889842127943
dinov2,gamma_1p8,exp_20260731,frost_cycle_000073,left_close,0.9795220745732145
dinov2,gamma_1p8,exp_20260731,frost_cycle_000073,left_close,0.9803619648235193
dinov2,gamma_1p8,exp_20260731,frost_cycle_000073,top,0.9811439948945533
dinov2,gamma_1p8,exp_20260731,frost_cycle_000073,top,0.9746548026782181
dinov2,gamma_1p8,exp_20260731,frost_cycle_000073,top,0.9827380875589413
dinov2,gamma_1p8,exp_20260731,frost_cycle_000073,top_close,0.9846813807012144
dinov2,gamma_1p8,exp_20260731,frost_cycle_000073,top_close,0.958188836622633
dinov2,gamma_1p8,exp_20260731,frost_cycle_000073,top_close,0.969223510142223
dinov2,gamma_1p8,exp_20260731,frost_cycle_000073,extreme,0.9800455848808485
dinov2,gamma_1p8,exp_20260731,frost_cycle_000073,extreme,0.9806901834233874
dinov2,gamma_1p8,exp_20260731,frost_cycle_000073,extreme,0.9785075307250876
dinov2,gamma_1p8,exp_20260731,frost_cycle_000073,front,0.9721044141541088
dinov2,gamma_1p8,exp_20260731,frost_cycle_000073,front,0.9789255472215719
dinov2,gamma_1p8,exp_20260731,frost_cycle_000073,front,0.9790644863911472
dinov2,gamma_1p8,exp_20260731,frost_cycle_000073,left,0.972995827194147
dinov2,gamma_1p8,exp_20260731,frost_cycle_000073,left,0.9670025332232743
dinov2,gamma_1p8,exp_20260731,frost_cycle_000073,left,0.9613594913306351
dinov2,gamma_1p8,exp_20260731,frost_cycle_000073,left_close,0.9865004601489995
dinov2,gamma_1p8,exp_20260731,frost_cycle_000073,left_close,0.9864966409703856
dinov2,gamma_1p8,exp_20260731,frost_cycle_000073,left_close,0.9861425270897509
dinov2,gamma_1p8,exp_20260731,frost_cycle_000073,top,0.9861541866335847
dinov2,gamma_1p8,exp_20260731,frost_cycle_000073,top,0.9860310469851586
dinov2,gamma_1p8,exp_20260731,frost_cycle_000073,top,0.9851314335197282
dinov2,gamma_1p8,exp_20260731,frost_cycle_000073,top_close,0.9650614918446546
dinov2,gamma_1p8,exp_20260731,frost_cycle_000073,top_close,0.9579180419713385
dinov2,gamma_1p8,exp_20260731,frost_cycle_000073,top_close,0.9665158209597111
dinov2,gamma_1p8,exp_20260731,frost_cycle_000074,extreme,0.9777594194265496
dinov2,gamma_1p8,exp_20260731,frost_cycle_000074,extreme,0.9777594194265496
dinov2,gamma_1p8,exp_20260731,frost_cycle_000074,extreme,0.9844419168158092
dinov2,gamma_1p8,exp_20260731,frost_cycle_000074,front,0.9774130458393311
dinov2,gamma_1p8,exp_20260731,frost_cycle_000074,front,0.9662901233598229
dinov2,gamma_1p8,exp_20260731,frost_cycle_000074,front,0.9805502371868954
dinov2,gamma_1p8,exp_20260731,frost_cycle_000074,left,0.9894335582392881
dinov2,gamma_1p8,exp_20260731,frost_cycle_000074,left,0.98612178771597
dinov2,gamma_1p8,exp_20260731,frost_cycle_000074,left,0.9857250544487559
dinov2,gamma_1p8,exp_20260731,frost_cycle_000074,left_close,0.9874201405129316
dinov2,gamma_1p8,exp_20260731,frost_cycle_000074,left_close,0.9861551584587519
dinov2,gamma_1p8,exp_20260731,frost_cycle_000074,left_close,0.9901319205106953
dinov2,gamma_1p8,exp_20260731,frost_cycle_000074,top,0.9626355563455307
dinov2,gamma_1p8,exp_20260731,frost_cycle_000074,top,0.9846218592269314
dinov2,gamma_1p8,exp_20260731,frost_cycle_000074,top,0.9803522401527365
dinov2,gamma_1p8,exp_20260731,frost_cycle_000074,top_close,0.9818987019830087
dinov2,gamma_1p8,exp_20260731,frost_cycle_000074,top_close,0.9809047552815282
dinov2,gamma_1p8,exp_20260731,frost_cycle_000074,top_close,0.9800973288738979
dinov2,gamma_1p8,exp_20260731,frost_cycle_000075,extreme,0.9833513686026739
dinov2,gamma_1p8,exp_20260731,frost_cycle_000075,extreme,0.9791118069528955
dinov2,gamma_1p8,exp_20260731,frost_cycle_000075,extreme,0.9778682314069073
dinov2,gamma_1p8,exp_20260731,frost_cycle_000075,front,0.9604977692212698
dinov2,gamma_1p8,exp_20260731,frost_cycle_000075,front,0.9784927026994504
dinov2,gamma_1p8,exp_20260731,frost_cycle_000075,front,0.9799169781900634
dinov2,gamma_1p8,exp_20260731,frost_cycle_000075,left,0.9749225937248976
dinov2,gamma_1p8,exp_20260731,frost_cycle_000075,left,0.981382890300759
dinov2,gamma_1p8,exp_20260731,frost_cycle_000075,left,0.9784437522897873
dinov2,gamma_1p8,exp_20260731,frost_cycle_000075,left_close,0.9885077165079866
dinov2,gamma_1p8,exp_20260731,frost_cycle_000075,left_close,0.9794720688706605
dinov2,gamma_1p8,exp_20260731,frost_cycle_000075,left_close,0.9761415115445251
dinov2,gamma_1p8,exp_20260731,frost_cycle_000075,top,0.9598185701994744
dinov2,gamma_1p8,exp_20260731,frost_cycle_000075,top,0.9757388759985391
dinov2,gamma_1p8,exp_20260731,frost_cycle_000075,top,0.9660142691927497
dinov2,gamma_1p8,exp_20260731,frost_cycle_000075,top_close,0.9756840657236419
dinov2,gamma_1p8,exp_20260731,frost_cycle_000075,top_close,0.9649434347902567
dinov2,gamma_1p8,exp_20260731,frost_cycle_000075,top_close,0.9703699237780439
dinov2,gamma_1p8,exp_20260731,frost_cycle_000075,extreme,0.9732099867049807
dinov2,gamma_1p8,exp_20260731,frost_cycle_000075,extreme,0.975147265545392
dinov2,gamma_1p8,exp_20260731,frost_cycle_000075,extreme,0.9796444220621991
dinov2,gamma_1p8,exp_20260731,frost_cycle_000075,front,0.9721174077569908
dinov2,gamma_1p8,exp_20260731,frost_cycle_000075,front,0.9778985082994373
dinov2,gamma_1p8,exp_20260731,frost_cycle_000075,front,0.9815192259065686
dinov2,gamma_1p8,exp_20260731,frost_cycle_000075,left,0.9886443449204129
dinov2,gamma_1p8,exp_20260731,frost_cycle_000075,left,0.9813642292098994
dinov2,gamma_1p8,exp_20260731,frost_cycle_000075,left,0.9791244494635799
dinov2,gamma_1p8,exp_20260731,frost_cycle_000075,left_close,0.9847791817732322
dinov2,gamma_1p8,exp_20260731,frost_cycle_000075,left_close,0.9852222628246915
dinov2,gamma_1p8,exp_20260731,frost_cycle_000075,left_close,0.9829392979059505
dinov2,gamma_1p8,exp_20260731,frost_cycle_000075,top,0.971810492306615
dinov2,gamma_1p8,exp_20260731,frost_cycle_000075,top,0.9652329840369118
dinov2,gamma_1p8,exp_20260731,frost_cycle_000075,top,0.965725619465532
dinov2,gamma_1p8,exp_20260731,frost_cycle_000075,top_close,0.9704110269623132
dinov2,gamma_1p8,exp_20260731,frost_cycle_000075,top_close,0.9736003900051776
dinov2,gamma_1p8,exp_20260731,frost_cycle_000075,top_close,0.9870117517438075
dinov2,gamma_1p8,exp_20260731,frost_cycle_000076,extreme,0.981709602336053
dinov2,gamma_1p8,exp_20260731,frost_cycle_000076,extreme,0.9835273257871038
dinov2,gamma_1p8,exp_20260731,frost_cycle_000076,extreme,0.9726880459249123
dinov2,gamma_1p8,exp_20260731,frost_cycle_000076,front,0.9813011931998077
dinov2,gamma_1p8,exp_20260731,frost_cycle_000076,front,0.937984610335441
dinov2,gamma_1p8,exp_20260731,frost_cycle_000076,front,0.9803009252468596
dinov2,gamma_1p8,exp_20260731,frost_cycle_000076,left,0.9847281989586707
dinov2,gamma_1p8,exp_20260731,frost_cycle_000076,left,0.9627524630586151
dinov2,gamma_1p8,exp_20260731,frost_cycle_000076,left,0.9738616226567053
dinov2,gamma_1p8,exp_20260731,frost_cycle_000076,left_close,0.9863280062657034
dinov2,gamma_1p8,exp_20260731,frost_cycle_000076,left_close,0.9885053647216938
dinov2,gamma_1p8,exp_20260731,frost_cycle_000076,left_close,0.9764107978304972
dinov2,gamma_1p8,exp_20260731,frost_cycle_000076,top,0.9714689964724283
dinov2,gamma_1p8,exp_20260731,frost_cycle_000076,top,0.9723928820041027
dinov2,gamma_1p8,exp_20260731,frost_cycle_000076,top,0.9659553966501395
dinov2,gamma_1p8,exp_20260731,frost_cycle_000076,top_close,0.9762389056126203
dinov2,gamma_1p8,exp_20260731,frost_cycle_000076,top_close,0.9781403273797713
dinov2,gamma_1p8,exp_20260731,frost_cycle_000076,top_close,0.9666336294494836
efficientnet,gamma_1p8,exp_20260729,frost_cycle_000060,extreme,0.9643864121141859
efficientnet,gamma_1p8,exp_20260729,frost_cycle_000060,extreme,0.9647068348831509
efficientnet,gamma_1p8,exp_20260729,frost_cycle_000060,extreme,0.9712297692908392
efficientnet,gamma_1p8,exp_20260729,frost_cycle_000060,front,0.9423177360931214
efficientnet,gamma_1p8,exp_20260729,frost_cycle_000060,front,0.9480668646797717
efficientnet,gamma_1p8,exp_20260729,frost_cycle_000060,front,0.9332036264264197
efficientnet,gamma_1p8,exp_20260729,frost_cycle_000060,left,0.97877402598986
efficientnet,gamma_1p8,exp_20260729,frost_cycle_000060,left,0.9551485054544712
efficientnet,gamma_1p8,exp_20260729,frost_cycle_000060,left,0.963177939273846
efficientnet,gamma_1p8,exp_20260729,frost_cycle_000060,left_close,0.9720574469771314
efficientnet,gamma_1p8,exp_20260729,frost_cycle_000060,left_close,0.9664191342842386
efficientnet,gamma_1p8,exp_20260729,frost_cycle_000060,left_close,0.9665397859949703
efficientnet,gamma_1p8,exp_20260729,frost_cycle_000060,top,0.941711069707853
efficientnet,gamma_1p8,exp_20260729,frost_cycle_000060,top,0.9578815419710046
efficientnet,gamma_1p8,exp_20260729,frost_cycle_000060,top,0.9563686681790011
efficientnet,gamma_1p8,exp_20260729,frost_cycle_000060,top_close,0.9474933978041344
efficientnet,gamma_1p8,exp_20260729,frost_cycle_000060,top_close,0.9441602809914945
efficientnet,gamma_1p8,exp_20260729,frost_cycle_000060,top_close,0.9489615624346994
efficientnet,gamma_1p8,exp_20260729,frost_cycle_000060,extreme,0.9523733502902756
efficientnet,gamma_1p8,exp_20260729,frost_cycle_000060,extreme,0.9517468470730365
efficientnet,gamma_1p8,exp_20260729,frost_cycle_000060,extreme,0.9578614293621989
efficientnet,gamma_1p8,exp_20260729,frost_cycle_000060,front,0.9845906844269413
efficientnet,gamma_1p8,exp_20260729,frost_cycle_000060,front,0.9822547979315553
efficientnet,gamma_1p8,exp_20260729,frost_cycle_000060,front,0.9827802210713104
efficientnet,gamma_1p8,exp_20260729,frost_cycle_000060,left,0.9845536332295344
efficientnet,gamma_1p8,exp_20260729,frost_cycle_000060,left,0.9842349468734989
efficientnet,gamma_1p8,exp_20260729,frost_cycle_000060,left,0.9844082936656235
efficientnet,gamma_1p8,exp_20260729,frost_cycle_000060,left_close,0.9732841055064793
efficientnet,gamma_1p8,exp_20260729,frost_cycle_000060,left_close,0.9767020435802608
efficientnet,gamma_1p8,exp_20260729,frost_cycle_000060,left_close,0.9827912041471831
efficientnet,gamma_1p8,exp_20260729,frost_cycle_000060,top,0.946779727594957
efficientnet,gamma_1p8,exp_20260729,frost_cycle_000060,top,0.9490183744192964
efficientnet,gamma_1p8,exp_20260729,frost_cycle_000060,top,0.9213238626938345
efficientnet,gamma_1p8,exp_20260729,frost_cycle_000060,top_close,0.9805255934502148
efficientnet,gamma_1p8,exp_20260729,frost_cycle_000060,top_close,0.9584744558411774
efficientnet,gamma_1p8,exp_20260729,frost_cycle_000060,top_close,0.926476921442874
efficientnet,gamma_1p8,exp_20260729,frost_cycle_000061,extreme,0.9607803737432499
efficientnet,gamma_1p8,exp_20260729,frost_cycle_000061,extreme,0.9651289396095483
efficientnet,gamma_1p8,exp_20260729,frost_cycle_000061,extreme,0.9678247164642579
efficientnet,gamma_1p8,exp_20260729,frost_cycle_000061,front,0.9803669139862312
efficientnet,gamma_1p8,exp_20260729,frost_cycle_000061,front,0.9573093882478144
efficientnet,gamma_1p8,exp_20260729,frost_cycle_000061,front,0.9334055334813312
efficientnet,gamma_1p8,exp_20260729,frost_cycle_000061,left,0.9828789705376775
efficientnet,gamma_1p8,exp_20260729,frost_cycle_000061,left,0.9538145018582753
efficientnet,gamma_1p8,exp_20260729,frost_cycle_000061,left,0.9511326352665381
efficientnet,gamma_1p8,exp_20260729,frost_cycle_000061,left_close,0.9739694441655949
efficientnet,gamma_1p8,exp_20260729,frost_cycle_000061,left_close,0.9694459041420593
efficientnet,gamma_1p8,exp_20260729,frost_cycle_000061,left_close,0.9704547219596255
efficientnet,gamma_1p8,exp_20260729,frost_cycle_000061,top,0.9636082002855356
efficientnet,gamma_1p8,exp_20260729,frost_cycle_000061,top,0.9584437423223885
efficientnet,gamma_1p8,exp_20260729,frost_cycle_000061,top,0.959649780715026
efficientnet,gamma_1p8,exp_20260729,frost_cycle_000061,top_close,0.9825341733711912
efficientnet,gamma_1p8,exp_20260729,frost_cycle_000061,top_close,0.9517481431750852
efficientnet,gamma_1p8,exp_20260729,frost_cycle_000061,top_close,0.9282003302022764
efficientnet,gamma_1p8,exp_20260730,frost_cycle_000063,extreme,0.9623421930701379
efficientnet,gamma_1p8,exp_20260730,frost_cycle_000063,extreme,0.9644894270395129
efficientnet,gamma_1p8,exp_20260730,frost_cycle_000063,extreme,0.9687700874502958
efficientnet,gamma_1p8,exp_20260730,frost_cycle_000063,front,0.9745868008496039
efficientnet,gamma_1p8,exp_20260730,frost_cycle_000063,front,0.9481893979043758
efficientnet,gamma_1p8,exp_20260730,frost_cycle_000063,front,0.9545228119849412
efficientnet,gamma_1p8,exp_20260730,frost_cycle_000063,left,0.9814375815536682
efficientnet,gamma_1p8,exp_20260730,frost_cycle_000063,left,0.970967222553086
efficientnet,gamma_1p8,exp_20260730,frost_cycle_000063,left,0.969543403843198
efficientnet,gamma_1p8,exp_20260730,frost_cycle_000063,left_close,0.9764944210283149
efficientnet,gamma_1p8,exp_20260730,frost_cycle_000063,left_close,0.9673870540028316
efficientnet,gamma_1p8,exp_20260730,frost_cycle_000063,left_close,0.9653911167998417
efficientnet,gamma_1p8,exp_20260730,frost_cycle_000063,top,0.9510747823503485
efficientnet,gamma_1p8,exp_20260730,frost_cycle_000063,top,0.9513623215023647
efficientnet,gamma_1p8,exp_20260730,frost_cycle_000063,top,0.9629262818735078
efficientnet,gamma_1p8,exp_20260730,frost_cycle_000063,top_close,0.9578882334449346
efficientnet,gamma_1p8,exp_20260730,frost_cycle_000063,top_close,0.9467475655909446
efficientnet,gamma_1p8,exp_20260730,frost_cycle_000063,top_close,0.9426341391943625
efficientnet,gamma_1p8,exp_20260730,frost_cycle_000063,extreme,0.9681803155388811
efficientnet,gamma_1p8,exp_20260730,frost_cycle_000063,extreme,0.9615900146146703
efficientnet,gamma_1p8,exp_20260730,frost_cycle_000063,extreme,0.9628491842834113
efficientnet,gamma_1p8,exp_20260730,frost_cycle_000063,front,0.9834948808727696
efficientnet,gamma_1p8,exp_20260730,frost_cycle_000063,front,0.9721976436028753
efficientnet,gamma_1p8,exp_20260730,frost_cycle_000063,front,0.9794951971898755
efficientnet,gamma_1p8,exp_20260730,frost_cycle_000063,left,0.9711723305688739
efficientnet,gamma_1p8,exp_20260730,frost_cycle_000063,left,0.9829212738405518
efficientnet,gamma_1p8,exp_20260730,frost_cycle_000063,left,0.9815151640271885
efficientnet,gamma_1p8,exp_20260730,frost_cycle_000063,left_close,0.983456463353119
efficientnet,gamma_1p8,exp_20260730,frost_cycle_000063,left_close,0.9807883449431445
efficientnet,gamma_1p8,exp_20260730,frost_cycle_000063,left_close,0.9786927165047342
efficientnet,gamma_1p8,exp_20260730,frost_cycle_000063,top,0.9628665441706462
efficientnet,gamma_1p8,exp_20260730,frost_cycle_000063,top,0.9560138292014013
efficientnet,gamma_1p8,exp_20260730,frost_cycle_000063,top,0.9426849139538629
efficientnet,gamma_1p8,exp_20260730,frost_cycle_000063,top_close,0.9753111087450607
efficientnet,gamma_1p8,exp_20260730,frost_cycle_000063,top_close,0.9759582491560012
efficientnet,gamma_1p8,exp_20260730,frost_cycle_000063,top_close,0.9809195638017555
efficientnet,gamma_1p8,exp_20260730,frost_cycle_000064,extreme,0.9630881319165953
efficientnet,gamma_1p8,exp_20260730,frost_cycle_000064,extreme,0.9693286820711912
efficientnet,gamma_1p8,exp_20260730,frost_cycle_000064,extreme,0.9663799754823765
efficientnet,gamma_1p8,exp_20260730,frost_cycle_000064,front,0.9569527054244452
efficientnet,gamma_1p8,exp_20260730,frost_cycle_000064,front,0.9573911385228551
efficientnet,gamma_1p8,exp_20260730,frost_cycle_000064,front,0.9522004302765951
efficientnet,gamma_1p8,exp_20260730,frost_cycle_000064,left,0.9824692032084433
efficientnet,gamma_1p8,exp_20260730,frost_cycle_000064,left,0.9765301085695235
efficientnet,gamma_1p8,exp_20260730,frost_cycle_000064,left,0.9702041728583701
efficientnet,gamma_1p8,exp_20260730,frost_cycle_000064,left_close,0.9757381113234238
efficientnet,gamma_1p8,exp_20260730,frost_cycle_000064,left_close,0.9695701272950382
efficientnet,gamma_1p8,exp_20260730,frost_cycle_000064,left_close,0.9594651314761338
efficientnet,gamma_1p8,exp_20260730,frost_cycle_000064,top,0.9340439471139804
efficientnet,gamma_1p8,exp_20260730,frost_cycle_000064,top,0.9611909395963953
efficientnet,gamma_1p8,exp_20260730,frost_cycle_000064,top,0.9655746438154776
efficientnet,gamma_1p8,exp_20260730,frost_cycle_000064,top_close,0.944629978138319
efficientnet,gamma_1p8,exp_20260730,frost_cycle_000064,top_close,0.9531929204952281
efficientnet,gamma_1p8,exp_20260730,frost_cycle_000064,top_close,0.9299240040981888
efficientnet,gamma_1p8,exp_20260730,frost_cycle_000064,extreme,0.9596538488147643
efficientnet,gamma_1p8,exp_20260730,frost_cycle_000064,extreme,0.9574784505545261
efficientnet,gamma_1p8,exp_20260730,frost_cycle_000064,extreme,0.9611330600480072
efficientnet,gamma_1p8,exp_20260730,frost_cycle_000064,front,0.9790248893391956
efficientnet,gamma_1p8,exp_20260730,frost_cycle_000064,front,0.983676090032069
efficientnet,gamma_1p8,exp_20260730,frost_cycle_000064,front,0.9838232261114839
efficientnet,gamma_1p8,exp_20260730,frost_cycle_000064,left,0.982482367438219
efficientnet,gamma_1p8,exp_20260730,frost_cycle_000064,left,0.9819899328447953
efficientnet,gamma_1p8,exp_20260730,frost_cycle_000064,left,0.9823392250841427
efficientnet,gamma_1p8,exp_20260730,frost_cycle_000064,left_close,0.9587808637779252
efficientnet,gamma_1p8,exp_20260730,frost_cycle_000064,left_close,0.9648186426331324
efficientnet,gamma_1p8,exp_20260730,frost_cycle_000064,left_close,0.9733654116071784
efficientnet,gamma_1p8,exp_20260730,frost_cycle_000064,top,0.9596752654537175
efficientnet,gamma_1p8,exp_20260730,frost_cycle_000064,top,0.955344183065452
efficientnet,gamma_1p8,exp_20260730,frost_cycle_000064,top,0.9532125836500925
efficientnet,gamma_1p8,exp_20260730,frost_cycle_000064,top_close,0.9834443960317021
efficientnet,gamma_1p8,exp_20260730,frost_cycle_000064,top_close,0.9787258419556195
efficientnet,gamma_1p8,exp_20260730,frost_cycle_000064,top_close,0.9624920885894465
efficientnet,gamma_1p8,exp_20260730,frost_cycle_000065,extreme,0.9650822299367037
efficientnet,gamma_1p8,exp_20260730,frost_cycle_000065,extreme,0.9699180990232691
efficientnet,gamma_1p8,exp_20260730,frost_cycle_000065,extreme,0.9648186694649619
efficientnet,gamma_1p8,exp_20260730,frost_cycle_000065,front,0.9700908905363457
efficientnet,gamma_1p8,exp_20260730,frost_cycle_000065,front,0.9518119676474994
efficientnet,gamma_1p8,exp_20260730,frost_cycle_000065,front,0.9431429900420458
efficientnet,gamma_1p8,exp_20260730,frost_cycle_000065,left,0.9817927333245908
efficientnet,gamma_1p8,exp_20260730,frost_cycle_000065,left,0.9837671338498762
efficientnet,gamma_1p8,exp_20260730,frost_cycle_000065,left,0.9774683382450283
efficientnet,gamma_1p8,exp_20260730,frost_cycle_000065,left_close,0.9757928426708566
efficientnet,gamma_1p8,exp_20260730,frost_cycle_000065,left_close,0.9749787746548151
efficientnet,gamma_1p8,exp_20260730,frost_cycle_000065,left_close,0.9637981980809502
efficientnet,gamma_1p8,exp_20260730,frost_cycle_000065,top,0.9541550189080362
efficientnet,gamma_1p8,exp_20260730,frost_cycle_000065,top,0.9524055398100814
efficientnet,gamma_1p8,exp_20260730,frost_cycle_000065,top,0.9576648304134152
efficientnet,gamma_1p8,exp_20260730,frost_cycle_000065,top_close,0.9778230635596253
efficientnet,gamma_1p8,exp_20260730,frost_cycle_000065,top_close,0.9557314672245277
efficientnet,gamma_1p8,exp_20260730,frost_cycle_000065,top_close,0.9550678954294812
efficientnet,gamma_1p8,exp_20260730,frost_cycle_000066,extreme,0.9670385444287193
efficientnet,gamma_1p8,exp_20260730,frost_cycle_000066,extreme,0.9611518756165789
efficientnet,gamma_1p8,exp_20260730,frost_cycle_000066,extreme,0.9714660789612249
efficientnet,gamma_1p8,exp_20260730,frost_cycle_000066,front,0.9454006482819702
efficientnet,gamma_1p8,exp_20260730,frost_cycle_000066,front,0.9410344826296152
efficientnet,gamma_1p8,exp_20260730,frost_cycle_000066,front,0.9305307175083363
efficientnet,gamma_1p8,exp_20260730,frost_cycle_000066,left,0.9804065871943295
efficientnet,gamma_1p8,exp_20260730,frost_cycle_000066,left,0.9775755740303369
efficientnet,gamma_1p8,exp_20260730,frost_cycle_000066,left,0.9639207191019372
efficientnet,gamma_1p8,exp_20260730,frost_cycle_000066,left_close,0.9691001632554094
efficientnet,gamma_1p8,exp_20260730,frost_cycle_000066,left_close,0.9695060199116317
efficientnet,gamma_1p8,exp_20260730,frost_cycle_000066,left_close,0.9603241770135875
efficientnet,gamma_1p8,exp_20260730,frost_cycle_000066,top,0.949645986261823
efficientnet,gamma_1p8,exp_20260730,frost_cycle_000066,top,0.9510166805629077
efficientnet,gamma_1p8,exp_20260730,frost_cycle_000066,top,0.9602139296986083
efficientnet,gamma_1p8,exp_20260730,frost_cycle_000066,top_close,0.9564640752817513
efficientnet,gamma_1p8,exp_20260730,frost_cycle_000066,top_close,0.9587691597378613
efficientnet,gamma_1p8,exp_20260730,frost_cycle_000066,top_close,0.9448619003955192
efficientnet,gamma_1p8,exp_20260730,frost_cycle_000066,extreme,0.9613412453448735
efficientnet,gamma_1p8,exp_20260730,frost_cycle_000066,extreme,0.9588246944151191
efficientnet,gamma_1p8,exp_20260730,frost_cycle_000066,extreme,0.96344807736793
efficientnet,gamma_1p8,exp_20260730,frost_cycle_000066,front,0.983051083812453
efficientnet,gamma_1p8,exp_20260730,frost_cycle_000066,front,0.985053734112511
efficientnet,gamma_1p8,exp_20260730,frost_cycle_000066,front,0.9770494250121043
efficientnet,gamma_1p8,exp_20260730,frost_cycle_000066,left,0.9823521990920296
efficientnet,gamma_1p8,exp_20260730,frost_cycle_000066,left,0.985316970012741
efficientnet,gamma_1p8,exp_20260730,frost_cycle_000066,left,0.9860964894482355
efficientnet,gamma_1p8,exp_20260730,frost_cycle_000066,left_close,0.9803704145322993
efficientnet,gamma_1p8,exp_20260730,frost_cycle_000066,left_close,0.9804965508694556
efficientnet,gamma_1p8,exp_20260730,frost_cycle_000066,left_close,0.9809795566286327
efficientnet,gamma_1p8,exp_20260730,frost_cycle_000066,top,0.9621819808558398
efficientnet,gamma_1p8,exp_20260730,frost_cycle_000066,top,0.9622637634566724
efficientnet,gamma_1p8,exp_20260730,frost_cycle_000066,top,0.9529387698813722
efficientnet,gamma_1p8,exp_20260730,frost_cycle_000066,top_close,0.9810715936614778
efficientnet,gamma_1p8,exp_20260730,frost_cycle_000066,top_close,0.9734539480527027
efficientnet,gamma_1p8,exp_20260730,frost_cycle_000066,top_close,0.9661968295791853
efficientnet,gamma_1p8,exp_20260730,frost_cycle_000067,extreme,0.9645442380912365
efficientnet,gamma_1p8,exp_20260730,frost_cycle_000067,extreme,0.9637120122460622
efficientnet,gamma_1p8,exp_20260730,frost_cycle_000067,extreme,0.9650180082149659
efficientnet,gamma_1p8,exp_20260730,frost_cycle_000067,front,0.9426712204283655
efficientnet,gamma_1p8,exp_20260730,frost_cycle_000067,front,0.9395296377124518
efficientnet,gamma_1p8,exp_20260730,frost_cycle_000067,front,0.9399608058392042
efficientnet,gamma_1p8,exp_20260730,frost_cycle_000067,left,0.9720159897532684
efficientnet,gamma_1p8,exp_20260730,frost_cycle_000067,left,0.9702085070632875
efficientnet,gamma_1p8,exp_20260730,frost_cycle_000067,left,0.9621075343100288
efficientnet,gamma_1p8,exp_20260730,frost_cycle_000067,left_close,0.9680056641357262
efficientnet,gamma_1p8,exp_20260730,frost_cycle_000067,left_close,0.9651179367898304
efficientnet,gamma_1p8,exp_20260730,frost_cycle_000067,left_close,0.9632601247716028
efficientnet,gamma_1p8,exp_20260730,frost_cycle_000067,top,0.9574641600233453
efficientnet,gamma_1p8,exp_20260730,frost_cycle_000067,top,0.9608459857140702
efficientnet,gamma_1p8,exp_20260730,frost_cycle_000067,top,0.9625548078246902
efficientnet,gamma_1p8,exp_20260730,frost_cycle_000067,top_close,0.9451910556155257
efficientnet,gamma_1p8,exp_20260730,frost_cycle_000067,top_close,0.944340016201638
efficientnet,gamma_1p8,exp_20260730,frost_cycle_000067,top_close,0.9386961127397474
efficientnet,gamma_1p8,exp_20260730,frost_cycle_000067,extreme,0.9568309949149211
efficientnet,gamma_1p8,exp_20260730,frost_cycle_000067,extreme,0.9613981188056393
efficientnet,gamma_1p8,exp_20260730,frost_cycle_000067,extreme,0.9623478968071746
efficientnet,gamma_1p8,exp_20260730,frost_cycle_000067,front,0.9778464577259003
efficientnet,gamma_1p8,exp_20260730,frost_cycle_000067,front,0.9883474462606365
efficientnet,gamma_1p8,exp_20260730,frost_cycle_000067,front,0.9840344182391174
efficientnet,gamma_1p8,exp_20260730,frost_cycle_000067,left,0.9817565976969622
efficientnet,gamma_1p8,exp_20260730,frost_cycle_000067,left,0.9832416940290848
efficientnet,gamma_1p8,exp_20260730,frost_cycle_000067,left,0.9855018387981073
efficientnet,gamma_1p8,exp_20260730,frost_cycle_000067,left_close,0.9793453867009868
efficientnet,gamma_1p8,exp_20260730,frost_cycle_000067,left_close,0.9786439645600215
efficientnet,gamma_1p8,exp_20260730,frost_cycle_000067,left_close,0.9803862309613687
efficientnet,gamma_1p8,exp_20260730,frost_cycle_000067,top,0.9601480042778087
efficientnet,gamma_1p8,exp_20260730,frost_cycle_000067,top,0.9523171780106534
efficientnet,gamma_1p8,exp_20260730,frost_cycle_000067,top,0.9476268203124704
efficientnet,gamma_1p8,exp_20260730,frost_cycle_000067,top_close,0.9731862151993566
efficientnet,gamma_1p8,exp_20260730,frost_cycle_000067,top_close,0.9649589967788207
efficientnet,gamma_1p8,exp_20260730,frost_cycle_000067,top_close,0.952582027854003
efficientnet,gamma_1p8,exp_20260730,frost_cycle_000068,extreme,0.9628826354990984
efficientnet,gamma_1p8,exp_20260730,frost_cycle_000068,extreme,0.9644057179558623
efficientnet,gamma_1p8,exp_20260730,frost_cycle_000068,extreme,0.9597575635575329
efficientnet,gamma_1p8,exp_20260730,frost_cycle_000068,front,0.9859393107967271
efficientnet,gamma_1p8,exp_20260730,frost_cycle_000068,front,0.9548343144194748
efficientnet,gamma_1p8,exp_20260730,frost_cycle_000068,front,0.932301949021974
efficientnet,gamma_1p8,exp_20260730,frost_cycle_000068,left,0.9843309952664422
efficientnet,gamma_1p8,exp_20260730,frost_cycle_000068,left,0.9792586835650952
efficientnet,gamma_1p8,exp_20260730,frost_cycle_000068,left,0.96618900476709
efficientnet,gamma_1p8,exp_20260730,frost_cycle_000068,left_close,0.9793002584712078
efficientnet,gamma_1p8,exp_20260730,frost_cycle_000068,left_close,0.9768951184205763
efficientnet,gamma_1p8,exp_20260730,frost_cycle_000068,left_close,0.9651978210621646
efficientnet,gamma_1p8,exp_20260730,frost_cycle_000068,top,0.9661113848621874
efficientnet,gamma_1p8,exp_20260730,frost_cycle_000068,top,0.9480071190323245
efficientnet,gamma_1p8,exp_20260730,frost_cycle_000068,top,0.9603150251276532
efficientnet,gamma_1p8,exp_20260730,frost_cycle_000068,top_close,0.978203074813727
efficientnet,gamma_1p8,exp_20260730,frost_cycle_000068,top_close,0.9532724642266956
efficientnet,gamma_1p8,exp_20260730,frost_cycle_000068,top_close,0.9285503737413717
efficientnet,gamma_1p8,exp_20260731,frost_cycle_000070,extreme,0.9538905112121948
efficientnet,gamma_1p8,exp_20260731,frost_cycle_000070,extreme,0.9648112378112803
efficientnet,gamma_1p8,exp_20260731,frost_cycle_000070,extreme,0.9651797906501415
efficientnet,gamma_1p8,exp_20260731,frost_cycle_000070,front,0.981629181814846
efficientnet,gamma_1p8,exp_20260731,frost_cycle_000070,front,0.976532590159994
efficientnet,gamma_1p8,exp_20260731,frost_cycle_000070,front,0.9841181979005518
efficientnet,gamma_1p8,exp_20260731,frost_cycle_000070,left,0.9758393080222988
efficientnet,gamma_1p8,exp_20260731,frost_cycle_000070,left,0.9771636898210292
efficientnet,gamma_1p8,exp_20260731,frost_cycle_000070,left,0.9752109125147507
efficientnet,gamma_1p8,exp_20260731,frost_cycle_000070,left_close,0.9815025227377456
efficientnet,gamma_1p8,exp_20260731,frost_cycle_000070,left_close,0.9839506008754493
efficientnet,gamma_1p8,exp_20260731,frost_cycle_000070,left_close,0.9838168539454432
efficientnet,gamma_1p8,exp_20260731,frost_cycle_000070,top,0.910221188213858
efficientnet,gamma_1p8,exp_20260731,frost_cycle_000070,top,0.9450161196857491
efficientnet,gamma_1p8,exp_20260731,frost_cycle_000070,top,0.960799526708807
efficientnet,gamma_1p8,exp_20260731,frost_cycle_000070,top_close,0.983717303673739
efficientnet,gamma_1p8,exp_20260731,frost_cycle_000070,top_close,0.9788050783211728
efficientnet,gamma_1p8,exp_20260731,frost_cycle_000070,top_close,0.9648192627537244
efficientnet,gamma_1p8,exp_20260731,frost_cycle_000071,extreme,0.9634593981346867
efficientnet,gamma_1p8,exp_20260731,frost_cycle_000071,extreme,0.9680486047596413
efficientnet,gamma_1p8,exp_20260731,frost_cycle_000071,extreme,0.9681293334783765
efficientnet,gamma_1p8,exp_20260731,frost_cycle_000071,front,0.9832160220872403
efficientnet,gamma_1p8,exp_20260731,frost_cycle_000071,front,0.9799806521699171
efficientnet,gamma_1p8,exp_20260731,frost_cycle_000071,front,0.9332463160628008
efficientnet,gamma_1p8,exp_20260731,frost_cycle_000071,left,0.9815370689756143
efficientnet,gamma_1p8,exp_20260731,frost_cycle_000071,left,0.9815988092456378
efficientnet,gamma_1p8,exp_20260731,frost_cycle_000071,left,0.9790789619742675
efficientnet,gamma_1p8,exp_20260731,frost_cycle_000071,left_close,0.977616735701853
efficientnet,gamma_1p8,exp_20260731,frost_cycle_000071,left_close,0.9814133684602845
efficientnet,gamma_1p8,exp_20260731,frost_cycle_000071,left_close,0.9795978122216595
efficientnet,gamma_1p8,exp_20260731,frost_cycle_000071,top,0.9504642832666673
efficientnet,gamma_1p8,exp_20260731,frost_cycle_000071,top,0.9390948315641906
efficientnet,gamma_1p8,exp_20260731,frost_cycle_000071,top,0.9505294164035055
efficientnet,gamma_1p8,exp_20260731,frost_cycle_000071,top_close,0.9771288527865787
efficientnet,gamma_1p8,exp_20260731,frost_cycle_000071,top_close,0.9321768964845195
efficientnet,gamma_1p8,exp_20260731,frost_cycle_000071,top_close,0.9541426097201434
efficientnet,gamma_1p8,exp_20260731,frost_cycle_000072,extreme,0.9643666872524767
efficientnet,gamma_1p8,exp_20260731,frost_cycle_000072,extreme,0.964251048431191
efficientnet,gamma_1p8,exp_20260731,frost_cycle_000072,extreme,0.963656570520367
efficientnet,gamma_1p8,exp_20260731,frost_cycle_000072,front,0.9439511472488361
efficientnet,gamma_1p8,exp_20260731,frost_cycle_000072,front,0.945988396752245
efficientnet,gamma_1p8,exp_20260731,frost_cycle_000072,front,0.9447421111293345
efficientnet,gamma_1p8,exp_20260731,frost_cycle_000072,left,0.9823022703094372
efficientnet,gamma_1p8,exp_20260731,frost_cycle_000072,left,0.9786229912033869
efficientnet,gamma_1p8,exp_20260731,frost_cycle_000072,left,0.9647413953590698
efficientnet,gamma_1p8,exp_20260731,frost_cycle_000072,left_close,0.9744986478731922
efficientnet,gamma_1p8,exp_20260731,frost_cycle_000072,left_close,0.9661528851025136
efficientnet,gamma_1p8,exp_20260731,frost_cycle_000072,left_close,0.9678093113269151
efficientnet,gamma_1p8,exp_20260731,frost_cycle_000072,top,0.949310326990496
efficientnet,gamma_1p8,exp_20260731,frost_cycle_000072,top,0.9571848080489401
efficientnet,gamma_1p8,exp_20260731,frost_cycle_000072,top,0.9632221158574664
efficientnet,gamma_1p8,exp_20260731,frost_cycle_000072,top_close,0.9437667202755072
efficientnet,gamma_1p8,exp_20260731,frost_cycle_000072,top_close,0.9463982637448505
efficientnet,gamma_1p8,exp_20260731,frost_cycle_000072,top_close,0.944686271992525
efficientnet,gamma_1p8,exp_20260731,frost_cycle_000072,extreme,0.9608986549910848
efficientnet,gamma_1p8,exp_20260731,frost_cycle_000072,extreme,0.9641350601114462
efficientnet,gamma_1p8,exp_20260731,frost_cycle_000072,extreme,0.9619119843876363
efficientnet,gamma_1p8,exp_20260731,frost_cycle_000072,front,0.9807550094024623
efficientnet,gamma_1p8,exp_20260731,frost_cycle_000072,front,0.9785117364097796
efficientnet,gamma_1p8,exp_20260731,frost_cycle_000072,front,0.9793160931570546
efficientnet,gamma_1p8,exp_20260731,frost_cycle_000072,left,0.9752149708027812
efficientnet,gamma_1p8,exp_20260731,frost_cycle_000072,left,0.9795911880013349
efficientnet,gamma_1p8,exp_20260731,frost_cycle_000072,left,0.980744867818089
efficientnet,gamma_1p8,exp_20260731,frost_cycle_000072,left_close,0.9775940347265953
efficientnet,gamma_1p8,exp_20260731,frost_cycle_000072,left_close,0.9810128327100884
efficientnet,gamma_1p8,exp_20260731,frost_cycle_000072,left_close,0.9800444127080072
efficientnet,gamma_1p8,exp_20260731,frost_cycle_000072,top,0.9484045380466926
efficientnet,gamma_1p8,exp_20260731,frost_cycle_000072,top,0.9573526376447199
efficientnet,gamma_1p8,exp_20260731,frost_cycle_000072,top,0.9576357079484563
efficientnet,gamma_1p8,exp_20260731,frost_cycle_000072,top_close,0.9840240453306219
efficientnet,gamma_1p8,exp_20260731,frost_cycle_000072,top_close,0.9739596304592574
efficientnet,gamma_1p8,exp_20260731,frost_cycle_000072,top_close,0.968456382649017
efficientnet,gamma_1p8,exp_20260731,frost_cycle_000073,extreme,0.9693578288198779
efficientnet,gamma_1p8,exp_20260731,frost_cycle_000073,extreme,0.960734019849077
efficientnet,gamma_1p8,exp_20260731,frost_cycle_000073,extreme,0.9670715421085336
efficientnet,gamma_1p8,exp_20260731,frost_cycle_000073,front,0.9460816700964336
efficientnet,gamma_1p8,exp_20260731,frost_cycle_000073,front,0.9497544167857788
efficientnet,gamma_1p8,exp_20260731,frost_cycle_000073,front,0.9495307669730941
efficientnet,gamma_1p8,exp_20260731,frost_cycle_000073,left,0.9797010431997714
efficientnet,gamma_1p8,exp_20260731,frost_cycle_000073,left,0.9720340473852973
efficientnet,gamma_1p8,exp_20260731,frost_cycle_000073,left,0.9685317510722607
efficientnet,gamma_1p8,exp_20260731,frost_cycle_000073,left_close,0.9808912681716521
efficientnet,gamma_1p8,exp_20260731,frost_cycle_000073,left_close,0.9590074579184548
efficientnet,gamma_1p8,exp_20260731,frost_cycle_000073,left_close,0.9667403546547828
efficientnet,gamma_1p8,exp_20260731,frost_cycle_000073,top,0.9486955846199875
efficientnet,gamma_1p8,exp_20260731,frost_cycle_000073,top,0.9625311314518886
efficientnet,gamma_1p8,exp_20260731,frost_cycle_000073,top,0.9651433462264675
efficientnet,gamma_1p8,exp_20260731,frost_cycle_000073,top_close,0.9629820260756339
efficientnet,gamma_1p8,exp_20260731,frost_cycle_000073,top_close,0.9521439189246154
efficientnet,gamma_1p8,exp_20260731,frost_cycle_000073,top_close,0.9275300622187483
efficientnet,gamma_1p8,exp_20260731,frost_cycle_000073,extreme,0.959826488662333
efficientnet,gamma_1p8,exp_20260731,frost_cycle_000073,extreme,0.961985195813089
efficientnet,gamma_1p8,exp_20260731,frost_cycle_000073,extreme,0.9570659835680392
efficientnet,gamma_1p8,exp_20260731,frost_cycle_000073,front,0.9865328478014441
efficientnet,gamma_1p8,exp_20260731,frost_cycle_000073,front,0.9681602361552959
efficientnet,gamma_1p8,exp_20260731,frost_cycle_000073,front,0.9798537242099149
efficientnet,gamma_1p8,exp_20260731,frost_cycle_000073,left,0.9749151765852371
efficientnet,gamma_1p8,exp_20260731,frost_cycle_000073,left,0.9777656392121807
efficientnet,gamma_1p8,exp_20260731,frost_cycle_000073,left,0.9794630667113068
efficientnet,gamma_1p8,exp_20260731,frost_cycle_000073,left_close,0.9790371396356017
efficientnet,gamma_1p8,exp_20260731,frost_cycle_000073,left_close,0.9791459311740984
efficientnet,gamma_1p8,exp_20260731,frost_cycle_000073,left_close,0.9803843713002677
efficientnet,gamma_1p8,exp_20260731,frost_cycle_000073,top,0.9606385532325087
efficientnet,gamma_1p8,exp_20260731,frost_cycle_000073,top,0.9671912233720004
efficientnet,gamma_1p8,exp_20260731,frost_cycle_000073,top,0.9552538566579724
efficientnet,gamma_1p8,exp_20260731,frost_cycle_000073,top_close,0.9844132811709212
efficientnet,gamma_1p8,exp_20260731,frost_cycle_000073,top_close,0.9774569045409388
efficientnet,gamma_1p8,exp_20260731,frost_cycle_000073,top_close,0.9640286865252793
efficientnet,gamma_1p8,exp_20260731,frost_cycle_000074,extreme,0.9748244028915563
efficientnet,gamma_1p8,exp_20260731,frost_cycle_000074,extreme,0.9748244028915563
efficientnet,gamma_1p8,exp_20260731,frost_cycle_000074,extreme,0.9703300170722629
efficientnet,gamma_1p8,exp_20260731,frost_cycle_000074,front,0.9773047505846928
efficientnet,gamma_1p8,exp_20260731,frost_cycle_000074,front,0.9768387393017419
efficientnet,gamma_1p8,exp_20260731,frost_cycle_000074,front,0.9741614000072144
efficientnet,gamma_1p8,exp_20260731,frost_cycle_000074,left,0.990363397667113
efficientnet,gamma_1p8,exp_20260731,frost_cycle_000074,left,0.9776024255544241
efficientnet,gamma_1p8,exp_20260731,frost_cycle_000074,left,0.9819294757641795
efficientnet,gamma_1p8,exp_20260731,frost_cycle_000074,left_close,0.9847114254053917
efficientnet,gamma_1p8,exp_20260731,frost_cycle_000074,left_close,0.9845672880580227
efficientnet,gamma_1p8,exp_20260731,frost_cycle_000074,left_close,0.9850604639396009
efficientnet,gamma_1p8,exp_20260731,frost_cycle_000074,top,0.9581201504030994
efficientnet,gamma_1p8,exp_20260731,frost_cycle_000074,top,0.9501252086811353
efficientnet,gamma_1p8,exp_20260731,frost_cycle_000074,top,0.9294916113822905
efficientnet,gamma_1p8,exp_20260731,frost_cycle_000074,top_close,0.9659584866189173
efficientnet,gamma_1p8,exp_20260731,frost_cycle_000074,top_close,0.9597572245648845
efficientnet,gamma_1p8,exp_20260731,frost_cycle_000074,top_close,0.9695828308585281
efficientnet,gamma_1p8,exp_20260731,frost_cycle_000075,extreme,0.9611028781561979
efficientnet,gamma_1p8,exp_20260731,frost_cycle_000075,extreme,0.9611280162251545
efficientnet,gamma_1p8,exp_20260731,frost_cycle_000075,extreme,0.959971933550452
efficientnet,gamma_1p8,exp_20260731,frost_cycle_000075,front,0.9450531337342875
efficientnet,gamma_1p8,exp_20260731,frost_cycle_000075,front,0.9423260117913262
efficientnet,gamma_1p8,exp_20260731,frost_cycle_000075,front,0.9407326624934201
efficientnet,gamma_1p8,exp_20260731,frost_cycle_000075,left,0.9787986973535409
efficientnet,gamma_1p8,exp_20260731,frost_cycle_000075,left,0.976053266688449
efficientnet,gamma_1p8,exp_20260731,frost_cycle_000075,left,0.9616681727492635
efficientnet,gamma_1p8,exp_20260731,frost_cycle_000075,left_close,0.9277907246514324
efficientnet,gamma_1p8,exp_20260731,frost_cycle_000075,left_close,0.9490235975363529
efficientnet,gamma_1p8,exp_20260731,frost_cycle_000075,left_close,0.9292083914960364
efficientnet,gamma_1p8,exp_20260731,frost_cycle_000075,top,0.9442970699440464
efficientnet,gamma_1p8,exp_20260731,frost_cycle_000075,top,0.9549267929961663
efficientnet,gamma_1p8,exp_20260731,frost_cycle_000075,top,0.9631419102878404
efficientnet,gamma_1p8,exp_20260731,frost_cycle_000075,top_close,0.9229803710484241
efficientnet,gamma_1p8,exp_20260731,frost_cycle_000075,top_close,0.9379025028795349
efficientnet,gamma_1p8,exp_20260731,frost_cycle_000075,top_close,0.939903307635501
efficientnet,gamma_1p8,exp_20260731,frost_cycle_000075,extreme,0.9670024790775835
efficientnet,gamma_1p8,exp_20260731,frost_cycle_000075,extreme,0.9683437844094508
efficientnet,gamma_1p8,exp_20260731,frost_cycle_000075,extreme,0.9675328982605735
efficientnet,gamma_1p8,exp_20260731,frost_cycle_000075,front,0.9749604501295641
efficientnet,gamma_1p8,exp_20260731,frost_cycle_000075,front,0.9759478283913562
efficientnet,gamma_1p8,exp_20260731,frost_cycle_000075,front,0.9851418227412702
efficientnet,gamma_1p8,exp_20260731,frost_cycle_000075,left,0.979716892970652
efficientnet,gamma_1p8,exp_20260731,frost_cycle_000075,left,0.9771145459973737
efficientnet,gamma_1p8,exp_20260731,frost_cycle_000075,left,0.9773166866757743
efficientnet,gamma_1p8,exp_20260731,frost_cycle_000075,left_close,0.9756509130146047
efficientnet,gamma_1p8,exp_20260731,frost_cycle_000075,left_close,0.9828118060324951
efficientnet,gamma_1p8,exp_20260731,frost_cycle_000075,left_close,0.9710397414318737
efficientnet,gamma_1p8,exp_20260731,frost_cycle_000075,top,0.9415828878786863
efficientnet,gamma_1p8,exp_20260731,frost_cycle_000075,top,0.954836579263456
efficientnet,gamma_1p8,exp_20260731,frost_cycle_000075,top,0.9673586474428233
efficientnet,gamma_1p8,exp_20260731,frost_cycle_000075,top_close,0.9783131057089546
efficientnet,gamma_1p8,exp_20260731,frost_cycle_000075,top_close,0.9818058035334765
efficientnet,gamma_1p8,exp_20260731,frost_cycle_000075,top_close,0.9778424690325856
efficientnet,gamma_1p8,exp_20260731,frost_cycle_000076,extreme,0.9693715857172401
efficientnet,gamma_1p8,exp_20260731,frost_cycle_000076,extreme,0.9549329969814105
efficientnet,gamma_1p8,exp_20260731,frost_cycle_000076,extreme,0.9618018233727972
efficientnet,gamma_1p8,exp_20260731,frost_cycle_000076,front,0.9734937690789488
efficientnet,gamma_1p8,exp_20260731,frost_cycle_000076,front,0.9349751013288266
efficientnet,gamma_1p8,exp_20260731,frost_cycle_000076,front,0.9330128502532696
efficientnet,gamma_1p8,exp_20260731,frost_cycle_000076,left,0.984162519676846
efficientnet,gamma_1p8,exp_20260731,frost_cycle_000076,left,0.9758011277240071
efficientnet,gamma_1p8,exp_20260731,frost_cycle_000076,left,0.9650657230825159
efficientnet,gamma_1p8,exp_20260731,frost_cycle_000076,left_close,0.984223871918451
efficientnet,gamma_1p8,exp_20260731,frost_cycle_000076,left_close,0.9654931092331621
efficientnet,gamma_1p8,exp_20260731,frost_cycle_000076,left_close,0.9357501027646637
efficientnet,gamma_1p8,exp_20260731,frost_cycle_000076,top,0.9577929887494344
efficientnet,gamma_1p8,exp_20260731,frost_cycle_000076,top,0.9352605201922768
efficientnet,gamma_1p8,exp_20260731,frost_cycle_000076,top,0.9531821771250113
efficientnet,gamma_1p8,exp_20260731,frost_cycle_000076,top_close,0.9812320289633386
efficientnet,gamma_1p8,exp_20260731,frost_cycle_000076,top_close,0.9585123733105796
efficientnet,gamma_1p8,exp_20260731,frost_cycle_000076,top_close,0.9376960584356444
dinov2,gamma_2p2,exp_20260729,frost_cycle_000060,extreme,0.9390014513548728
dinov2,gamma_2p2,exp_20260729,frost_cycle_000060,extreme,0.9414066863019449
dinov2,gamma_2p2,exp_20260729,frost_cycle_000060,extreme,0.9417607537777221
dinov2,gamma_2p2,exp_20260729,frost_cycle_000060,front,0.9398494076705715
dinov2,gamma_2p2,exp_20260729,frost_cycle_000060,front,0.9676748346033502
dinov2,gamma_2p2,exp_20260729,frost_cycle_000060,front,0.9708647104588478
dinov2,gamma_2p2,exp_20260729,frost_cycle_000060,left,0.953490330370561
dinov2,gamma_2p2,exp_20260729,frost_cycle_000060,left,0.9694416596292749
dinov2,gamma_2p2,exp_20260729,frost_cycle_000060,left,0.9759208686819849
dinov2,gamma_2p2,exp_20260729,frost_cycle_000060,left_close,0.9774494061300634
dinov2,gamma_2p2,exp_20260729,frost_cycle_000060,left_close,0.9678828734547302
dinov2,gamma_2p2,exp_20260729,frost_cycle_000060,left_close,0.9683993090083134
dinov2,gamma_2p2,exp_20260729,frost_cycle_000060,top,0.9616765930699228
dinov2,gamma_2p2,exp_20260729,frost_cycle_000060,top,0.9634863474096671
dinov2,gamma_2p2,exp_20260729,frost_cycle_000060,top,0.9635330875855622
dinov2,gamma_2p2,exp_20260729,frost_cycle_000060,top_close,0.970239288641671
dinov2,gamma_2p2,exp_20260729,frost_cycle_000060,top_close,0.9468826745249419
dinov2,gamma_2p2,exp_20260729,frost_cycle_000060,top_close,0.9548811168065591
dinov2,gamma_2p2,exp_20260729,frost_cycle_000060,extreme,0.9590379476741825
dinov2,gamma_2p2,exp_20260729,frost_cycle_000060,extreme,0.9482958372263569
dinov2,gamma_2p2,exp_20260729,frost_cycle_000060,extreme,0.942163126437247
dinov2,gamma_2p2,exp_20260729,frost_cycle_000060,front,0.9343432030618409
dinov2,gamma_2p2,exp_20260729,frost_cycle_000060,front,0.9578681674401172
dinov2,gamma_2p2,exp_20260729,frost_cycle_000060,front,0.9623047867188365
dinov2,gamma_2p2,exp_20260729,frost_cycle_000060,left,0.9812362783117058
dinov2,gamma_2p2,exp_20260729,frost_cycle_000060,left,0.9828221591938506
dinov2,gamma_2p2,exp_20260729,frost_cycle_000060,left,0.9744030505797454
dinov2,gamma_2p2,exp_20260729,frost_cycle_000060,left_close,0.9548176126258947
dinov2,gamma_2p2,exp_20260729,frost_cycle_000060,left_close,0.9655430213313698
dinov2,gamma_2p2,exp_20260729,frost_cycle_000060,left_close,0.9771867502296093
dinov2,gamma_2p2,exp_20260729,frost_cycle_000060,top,0.9445485089888672
dinov2,gamma_2p2,exp_20260729,frost_cycle_000060,top,0.9735972567066525
dinov2,gamma_2p2,exp_20260729,frost_cycle_000060,top,0.9669722379653738
dinov2,gamma_2p2,exp_20260729,frost_cycle_000060,top_close,0.9651834408517961
dinov2,gamma_2p2,exp_20260729,frost_cycle_000060,top_close,0.973567922058543
dinov2,gamma_2p2,exp_20260729,frost_cycle_000060,top_close,0.960064419663618
dinov2,gamma_2p2,exp_20260729,frost_cycle_000061,extreme,0.9432581384079545
dinov2,gamma_2p2,exp_20260729,frost_cycle_000061,extreme,0.9510561997080874
dinov2,gamma_2p2,exp_20260729,frost_cycle_000061,extreme,0.9474668989791708
dinov2,gamma_2p2,exp_20260729,frost_cycle_000061,front,0.9492663231378814
dinov2,gamma_2p2,exp_20260729,frost_cycle_000061,front,0.9680012980849593
dinov2,gamma_2p2,exp_20260729,frost_cycle_000061,front,0.9761772423186316
dinov2,gamma_2p2,exp_20260729,frost_cycle_000061,left,0.9807322524978946
dinov2,gamma_2p2,exp_20260729,frost_cycle_000061,left,0.9727882732996249
dinov2,gamma_2p2,exp_20260729,frost_cycle_000061,left,0.9730156887843537
dinov2,gamma_2p2,exp_20260729,frost_cycle_000061,left_close,0.9719825825719286
dinov2,gamma_2p2,exp_20260729,frost_cycle_000061,left_close,0.9704942234255741
dinov2,gamma_2p2,exp_20260729,frost_cycle_000061,left_close,0.9640893254183852
dinov2,gamma_2p2,exp_20260729,frost_cycle_000061,top,0.9693756201611072
dinov2,gamma_2p2,exp_20260729,frost_cycle_000061,top,0.9523502273635333
dinov2,gamma_2p2,exp_20260729,frost_cycle_000061,top,0.9651614983476707
dinov2,gamma_2p2,exp_20260729,frost_cycle_000061,top_close,0.9738536102442497
dinov2,gamma_2p2,exp_20260729,frost_cycle_000061,top_close,0.9591990931832216
dinov2,gamma_2p2,exp_20260729,frost_cycle_000061,top_close,0.9569541304568795
dinov2,gamma_2p2,exp_20260730,frost_cycle_000063,extreme,0.9504468645434045
dinov2,gamma_2p2,exp_20260730,frost_cycle_000063,extreme,0.9524009557284896
dinov2,gamma_2p2,exp_20260730,frost_cycle_000063,extreme,0.9529270621835055
dinov2,gamma_2p2,exp_20260730,frost_cycle_000063,front,0.95035248900204
dinov2,gamma_2p2,exp_20260730,frost_cycle_000063,front,0.9621099771523182
dinov2,gamma_2p2,exp_20260730,frost_cycle_000063,front,0.9743478085158265
dinov2,gamma_2p2,exp_20260730,frost_cycle_000063,left,0.9658319705180284
dinov2,gamma_2p2,exp_20260730,frost_cycle_000063,left,0.9515344248048162
dinov2,gamma_2p2,exp_20260730,frost_cycle_000063,left,0.9284248704841708
dinov2,gamma_2p2,exp_20260730,frost_cycle_000063,left_close,0.9813173948583699
dinov2,gamma_2p2,exp_20260730,frost_cycle_000063,left_close,0.9376241926139954
dinov2,gamma_2p2,exp_20260730,frost_cycle_000063,left_close,0.9492593454013402
dinov2,gamma_2p2,exp_20260730,frost_cycle_000063,top,0.9555405693769847
dinov2,gamma_2p2,exp_20260730,frost_cycle_000063,top,0.9552851462872158
dinov2,gamma_2p2,exp_20260730,frost_cycle_000063,top,0.9541922919870147
dinov2,gamma_2p2,exp_20260730,frost_cycle_000063,top_close,0.9792625148283832
dinov2,gamma_2p2,exp_20260730,frost_cycle_000063,top_close,0.9243933511254275
dinov2,gamma_2p2,exp_20260730,frost_cycle_000063,top_close,0.9608605313427085
dinov2,gamma_2p2,exp_20260730,frost_cycle_000063,extreme,0.9611170964748803
dinov2,gamma_2p2,exp_20260730,frost_cycle_000063,extreme,0.9489523958404733
dinov2,gamma_2p2,exp_20260730,frost_cycle_000063,extreme,0.9558804956919602
dinov2,gamma_2p2,exp_20260730,frost_cycle_000063,front,0.9186989129063504
dinov2,gamma_2p2,exp_20260730,frost_cycle_000063,front,0.9310292014950852
dinov2,gamma_2p2,exp_20260730,frost_cycle_000063,front,0.9340476089685633
dinov2,gamma_2p2,exp_20260730,frost_cycle_000063,left,0.9754051268815045
dinov2,gamma_2p2,exp_20260730,frost_cycle_000063,left,0.9716189186791074
dinov2,gamma_2p2,exp_20260730,frost_cycle_000063,left,0.9706594081196346
dinov2,gamma_2p2,exp_20260730,frost_cycle_000063,left_close,0.9801225015062097
dinov2,gamma_2p2,exp_20260730,frost_cycle_000063,left_close,0.9770944019640844
dinov2,gamma_2p2,exp_20260730,frost_cycle_000063,left_close,0.9769260349362728
dinov2,gamma_2p2,exp_20260730,frost_cycle_000063,top,0.9627276572566621
dinov2,gamma_2p2,exp_20260730,frost_cycle_000063,top,0.9645546347982649
dinov2,gamma_2p2,exp_20260730,frost_cycle_000063,top,0.939859738782604
dinov2,gamma_2p2,exp_20260730,frost_cycle_000063,top_close,0.9355129523007413
dinov2,gamma_2p2,exp_20260730,frost_cycle_000063,top_close,0.9616898646059808
dinov2,gamma_2p2,exp_20260730,frost_cycle_000063,top_close,0.973002832844882
dinov2,gamma_2p2,exp_20260730,frost_cycle_000064,extreme,0.9531323026980809
dinov2,gamma_2p2,exp_20260730,frost_cycle_000064,extreme,0.9459985035970805
dinov2,gamma_2p2,exp_20260730,frost_cycle_000064,extreme,0.9485198769686831
dinov2,gamma_2p2,exp_20260730,frost_cycle_000064,front,0.949966225970165
dinov2,gamma_2p2,exp_20260730,frost_cycle_000064,front,0.9689667556832526
dinov2,gamma_2p2,exp_20260730,frost_cycle_000064,front,0.9664066917016103
dinov2,gamma_2p2,exp_20260730,frost_cycle_000064,left,0.963219751745999
dinov2,gamma_2p2,exp_20260730,frost_cycle_000064,left,0.9484637438079442
dinov2,gamma_2p2,exp_20260730,frost_cycle_000064,left,0.9588707601373615
dinov2,gamma_2p2,exp_20260730,frost_cycle_000064,left_close,0.9761043069394272
dinov2,gamma_2p2,exp_20260730,frost_cycle_000064,left_close,0.9584269042829892
dinov2,gamma_2p2,exp_20260730,frost_cycle_000064,left_close,0.9607043220797424
dinov2,gamma_2p2,exp_20260730,frost_cycle_000064,top,0.9577656991979837
dinov2,gamma_2p2,exp_20260730,frost_cycle_000064,top,0.9581237307779381
dinov2,gamma_2p2,exp_20260730,frost_cycle_000064,top,0.943372258709165
dinov2,gamma_2p2,exp_20260730,frost_cycle_000064,top_close,0.9782922766497373
dinov2,gamma_2p2,exp_20260730,frost_cycle_000064,top_close,0.9626965234674252
dinov2,gamma_2p2,exp_20260730,frost_cycle_000064,top_close,0.956048497187668
dinov2,gamma_2p2,exp_20260730,frost_cycle_000064,extreme,0.9613200401605195
dinov2,gamma_2p2,exp_20260730,frost_cycle_000064,extreme,0.950799866752298
dinov2,gamma_2p2,exp_20260730,frost_cycle_000064,extreme,0.9540936317992295
dinov2,gamma_2p2,exp_20260730,frost_cycle_000064,front,0.9397863635614326
dinov2,gamma_2p2,exp_20260730,frost_cycle_000064,front,0.9330402737325342
dinov2,gamma_2p2,exp_20260730,frost_cycle_000064,front,0.9307092080034507
dinov2,gamma_2p2,exp_20260730,frost_cycle_000064,left,0.9615945239087266
dinov2,gamma_2p2,exp_20260730,frost_cycle_000064,left,0.9683279860478459
dinov2,gamma_2p2,exp_20260730,frost_cycle_000064,left,0.9585800923241375
dinov2,gamma_2p2,exp_20260730,frost_cycle_000064,left_close,0.9522341242289387
dinov2,gamma_2p2,exp_20260730,frost_cycle_000064,left_close,0.9602191247695253
dinov2,gamma_2p2,exp_20260730,frost_cycle_000064,left_close,0.9725811448185353
dinov2,gamma_2p2,exp_20260730,frost_cycle_000064,top,0.9498029697589293
dinov2,gamma_2p2,exp_20260730,frost_cycle_000064,top,0.96846568246761
dinov2,gamma_2p2,exp_20260730,frost_cycle_000064,top,0.9722614485002474
dinov2,gamma_2p2,exp_20260730,frost_cycle_000064,top_close,0.9795147773782452
dinov2,gamma_2p2,exp_20260730,frost_cycle_000064,top_close,0.9781106429099696
dinov2,gamma_2p2,exp_20260730,frost_cycle_000064,top_close,0.9748004121488542
dinov2,gamma_2p2,exp_20260730,frost_cycle_000065,extreme,0.9530569878952729
dinov2,gamma_2p2,exp_20260730,frost_cycle_000065,extreme,0.9433121901247297
dinov2,gamma_2p2,exp_20260730,frost_cycle_000065,extreme,0.942973657358758
dinov2,gamma_2p2,exp_20260730,frost_cycle_000065,front,0.9453924826070722
dinov2,gamma_2p2,exp_20260730,frost_cycle_000065,front,0.9534898479607122
dinov2,gamma_2p2,exp_20260730,frost_cycle_000065,front,0.9672339079830132
dinov2,gamma_2p2,exp_20260730,frost_cycle_000065,left,0.9553676262981731
dinov2,gamma_2p2,exp_20260730,frost_cycle_000065,left,0.9546025552752241
dinov2,gamma_2p2,exp_20260730,frost_cycle_000065,left,0.9553423034531846
dinov2,gamma_2p2,exp_20260730,frost_cycle_000065,left_close,0.9804991162198132
dinov2,gamma_2p2,exp_20260730,frost_cycle_000065,left_close,0.9765816317302495
dinov2,gamma_2p2,exp_20260730,frost_cycle_000065,left_close,0.9582661941494537
dinov2,gamma_2p2,exp_20260730,frost_cycle_000065,top,0.9557509276923786
dinov2,gamma_2p2,exp_20260730,frost_cycle_000065,top,0.9601200688684504
dinov2,gamma_2p2,exp_20260730,frost_cycle_000065,top,0.9189522823542774
dinov2,gamma_2p2,exp_20260730,frost_cycle_000065,top_close,0.971424866844227
dinov2,gamma_2p2,exp_20260730,frost_cycle_000065,top_close,0.9611883544861987
dinov2,gamma_2p2,exp_20260730,frost_cycle_000065,top_close,0.9583736311945782
dinov2,gamma_2p2,exp_20260730,frost_cycle_000066,extreme,0.9440949107750498
dinov2,gamma_2p2,exp_20260730,frost_cycle_000066,extreme,0.9544350420999675
dinov2,gamma_2p2,exp_20260730,frost_cycle_000066,extreme,0.9439761511073623
dinov2,gamma_2p2,exp_20260730,frost_cycle_000066,front,0.9426057934117423
dinov2,gamma_2p2,exp_20260730,frost_cycle_000066,front,0.9628823231316452
dinov2,gamma_2p2,exp_20260730,frost_cycle_000066,front,0.9686751861574785
dinov2,gamma_2p2,exp_20260730,frost_cycle_000066,left,0.9606949452133221
dinov2,gamma_2p2,exp_20260730,frost_cycle_000066,left,0.9668971179798665
dinov2,gamma_2p2,exp_20260730,frost_cycle_000066,left,0.9585356419717588
dinov2,gamma_2p2,exp_20260730,frost_cycle_000066,left_close,0.983069199672197
dinov2,gamma_2p2,exp_20260730,frost_cycle_000066,left_close,0.958833572864865
dinov2,gamma_2p2,exp_20260730,frost_cycle_000066,left_close,0.9564282362082629
dinov2,gamma_2p2,exp_20260730,frost_cycle_000066,top,0.9543002141970847
dinov2,gamma_2p2,exp_20260730,frost_cycle_000066,top,0.9454369160370245
dinov2,gamma_2p2,exp_20260730,frost_cycle_000066,top,0.942372690667079
dinov2,gamma_2p2,exp_20260730,frost_cycle_000066,top_close,0.9671763133389201
dinov2,gamma_2p2,exp_20260730,frost_cycle_000066,top_close,0.9527264655563178
dinov2,gamma_2p2,exp_20260730,frost_cycle_000066,top_close,0.9518194231107429
dinov2,gamma_2p2,exp_20260730,frost_cycle_000066,extreme,0.9605645942691576
dinov2,gamma_2p2,exp_20260730,frost_cycle_000066,extreme,0.9609421934187861
dinov2,gamma_2p2,exp_20260730,frost_cycle_000066,extreme,0.9565928089115219
dinov2,gamma_2p2,exp_20260730,frost_cycle_000066,front,0.942730809509678
dinov2,gamma_2p2,exp_20260730,frost_cycle_000066,front,0.9538092906801656
dinov2,gamma_2p2,exp_20260730,frost_cycle_000066,front,0.9503984941101911
dinov2,gamma_2p2,exp_20260730,frost_cycle_000066,left,0.9649763904458418
dinov2,gamma_2p2,exp_20260730,frost_cycle_000066,left,0.9652553231747613
dinov2,gamma_2p2,exp_20260730,frost_cycle_000066,left,0.9505998018029047
dinov2,gamma_2p2,exp_20260730,frost_cycle_000066,left_close,0.9783604914912243
dinov2,gamma_2p2,exp_20260730,frost_cycle_000066,left_close,0.975349290759989
dinov2,gamma_2p2,exp_20260730,frost_cycle_000066,left_close,0.977179966409236
dinov2,gamma_2p2,exp_20260730,frost_cycle_000066,top,0.9599776822104349
dinov2,gamma_2p2,exp_20260730,frost_cycle_000066,top,0.971562787793687
dinov2,gamma_2p2,exp_20260730,frost_cycle_000066,top,0.974116150949886
dinov2,gamma_2p2,exp_20260730,frost_cycle_000066,top_close,0.9551812255085721
dinov2,gamma_2p2,exp_20260730,frost_cycle_000066,top_close,0.9509068889085505
dinov2,gamma_2p2,exp_20260730,frost_cycle_000066,top_close,0.9576173066895777
dinov2,gamma_2p2,exp_20260730,frost_cycle_000067,extreme,0.9491186618788942
dinov2,gamma_2p2,exp_20260730,frost_cycle_000067,extreme,0.9450140764446886
dinov2,gamma_2p2,exp_20260730,frost_cycle_000067,extreme,0.9433042487257105
dinov2,gamma_2p2,exp_20260730,frost_cycle_000067,front,0.9522050701884033
dinov2,gamma_2p2,exp_20260730,frost_cycle_000067,front,0.9640635274780239
dinov2,gamma_2p2,exp_20260730,frost_cycle_000067,front,0.9745794284656122
dinov2,gamma_2p2,exp_20260730,frost_cycle_000067,left,0.9645386151473402
dinov2,gamma_2p2,exp_20260730,frost_cycle_000067,left,0.9578113253541096
dinov2,gamma_2p2,exp_20260730,frost_cycle_000067,left,0.9564881730514364
dinov2,gamma_2p2,exp_20260730,frost_cycle_000067,left_close,0.982957462268916
dinov2,gamma_2p2,exp_20260730,frost_cycle_000067,left_close,0.9627079939145867
dinov2,gamma_2p2,exp_20260730,frost_cycle_000067,left_close,0.949613476933503
dinov2,gamma_2p2,exp_20260730,frost_cycle_000067,top,0.9536561003151218
dinov2,gamma_2p2,exp_20260730,frost_cycle_000067,top,0.943317043932968
dinov2,gamma_2p2,exp_20260730,frost_cycle_000067,top,0.9592707920315555
dinov2,gamma_2p2,exp_20260730,frost_cycle_000067,top_close,0.9728839490743919
dinov2,gamma_2p2,exp_20260730,frost_cycle_000067,top_close,0.9474409352197836
dinov2,gamma_2p2,exp_20260730,frost_cycle_000067,top_close,0.9365574079086076
dinov2,gamma_2p2,exp_20260730,frost_cycle_000067,extreme,0.9604120924407735
dinov2,gamma_2p2,exp_20260730,frost_cycle_000067,extreme,0.9523806218849694
dinov2,gamma_2p2,exp_20260730,frost_cycle_000067,extreme,0.9574591874335212
dinov2,gamma_2p2,exp_20260730,frost_cycle_000067,front,0.9482143945172754
dinov2,gamma_2p2,exp_20260730,frost_cycle_000067,front,0.9483941515325736
dinov2,gamma_2p2,exp_20260730,frost_cycle_000067,front,0.9456444420860479
dinov2,gamma_2p2,exp_20260730,frost_cycle_000067,left,0.9491639557260717
dinov2,gamma_2p2,exp_20260730,frost_cycle_000067,left,0.9406287316774131
dinov2,gamma_2p2,exp_20260730,frost_cycle_000067,left,0.9504270218429699
dinov2,gamma_2p2,exp_20260730,frost_cycle_000067,left_close,0.9752297272049611
dinov2,gamma_2p2,exp_20260730,frost_cycle_000067,left_close,0.9717797324440138
dinov2,gamma_2p2,exp_20260730,frost_cycle_000067,left_close,0.9763919101085067
dinov2,gamma_2p2,exp_20260730,frost_cycle_000067,top,0.95970572336346
dinov2,gamma_2p2,exp_20260730,frost_cycle_000067,top,0.9670317483367148
dinov2,gamma_2p2,exp_20260730,frost_cycle_000067,top,0.9667679396862905
dinov2,gamma_2p2,exp_20260730,frost_cycle_000067,top_close,0.9581909112015031
dinov2,gamma_2p2,exp_20260730,frost_cycle_000067,top_close,0.9626229865424787
dinov2,gamma_2p2,exp_20260730,frost_cycle_000067,top_close,0.9663677656898073
dinov2,gamma_2p2,exp_20260730,frost_cycle_000068,extreme,0.9500953290131264
dinov2,gamma_2p2,exp_20260730,frost_cycle_000068,extreme,0.9519790488389941
dinov2,gamma_2p2,exp_20260730,frost_cycle_000068,extreme,0.9504576491165984
dinov2,gamma_2p2,exp_20260730,frost_cycle_000068,front,0.9415893087897887
dinov2,gamma_2p2,exp_20260730,frost_cycle_000068,front,0.9569175144635769
dinov2,gamma_2p2,exp_20260730,frost_cycle_000068,front,0.9743359764962601
dinov2,gamma_2p2,exp_20260730,frost_cycle_000068,left,0.9571869988235464
dinov2,gamma_2p2,exp_20260730,frost_cycle_000068,left,0.9618333364608341
dinov2,gamma_2p2,exp_20260730,frost_cycle_000068,left,0.9592617147190133
dinov2,gamma_2p2,exp_20260730,frost_cycle_000068,left_close,0.9774734099347144
dinov2,gamma_2p2,exp_20260730,frost_cycle_000068,left_close,0.9744348974447357
dinov2,gamma_2p2,exp_20260730,frost_cycle_000068,left_close,0.9631683647132103
dinov2,gamma_2p2,exp_20260730,frost_cycle_000068,top,0.9565628958539422
dinov2,gamma_2p2,exp_20260730,frost_cycle_000068,top,0.9541371765635014
dinov2,gamma_2p2,exp_20260730,frost_cycle_000068,top,0.9348838486414216
dinov2,gamma_2p2,exp_20260730,frost_cycle_000068,top_close,0.970212777153776
dinov2,gamma_2p2,exp_20260730,frost_cycle_000068,top_close,0.9633802606812046
dinov2,gamma_2p2,exp_20260730,frost_cycle_000068,top_close,0.9552461611379526
dinov2,gamma_2p2,exp_20260731,frost_cycle_000070,extreme,0.9526653321163704
dinov2,gamma_2p2,exp_20260731,frost_cycle_000070,extreme,0.9590458397492679
dinov2,gamma_2p2,exp_20260731,frost_cycle_000070,extreme,0.9599075542453502
dinov2,gamma_2p2,exp_20260731,frost_cycle_000070,front,0.928024111297488
dinov2,gamma_2p2,exp_20260731,frost_cycle_000070,front,0.9431991479763869
dinov2,gamma_2p2,exp_20260731,frost_cycle_000070,front,0.9558218744541076
dinov2,gamma_2p2,exp_20260731,frost_cycle_000070,left,0.9739267069294382
dinov2,gamma_2p2,exp_20260731,frost_cycle_000070,left,0.9737520560660519
dinov2,gamma_2p2,exp_20260731,frost_cycle_000070,left,0.9707372028139145
dinov2,gamma_2p2,exp_20260731,frost_cycle_000070,left_close,0.9654406383763571
dinov2,gamma_2p2,exp_20260731,frost_cycle_000070,left_close,0.9731393575176845
dinov2,gamma_2p2,exp_20260731,frost_cycle_000070,left_close,0.9688493758624219
dinov2,gamma_2p2,exp_20260731,frost_cycle_000070,top,0.9483226850547952
dinov2,gamma_2p2,exp_20260731,frost_cycle_000070,top,0.9658213115047153
dinov2,gamma_2p2,exp_20260731,frost_cycle_000070,top,0.9553570761930594
dinov2,gamma_2p2,exp_20260731,frost_cycle_000070,top_close,0.9755682606241248
dinov2,gamma_2p2,exp_20260731,frost_cycle_000070,top_close,0.9774874645527502
dinov2,gamma_2p2,exp_20260731,frost_cycle_000070,top_close,0.9712922276064941
dinov2,gamma_2p2,exp_20260731,frost_cycle_000071,extreme,0.960085320553984
dinov2,gamma_2p2,exp_20260731,frost_cycle_000071,extreme,0.9618065377700479
dinov2,gamma_2p2,exp_20260731,frost_cycle_000071,extreme,0.9478972197196439
dinov2,gamma_2p2,exp_20260731,frost_cycle_000071,front,0.9383042317050384
dinov2,gamma_2p2,exp_20260731,frost_cycle_000071,front,0.9204675213954764
dinov2,gamma_2p2,exp_20260731,frost_cycle_000071,front,0.9432633851486384
dinov2,gamma_2p2,exp_20260731,frost_cycle_000071,left,0.9553935458906229
dinov2,gamma_2p2,exp_20260731,frost_cycle_000071,left,0.950631281090532
dinov2,gamma_2p2,exp_20260731,frost_cycle_000071,left,0.9592102644613479
dinov2,gamma_2p2,exp_20260731,frost_cycle_000071,left_close,0.9690647502813128
dinov2,gamma_2p2,exp_20260731,frost_cycle_000071,left_close,0.9744301808809553
dinov2,gamma_2p2,exp_20260731,frost_cycle_000071,left_close,0.9786409450885871
dinov2,gamma_2p2,exp_20260731,frost_cycle_000071,top,0.9633842327781686
dinov2,gamma_2p2,exp_20260731,frost_cycle_000071,top,0.9569323323320647
dinov2,gamma_2p2,exp_20260731,frost_cycle_000071,top,0.9675554897484745
dinov2,gamma_2p2,exp_20260731,frost_cycle_000071,top_close,0.9725283983960458
dinov2,gamma_2p2,exp_20260731,frost_cycle_000071,top_close,0.9623455765377824
dinov2,gamma_2p2,exp_20260731,frost_cycle_000071,top_close,0.9671668276669596
dinov2,gamma_2p2,exp_20260731,frost_cycle_000072,extreme,0.9526556039120074
dinov2,gamma_2p2,exp_20260731,frost_cycle_000072,extreme,0.948476569449551
dinov2,gamma_2p2,exp_20260731,frost_cycle_000072,extreme,0.9529610762555603
dinov2,gamma_2p2,exp_20260731,frost_cycle_000072,front,0.9001992823317791
dinov2,gamma_2p2,exp_20260731,frost_cycle_000072,front,0.9655417945262578
dinov2,gamma_2p2,exp_20260731,frost_cycle_000072,front,0.9670050495836447
dinov2,gamma_2p2,exp_20260731,frost_cycle_000072,left,0.9459217558636612
dinov2,gamma_2p2,exp_20260731,frost_cycle_000072,left,0.9521935617559169
dinov2,gamma_2p2,exp_20260731,frost_cycle_000072,left,0.9545583159624491
dinov2,gamma_2p2,exp_20260731,frost_cycle_000072,left_close,0.9812390043340716
dinov2,gamma_2p2,exp_20260731,frost_cycle_000072,left_close,0.9612068585826867
dinov2,gamma_2p2,exp_20260731,frost_cycle_000072,left_close,0.9699202543729424
dinov2,gamma_2p2,exp_20260731,frost_cycle_000072,top,0.9467080011613964
dinov2,gamma_2p2,exp_20260731,frost_cycle_000072,top,0.9636500034328737
dinov2,gamma_2p2,exp_20260731,frost_cycle_000072,top,0.9538171089467328
dinov2,gamma_2p2,exp_20260731,frost_cycle_000072,top_close,0.965010888506288
dinov2,gamma_2p2,exp_20260731,frost_cycle_000072,top_close,0.9656807525046635
dinov2,gamma_2p2,exp_20260731,frost_cycle_000072,top_close,0.9534864513484783
dinov2,gamma_2p2,exp_20260731,frost_cycle_000072,extreme,0.9647402276524739
dinov2,gamma_2p2,exp_20260731,frost_cycle_000072,extreme,0.963593241765986
dinov2,gamma_2p2,exp_20260731,frost_cycle_000072,extreme,0.9621291134397164
dinov2,gamma_2p2,exp_20260731,frost_cycle_000072,front,0.9330740320987657
dinov2,gamma_2p2,exp_20260731,frost_cycle_000072,front,0.9193996759200862
dinov2,gamma_2p2,exp_20260731,frost_cycle_000072,front,0.8964356697828413
dinov2,gamma_2p2,exp_20260731,frost_cycle_000072,left,0.9458929665818477
dinov2,gamma_2p2,exp_20260731,frost_cycle_000072,left,0.9564245087376347
dinov2,gamma_2p2,exp_20260731,frost_cycle_000072,left,0.9450351336057676
dinov2,gamma_2p2,exp_20260731,frost_cycle_000072,left_close,0.9782209238067255
dinov2,gamma_2p2,exp_20260731,frost_cycle_000072,left_close,0.9775843598886166
dinov2,gamma_2p2,exp_20260731,frost_cycle_000072,left_close,0.9762113932326613
dinov2,gamma_2p2,exp_20260731,frost_cycle_000072,top,0.9753939226794673
dinov2,gamma_2p2,exp_20260731,frost_cycle_000072,top,0.9762639442353664
dinov2,gamma_2p2,exp_20260731,frost_cycle_000072,top,0.9703742943645688
dinov2,gamma_2p2,exp_20260731,frost_cycle_000072,top_close,0.9768610382900091
dinov2,gamma_2p2,exp_20260731,frost_cycle_000072,top_close,0.9655705465334444
dinov2,gamma_2p2,exp_20260731,frost_cycle_000072,top_close,0.9278576090430551
dinov2,gamma_2p2,exp_20260731,frost_cycle_000073,extreme,0.9536511313620424
dinov2,gamma_2p2,exp_20260731,frost_cycle_000073,extreme,0.9401036819090689
dinov2,gamma_2p2,exp_20260731,frost_cycle_000073,extreme,0.9662186504937275
dinov2,gamma_2p2,exp_20260731,frost_cycle_000073,front,0.9267448631743798
dinov2,gamma_2p2,exp_20260731,frost_cycle_000073,front,0.9635726021234118
dinov2,gamma_2p2,exp_20260731,frost_cycle_000073,front,0.9663075699847874
dinov2,gamma_2p2,exp_20260731,frost_cycle_000073,left,0.9377578686785335
dinov2,gamma_2p2,exp_20260731,frost_cycle_000073,left,0.9663163476482145
dinov2,gamma_2p2,exp_20260731,frost_cycle_000073,left,0.9562100829678624
dinov2,gamma_2p2,exp_20260731,frost_cycle_000073,left_close,0.9765812045933912
dinov2,gamma_2p2,exp_20260731,frost_cycle_000073,left_close,0.9614493261819194
dinov2,gamma_2p2,exp_20260731,frost_cycle_000073,left_close,0.9643500595561506
dinov2,gamma_2p2,exp_20260731,frost_cycle_000073,top,0.9636508179381763
dinov2,gamma_2p2,exp_20260731,frost_cycle_000073,top,0.9561383876925986
dinov2,gamma_2p2,exp_20260731,frost_cycle_000073,top,0.9498185702893792
dinov2,gamma_2p2,exp_20260731,frost_cycle_000073,top_close,0.9707183326396222
dinov2,gamma_2p2,exp_20260731,frost_cycle_000073,top_close,0.9212063498273835
dinov2,gamma_2p2,exp_20260731,frost_cycle_000073,top_close,0.9397392967179042
dinov2,gamma_2p2,exp_20260731,frost_cycle_000073,extreme,0.9657966815498763
dinov2,gamma_2p2,exp_20260731,frost_cycle_000073,extreme,0.9651180109823134
dinov2,gamma_2p2,exp_20260731,frost_cycle_000073,extreme,0.960711489393271
dinov2,gamma_2p2,exp_20260731,frost_cycle_000073,front,0.9515777059965448
dinov2,gamma_2p2,exp_20260731,frost_cycle_000073,front,0.9647953079719387
dinov2,gamma_2p2,exp_20260731,frost_cycle_000073,front,0.9632721145142076
dinov2,gamma_2p2,exp_20260731,frost_cycle_000073,left,0.9445434331351917
dinov2,gamma_2p2,exp_20260731,frost_cycle_000073,left,0.9325800082022445
dinov2,gamma_2p2,exp_20260731,frost_cycle_000073,left,0.9222032834882105
dinov2,gamma_2p2,exp_20260731,frost_cycle_000073,left_close,0.9739649335094157
dinov2,gamma_2p2,exp_20260731,frost_cycle_000073,left_close,0.9741905674288642
dinov2,gamma_2p2,exp_20260731,frost_cycle_000073,left_close,0.9733652801381885
dinov2,gamma_2p2,exp_20260731,frost_cycle_000073,top,0.9724756052115007
dinov2,gamma_2p2,exp_20260731,frost_cycle_000073,top,0.9722195330952831
dinov2,gamma_2p2,exp_20260731,frost_cycle_000073,top,0.9684414184478687
dinov2,gamma_2p2,exp_20260731,frost_cycle_000073,top_close,0.9480797806199122
dinov2,gamma_2p2,exp_20260731,frost_cycle_000073,top_close,0.9382913339459308
dinov2,gamma_2p2,exp_20260731,frost_cycle_000073,top_close,0.9423828585487016
dinov2,gamma_2p2,exp_20260731,frost_cycle_000074,extreme,0.9564468610168945
dinov2,gamma_2p2,exp_20260731,frost_cycle_000074,extreme,0.9564468610168945
dinov2,gamma_2p2,exp_20260731,frost_cycle_000074,extreme,0.9729601753577514
dinov2,gamma_2p2,exp_20260731,frost_cycle_000074,front,0.9625350202842772
dinov2,gamma_2p2,exp_20260731,frost_cycle_000074,front,0.9445083028559821
dinov2,gamma_2p2,exp_20260731,frost_cycle_000074,front,0.9620169659068819
dinov2,gamma_2p2,exp_20260731,frost_cycle_000074,left,0.9810285969032781
dinov2,gamma_2p2,exp_20260731,frost_cycle_000074,left,0.9726715058134096
dinov2,gamma_2p2,exp_20260731,frost_cycle_000074,left,0.9735451088478316
dinov2,gamma_2p2,exp_20260731,frost_cycle_000074,left_close,0.9762082449236085
dinov2,gamma_2p2,exp_20260731,frost_cycle_000074,left_close,0.9776080551287675
dinov2,gamma_2p2,exp_20260731,frost_cycle_000074,left_close,0.9816911045923029
dinov2,gamma_2p2,exp_20260731,frost_cycle_000074,top,0.92860747705909
dinov2,gamma_2p2,exp_20260731,frost_cycle_000074,top,0.9692840793728507
dinov2,gamma_2p2,exp_20260731,frost_cycle_000074,top,0.954408999611417
dinov2,gamma_2p2,exp_20260731,frost_cycle_000074,top_close,0.971567528273632
dinov2,gamma_2p2,exp_20260731,frost_cycle_000074,top_close,0.9644279421691773
dinov2,gamma_2p2,exp_20260731,frost_cycle_000074,top_close,0.9658907130322343
dinov2,gamma_2p2,exp_20260731,frost_cycle_000075,extreme,0.9692373301699986
dinov2,gamma_2p2,exp_20260731,frost_cycle_000075,extreme,0.9634024081766979
dinov2,gamma_2p2,exp_20260731,frost_cycle_000075,extreme,0.9578613442033571
dinov2,gamma_2p2,exp_20260731,frost_cycle_000075,front,0.9274244992274889
dinov2,gamma_2p2,exp_20260731,frost_cycle_000075,front,0.960307252507445
dinov2,gamma_2p2,exp_20260731,frost_cycle_000075,front,0.9590398847801154
dinov2,gamma_2p2,exp_20260731,frost_cycle_000075,left,0.9585193327218952
dinov2,gamma_2p2,exp_20260731,frost_cycle_000075,left,0.9630861568573968
dinov2,gamma_2p2,exp_20260731,frost_cycle_000075,left,0.9665228871434616
dinov2,gamma_2p2,exp_20260731,frost_cycle_000075,left_close,0.9782574448207159
dinov2,gamma_2p2,exp_20260731,frost_cycle_000075,left_close,0.9719804790083802
dinov2,gamma_2p2,exp_20260731,frost_cycle_000075,left_close,0.9642315608891251
dinov2,gamma_2p2,exp_20260731,frost_cycle_000075,top,0.9188062644084393
dinov2,gamma_2p2,exp_20260731,frost_cycle_000075,top,0.9510948929878377
dinov2,gamma_2p2,exp_20260731,frost_cycle_000075,top,0.934509888580259
dinov2,gamma_2p2,exp_20260731,frost_cycle_000075,top_close,0.9530485232503184
dinov2,gamma_2p2,exp_20260731,frost_cycle_000075,top_close,0.9374444077584015
dinov2,gamma_2p2,exp_20260731,frost_cycle_000075,top_close,0.9440146535615266
dinov2,gamma_2p2,exp_20260731,frost_cycle_000075,extreme,0.949994631232571
dinov2,gamma_2p2,exp_20260731,frost_cycle_000075,extreme,0.9561866062376453
dinov2,gamma_2p2,exp_20260731,frost_cycle_000075,extreme,0.9635027085547879
dinov2,gamma_2p2,exp_20260731,frost_cycle_000075,front,0.9395988634229683
dinov2,gamma_2p2,exp_20260731,frost_cycle_000075,front,0.9546324684984984
dinov2,gamma_2p2,exp_20260731,frost_cycle_000075,front,0.9611864391169196
dinov2,gamma_2p2,exp_20260731,frost_cycle_000075,left,0.980013786490941
dinov2,gamma_2p2,exp_20260731,frost_cycle_000075,left,0.9685176502109988
dinov2,gamma_2p2,exp_20260731,frost_cycle_000075,left,0.9661187508109169
dinov2,gamma_2p2,exp_20260731,frost_cycle_000075,left_close,0.9695528875403013
dinov2,gamma_2p2,exp_20260731,frost_cycle_000075,left_close,0.9711033985360986
dinov2,gamma_2p2,exp_20260731,frost_cycle_000075,left_close,0.9710617670930005
dinov2,gamma_2p2,exp_20260731,frost_cycle_000075,top,0.946011876235798
dinov2,gamma_2p2,exp_20260731,frost_cycle_000075,top,0.9327998418324104
dinov2,gamma_2p2,exp_20260731,frost_cycle_000075,top,0.9332321699544764
dinov2,gamma_2p2,exp_20260731,frost_cycle_000075,top_close,0.9609039726198078
dinov2,gamma_2p2,exp_20260731,frost_cycle_000075,top_close,0.9550528903814277
dinov2,gamma_2p2,exp_20260731,frost_cycle_000075,top_close,0.9757327326871836
dinov2,gamma_2p2,exp_20260731,frost_cycle_000076,extreme,0.969082880745743
dinov2,gamma_2p2,exp_20260731,frost_cycle_000076,extreme,0.9678042209403948
dinov2,gamma_2p2,exp_20260731,frost_cycle_000076,extreme,0.9460465913500696
dinov2,gamma_2p2,exp_20260731,frost_cycle_000076,front,0.9638923268831696
dinov2,gamma_2p2,exp_20260731,frost_cycle_000076,front,0.8805334968257692
dinov2,gamma_2p2,exp_20260731,frost_cycle_000076,front,0.9587252485725579
dinov2,gamma_2p2,exp_20260731,frost_cycle_000076,left,0.9735498972685577
dinov2,gamma_2p2,exp_20260731,frost_cycle_000076,left,0.9334322886973959
dinov2,gamma_2p2,exp_20260731,frost_cycle_000076,left,0.9663068071611258
dinov2,gamma_2p2,exp_20260731,frost_cycle_000076,left_close,0.9756679795276427
dinov2,gamma_2p2,exp_20260731,frost_cycle_000076,left_close,0.9798225718015697
dinov2,gamma_2p2,exp_20260731,frost_cycle_000076,left_close,0.958346943382535
dinov2,gamma_2p2,exp_20260731,frost_cycle_000076,top,0.9491448657005955
dinov2,gamma_2p2,exp_20260731,frost_cycle_000076,top,0.9459111288862694
dinov2,gamma_2p2,exp_20260731,frost_cycle_000076,top,0.9427441368655871
dinov2,gamma_2p2,exp_20260731,frost_cycle_000076,top_close,0.9619648316284956
dinov2,gamma_2p2,exp_20260731,frost_cycle_000076,top_close,0.9595057834767307
dinov2,gamma_2p2,exp_20260731,frost_cycle_000076,top_close,0.9380431626295187
efficientnet,gamma_2p2,exp_20260729,frost_cycle_000060,extreme,0.9324346383673254
efficientnet,gamma_2p2,exp_20260729,frost_cycle_000060,extreme,0.9296689202533448
efficientnet,gamma_2p2,exp_20260729,frost_cycle_000060,extreme,0.9417611312356725
efficientnet,gamma_2p2,exp_20260729,frost_cycle_000060,front,0.8989205533126318
efficientnet,gamma_2p2,exp_20260729,frost_cycle_000060,front,0.9402208160876425
efficientnet,gamma_2p2,exp_20260729,frost_cycle_000060,front,0.9151846835858309
efficientnet,gamma_2p2,exp_20260729,frost_cycle_000060,left,0.9671688646165104
efficientnet,gamma_2p2,exp_20260729,frost_cycle_000060,left,0.9479361672380353
efficientnet,gamma_2p2,exp_20260729,frost_cycle_000060,left,0.9593389062536417
efficientnet,gamma_2p2,exp_20260729,frost_cycle_000060,left_close,0.9543854373111563
efficientnet,gamma_2p2,exp_20260729,frost_cycle_000060,left_close,0.9558492387609496
efficientnet,gamma_2p2,exp_20260729,frost_cycle_000060,left_close,0.9545219005196733
efficientnet,gamma_2p2,exp_20260729,frost_cycle_000060,top,0.9028591964160971
efficientnet,gamma_2p2,exp_20260729,frost_cycle_000060,top,0.9267991620667154
efficientnet,gamma_2p2,exp_20260729,frost_cycle_000060,top,0.9304954633389911
efficientnet,gamma_2p2,exp_20260729,frost_cycle_000060,top_close,0.9348852726686907
efficientnet,gamma_2p2,exp_20260729,frost_cycle_000060,top_close,0.9346632376660368
efficientnet,gamma_2p2,exp_20260729,frost_cycle_000060,top_close,0.936936863792582
efficientnet,gamma_2p2,exp_20260729,frost_cycle_000060,extreme,0.9168034024380958
efficientnet,gamma_2p2,exp_20260729,frost_cycle_000060,extreme,0.9140171996262082
efficientnet,gamma_2p2,exp_20260729,frost_cycle_000060,extreme,0.9227100484263951
efficientnet,gamma_2p2,exp_20260729,frost_cycle_000060,front,0.9674080857275543
efficientnet,gamma_2p2,exp_20260729,frost_cycle_000060,front,0.9737621463245512
efficientnet,gamma_2p2,exp_20260729,frost_cycle_000060,front,0.9676374466325688
efficientnet,gamma_2p2,exp_20260729,frost_cycle_000060,left,0.969047817590222
efficientnet,gamma_2p2,exp_20260729,frost_cycle_000060,left,0.9681363924393566
efficientnet,gamma_2p2,exp_20260729,frost_cycle_000060,left,0.9723801183684115
efficientnet,gamma_2p2,exp_20260729,frost_cycle_000060,left_close,0.946766737554967
efficientnet,gamma_2p2,exp_20260729,frost_cycle_000060,left_close,0.9539868281061525
efficientnet,gamma_2p2,exp_20260729,frost_cycle_000060,left_close,0.9691013134795251
efficientnet,gamma_2p2,exp_20260729,frost_cycle_000060,top,0.9063973626462086
efficientnet,gamma_2p2,exp_20260729,frost_cycle_000060,top,0.9114361118307036
efficientnet,gamma_2p2,exp_20260729,frost_cycle_000060,top,0.8647256744114902
efficientnet,gamma_2p2,exp_20260729,frost_cycle_000060,top_close,0.9630211626444325
efficientnet,gamma_2p2,exp_20260729,frost_cycle_000060,top_close,0.9469198765646333
efficientnet,gamma_2p2,exp_20260729,frost_cycle_000060,top_close,0.8893890885789989
efficientnet,gamma_2p2,exp_20260729,frost_cycle_000061,extreme,0.9317917215600968
efficientnet,gamma_2p2,exp_20260729,frost_cycle_000061,extreme,0.9331606785159532
efficientnet,gamma_2p2,exp_20260729,frost_cycle_000061,extreme,0.9383658865973437
efficientnet,gamma_2p2,exp_20260729,frost_cycle_000061,front,0.9636727421100972
efficientnet,gamma_2p2,exp_20260729,frost_cycle_000061,front,0.9420165113087878
efficientnet,gamma_2p2,exp_20260729,frost_cycle_000061,front,0.918622030748679
efficientnet,gamma_2p2,exp_20260729,frost_cycle_000061,left,0.9688954966748492
efficientnet,gamma_2p2,exp_20260729,frost_cycle_000061,left,0.9364587822147363
efficientnet,gamma_2p2,exp_20260729,frost_cycle_000061,left,0.9433778621007598
efficientnet,gamma_2p2,exp_20260729,frost_cycle_000061,left_close,0.9498943590864011
efficientnet,gamma_2p2,exp_20260729,frost_cycle_000061,left_close,0.9577087408388383
efficientnet,gamma_2p2,exp_20260729,frost_cycle_000061,left_close,0.9629296218653489
efficientnet,gamma_2p2,exp_20260729,frost_cycle_000061,top,0.9356484887933451
efficientnet,gamma_2p2,exp_20260729,frost_cycle_000061,top,0.9294967415601281
efficientnet,gamma_2p2,exp_20260729,frost_cycle_000061,top,0.9383396582934819
efficientnet,gamma_2p2,exp_20260729,frost_cycle_000061,top_close,0.9677753787112772
efficientnet,gamma_2p2,exp_20260729,frost_cycle_000061,top_close,0.9413115357646222
efficientnet,gamma_2p2,exp_20260729,frost_cycle_000061,top_close,0.9095049063545343
efficientnet,gamma_2p2,exp_20260730,frost_cycle_000063,extreme,0.9237260509720994
efficientnet,gamma_2p2,exp_20260730,frost_cycle_000063,extreme,0.9281655214972024
efficientnet,gamma_2p2,exp_20260730,frost_cycle_000063,extreme,0.9394119586213615
efficientnet,gamma_2p2,exp_20260730,frost_cycle_000063,front,0.954110193582848
efficientnet,gamma_2p2,exp_20260730,frost_cycle_000063,front,0.9391781641871825
efficientnet,gamma_2p2,exp_20260730,frost_cycle_000063,front,0.9432847499825272
efficientnet,gamma_2p2,exp_20260730,frost_cycle_000063,left,0.9664682569940068
efficientnet,gamma_2p2,exp_20260730,frost_cycle_000063,left,0.9685732804035582
efficientnet,gamma_2p2,exp_20260730,frost_cycle_000063,left,0.9650003288431299
efficientnet,gamma_2p2,exp_20260730,frost_cycle_000063,left_close,0.9611155440557381
efficientnet,gamma_2p2,exp_20260730,frost_cycle_000063,left_close,0.9575537240745156
efficientnet,gamma_2p2,exp_20260730,frost_cycle_000063,left_close,0.9586119582146139
efficientnet,gamma_2p2,exp_20260730,frost_cycle_000063,top,0.9167998246991057
efficientnet,gamma_2p2,exp_20260730,frost_cycle_000063,top,0.923436098729535
efficientnet,gamma_2p2,exp_20260730,frost_cycle_000063,top,0.9473616585562545
efficientnet,gamma_2p2,exp_20260730,frost_cycle_000063,top_close,0.950179477188748
efficientnet,gamma_2p2,exp_20260730,frost_cycle_000063,top_close,0.9395961256063972
efficientnet,gamma_2p2,exp_20260730,frost_cycle_000063,top_close,0.9370817525891343
efficientnet,gamma_2p2,exp_20260730,frost_cycle_000063,extreme,0.9409350953822271
efficientnet,gamma_2p2,exp_20260730,frost_cycle_000063,extreme,0.9331100576251978
efficientnet,gamma_2p2,exp_20260730,frost_cycle_000063,extreme,0.9302858961437204
efficientnet,gamma_2p2,exp_20260730,frost_cycle_000063,front,0.9622329871637524
efficientnet,gamma_2p2,exp_20260730,frost_cycle_000063,front,0.9329341382442636
efficientnet,gamma_2p2,exp_20260730,frost_cycle_000063,front,0.9735695576225518
efficientnet,gamma_2p2,exp_20260730,frost_cycle_000063,left,0.948288904612887
efficientnet,gamma_2p2,exp_20260730,frost_cycle_000063,left,0.970339360798021
efficientnet,gamma_2p2,exp_20260730,frost_cycle_000063,left,0.9645524777080345
efficientnet,gamma_2p2,exp_20260730,frost_cycle_000063,left_close,0.9707395515507299
efficientnet,gamma_2p2,exp_20260730,frost_cycle_000063,left_close,0.9667444787401875
efficientnet,gamma_2p2,exp_20260730,frost_cycle_000063,left_close,0.9576869181019755
efficientnet,gamma_2p2,exp_20260730,frost_cycle_000063,top,0.9204854061888259
efficientnet,gamma_2p2,exp_20260730,frost_cycle_000063,top,0.9125728670699693
efficientnet,gamma_2p2,exp_20260730,frost_cycle_000063,top,0.9116535213694545
efficientnet,gamma_2p2,exp_20260730,frost_cycle_000063,top_close,0.952299510027997
efficientnet,gamma_2p2,exp_20260730,frost_cycle_000063,top_close,0.9602570739914404
efficientnet,gamma_2p2,exp_20260730,frost_cycle_000063,top_close,0.9685926689617405
efficientnet,gamma_2p2,exp_20260730,frost_cycle_000064,extreme,0.9304080832773874
efficientnet,gamma_2p2,exp_20260730,frost_cycle_000064,extreme,0.9375478474536106
efficientnet,gamma_2p2,exp_20260730,frost_cycle_000064,extreme,0.9321727804279005
efficientnet,gamma_2p2,exp_20260730,frost_cycle_000064,front,0.921529314775831
efficientnet,gamma_2p2,exp_20260730,frost_cycle_000064,front,0.9511985885357064
efficientnet,gamma_2p2,exp_20260730,frost_cycle_000064,front,0.9469376962520428
efficientnet,gamma_2p2,exp_20260730,frost_cycle_000064,left,0.9705697342081224
efficientnet,gamma_2p2,exp_20260730,frost_cycle_000064,left,0.9735006585127864
efficientnet,gamma_2p2,exp_20260730,frost_cycle_000064,left,0.9594680484850376
efficientnet,gamma_2p2,exp_20260730,frost_cycle_000064,left_close,0.9614872773292985
efficientnet,gamma_2p2,exp_20260730,frost_cycle_000064,left_close,0.9606998751091036
efficientnet,gamma_2p2,exp_20260730,frost_cycle_000064,left_close,0.9522727168213082
efficientnet,gamma_2p2,exp_20260730,frost_cycle_000064,top,0.8923180928261396
efficientnet,gamma_2p2,exp_20260730,frost_cycle_000064,top,0.9219134752227399
efficientnet,gamma_2p2,exp_20260730,frost_cycle_000064,top,0.9411805574064164
efficientnet,gamma_2p2,exp_20260730,frost_cycle_000064,top_close,0.931229181148618
efficientnet,gamma_2p2,exp_20260730,frost_cycle_000064,top_close,0.9393925029414943
efficientnet,gamma_2p2,exp_20260730,frost_cycle_000064,top_close,0.9127467885530177
efficientnet,gamma_2p2,exp_20260730,frost_cycle_000064,extreme,0.9282176373191771
efficientnet,gamma_2p2,exp_20260730,frost_cycle_000064,extreme,0.9213698088891473
efficientnet,gamma_2p2,exp_20260730,frost_cycle_000064,extreme,0.9308020583681367
efficientnet,gamma_2p2,exp_20260730,frost_cycle_000064,front,0.962867380113009
efficientnet,gamma_2p2,exp_20260730,frost_cycle_000064,front,0.9694716290637794
efficientnet,gamma_2p2,exp_20260730,frost_cycle_000064,front,0.9731452797267053
efficientnet,gamma_2p2,exp_20260730,frost_cycle_000064,left,0.9654079775606687
efficientnet,gamma_2p2,exp_20260730,frost_cycle_000064,left,0.9653192029169584
efficientnet,gamma_2p2,exp_20260730,frost_cycle_000064,left,0.9670919508807216
efficientnet,gamma_2p2,exp_20260730,frost_cycle_000064,left_close,0.9269642373937285
efficientnet,gamma_2p2,exp_20260730,frost_cycle_000064,left_close,0.9360819960277582
efficientnet,gamma_2p2,exp_20260730,frost_cycle_000064,left_close,0.9473517970791127
efficientnet,gamma_2p2,exp_20260730,frost_cycle_000064,top,0.919038270500609
efficientnet,gamma_2p2,exp_20260730,frost_cycle_000064,top,0.9108471757036402
efficientnet,gamma_2p2,exp_20260730,frost_cycle_000064,top,0.9217376654519387
efficientnet,gamma_2p2,exp_20260730,frost_cycle_000064,top_close,0.9689819100413812
efficientnet,gamma_2p2,exp_20260730,frost_cycle_000064,top_close,0.9642501001557008
efficientnet,gamma_2p2,exp_20260730,frost_cycle_000064,top_close,0.9474787293193061
efficientnet,gamma_2p2,exp_20260730,frost_cycle_000065,extreme,0.9367548466698872
efficientnet,gamma_2p2,exp_20260730,frost_cycle_000065,extreme,0.9383002217251363
efficientnet,gamma_2p2,exp_20260730,frost_cycle_000065,extreme,0.9309737087932816
efficientnet,gamma_2p2,exp_20260730,frost_cycle_000065,front,0.9523053605112032
efficientnet,gamma_2p2,exp_20260730,frost_cycle_000065,front,0.9318311548486964
efficientnet,gamma_2p2,exp_20260730,frost_cycle_000065,front,0.9292295513839408
efficientnet,gamma_2p2,exp_20260730,frost_cycle_000065,left,0.9638484151301653
efficientnet,gamma_2p2,exp_20260730,frost_cycle_000065,left,0.9762761183529447
efficientnet,gamma_2p2,exp_20260730,frost_cycle_000065,left,0.9710931416271004
efficientnet,gamma_2p2,exp_20260730,frost_cycle_000065,left_close,0.9565734251571183
efficientnet,gamma_2p2,exp_20260730,frost_cycle_000065,left_close,0.9673380572806676
efficientnet,gamma_2p2,exp_20260730,frost_cycle_000065,left_close,0.9563922296635079
efficientnet,gamma_2p2,exp_20260730,frost_cycle_000065,top,0.9211620048388368
efficientnet,gamma_2p2,exp_20260730,frost_cycle_000065,top,0.9150478308326115
efficientnet,gamma_2p2,exp_20260730,frost_cycle_000065,top,0.9230836727522421
efficientnet,gamma_2p2,exp_20260730,frost_cycle_000065,top_close,0.9670715477190094
efficientnet,gamma_2p2,exp_20260730,frost_cycle_000065,top_close,0.9426376112288981
efficientnet,gamma_2p2,exp_20260730,frost_cycle_000065,top_close,0.9375880078057675
efficientnet,gamma_2p2,exp_20260730,frost_cycle_000066,extreme,0.938281937767269
efficientnet,gamma_2p2,exp_20260730,frost_cycle_000066,extreme,0.9284527737773695
efficientnet,gamma_2p2,exp_20260730,frost_cycle_000066,extreme,0.9449371794411985
efficientnet,gamma_2p2,exp_20260730,frost_cycle_000066,front,0.9002169693662606
efficientnet,gamma_2p2,exp_20260730,frost_cycle_000066,front,0.933876339400211
efficientnet,gamma_2p2,exp_20260730,frost_cycle_000066,front,0.9115994425636639
efficientnet,gamma_2p2,exp_20260730,frost_cycle_000066,left,0.9673471212968139
efficientnet,gamma_2p2,exp_20260730,frost_cycle_000066,left,0.973547716970572
efficientnet,gamma_2p2,exp_20260730,frost_cycle_000066,left,0.9458741949931275
efficientnet,gamma_2p2,exp_20260730,frost_cycle_000066,left_close,0.9531108468374334
efficientnet,gamma_2p2,exp_20260730,frost_cycle_000066,left_close,0.9603690443170095
efficientnet,gamma_2p2,exp_20260730,frost_cycle_000066,left_close,0.9550778870628375
efficientnet,gamma_2p2,exp_20260730,frost_cycle_000066,top,0.9204799067141827
efficientnet,gamma_2p2,exp_20260730,frost_cycle_000066,top,0.912141288810407
efficientnet,gamma_2p2,exp_20260730,frost_cycle_000066,top,0.9318986055101304
efficientnet,gamma_2p2,exp_20260730,frost_cycle_000066,top_close,0.9460370597023977
efficientnet,gamma_2p2,exp_20260730,frost_cycle_000066,top_close,0.9521168876906624
efficientnet,gamma_2p2,exp_20260730,frost_cycle_000066,top_close,0.9300011870627775
efficientnet,gamma_2p2,exp_20260730,frost_cycle_000066,extreme,0.9307859073407619
efficientnet,gamma_2p2,exp_20260730,frost_cycle_000066,extreme,0.927048270843089
efficientnet,gamma_2p2,exp_20260730,frost_cycle_000066,extreme,0.9336575617094649
efficientnet,gamma_2p2,exp_20260730,frost_cycle_000066,front,0.9715628384701327
efficientnet,gamma_2p2,exp_20260730,frost_cycle_000066,front,0.975832948956704
efficientnet,gamma_2p2,exp_20260730,frost_cycle_000066,front,0.9685173818492933
efficientnet,gamma_2p2,exp_20260730,frost_cycle_000066,left,0.9656878970653939
efficientnet,gamma_2p2,exp_20260730,frost_cycle_000066,left,0.9708387890858095
efficientnet,gamma_2p2,exp_20260730,frost_cycle_000066,left,0.9728906031901262
efficientnet,gamma_2p2,exp_20260730,frost_cycle_000066,left_close,0.9619169983697271
efficientnet,gamma_2p2,exp_20260730,frost_cycle_000066,left_close,0.9613832807018944
efficientnet,gamma_2p2,exp_20260730,frost_cycle_000066,left_close,0.9652002989409791
efficientnet,gamma_2p2,exp_20260730,frost_cycle_000066,top,0.9260616868289806
efficientnet,gamma_2p2,exp_20260730,frost_cycle_000066,top,0.9260707467917122
efficientnet,gamma_2p2,exp_20260730,frost_cycle_000066,top,0.9231593727290117
efficientnet,gamma_2p2,exp_20260730,frost_cycle_000066,top_close,0.9674099502559645
efficientnet,gamma_2p2,exp_20260730,frost_cycle_000066,top_close,0.9613267489743024
efficientnet,gamma_2p2,exp_20260730,frost_cycle_000066,top_close,0.950392734085286
efficientnet,gamma_2p2,exp_20260730,frost_cycle_000067,extreme,0.9338926742713504
efficientnet,gamma_2p2,exp_20260730,frost_cycle_000067,extreme,0.9294771640064267
efficientnet,gamma_2p2,exp_20260730,frost_cycle_000067,extreme,0.9315297387581056
efficientnet,gamma_2p2,exp_20260730,frost_cycle_000067,front,0.8926986817154465
efficientnet,gamma_2p2,exp_20260730,frost_cycle_000067,front,0.9293735004203376
efficientnet,gamma_2p2,exp_20260730,frost_cycle_000067,front,0.918139114571218
efficientnet,gamma_2p2,exp_20260730,frost_cycle_000067,left,0.9530622848469297
efficientnet,gamma_2p2,exp_20260730,frost_cycle_000067,left,0.9677318144550304
efficientnet,gamma_2p2,exp_20260730,frost_cycle_000067,left,0.9471370436277724
efficientnet,gamma_2p2,exp_20260730,frost_cycle_000067,left_close,0.9471233722876848
efficientnet,gamma_2p2,exp_20260730,frost_cycle_000067,left_close,0.9557494236243237
efficientnet,gamma_2p2,exp_20260730,frost_cycle_000067,left_close,0.9554581223715434
efficientnet,gamma_2p2,exp_20260730,frost_cycle_000067,top,0.9266647803793577
efficientnet,gamma_2p2,exp_20260730,frost_cycle_000067,top,0.9327099257490044
efficientnet,gamma_2p2,exp_20260730,frost_cycle_000067,top,0.9403712152492304
efficientnet,gamma_2p2,exp_20260730,frost_cycle_000067,top_close,0.9324942501049363
efficientnet,gamma_2p2,exp_20260730,frost_cycle_000067,top_close,0.9347860290632741
efficientnet,gamma_2p2,exp_20260730,frost_cycle_000067,top_close,0.9303983167621689
efficientnet,gamma_2p2,exp_20260730,frost_cycle_000067,extreme,0.9266633161134582
efficientnet,gamma_2p2,exp_20260730,frost_cycle_000067,extreme,0.932194171639764
efficientnet,gamma_2p2,exp_20260730,frost_cycle_000067,extreme,0.9311909333636312
efficientnet,gamma_2p2,exp_20260730,frost_cycle_000067,front,0.9649159738810463
efficientnet,gamma_2p2,exp_20260730,frost_cycle_000067,front,0.9805604485081508
efficientnet,gamma_2p2,exp_20260730,frost_cycle_000067,front,0.9757775411667464
efficientnet,gamma_2p2,exp_20260730,frost_cycle_000067,left,0.9657102666088472
efficientnet,gamma_2p2,exp_20260730,frost_cycle_000067,left,0.9654101824665693
efficientnet,gamma_2p2,exp_20260730,frost_cycle_000067,left,0.9680106540385893
efficientnet,gamma_2p2,exp_20260730,frost_cycle_000067,left_close,0.9608727409209536
efficientnet,gamma_2p2,exp_20260730,frost_cycle_000067,left_close,0.959431737058101
efficientnet,gamma_2p2,exp_20260730,frost_cycle_000067,left_close,0.9630391764018381
efficientnet,gamma_2p2,exp_20260730,frost_cycle_000067,top,0.9239728786857762
efficientnet,gamma_2p2,exp_20260730,frost_cycle_000067,top,0.9163600432431401
efficientnet,gamma_2p2,exp_20260730,frost_cycle_000067,top,0.9116185206561461
efficientnet,gamma_2p2,exp_20260730,frost_cycle_000067,top_close,0.9574018242173007
efficientnet,gamma_2p2,exp_20260730,frost_cycle_000067,top_close,0.9507994289116508
efficientnet,gamma_2p2,exp_20260730,frost_cycle_000067,top_close,0.9325416500174988
efficientnet,gamma_2p2,exp_20260730,frost_cycle_000068,extreme,0.9302469974453375
efficientnet,gamma_2p2,exp_20260730,frost_cycle_000068,extreme,0.9315513473499532
efficientnet,gamma_2p2,exp_20260730,frost_cycle_000068,extreme,0.9257059334684666
efficientnet,gamma_2p2,exp_20260730,frost_cycle_000068,front,0.9720178938550312
efficientnet,gamma_2p2,exp_20260730,frost_cycle_000068,front,0.9318320581596539
efficientnet,gamma_2p2,exp_20260730,frost_cycle_000068,front,0.9209543229097337
efficientnet,gamma_2p2,exp_20260730,frost_cycle_000068,left,0.9649721892850913
efficientnet,gamma_2p2,exp_20260730,frost_cycle_000068,left,0.9736823362058765
efficientnet,gamma_2p2,exp_20260730,frost_cycle_000068,left,0.9530433552777875
efficientnet,gamma_2p2,exp_20260730,frost_cycle_000068,left_close,0.9590737549529353
efficientnet,gamma_2p2,exp_20260730,frost_cycle_000068,left_close,0.9647307645001466
efficientnet,gamma_2p2,exp_20260730,frost_cycle_000068,left_close,0.9605068967165588
efficientnet,gamma_2p2,exp_20260730,frost_cycle_000068,top,0.9406293177673777
efficientnet,gamma_2p2,exp_20260730,frost_cycle_000068,top,0.9099344419849199
efficientnet,gamma_2p2,exp_20260730,frost_cycle_000068,top,0.9371165470442957
efficientnet,gamma_2p2,exp_20260730,frost_cycle_000068,top_close,0.9650000664636772
efficientnet,gamma_2p2,exp_20260730,frost_cycle_000068,top_close,0.9407354005491816
efficientnet,gamma_2p2,exp_20260730,frost_cycle_000068,top_close,0.9106318915010906
efficientnet,gamma_2p2,exp_20260731,frost_cycle_000070,extreme,0.9217768835105955
efficientnet,gamma_2p2,exp_20260731,frost_cycle_000070,extreme,0.9382027538353082
efficientnet,gamma_2p2,exp_20260731,frost_cycle_000070,extreme,0.9352467248826155
efficientnet,gamma_2p2,exp_20260731,frost_cycle_000070,front,0.9551052707635544
efficientnet,gamma_2p2,exp_20260731,frost_cycle_000070,front,0.9630908354345094
efficientnet,gamma_2p2,exp_20260731,frost_cycle_000070,front,0.9769274777671375
efficientnet,gamma_2p2,exp_20260731,frost_cycle_000070,left,0.9643923113513051
efficientnet,gamma_2p2,exp_20260731,frost_cycle_000070,left,0.9683253589486289
efficientnet,gamma_2p2,exp_20260731,frost_cycle_000070,left,0.9682080823491848
efficientnet,gamma_2p2,exp_20260731,frost_cycle_000070,left_close,0.9694235906819267
efficientnet,gamma_2p2,exp_20260731,frost_cycle_000070,left_close,0.9736567220688747
efficientnet,gamma_2p2,exp_20260731,frost_cycle_000070,left_close,0.9738293108225868
efficientnet,gamma_2p2,exp_20260731,frost_cycle_000070,top,0.8749139636662552
efficientnet,gamma_2p2,exp_20260731,frost_cycle_000070,top,0.9095056129237804
efficientnet,gamma_2p2,exp_20260731,frost_cycle_000070,top,0.9270297778275485
efficientnet,gamma_2p2,exp_20260731,frost_cycle_000070,top_close,0.9626756935475881
efficientnet,gamma_2p2,exp_20260731,frost_cycle_000070,top_close,0.971070996214696
efficientnet,gamma_2p2,exp_20260731,frost_cycle_000070,top_close,0.9488153807239927
efficientnet,gamma_2p2,exp_20260731,frost_cycle_000071,extreme,0.9349176343185585
efficientnet,gamma_2p2,exp_20260731,frost_cycle_000071,extreme,0.9414831498494609
efficientnet,gamma_2p2,exp_20260731,frost_cycle_000071,extreme,0.9414922265507086
efficientnet,gamma_2p2,exp_20260731,frost_cycle_000071,front,0.9685797262074493
efficientnet,gamma_2p2,exp_20260731,frost_cycle_000071,front,0.9595279357547418
efficientnet,gamma_2p2,exp_20260731,frost_cycle_000071,front,0.8977694967621589
efficientnet,gamma_2p2,exp_20260731,frost_cycle_000071,left,0.9612518479748032
efficientnet,gamma_2p2,exp_20260731,frost_cycle_000071,left,0.9686948731534256
efficientnet,gamma_2p2,exp_20260731,frost_cycle_000071,left,0.9675203524355115
efficientnet,gamma_2p2,exp_20260731,frost_cycle_000071,left_close,0.9571355700061452
efficientnet,gamma_2p2,exp_20260731,frost_cycle_000071,left_close,0.9696349801296911
efficientnet,gamma_2p2,exp_20260731,frost_cycle_000071,left_close,0.9684995878864372
efficientnet,gamma_2p2,exp_20260731,frost_cycle_000071,top,0.9165543374019903
efficientnet,gamma_2p2,exp_20260731,frost_cycle_000071,top,0.8996390423266506
efficientnet,gamma_2p2,exp_20260731,frost_cycle_000071,top,0.9178912338087465
efficientnet,gamma_2p2,exp_20260731,frost_cycle_000071,top_close,0.9624626596657324
efficientnet,gamma_2p2,exp_20260731,frost_cycle_000071,top_close,0.8897781201940921
efficientnet,gamma_2p2,exp_20260731,frost_cycle_000071,top_close,0.9402744484603592
efficientnet,gamma_2p2,exp_20260731,frost_cycle_000072,extreme,0.9338973215332504
efficientnet,gamma_2p2,exp_20260731,frost_cycle_000072,extreme,0.9291328999513911
efficientnet,gamma_2p2,exp_20260731,frost_cycle_000072,extreme,0.9302150315035925
efficientnet,gamma_2p2,exp_20260731,frost_cycle_000072,front,0.897700803986216
efficientnet,gamma_2p2,exp_20260731,frost_cycle_000072,front,0.9376671657906791
efficientnet,gamma_2p2,exp_20260731,frost_cycle_000072,front,0.9347545049579974
efficientnet,gamma_2p2,exp_20260731,frost_cycle_000072,left,0.9702718812074161
efficientnet,gamma_2p2,exp_20260731,frost_cycle_000072,left,0.9694490139910136
efficientnet,gamma_2p2,exp_20260731,frost_cycle_000072,left,0.9596897971040502
efficientnet,gamma_2p2,exp_20260731,frost_cycle_000072,left_close,0.9591174573537566
efficientnet,gamma_2p2,exp_20260731,frost_cycle_000072,left_close,0.9552099724295763
efficientnet,gamma_2p2,exp_20260731,frost_cycle_000072,left_close,0.9593355885720892
efficientnet,gamma_2p2,exp_20260731,frost_cycle_000072,top,0.914577726688143
efficientnet,gamma_2p2,exp_20260731,frost_cycle_000072,top,0.9246161791714643
efficientnet,gamma_2p2,exp_20260731,frost_cycle_000072,top,0.9349075574715632
efficientnet,gamma_2p2,exp_20260731,frost_cycle_000072,top_close,0.9345236777711811
efficientnet,gamma_2p2,exp_20260731,frost_cycle_000072,top_close,0.9327136267786515
efficientnet,gamma_2p2,exp_20260731,frost_cycle_000072,top_close,0.9289522839436707
efficientnet,gamma_2p2,exp_20260731,frost_cycle_000072,extreme,0.9322122092946046
efficientnet,gamma_2p2,exp_20260731,frost_cycle_000072,extreme,0.935230499732588
efficientnet,gamma_2p2,exp_20260731,frost_cycle_000072,extreme,0.9308300171889791
efficientnet,gamma_2p2,exp_20260731,frost_cycle_000072,front,0.9719384749673806
efficientnet,gamma_2p2,exp_20260731,frost_cycle_000072,front,0.9612039685392475
efficientnet,gamma_2p2,exp_20260731,frost_cycle_000072,front,0.9635130758854298
efficientnet,gamma_2p2,exp_20260731,frost_cycle_000072,left,0.9467130524977718
efficientnet,gamma_2p2,exp_20260731,frost_cycle_000072,left,0.954984912198782
efficientnet,gamma_2p2,exp_20260731,frost_cycle_000072,left,0.9574742462350829
efficientnet,gamma_2p2,exp_20260731,frost_cycle_000072,left_close,0.9568001635208561
efficientnet,gamma_2p2,exp_20260731,frost_cycle_000072,left_close,0.9645332131971787
efficientnet,gamma_2p2,exp_20260731,frost_cycle_000072,left_close,0.9649824663984705
efficientnet,gamma_2p2,exp_20260731,frost_cycle_000072,top,0.9141797417846721
efficientnet,gamma_2p2,exp_20260731,frost_cycle_000072,top,0.9200227781325305
efficientnet,gamma_2p2,exp_20260731,frost_cycle_000072,top,0.9266640527471165
efficientnet,gamma_2p2,exp_20260731,frost_cycle_000072,top_close,0.9705896334950478
efficientnet,gamma_2p2,exp_20260731,frost_cycle_000072,top_close,0.9648873629962956
efficientnet,gamma_2p2,exp_20260731,frost_cycle_000072,top_close,0.954781871706646
efficientnet,gamma_2p2,exp_20260731,frost_cycle_000073,extreme,0.9383112329394564
efficientnet,gamma_2p2,exp_20260731,frost_cycle_000073,extreme,0.9206320759350671
efficientnet,gamma_2p2,exp_20260731,frost_cycle_000073,extreme,0.9421119404639234
efficientnet,gamma_2p2,exp_20260731,frost_cycle_000073,front,0.9054951239056914
efficientnet,gamma_2p2,exp_20260731,frost_cycle_000073,front,0.9445780668897421
efficientnet,gamma_2p2,exp_20260731,frost_cycle_000073,front,0.9404448659237556
efficientnet,gamma_2p2,exp_20260731,frost_cycle_000073,left,0.964062246329978
efficientnet,gamma_2p2,exp_20260731,frost_cycle_000073,left,0.9693178427623861
efficientnet,gamma_2p2,exp_20260731,frost_cycle_000073,left,0.960346585110292
efficientnet,gamma_2p2,exp_20260731,frost_cycle_000073,left_close,0.9694079878894691
efficientnet,gamma_2p2,exp_20260731,frost_cycle_000073,left_close,0.9485245887498814
efficientnet,gamma_2p2,exp_20260731,frost_cycle_000073,left_close,0.9568871143344941
efficientnet,gamma_2p2,exp_20260731,frost_cycle_000073,top,0.9059378917440004
efficientnet,gamma_2p2,exp_20260731,frost_cycle_000073,top,0.9316435401829086
efficientnet,gamma_2p2,exp_20260731,frost_cycle_000073,top,0.9345273623477071
efficientnet,gamma_2p2,exp_20260731,frost_cycle_000073,top_close,0.9540004018829896
efficientnet,gamma_2p2,exp_20260731,frost_cycle_000073,top_close,0.9404672311182434
efficientnet,gamma_2p2,exp_20260731,frost_cycle_000073,top_close,0.9088957746356949
efficientnet,gamma_2p2,exp_20260731,frost_cycle_000073,extreme,0.9300277861027694
efficientnet,gamma_2p2,exp_20260731,frost_cycle_000073,extreme,0.9314073724540184
efficientnet,gamma_2p2,exp_20260731,frost_cycle_000073,extreme,0.9236172568823828
efficientnet,gamma_2p2,exp_20260731,frost_cycle_000073,front,0.9755920532885833
efficientnet,gamma_2p2,exp_20260731,frost_cycle_000073,front,0.9506399740051836
efficientnet,gamma_2p2,exp_20260731,frost_cycle_000073,front,0.9684493497685431
efficientnet,gamma_2p2,exp_20260731,frost_cycle_000073,left,0.9419157324660583
efficientnet,gamma_2p2,exp_20260731,frost_cycle_000073,left,0.9487213687714257
efficientnet,gamma_2p2,exp_20260731,frost_cycle_000073,left,0.9529451845395986
efficientnet,gamma_2p2,exp_20260731,frost_cycle_000073,left_close,0.9571648851720913
efficientnet,gamma_2p2,exp_20260731,frost_cycle_000073,left_close,0.9568627924132843
efficientnet,gamma_2p2,exp_20260731,frost_cycle_000073,left_close,0.9623329272103883
efficientnet,gamma_2p2,exp_20260731,frost_cycle_000073,top,0.9297349240403356
efficientnet,gamma_2p2,exp_20260731,frost_cycle_000073,top,0.935198194053533
efficientnet,gamma_2p2,exp_20260731,frost_cycle_000073,top,0.9186099752018833
efficientnet,gamma_2p2,exp_20260731,frost_cycle_000073,top_close,0.9737493879239899
efficientnet,gamma_2p2,exp_20260731,frost_cycle_000073,top_close,0.9663778676405697
efficientnet,gamma_2p2,exp_20260731,frost_cycle_000073,top_close,0.9525078229814596
efficientnet,gamma_2p2,exp_20260731,frost_cycle_000074,extreme,0.9532912214660693
efficientnet,gamma_2p2,exp_20260731,frost_cycle_000074,extreme,0.9532912214660693
efficientnet,gamma_2p2,exp_20260731,frost_cycle_000074,extreme,0.9499400918765631
efficientnet,gamma_2p2,exp_20260731,frost_cycle_000074,front,0.9577515465018615
efficientnet,gamma_2p2,exp_20260731,frost_cycle_000074,front,0.9657881037537197
efficientnet,gamma_2p2,exp_20260731,frost_cycle_000074,front,0.9672213588194006
efficientnet,gamma_2p2,exp_20260731,frost_cycle_000074,left,0.9852721402438559
efficientnet,gamma_2p2,exp_20260731,frost_cycle_000074,left,0.963020142656897
efficientnet,gamma_2p2,exp_20260731,frost_cycle_000074,left,0.9673765775076344
efficientnet,gamma_2p2,exp_20260731,frost_cycle_000074,left_close,0.9740850108189811
efficientnet,gamma_2p2,exp_20260731,frost_cycle_000074,left_close,0.9686955193250125
efficientnet,gamma_2p2,exp_20260731,frost_cycle_000074,left_close,0.9651300271101345
efficientnet,gamma_2p2,exp_20260731,frost_cycle_000074,top,0.9332469999295504
efficientnet,gamma_2p2,exp_20260731,frost_cycle_000074,top,0.9236469715485951
efficientnet,gamma_2p2,exp_20260731,frost_cycle_000074,top,0.9005508182760823
efficientnet,gamma_2p2,exp_20260731,frost_cycle_000074,top_close,0.9449578654632578
efficientnet,gamma_2p2,exp_20260731,frost_cycle_000074,top_close,0.9338977175950651
efficientnet,gamma_2p2,exp_20260731,frost_cycle_000074,top_close,0.9533001593927057
efficientnet,gamma_2p2,exp_20260731,frost_cycle_000075,extreme,0.9233460161796356
efficientnet,gamma_2p2,exp_20260731,frost_cycle_000075,extreme,0.9197528208153466
efficientnet,gamma_2p2,exp_20260731,frost_cycle_000075,extreme,0.920260618083755
efficientnet,gamma_2p2,exp_20260731,frost_cycle_000075,front,0.9053920079405755
efficientnet,gamma_2p2,exp_20260731,frost_cycle_000075,front,0.9323319884852258
efficientnet,gamma_2p2,exp_20260731,frost_cycle_000075,front,0.9300083419573877
efficientnet,gamma_2p2,exp_20260731,frost_cycle_000075,left,0.9592711496485001
efficientnet,gamma_2p2,exp_20260731,frost_cycle_000075,left,0.9603660993030824
efficientnet,gamma_2p2,exp_20260731,frost_cycle_000075,left,0.9391011310293885
efficientnet,gamma_2p2,exp_20260731,frost_cycle_000075,left_close,0.8921657671150862
efficientnet,gamma_2p2,exp_20260731,frost_cycle_000075,left_close,0.9308009933935912
efficientnet,gamma_2p2,exp_20260731,frost_cycle_000075,left_close,0.9022678480909503
efficientnet,gamma_2p2,exp_20260731,frost_cycle_000075,top,0.8980884994878747
efficientnet,gamma_2p2,exp_20260731,frost_cycle_000075,top,0.9190179137588956
efficientnet,gamma_2p2,exp_20260731,frost_cycle_000075,top,0.9310776180784703
efficientnet,gamma_2p2,exp_20260731,frost_cycle_000075,top_close,0.8905138100161737
efficientnet,gamma_2p2,exp_20260731,frost_cycle_000075,top_close,0.9313726659405099
efficientnet,gamma_2p2,exp_20260731,frost_cycle_000075,top_close,0.921131243836273
efficientnet,gamma_2p2,exp_20260731,frost_cycle_000075,extreme,0.9380225861564605
efficientnet,gamma_2p2,exp_20260731,frost_cycle_000075,extreme,0.9407226030594231
efficientnet,gamma_2p2,exp_20260731,frost_cycle_000075,extreme,0.9389000048503543
efficientnet,gamma_2p2,exp_20260731,frost_cycle_000075,front,0.9678575798180095
efficientnet,gamma_2p2,exp_20260731,frost_cycle_000075,front,0.9553805500076816
efficientnet,gamma_2p2,exp_20260731,frost_cycle_000075,front,0.9749221453434729
efficientnet,gamma_2p2,exp_20260731,frost_cycle_000075,left,0.9594579734817267
efficientnet,gamma_2p2,exp_20260731,frost_cycle_000075,left,0.9563819149452131
efficientnet,gamma_2p2,exp_20260731,frost_cycle_000075,left,0.9579412959317968
efficientnet,gamma_2p2,exp_20260731,frost_cycle_000075,left_close,0.953072598859486
efficientnet,gamma_2p2,exp_20260731,frost_cycle_000075,left_close,0.9697283649430383
efficientnet,gamma_2p2,exp_20260731,frost_cycle_000075,left_close,0.960561980570788
efficientnet,gamma_2p2,exp_20260731,frost_cycle_000075,top,0.9038225598783022
efficientnet,gamma_2p2,exp_20260731,frost_cycle_000075,top,0.9219757723508394
efficientnet,gamma_2p2,exp_20260731,frost_cycle_000075,top,0.9392303433470237
efficientnet,gamma_2p2,exp_20260731,frost_cycle_000075,top_close,0.9607212899979891
efficientnet,gamma_2p2,exp_20260731,frost_cycle_000075,top_close,0.9690752671776021
efficientnet,gamma_2p2,exp_20260731,frost_cycle_000075,top_close,0.9611954848379326
efficientnet,gamma_2p2,exp_20260731,frost_cycle_000076,extreme,0.9405880179280445
efficientnet,gamma_2p2,exp_20260731,frost_cycle_000076,extreme,0.9118341959489505
efficientnet,gamma_2p2,exp_20260731,frost_cycle_000076,extreme,0.9240598845494039
efficientnet,gamma_2p2,exp_20260731,frost_cycle_000076,front,0.9488062575679431
efficientnet,gamma_2p2,exp_20260731,frost_cycle_000076,front,0.9023769244650668
efficientnet,gamma_2p2,exp_20260731,frost_cycle_000076,front,0.9201386016194668
efficientnet,gamma_2p2,exp_20260731,frost_cycle_000076,left,0.9661817986507937
efficientnet,gamma_2p2,exp_20260731,frost_cycle_000076,left,0.9560052938225146
efficientnet,gamma_2p2,exp_20260731,frost_cycle_000076,left,0.9368512768685073
efficientnet,gamma_2p2,exp_20260731,frost_cycle_000076,left_close,0.9727606000622349
efficientnet,gamma_2p2,exp_20260731,frost_cycle_000076,left_close,0.9490740035292914
efficientnet,gamma_2p2,exp_20260731,frost_cycle_000076,left_close,0.9086010825131554
efficientnet,gamma_2p2,exp_20260731,frost_cycle_000076,top,0.9262741589347012
efficientnet,gamma_2p2,exp_20260731,frost_cycle_000076,top,0.8945224696559827
efficientnet,gamma_2p2,exp_20260731,frost_cycle_000076,top,0.9151537613083227
efficientnet,gamma_2p2,exp_20260731,frost_cycle_000076,top_close,0.967496295446383
efficientnet,gamma_2p2,exp_20260731,frost_cycle_000076,top_close,0.9396052590626348
efficientnet,gamma_2p2,exp_20260731,frost_cycle_000076,top_close,0.9202995050545785
dinov2,gamma_2p2_sensor_noise,exp_20260729,frost_cycle_000060,extreme,0.8932998613103639
dinov2,gamma_2p2_sensor_noise,exp_20260729,frost_cycle_000060,extreme,0.9009066986499116
dinov2,gamma_2p2_sensor_noise,exp_20260729,frost_cycle_000060,extreme,0.8402082202026618
dinov2,gamma_2p2_sensor_noise,exp_20260729,frost_cycle_000060,front,0.8514523164914981
dinov2,gamma_2p2_sensor_noise,exp_20260729,frost_cycle_000060,front,0.8657205085270678
dinov2,gamma_2p2_sensor_noise,exp_20260729,frost_cycle_000060,front,0.6965906318829922
dinov2,gamma_2p2_sensor_noise,exp_20260729,frost_cycle_000060,left,0.9075353333688294
dinov2,gamma_2p2_sensor_noise,exp_20260729,frost_cycle_000060,left,0.8968141151962802
dinov2,gamma_2p2_sensor_noise,exp_20260729,frost_cycle_000060,left,0.909716091112445
dinov2,gamma_2p2_sensor_noise,exp_20260729,frost_cycle_000060,left_close,0.9430962761107631
dinov2,gamma_2p2_sensor_noise,exp_20260729,frost_cycle_000060,left_close,0.891556912889186
dinov2,gamma_2p2_sensor_noise,exp_20260729,frost_cycle_000060,left_close,0.9130642009112457
dinov2,gamma_2p2_sensor_noise,exp_20260729,frost_cycle_000060,top,0.9323115910030463
dinov2,gamma_2p2_sensor_noise,exp_20260729,frost_cycle_000060,top,0.8654391672591162
dinov2,gamma_2p2_sensor_noise,exp_20260729,frost_cycle_000060,top,0.8255514301243645
dinov2,gamma_2p2_sensor_noise,exp_20260729,frost_cycle_000060,top_close,0.8685875139239639
dinov2,gamma_2p2_sensor_noise,exp_20260729,frost_cycle_000060,top_close,0.8295527043269085
dinov2,gamma_2p2_sensor_noise,exp_20260729,frost_cycle_000060,top_close,0.7422835025307402
dinov2,gamma_2p2_sensor_noise,exp_20260729,frost_cycle_000060,extreme,0.9341580819858631
dinov2,gamma_2p2_sensor_noise,exp_20260729,frost_cycle_000060,extreme,0.9157717895651397
dinov2,gamma_2p2_sensor_noise,exp_20260729,frost_cycle_000060,extreme,0.904840026466695
dinov2,gamma_2p2_sensor_noise,exp_20260729,frost_cycle_000060,front,0.9115895516203515
dinov2,gamma_2p2_sensor_noise,exp_20260729,frost_cycle_000060,front,0.9163304914548797
dinov2,gamma_2p2_sensor_noise,exp_20260729,frost_cycle_000060,front,0.9108864898198494
dinov2,gamma_2p2_sensor_noise,exp_20260729,frost_cycle_000060,left,0.9599489608031471
dinov2,gamma_2p2_sensor_noise,exp_20260729,frost_cycle_000060,left,0.9671310265763532
dinov2,gamma_2p2_sensor_noise,exp_20260729,frost_cycle_000060,left,0.9430834827295416
dinov2,gamma_2p2_sensor_noise,exp_20260729,frost_cycle_000060,left_close,0.8809522313803844
dinov2,gamma_2p2_sensor_noise,exp_20260729,frost_cycle_000060,left_close,0.919045415268343
dinov2,gamma_2p2_sensor_noise,exp_20260729,frost_cycle_000060,left_close,0.9280187369184472
dinov2,gamma_2p2_sensor_noise,exp_20260729,frost_cycle_000060,top,0.9366260725176988
dinov2,gamma_2p2_sensor_noise,exp_20260729,frost_cycle_000060,top,0.9453226478886677
dinov2,gamma_2p2_sensor_noise,exp_20260729,frost_cycle_000060,top,0.9266408201549962
dinov2,gamma_2p2_sensor_noise,exp_20260729,frost_cycle_000060,top_close,0.9473128698958944
dinov2,gamma_2p2_sensor_noise,exp_20260729,frost_cycle_000060,top_close,0.9454065297087658
dinov2,gamma_2p2_sensor_noise,exp_20260729,frost_cycle_000060,top_close,0.9209170362293344
dinov2,gamma_2p2_sensor_noise,exp_20260729,frost_cycle_000061,extreme,0.9285791754822263
dinov2,gamma_2p2_sensor_noise,exp_20260729,frost_cycle_000061,extreme,0.9049704490944415
dinov2,gamma_2p2_sensor_noise,exp_20260729,frost_cycle_000061,extreme,0.8336717027088444
dinov2,gamma_2p2_sensor_noise,exp_20260729,frost_cycle_000061,front,0.8907996369613922
dinov2,gamma_2p2_sensor_noise,exp_20260729,frost_cycle_000061,front,0.7863393824683637
dinov2,gamma_2p2_sensor_noise,exp_20260729,frost_cycle_000061,front,0.6476473639601449
dinov2,gamma_2p2_sensor_noise,exp_20260729,frost_cycle_000061,left,0.9633904533551396
dinov2,gamma_2p2_sensor_noise,exp_20260729,frost_cycle_000061,left,0.8748564848992992
dinov2,gamma_2p2_sensor_noise,exp_20260729,frost_cycle_000061,left,0.898214440453379
dinov2,gamma_2p2_sensor_noise,exp_20260729,frost_cycle_000061,left_close,0.9422373281504629
dinov2,gamma_2p2_sensor_noise,exp_20260729,frost_cycle_000061,left_close,0.8973430435170333
dinov2,gamma_2p2_sensor_noise,exp_20260729,frost_cycle_000061,left_close,0.8730887170895386
dinov2,gamma_2p2_sensor_noise,exp_20260729,frost_cycle_000061,top,0.9475342678700427
dinov2,gamma_2p2_sensor_noise,exp_20260729,frost_cycle_000061,top,0.8707719334732286
dinov2,gamma_2p2_sensor_noise,exp_20260729,frost_cycle_000061,top,0.7980634579939726
dinov2,gamma_2p2_sensor_noise,exp_20260729,frost_cycle_000061,top_close,0.9579801835796827
dinov2,gamma_2p2_sensor_noise,exp_20260729,frost_cycle_000061,top_close,0.905498642979302
dinov2,gamma_2p2_sensor_noise,exp_20260729,frost_cycle_000061,top_close,0.7813844752106145
dinov2,gamma_2p2_sensor_noise,exp_20260730,frost_cycle_000063,extreme,0.9231535873545258
dinov2,gamma_2p2_sensor_noise,exp_20260730,frost_cycle_000063,extreme,0.8986532830064666
dinov2,gamma_2p2_sensor_noise,exp_20260730,frost_cycle_000063,extreme,0.879144793153413
dinov2,gamma_2p2_sensor_noise,exp_20260730,frost_cycle_000063,front,0.8874721024738835
dinov2,gamma_2p2_sensor_noise,exp_20260730,frost_cycle_000063,front,0.859000137058307
dinov2,gamma_2p2_sensor_noise,exp_20260730,frost_cycle_000063,front,0.84686593804004
dinov2,gamma_2p2_sensor_noise,exp_20260730,frost_cycle_000063,left,0.9290543728868766
dinov2,gamma_2p2_sensor_noise,exp_20260730,frost_cycle_000063,left,0.8310718303346909
dinov2,gamma_2p2_sensor_noise,exp_20260730,frost_cycle_000063,left,0.7972911964143862
dinov2,gamma_2p2_sensor_noise,exp_20260730,frost_cycle_000063,left_close,0.9194286500093944
dinov2,gamma_2p2_sensor_noise,exp_20260730,frost_cycle_000063,left_close,0.848141086534993
dinov2,gamma_2p2_sensor_noise,exp_20260730,frost_cycle_000063,left_close,0.8481114555888773
dinov2,gamma_2p2_sensor_noise,exp_20260730,frost_cycle_000063,top,0.9397107792715099
dinov2,gamma_2p2_sensor_noise,exp_20260730,frost_cycle_000063,top,0.9002908576621316
dinov2,gamma_2p2_sensor_noise,exp_20260730,frost_cycle_000063,top,0.8726270488950968
dinov2,gamma_2p2_sensor_noise,exp_20260730,frost_cycle_000063,top_close,0.922926609930756
dinov2,gamma_2p2_sensor_noise,exp_20260730,frost_cycle_000063,top_close,0.7964342703527827
dinov2,gamma_2p2_sensor_noise,exp_20260730,frost_cycle_000063,top_close,0.7612356292342134
dinov2,gamma_2p2_sensor_noise,exp_20260730,frost_cycle_000063,extreme,0.9314874232925417
dinov2,gamma_2p2_sensor_noise,exp_20260730,frost_cycle_000063,extreme,0.9323373536095726
dinov2,gamma_2p2_sensor_noise,exp_20260730,frost_cycle_000063,extreme,0.9443014375649267
dinov2,gamma_2p2_sensor_noise,exp_20260730,frost_cycle_000063,front,0.8684991368401136
dinov2,gamma_2p2_sensor_noise,exp_20260730,frost_cycle_000063,front,0.8813376793567589
dinov2,gamma_2p2_sensor_noise,exp_20260730,frost_cycle_000063,front,0.8975817731656075
dinov2,gamma_2p2_sensor_noise,exp_20260730,frost_cycle_000063,left,0.9310157126639854
dinov2,gamma_2p2_sensor_noise,exp_20260730,frost_cycle_000063,left,0.9496149370566743
dinov2,gamma_2p2_sensor_noise,exp_20260730,frost_cycle_000063,left,0.9330428682313008
dinov2,gamma_2p2_sensor_noise,exp_20260730,frost_cycle_000063,left_close,0.9449032295907621
dinov2,gamma_2p2_sensor_noise,exp_20260730,frost_cycle_000063,left_close,0.9440358500292919
dinov2,gamma_2p2_sensor_noise,exp_20260730,frost_cycle_000063,left_close,0.9294769054201877
dinov2,gamma_2p2_sensor_noise,exp_20260730,frost_cycle_000063,top,0.8588763080312858
dinov2,gamma_2p2_sensor_noise,exp_20260730,frost_cycle_000063,top,0.9266348260922842
dinov2,gamma_2p2_sensor_noise,exp_20260730,frost_cycle_000063,top,0.9176668747967497
dinov2,gamma_2p2_sensor_noise,exp_20260730,frost_cycle_000063,top_close,0.9103956934070782
dinov2,gamma_2p2_sensor_noise,exp_20260730,frost_cycle_000063,top_close,0.9140353005718144
dinov2,gamma_2p2_sensor_noise,exp_20260730,frost_cycle_000063,top_close,0.952186632537931
dinov2,gamma_2p2_sensor_noise,exp_20260730,frost_cycle_000064,extreme,0.934075296519245
dinov2,gamma_2p2_sensor_noise,exp_20260730,frost_cycle_000064,extreme,0.8850948959602766
dinov2,gamma_2p2_sensor_noise,exp_20260730,frost_cycle_000064,extreme,0.887177548715885
dinov2,gamma_2p2_sensor_noise,exp_20260730,frost_cycle_000064,front,0.8774694805196782
dinov2,gamma_2p2_sensor_noise,exp_20260730,frost_cycle_000064,front,0.8857980691352916
dinov2,gamma_2p2_sensor_noise,exp_20260730,frost_cycle_000064,front,0.813855414268264
dinov2,gamma_2p2_sensor_noise,exp_20260730,frost_cycle_000064,left,0.8662595561083634
dinov2,gamma_2p2_sensor_noise,exp_20260730,frost_cycle_000064,left,0.7646372140259732
dinov2,gamma_2p2_sensor_noise,exp_20260730,frost_cycle_000064,left,0.808013072780715
dinov2,gamma_2p2_sensor_noise,exp_20260730,frost_cycle_000064,left_close,0.8923214684688904
dinov2,gamma_2p2_sensor_noise,exp_20260730,frost_cycle_000064,left_close,0.8488062799922509
dinov2,gamma_2p2_sensor_noise,exp_20260730,frost_cycle_000064,left_close,0.7783299906609112
dinov2,gamma_2p2_sensor_noise,exp_20260730,frost_cycle_000064,top,0.9233397524010619
dinov2,gamma_2p2_sensor_noise,exp_20260730,frost_cycle_000064,top,0.8086070492068527
dinov2,gamma_2p2_sensor_noise,exp_20260730,frost_cycle_000064,top,0.8543280894480316
dinov2,gamma_2p2_sensor_noise,exp_20260730,frost_cycle_000064,top_close,0.9413190865000106
dinov2,gamma_2p2_sensor_noise,exp_20260730,frost_cycle_000064,top_close,0.8841519912997174
dinov2,gamma_2p2_sensor_noise,exp_20260730,frost_cycle_000064,top_close,0.7859826167162044
dinov2,gamma_2p2_sensor_noise,exp_20260730,frost_cycle_000064,extreme,0.9401631355626928
dinov2,gamma_2p2_sensor_noise,exp_20260730,frost_cycle_000064,extreme,0.9308208211093123
dinov2,gamma_2p2_sensor_noise,exp_20260730,frost_cycle_000064,extreme,0.9322304253770436
dinov2,gamma_2p2_sensor_noise,exp_20260730,frost_cycle_000064,front,0.9120288324712263
dinov2,gamma_2p2_sensor_noise,exp_20260730,frost_cycle_000064,front,0.8813862631549493
dinov2,gamma_2p2_sensor_noise,exp_20260730,frost_cycle_000064,front,0.8668959179964475
dinov2,gamma_2p2_sensor_noise,exp_20260730,frost_cycle_000064,left,0.9117057060996769
dinov2,gamma_2p2_sensor_noise,exp_20260730,frost_cycle_000064,left,0.9300327148367952
dinov2,gamma_2p2_sensor_noise,exp_20260730,frost_cycle_000064,left,0.909011242363551
dinov2,gamma_2p2_sensor_noise,exp_20260730,frost_cycle_000064,left_close,0.8960108501490024
dinov2,gamma_2p2_sensor_noise,exp_20260730,frost_cycle_000064,left_close,0.8631034134901445
dinov2,gamma_2p2_sensor_noise,exp_20260730,frost_cycle_000064,left_close,0.8901953251059077
dinov2,gamma_2p2_sensor_noise,exp_20260730,frost_cycle_000064,top,0.915249981142747
dinov2,gamma_2p2_sensor_noise,exp_20260730,frost_cycle_000064,top,0.9472826345174175
dinov2,gamma_2p2_sensor_noise,exp_20260730,frost_cycle_000064,top,0.9384318941839294
dinov2,gamma_2p2_sensor_noise,exp_20260730,frost_cycle_000064,top_close,0.9591401601323364
dinov2,gamma_2p2_sensor_noise,exp_20260730,frost_cycle_000064,top_close,0.9631632261620126
dinov2,gamma_2p2_sensor_noise,exp_20260730,frost_cycle_000064,top_close,0.9487709590439628
dinov2,gamma_2p2_sensor_noise,exp_20260730,frost_cycle_000065,extreme,0.9049925431467337
dinov2,gamma_2p2_sensor_noise,exp_20260730,frost_cycle_000065,extreme,0.9020818786807231
dinov2,gamma_2p2_sensor_noise,exp_20260730,frost_cycle_000065,extreme,0.8897579684801081
dinov2,gamma_2p2_sensor_noise,exp_20260730,frost_cycle_000065,front,0.9190890823544137
dinov2,gamma_2p2_sensor_noise,exp_20260730,frost_cycle_000065,front,0.8911591740272811
dinov2,gamma_2p2_sensor_noise,exp_20260730,frost_cycle_000065,front,0.7689139509884334
dinov2,gamma_2p2_sensor_noise,exp_20260730,frost_cycle_000065,left,0.8003326010623205
dinov2,gamma_2p2_sensor_noise,exp_20260730,frost_cycle_000065,left,0.7873404910899772
dinov2,gamma_2p2_sensor_noise,exp_20260730,frost_cycle_000065,left,0.7529358925319055
dinov2,gamma_2p2_sensor_noise,exp_20260730,frost_cycle_000065,left_close,0.9230605865612691
dinov2,gamma_2p2_sensor_noise,exp_20260730,frost_cycle_000065,left_close,0.9101756347220921
dinov2,gamma_2p2_sensor_noise,exp_20260730,frost_cycle_000065,left_close,0.8744628316259522
dinov2,gamma_2p2_sensor_noise,exp_20260730,frost_cycle_000065,top,0.9414442864745888
dinov2,gamma_2p2_sensor_noise,exp_20260730,frost_cycle_000065,top,0.9048485422820585
dinov2,gamma_2p2_sensor_noise,exp_20260730,frost_cycle_000065,top,0.844459962278205
dinov2,gamma_2p2_sensor_noise,exp_20260730,frost_cycle_000065,top_close,0.9588343647175396
dinov2,gamma_2p2_sensor_noise,exp_20260730,frost_cycle_000065,top_close,0.892656502997999
dinov2,gamma_2p2_sensor_noise,exp_20260730,frost_cycle_000065,top_close,0.8484625561478032
dinov2,gamma_2p2_sensor_noise,exp_20260730,frost_cycle_000066,extreme,0.9059946889222825
dinov2,gamma_2p2_sensor_noise,exp_20260730,frost_cycle_000066,extreme,0.8851134376602998
dinov2,gamma_2p2_sensor_noise,exp_20260730,frost_cycle_000066,extreme,0.8464024133889856
dinov2,gamma_2p2_sensor_noise,exp_20260730,frost_cycle_000066,front,0.8919458560073629
dinov2,gamma_2p2_sensor_noise,exp_20260730,frost_cycle_000066,front,0.8438615621303264
dinov2,gamma_2p2_sensor_noise,exp_20260730,frost_cycle_000066,front,0.7380999939328121
dinov2,gamma_2p2_sensor_noise,exp_20260730,frost_cycle_000066,left,0.8825075894147981
dinov2,gamma_2p2_sensor_noise,exp_20260730,frost_cycle_000066,left,0.6960612934869186
dinov2,gamma_2p2_sensor_noise,exp_20260730,frost_cycle_000066,left,0.7383499788002362
dinov2,gamma_2p2_sensor_noise,exp_20260730,frost_cycle_000066,left_close,0.8988122981534477
dinov2,gamma_2p2_sensor_noise,exp_20260730,frost_cycle_000066,left_close,0.8267439826515222
dinov2,gamma_2p2_sensor_noise,exp_20260730,frost_cycle_000066,left_close,0.8859690144364198
dinov2,gamma_2p2_sensor_noise,exp_20260730,frost_cycle_000066,top,0.9221808855003198
dinov2,gamma_2p2_sensor_noise,exp_20260730,frost_cycle_000066,top,0.8487673320085426
dinov2,gamma_2p2_sensor_noise,exp_20260730,frost_cycle_000066,top,0.8324301268488398
dinov2,gamma_2p2_sensor_noise,exp_20260730,frost_cycle_000066,top_close,0.9031116922745743
dinov2,gamma_2p2_sensor_noise,exp_20260730,frost_cycle_000066,top_close,0.8697066758802177
dinov2,gamma_2p2_sensor_noise,exp_20260730,frost_cycle_000066,top_close,0.787654800463879
dinov2,gamma_2p2_sensor_noise,exp_20260730,frost_cycle_000066,extreme,0.9287851000321842
dinov2,gamma_2p2_sensor_noise,exp_20260730,frost_cycle_000066,extreme,0.930702019231757
dinov2,gamma_2p2_sensor_noise,exp_20260730,frost_cycle_000066,extreme,0.9227072456338489
dinov2,gamma_2p2_sensor_noise,exp_20260730,frost_cycle_000066,front,0.9337840024213742
dinov2,gamma_2p2_sensor_noise,exp_20260730,frost_cycle_000066,front,0.9132172860423147
dinov2,gamma_2p2_sensor_noise,exp_20260730,frost_cycle_000066,front,0.9164434832179349
dinov2,gamma_2p2_sensor_noise,exp_20260730,frost_cycle_000066,left,0.9075038731681146
dinov2,gamma_2p2_sensor_noise,exp_20260730,frost_cycle_000066,left,0.8838578526421164
dinov2,gamma_2p2_sensor_noise,exp_20260730,frost_cycle_000066,left,0.8803499589310434
dinov2,gamma_2p2_sensor_noise,exp_20260730,frost_cycle_000066,left_close,0.9112778169831073
dinov2,gamma_2p2_sensor_noise,exp_20260730,frost_cycle_000066,left_close,0.9012296117687759
dinov2,gamma_2p2_sensor_noise,exp_20260730,frost_cycle_000066,left_close,0.8990760598006797
dinov2,gamma_2p2_sensor_noise,exp_20260730,frost_cycle_000066,top,0.9364199053092899
dinov2,gamma_2p2_sensor_noise,exp_20260730,frost_cycle_000066,top,0.9531273589909945
dinov2,gamma_2p2_sensor_noise,exp_20260730,frost_cycle_000066,top,0.954970864022244
dinov2,gamma_2p2_sensor_noise,exp_20260730,frost_cycle_000066,top_close,0.9458484737594175
dinov2,gamma_2p2_sensor_noise,exp_20260730,frost_cycle_000066,top_close,0.9470905348624933
dinov2,gamma_2p2_sensor_noise,exp_20260730,frost_cycle_000066,top_close,0.928660851126787
dinov2,gamma_2p2_sensor_noise,exp_20260730,frost_cycle_000067,extreme,0.90017110596431
dinov2,gamma_2p2_sensor_noise,exp_20260730,frost_cycle_000067,extreme,0.8779635172750034
dinov2,gamma_2p2_sensor_noise,exp_20260730,frost_cycle_000067,extreme,0.8371340144792351
dinov2,gamma_2p2_sensor_noise,exp_20260730,frost_cycle_000067,front,0.9082409143404029
dinov2,gamma_2p2_sensor_noise,exp_20260730,frost_cycle_000067,front,0.8468621649435355
dinov2,gamma_2p2_sensor_noise,exp_20260730,frost_cycle_000067,front,0.7217744938866849
dinov2,gamma_2p2_sensor_noise,exp_20260730,frost_cycle_000067,left,0.8700204096122884
dinov2,gamma_2p2_sensor_noise,exp_20260730,frost_cycle_000067,left,0.8158075526633944
dinov2,gamma_2p2_sensor_noise,exp_20260730,frost_cycle_000067,left,0.6854673465745038
dinov2,gamma_2p2_sensor_noise,exp_20260730,frost_cycle_000067,left_close,0.9269755352595954
dinov2,gamma_2p2_sensor_noise,exp_20260730,frost_cycle_000067,left_close,0.8916466722477809
dinov2,gamma_2p2_sensor_noise,exp_20260730,frost_cycle_000067,left_close,0.8784322133130132
dinov2,gamma_2p2_sensor_noise,exp_20260730,frost_cycle_000067,top,0.9154822155649279
dinov2,gamma_2p2_sensor_noise,exp_20260730,frost_cycle_000067,top,0.8764579448387025
dinov2,gamma_2p2_sensor_noise,exp_20260730,frost_cycle_000067,top,0.8552483227788951
dinov2,gamma_2p2_sensor_noise,exp_20260730,frost_cycle_000067,top_close,0.9249035872531034
dinov2,gamma_2p2_sensor_noise,exp_20260730,frost_cycle_000067,top_close,0.8589605446530846
dinov2,gamma_2p2_sensor_noise,exp_20260730,frost_cycle_000067,top_close,0.8033422412551671
dinov2,gamma_2p2_sensor_noise,exp_20260730,frost_cycle_000067,extreme,0.9261210461408618
dinov2,gamma_2p2_sensor_noise,exp_20260730,frost_cycle_000067,extreme,0.9131528907376053
dinov2,gamma_2p2_sensor_noise,exp_20260730,frost_cycle_000067,extreme,0.9282578218544048
dinov2,gamma_2p2_sensor_noise,exp_20260730,frost_cycle_000067,front,0.9295719566614931
dinov2,gamma_2p2_sensor_noise,exp_20260730,frost_cycle_000067,front,0.9217452303337114
dinov2,gamma_2p2_sensor_noise,exp_20260730,frost_cycle_000067,front,0.9084642749170531
dinov2,gamma_2p2_sensor_noise,exp_20260730,frost_cycle_000067,left,0.8213604093041924
dinov2,gamma_2p2_sensor_noise,exp_20260730,frost_cycle_000067,left,0.8197092171116809
dinov2,gamma_2p2_sensor_noise,exp_20260730,frost_cycle_000067,left,0.8796642141954417
dinov2,gamma_2p2_sensor_noise,exp_20260730,frost_cycle_000067,left_close,0.9004054536751284
dinov2,gamma_2p2_sensor_noise,exp_20260730,frost_cycle_000067,left_close,0.9017118929018287
dinov2,gamma_2p2_sensor_noise,exp_20260730,frost_cycle_000067,left_close,0.9012238864104474
dinov2,gamma_2p2_sensor_noise,exp_20260730,frost_cycle_000067,top,0.9500183945272086
dinov2,gamma_2p2_sensor_noise,exp_20260730,frost_cycle_000067,top,0.9427035128663316
dinov2,gamma_2p2_sensor_noise,exp_20260730,frost_cycle_000067,top,0.9429374321881092
dinov2,gamma_2p2_sensor_noise,exp_20260730,frost_cycle_000067,top_close,0.9498457301865042
dinov2,gamma_2p2_sensor_noise,exp_20260730,frost_cycle_000067,top_close,0.9495619819314665
dinov2,gamma_2p2_sensor_noise,exp_20260730,frost_cycle_000067,top_close,0.9242777154572864
dinov2,gamma_2p2_sensor_noise,exp_20260730,frost_cycle_000068,extreme,0.9139362262455469
dinov2,gamma_2p2_sensor_noise,exp_20260730,frost_cycle_000068,extreme,0.864126473402149
dinov2,gamma_2p2_sensor_noise,exp_20260730,frost_cycle_000068,extreme,0.8742303480265118
dinov2,gamma_2p2_sensor_noise,exp_20260730,frost_cycle_000068,front,0.9147702278763312
dinov2,gamma_2p2_sensor_noise,exp_20260730,frost_cycle_000068,front,0.8421730776761454
dinov2,gamma_2p2_sensor_noise,exp_20260730,frost_cycle_000068,front,0.726782034608022
dinov2,gamma_2p2_sensor_noise,exp_20260730,frost_cycle_000068,left,0.8820580186374966
dinov2,gamma_2p2_sensor_noise,exp_20260730,frost_cycle_000068,left,0.7898760259592411
dinov2,gamma_2p2_sensor_noise,exp_20260730,frost_cycle_000068,left,0.6775400542119947
dinov2,gamma_2p2_sensor_noise,exp_20260730,frost_cycle_000068,left_close,0.902097829932937
dinov2,gamma_2p2_sensor_noise,exp_20260730,frost_cycle_000068,left_close,0.8488665894240037
dinov2,gamma_2p2_sensor_noise,exp_20260730,frost_cycle_000068,left_close,0.8753544703070049
dinov2,gamma_2p2_sensor_noise,exp_20260730,frost_cycle_000068,top,0.9380790054371534
dinov2,gamma_2p2_sensor_noise,exp_20260730,frost_cycle_000068,top,0.9053411100484205
dinov2,gamma_2p2_sensor_noise,exp_20260730,frost_cycle_000068,top,0.8198876816480435
dinov2,gamma_2p2_sensor_noise,exp_20260730,frost_cycle_000068,top_close,0.9493042202101528
dinov2,gamma_2p2_sensor_noise,exp_20260730,frost_cycle_000068,top_close,0.840792674546102
dinov2,gamma_2p2_sensor_noise,exp_20260730,frost_cycle_000068,top_close,0.7912469410345161
dinov2,gamma_2p2_sensor_noise,exp_20260731,frost_cycle_000070,extreme,0.926870455110745
dinov2,gamma_2p2_sensor_noise,exp_20260731,frost_cycle_000070,extreme,0.945766985755978
dinov2,gamma_2p2_sensor_noise,exp_20260731,frost_cycle_000070,extreme,0.9406511508508696
dinov2,gamma_2p2_sensor_noise,exp_20260731,frost_cycle_000070,front,0.8823819781789519
dinov2,gamma_2p2_sensor_noise,exp_20260731,frost_cycle_000070,front,0.8762898766816182
dinov2,gamma_2p2_sensor_noise,exp_20260731,frost_cycle_000070,front,0.8838717893000423
dinov2,gamma_2p2_sensor_noise,exp_20260731,frost_cycle_000070,left,0.9067974195435321
dinov2,gamma_2p2_sensor_noise,exp_20260731,frost_cycle_000070,left,0.8376400056242662
dinov2,gamma_2p2_sensor_noise,exp_20260731,frost_cycle_000070,left,0.8625016891598122
dinov2,gamma_2p2_sensor_noise,exp_20260731,frost_cycle_000070,left_close,0.9027253773191978
dinov2,gamma_2p2_sensor_noise,exp_20260731,frost_cycle_000070,left_close,0.9105374781849407
dinov2,gamma_2p2_sensor_noise,exp_20260731,frost_cycle_000070,left_close,0.9081527547493957
dinov2,gamma_2p2_sensor_noise,exp_20260731,frost_cycle_000070,top,0.8755780949693188
dinov2,gamma_2p2_sensor_noise,exp_20260731,frost_cycle_000070,top,0.9128325505531865
dinov2,gamma_2p2_sensor_noise,exp_20260731,frost_cycle_000070,top,0.8869245823528182
dinov2,gamma_2p2_sensor_noise,exp_20260731,frost_cycle_000070,top_close,0.9354969108087386
dinov2,gamma_2p2_sensor_noise,exp_20260731,frost_cycle_000070,top_close,0.9588247880626023
dinov2,gamma_2p2_sensor_noise,exp_20260731,frost_cycle_000070,top_close,0.9158121143474488
dinov2,gamma_2p2_sensor_noise,exp_20260731,frost_cycle_000071,extreme,0.9370574015877372
dinov2,gamma_2p2_sensor_noise,exp_20260731,frost_cycle_000071,extreme,0.8969860701007745
dinov2,gamma_2p2_sensor_noise,exp_20260731,frost_cycle_000071,extreme,0.9181475394059296
dinov2,gamma_2p2_sensor_noise,exp_20260731,frost_cycle_000071,front,0.8736554724540324
dinov2,gamma_2p2_sensor_noise,exp_20260731,frost_cycle_000071,front,0.8552013273582263
dinov2,gamma_2p2_sensor_noise,exp_20260731,frost_cycle_000071,front,0.8692061472607829
dinov2,gamma_2p2_sensor_noise,exp_20260731,frost_cycle_000071,left,0.9120964631261556
dinov2,gamma_2p2_sensor_noise,exp_20260731,frost_cycle_000071,left,0.9193771243475156
dinov2,gamma_2p2_sensor_noise,exp_20260731,frost_cycle_000071,left,0.8789341898036561
dinov2,gamma_2p2_sensor_noise,exp_20260731,frost_cycle_000071,left_close,0.9355482243805489
dinov2,gamma_2p2_sensor_noise,exp_20260731,frost_cycle_000071,left_close,0.8885140572099356
dinov2,gamma_2p2_sensor_noise,exp_20260731,frost_cycle_000071,left_close,0.906980628124485
dinov2,gamma_2p2_sensor_noise,exp_20260731,frost_cycle_000071,top,0.9277963857067161
dinov2,gamma_2p2_sensor_noise,exp_20260731,frost_cycle_000071,top,0.9177708258809957
dinov2,gamma_2p2_sensor_noise,exp_20260731,frost_cycle_000071,top,0.9230893689840187
dinov2,gamma_2p2_sensor_noise,exp_20260731,frost_cycle_000071,top_close,0.9460129078100359
dinov2,gamma_2p2_sensor_noise,exp_20260731,frost_cycle_000071,top_close,0.8959245459566776
dinov2,gamma_2p2_sensor_noise,exp_20260731,frost_cycle_000071,top_close,0.840894771875547
dinov2,gamma_2p2_sensor_noise,exp_20260731,frost_cycle_000072,extreme,0.893949969359011
dinov2,gamma_2p2_sensor_noise,exp_20260731,frost_cycle_000072,extreme,0.8852932937433319
dinov2,gamma_2p2_sensor_noise,exp_20260731,frost_cycle_000072,extreme,0.8515722846924946
dinov2,gamma_2p2_sensor_noise,exp_20260731,frost_cycle_000072,front,0.823350984553249
dinov2,gamma_2p2_sensor_noise,exp_20260731,frost_cycle_000072,front,0.8145815438627046
dinov2,gamma_2p2_sensor_noise,exp_20260731,frost_cycle_000072,front,0.6806426102764203
dinov2,gamma_2p2_sensor_noise,exp_20260731,frost_cycle_000072,left,0.8503360698435511
dinov2,gamma_2p2_sensor_noise,exp_20260731,frost_cycle_000072,left,0.8207586918167378
dinov2,gamma_2p2_sensor_noise,exp_20260731,frost_cycle_000072,left,0.8124293219504771
dinov2,gamma_2p2_sensor_noise,exp_20260731,frost_cycle_000072,left_close,0.8762151051079657
dinov2,gamma_2p2_sensor_noise,exp_20260731,frost_cycle_000072,left_close,0.8672662508686133
dinov2,gamma_2p2_sensor_noise,exp_20260731,frost_cycle_000072,left_close,0.8931695969875436
dinov2,gamma_2p2_sensor_noise,exp_20260731,frost_cycle_000072,top,0.9099820120090959
dinov2,gamma_2p2_sensor_noise,exp_20260731,frost_cycle_000072,top,0.8539169063905333
dinov2,gamma_2p2_sensor_noise,exp_20260731,frost_cycle_000072,top,0.8388015308981023
dinov2,gamma_2p2_sensor_noise,exp_20260731,frost_cycle_000072,top_close,0.9009041694418667
dinov2,gamma_2p2_sensor_noise,exp_20260731,frost_cycle_000072,top_close,0.8842548198935409
dinov2,gamma_2p2_sensor_noise,exp_20260731,frost_cycle_000072,top_close,0.7899799770099181
dinov2,gamma_2p2_sensor_noise,exp_20260731,frost_cycle_000072,extreme,0.938547554481001
dinov2,gamma_2p2_sensor_noise,exp_20260731,frost_cycle_000072,extreme,0.9052193329010071
dinov2,gamma_2p2_sensor_noise,exp_20260731,frost_cycle_000072,extreme,0.9063275262949674
dinov2,gamma_2p2_sensor_noise,exp_20260731,frost_cycle_000072,front,0.8823051312246936
dinov2,gamma_2p2_sensor_noise,exp_20260731,frost_cycle_000072,front,0.8634337804964615
dinov2,gamma_2p2_sensor_noise,exp_20260731,frost_cycle_000072,front,0.8194390778131944
dinov2,gamma_2p2_sensor_noise,exp_20260731,frost_cycle_000072,left,0.829333101098803
dinov2,gamma_2p2_sensor_noise,exp_20260731,frost_cycle_000072,left,0.856091608929166
dinov2,gamma_2p2_sensor_noise,exp_20260731,frost_cycle_000072,left,0.854723240923886
dinov2,gamma_2p2_sensor_noise,exp_20260731,frost_cycle_000072,left_close,0.9180898307626223
dinov2,gamma_2p2_sensor_noise,exp_20260731,frost_cycle_000072,left_close,0.8706483269549316
dinov2,gamma_2p2_sensor_noise,exp_20260731,frost_cycle_000072,left_close,0.847043335853433
dinov2,gamma_2p2_sensor_noise,exp_20260731,frost_cycle_000072,top,0.9376065297573497
dinov2,gamma_2p2_sensor_noise,exp_20260731,frost_cycle_000072,top,0.9425530778208637
dinov2,gamma_2p2_sensor_noise,exp_20260731,frost_cycle_000072,top,0.9443412365219221
dinov2,gamma_2p2_sensor_noise,exp_20260731,frost_cycle_000072,top_close,0.9439708631317915
dinov2,gamma_2p2_sensor_noise,exp_20260731,frost_cycle_000072,top_close,0.9468773391742153
dinov2,gamma_2p2_sensor_noise,exp_20260731,frost_cycle_000072,top_close,0.9343221216353149
dinov2,gamma_2p2_sensor_noise,exp_20260731,frost_cycle_000073,extreme,0.90929831987868
dinov2,gamma_2p2_sensor_noise,exp_20260731,frost_cycle_000073,extreme,0.8716010583960988
dinov2,gamma_2p2_sensor_noise,exp_20260731,frost_cycle_000073,extreme,0.8821654569477015
dinov2,gamma_2p2_sensor_noise,exp_20260731,frost_cycle_000073,front,0.8383407563908193
dinov2,gamma_2p2_sensor_noise,exp_20260731,frost_cycle_000073,front,0.8892724989703282
dinov2,gamma_2p2_sensor_noise,exp_20260731,frost_cycle_000073,front,0.807336207315165
dinov2,gamma_2p2_sensor_noise,exp_20260731,frost_cycle_000073,left,0.8789963010946988
dinov2,gamma_2p2_sensor_noise,exp_20260731,frost_cycle_000073,left,0.749381731791382
dinov2,gamma_2p2_sensor_noise,exp_20260731,frost_cycle_000073,left,0.7690828565959825
dinov2,gamma_2p2_sensor_noise,exp_20260731,frost_cycle_000073,left_close,0.9215655884098932
dinov2,gamma_2p2_sensor_noise,exp_20260731,frost_cycle_000073,left_close,0.8494556499670922
dinov2,gamma_2p2_sensor_noise,exp_20260731,frost_cycle_000073,left_close,0.8987228878321845
dinov2,gamma_2p2_sensor_noise,exp_20260731,frost_cycle_000073,top,0.9244444725602321
dinov2,gamma_2p2_sensor_noise,exp_20260731,frost_cycle_000073,top,0.8963933388853375
dinov2,gamma_2p2_sensor_noise,exp_20260731,frost_cycle_000073,top,0.7975752596633804
dinov2,gamma_2p2_sensor_noise,exp_20260731,frost_cycle_000073,top_close,0.913014916654019
dinov2,gamma_2p2_sensor_noise,exp_20260731,frost_cycle_000073,top_close,0.8788860151295917
dinov2,gamma_2p2_sensor_noise,exp_20260731,frost_cycle_000073,top_close,0.8009367242717906
dinov2,gamma_2p2_sensor_noise,exp_20260731,frost_cycle_000073,extreme,0.939869183823217
dinov2,gamma_2p2_sensor_noise,exp_20260731,frost_cycle_000073,extreme,0.9317968643869037
dinov2,gamma_2p2_sensor_noise,exp_20260731,frost_cycle_000073,extreme,0.9285996425584873
dinov2,gamma_2p2_sensor_noise,exp_20260731,frost_cycle_000073,front,0.9392754428783654
dinov2,gamma_2p2_sensor_noise,exp_20260731,frost_cycle_000073,front,0.938156272638654
dinov2,gamma_2p2_sensor_noise,exp_20260731,frost_cycle_000073,front,0.9217108602784729
dinov2,gamma_2p2_sensor_noise,exp_20260731,frost_cycle_000073,left,0.8642315263522122
dinov2,gamma_2p2_sensor_noise,exp_20260731,frost_cycle_000073,left,0.8191605998876488
dinov2,gamma_2p2_sensor_noise,exp_20260731,frost_cycle_000073,left,0.8210981055561446
dinov2,gamma_2p2_sensor_noise,exp_20260731,frost_cycle_000073,left_close,0.928747265571196
dinov2,gamma_2p2_sensor_noise,exp_20260731,frost_cycle_000073,left_close,0.8991712666811078
dinov2,gamma_2p2_sensor_noise,exp_20260731,frost_cycle_000073,left_close,0.9041861236619076
dinov2,gamma_2p2_sensor_noise,exp_20260731,frost_cycle_000073,top,0.9433803480402574
dinov2,gamma_2p2_sensor_noise,exp_20260731,frost_cycle_000073,top,0.9457487097531125
dinov2,gamma_2p2_sensor_noise,exp_20260731,frost_cycle_000073,top,0.9349832992704266
dinov2,gamma_2p2_sensor_noise,exp_20260731,frost_cycle_000073,top_close,0.9506775472580817
dinov2,gamma_2p2_sensor_noise,exp_20260731,frost_cycle_000073,top_close,0.920998266364985
dinov2,gamma_2p2_sensor_noise,exp_20260731,frost_cycle_000073,top_close,0.9208269173781265
dinov2,gamma_2p2_sensor_noise,exp_20260731,frost_cycle_000074,extreme,0.9557385336054437
dinov2,gamma_2p2_sensor_noise,exp_20260731,frost_cycle_000074,extreme,0.9557385336054437
dinov2,gamma_2p2_sensor_noise,exp_20260731,frost_cycle_000074,extreme,0.9601291929905112
dinov2,gamma_2p2_sensor_noise,exp_20260731,frost_cycle_000074,front,0.9457370675281613
dinov2,gamma_2p2_sensor_noise,exp_20260731,frost_cycle_000074,front,0.934876811277794
dinov2,gamma_2p2_sensor_noise,exp_20260731,frost_cycle_000074,front,0.9182318717002816
dinov2,gamma_2p2_sensor_noise,exp_20260731,frost_cycle_000074,left,0.8898610467556932
dinov2,gamma_2p2_sensor_noise,exp_20260731,frost_cycle_000074,left,0.9422871446108283
dinov2,gamma_2p2_sensor_noise,exp_20260731,frost_cycle_000074,left,0.9345860322829479
dinov2,gamma_2p2_sensor_noise,exp_20260731,frost_cycle_000074,left_close,0.9137053793163137
dinov2,gamma_2p2_sensor_noise,exp_20260731,frost_cycle_000074,left_close,0.9197722942495805
dinov2,gamma_2p2_sensor_noise,exp_20260731,frost_cycle_000074,left_close,0.9604123642539717
dinov2,gamma_2p2_sensor_noise,exp_20260731,frost_cycle_000074,top,0.8951813007464939
dinov2,gamma_2p2_sensor_noise,exp_20260731,frost_cycle_000074,top,0.922169161397841
dinov2,gamma_2p2_sensor_noise,exp_20260731,frost_cycle_000074,top,0.9285882838046365
dinov2,gamma_2p2_sensor_noise,exp_20260731,frost_cycle_000074,top_close,0.9582520047625647
dinov2,gamma_2p2_sensor_noise,exp_20260731,frost_cycle_000074,top_close,0.9540009830598181
dinov2,gamma_2p2_sensor_noise,exp_20260731,frost_cycle_000074,top_close,0.9634464000070175
dinov2,gamma_2p2_sensor_noise,exp_20260731,frost_cycle_000075,extreme,0.9306411703874313
dinov2,gamma_2p2_sensor_noise,exp_20260731,frost_cycle_000075,extreme,0.9249950856368867
dinov2,gamma_2p2_sensor_noise,exp_20260731,frost_cycle_000075,extreme,0.9077925512901308
dinov2,gamma_2p2_sensor_noise,exp_20260731,frost_cycle_000075,front,0.7334055286435145
dinov2,gamma_2p2_sensor_noise,exp_20260731,frost_cycle_000075,front,0.8720649364517922
dinov2,gamma_2p2_sensor_noise,exp_20260731,frost_cycle_000075,front,0.8352873678777525
dinov2,gamma_2p2_sensor_noise,exp_20260731,frost_cycle_000075,left,0.8793966538057306
dinov2,gamma_2p2_sensor_noise,exp_20260731,frost_cycle_000075,left,0.8782045689999732
dinov2,gamma_2p2_sensor_noise,exp_20260731,frost_cycle_000075,left,0.8752426281464201
dinov2,gamma_2p2_sensor_noise,exp_20260731,frost_cycle_000075,left_close,0.8996983716562282
dinov2,gamma_2p2_sensor_noise,exp_20260731,frost_cycle_000075,left_close,0.9067408848273232
dinov2,gamma_2p2_sensor_noise,exp_20260731,frost_cycle_000075,left_close,0.8449692845346911
dinov2,gamma_2p2_sensor_noise,exp_20260731,frost_cycle_000075,top,0.9060981705154039
dinov2,gamma_2p2_sensor_noise,exp_20260731,frost_cycle_000075,top,0.9098007070500609
dinov2,gamma_2p2_sensor_noise,exp_20260731,frost_cycle_000075,top,0.9043477994075709
dinov2,gamma_2p2_sensor_noise,exp_20260731,frost_cycle_000075,top_close,0.9015129873311414
dinov2,gamma_2p2_sensor_noise,exp_20260731,frost_cycle_000075,top_close,0.8394946640791807
dinov2,gamma_2p2_sensor_noise,exp_20260731,frost_cycle_000075,top_close,0.8612062982461927
dinov2,gamma_2p2_sensor_noise,exp_20260731,frost_cycle_000075,extreme,0.9343274046556662
dinov2,gamma_2p2_sensor_noise,exp_20260731,frost_cycle_000075,extreme,0.9378516092127207
dinov2,gamma_2p2_sensor_noise,exp_20260731,frost_cycle_000075,extreme,0.94313645628646
dinov2,gamma_2p2_sensor_noise,exp_20260731,frost_cycle_000075,front,0.9086952834107456
dinov2,gamma_2p2_sensor_noise,exp_20260731,frost_cycle_000075,front,0.9294258577679131
dinov2,gamma_2p2_sensor_noise,exp_20260731,frost_cycle_000075,front,0.9326314407238416
dinov2,gamma_2p2_sensor_noise,exp_20260731,frost_cycle_000075,left,0.9581014855737497
dinov2,gamma_2p2_sensor_noise,exp_20260731,frost_cycle_000075,left,0.9450509878809669
dinov2,gamma_2p2_sensor_noise,exp_20260731,frost_cycle_000075,left,0.9349530591696339
dinov2,gamma_2p2_sensor_noise,exp_20260731,frost_cycle_000075,left_close,0.8869764378235655
dinov2,gamma_2p2_sensor_noise,exp_20260731,frost_cycle_000075,left_close,0.9032674902341011
dinov2,gamma_2p2_sensor_noise,exp_20260731,frost_cycle_000075,left_close,0.8897539746354746
dinov2,gamma_2p2_sensor_noise,exp_20260731,frost_cycle_000075,top,0.9029224722501589
dinov2,gamma_2p2_sensor_noise,exp_20260731,frost_cycle_000075,top,0.9211631231366355
dinov2,gamma_2p2_sensor_noise,exp_20260731,frost_cycle_000075,top,0.8949514584894934
dinov2,gamma_2p2_sensor_noise,exp_20260731,frost_cycle_000075,top_close,0.9501876395636797
dinov2,gamma_2p2_sensor_noise,exp_20260731,frost_cycle_000075,top_close,0.9227408362497698
dinov2,gamma_2p2_sensor_noise,exp_20260731,frost_cycle_000075,top_close,0.9343944407347013
dinov2,gamma_2p2_sensor_noise,exp_20260731,frost_cycle_000076,extreme,0.9298575763889858
dinov2,gamma_2p2_sensor_noise,exp_20260731,frost_cycle_000076,extreme,0.9218705149068848
dinov2,gamma_2p2_sensor_noise,exp_20260731,frost_cycle_000076,extreme,0.9206651844232494
dinov2,gamma_2p2_sensor_noise,exp_20260731,frost_cycle_000076,front,0.9245422763968718
dinov2,gamma_2p2_sensor_noise,exp_20260731,frost_cycle_000076,front,0.7944868502443801
dinov2,gamma_2p2_sensor_noise,exp_20260731,frost_cycle_000076,front,0.8320767107958426
dinov2,gamma_2p2_sensor_noise,exp_20260731,frost_cycle_000076,left,0.9356458635368727
dinov2,gamma_2p2_sensor_noise,exp_20260731,frost_cycle_000076,left,0.8295698644942125
dinov2,gamma_2p2_sensor_noise,exp_20260731,frost_cycle_000076,left,0.8868683910436613
dinov2,gamma_2p2_sensor_noise,exp_20260731,frost_cycle_000076,left_close,0.9293095230272478
dinov2,gamma_2p2_sensor_noise,exp_20260731,frost_cycle_000076,left_close,0.8695559915431305
dinov2,gamma_2p2_sensor_noise,exp_20260731,frost_cycle_000076,left_close,0.8727317347517953
dinov2,gamma_2p2_sensor_noise,exp_20260731,frost_cycle_000076,top,0.8837937389459897
dinov2,gamma_2p2_sensor_noise,exp_20260731,frost_cycle_000076,top,0.9067264454871904
dinov2,gamma_2p2_sensor_noise,exp_20260731,frost_cycle_000076,top,0.8770799252924792
dinov2,gamma_2p2_sensor_noise,exp_20260731,frost_cycle_000076,top_close,0.9404819064330151
dinov2,gamma_2p2_sensor_noise,exp_20260731,frost_cycle_000076,top_close,0.8203960139708217
dinov2,gamma_2p2_sensor_noise,exp_20260731,frost_cycle_000076,top_close,0.810752994684606
efficientnet,gamma_2p2_sensor_noise,exp_20260729,frost_cycle_000060,extreme,0.8649412765782242
efficientnet,gamma_2p2_sensor_noise,exp_20260729,frost_cycle_000060,extreme,0.8500938141918398
efficientnet,gamma_2p2_sensor_noise,exp_20260729,frost_cycle_000060,extreme,0.8937676701275343
efficientnet,gamma_2p2_sensor_noise,exp_20260729,frost_cycle_000060,front,0.7808267998143553
efficientnet,gamma_2p2_sensor_noise,exp_20260729,frost_cycle_000060,front,0.8628857951843649
efficientnet,gamma_2p2_sensor_noise,exp_20260729,frost_cycle_000060,front,0.8553534842077702
efficientnet,gamma_2p2_sensor_noise,exp_20260729,frost_cycle_000060,left,0.82739192853687
efficientnet,gamma_2p2_sensor_noise,exp_20260729,frost_cycle_000060,left,0.8198558199431822
efficientnet,gamma_2p2_sensor_noise,exp_20260729,frost_cycle_000060,left,0.8917866749117497
efficientnet,gamma_2p2_sensor_noise,exp_20260729,frost_cycle_000060,left_close,0.8370943835911644
efficientnet,gamma_2p2_sensor_noise,exp_20260729,frost_cycle_000060,left_close,0.9141526957363434
efficientnet,gamma_2p2_sensor_noise,exp_20260729,frost_cycle_000060,left_close,0.9011781393399012
efficientnet,gamma_2p2_sensor_noise,exp_20260729,frost_cycle_000060,top,0.8105632577543969
efficientnet,gamma_2p2_sensor_noise,exp_20260729,frost_cycle_000060,top,0.8698488705435551
efficientnet,gamma_2p2_sensor_noise,exp_20260729,frost_cycle_000060,top,0.8949287889536703
efficientnet,gamma_2p2_sensor_noise,exp_20260729,frost_cycle_000060,top_close,0.8163299802597228
efficientnet,gamma_2p2_sensor_noise,exp_20260729,frost_cycle_000060,top_close,0.8599346539102499
efficientnet,gamma_2p2_sensor_noise,exp_20260729,frost_cycle_000060,top_close,0.8059855580218795
efficientnet,gamma_2p2_sensor_noise,exp_20260729,frost_cycle_000060,extreme,0.859149710020937
efficientnet,gamma_2p2_sensor_noise,exp_20260729,frost_cycle_000060,extreme,0.8383747016555891
efficientnet,gamma_2p2_sensor_noise,exp_20260729,frost_cycle_000060,extreme,0.8338003668456093
efficientnet,gamma_2p2_sensor_noise,exp_20260729,frost_cycle_000060,front,0.8692420420074426
efficientnet,gamma_2p2_sensor_noise,exp_20260729,frost_cycle_000060,front,0.9158196877358098
efficientnet,gamma_2p2_sensor_noise,exp_20260729,frost_cycle_000060,front,0.8897226841462299
efficientnet,gamma_2p2_sensor_noise,exp_20260729,frost_cycle_000060,left,0.9315157384352167
efficientnet,gamma_2p2_sensor_noise,exp_20260729,frost_cycle_000060,left,0.9077091674271411
efficientnet,gamma_2p2_sensor_noise,exp_20260729,frost_cycle_000060,left,0.9190128046314111
efficientnet,gamma_2p2_sensor_noise,exp_20260729,frost_cycle_000060,left_close,0.9511959235561606
efficientnet,gamma_2p2_sensor_noise,exp_20260729,frost_cycle_000060,left_close,0.9450204527469529
efficientnet,gamma_2p2_sensor_noise,exp_20260729,frost_cycle_000060,left_close,0.9443116083372568
efficientnet,gamma_2p2_sensor_noise,exp_20260729,frost_cycle_000060,top,0.8865483046031993
efficientnet,gamma_2p2_sensor_noise,exp_20260729,frost_cycle_000060,top,0.873483895593579
efficientnet,gamma_2p2_sensor_noise,exp_20260729,frost_cycle_000060,top,0.863216966883336
efficientnet,gamma_2p2_sensor_noise,exp_20260729,frost_cycle_000060,top_close,0.9456922293879589
efficientnet,gamma_2p2_sensor_noise,exp_20260729,frost_cycle_000060,top_close,0.9264595092793999
efficientnet,gamma_2p2_sensor_noise,exp_20260729,frost_cycle_000060,top_close,0.8326725084078692
efficientnet,gamma_2p2_sensor_noise,exp_20260729,frost_cycle_000061,extreme,0.8544429170892428
efficientnet,gamma_2p2_sensor_noise,exp_20260729,frost_cycle_000061,extreme,0.8690619699075398
efficientnet,gamma_2p2_sensor_noise,exp_20260729,frost_cycle_000061,extreme,0.89052448175679
efficientnet,gamma_2p2_sensor_noise,exp_20260729,frost_cycle_000061,front,0.8900110607245696
efficientnet,gamma_2p2_sensor_noise,exp_20260729,frost_cycle_000061,front,0.84386064171147
efficientnet,gamma_2p2_sensor_noise,exp_20260729,frost_cycle_000061,front,0.8331487970519187
efficientnet,gamma_2p2_sensor_noise,exp_20260729,frost_cycle_000061,left,0.9067029851607649
efficientnet,gamma_2p2_sensor_noise,exp_20260729,frost_cycle_000061,left,0.7525396212100631
efficientnet,gamma_2p2_sensor_noise,exp_20260729,frost_cycle_000061,left,0.8401147894829097
efficientnet,gamma_2p2_sensor_noise,exp_20260729,frost_cycle_000061,left_close,0.9448952985137395
efficientnet,gamma_2p2_sensor_noise,exp_20260729,frost_cycle_000061,left_close,0.8712859341304809
efficientnet,gamma_2p2_sensor_noise,exp_20260729,frost_cycle_000061,left_close,0.889854610382378
efficientnet,gamma_2p2_sensor_noise,exp_20260729,frost_cycle_000061,top,0.9053621338493997
efficientnet,gamma_2p2_sensor_noise,exp_20260729,frost_cycle_000061,top,0.8374106013979542
efficientnet,gamma_2p2_sensor_noise,exp_20260729,frost_cycle_000061,top,0.9012739925377918
efficientnet,gamma_2p2_sensor_noise,exp_20260729,frost_cycle_000061,top_close,0.9539632242872348
efficientnet,gamma_2p2_sensor_noise,exp_20260729,frost_cycle_000061,top_close,0.8548496040381368
efficientnet,gamma_2p2_sensor_noise,exp_20260729,frost_cycle_000061,top_close,0.8396072748953869
efficientnet,gamma_2p2_sensor_noise,exp_20260730,frost_cycle_000063,extreme,0.8672664689655711
efficientnet,gamma_2p2_sensor_noise,exp_20260730,frost_cycle_000063,extreme,0.8572677495460089
efficientnet,gamma_2p2_sensor_noise,exp_20260730,frost_cycle_000063,extreme,0.8824625628428792
efficientnet,gamma_2p2_sensor_noise,exp_20260730,frost_cycle_000063,front,0.8112940024128076
efficientnet,gamma_2p2_sensor_noise,exp_20260730,frost_cycle_000063,front,0.8668223368390304
efficientnet,gamma_2p2_sensor_noise,exp_20260730,frost_cycle_000063,front,0.8667434145438072
efficientnet,gamma_2p2_sensor_noise,exp_20260730,frost_cycle_000063,left,0.8127358854389819
efficientnet,gamma_2p2_sensor_noise,exp_20260730,frost_cycle_000063,left,0.7502880999434187
efficientnet,gamma_2p2_sensor_noise,exp_20260730,frost_cycle_000063,left,0.7460379640242208
efficientnet,gamma_2p2_sensor_noise,exp_20260730,frost_cycle_000063,left_close,0.8848210815465418
efficientnet,gamma_2p2_sensor_noise,exp_20260730,frost_cycle_000063,left_close,0.7892811648415168
efficientnet,gamma_2p2_sensor_noise,exp_20260730,frost_cycle_000063,left_close,0.8247566099471284
efficientnet,gamma_2p2_sensor_noise,exp_20260730,frost_cycle_000063,top,0.8434387251410655
efficientnet,gamma_2p2_sensor_noise,exp_20260730,frost_cycle_000063,top,0.8161081479808627
efficientnet,gamma_2p2_sensor_noise,exp_20260730,frost_cycle_000063,top,0.9094867626102087
efficientnet,gamma_2p2_sensor_noise,exp_20260730,frost_cycle_000063,top_close,0.839186968852964
efficientnet,gamma_2p2_sensor_noise,exp_20260730,frost_cycle_000063,top_close,0.8509353740822038
efficientnet,gamma_2p2_sensor_noise,exp_20260730,frost_cycle_000063,top_close,0.8162939722126608
efficientnet,gamma_2p2_sensor_noise,exp_20260730,frost_cycle_000063,extreme,0.8567846023771372
efficientnet,gamma_2p2_sensor_noise,exp_20260730,frost_cycle_000063,extreme,0.8700701739546293
efficientnet,gamma_2p2_sensor_noise,exp_20260730,frost_cycle_000063,extreme,0.8830071245328647
efficientnet,gamma_2p2_sensor_noise,exp_20260730,frost_cycle_000063,front,0.9028950744941248
efficientnet,gamma_2p2_sensor_noise,exp_20260730,frost_cycle_000063,front,0.9116095402047817
efficientnet,gamma_2p2_sensor_noise,exp_20260730,frost_cycle_000063,front,0.9188454980953598
efficientnet,gamma_2p2_sensor_noise,exp_20260730,frost_cycle_000063,left,0.7219976632869647
efficientnet,gamma_2p2_sensor_noise,exp_20260730,frost_cycle_000063,left,0.7294322461495123
efficientnet,gamma_2p2_sensor_noise,exp_20260730,frost_cycle_000063,left,0.7979063226846825
efficientnet,gamma_2p2_sensor_noise,exp_20260730,frost_cycle_000063,left_close,0.8993540492852564
efficientnet,gamma_2p2_sensor_noise,exp_20260730,frost_cycle_000063,left_close,0.8883611453002043
efficientnet,gamma_2p2_sensor_noise,exp_20260730,frost_cycle_000063,left_close,0.9063958112187018
efficientnet,gamma_2p2_sensor_noise,exp_20260730,frost_cycle_000063,top,0.8405744829617426
efficientnet,gamma_2p2_sensor_noise,exp_20260730,frost_cycle_000063,top,0.8550185151470124
efficientnet,gamma_2p2_sensor_noise,exp_20260730,frost_cycle_000063,top,0.8984941420071081
efficientnet,gamma_2p2_sensor_noise,exp_20260730,frost_cycle_000063,top_close,0.9348127439681257
efficientnet,gamma_2p2_sensor_noise,exp_20260730,frost_cycle_000063,top_close,0.9398758048731303
efficientnet,gamma_2p2_sensor_noise,exp_20260730,frost_cycle_000063,top_close,0.9546898936518986
efficientnet,gamma_2p2_sensor_noise,exp_20260730,frost_cycle_000064,extreme,0.8577231715647481
efficientnet,gamma_2p2_sensor_noise,exp_20260730,frost_cycle_000064,extreme,0.855061073401099
efficientnet,gamma_2p2_sensor_noise,exp_20260730,frost_cycle_000064,extreme,0.8785325040359573
efficientnet,gamma_2p2_sensor_noise,exp_20260730,frost_cycle_000064,front,0.7612949364215994
efficientnet,gamma_2p2_sensor_noise,exp_20260730,frost_cycle_000064,front,0.8489001945831207
efficientnet,gamma_2p2_sensor_noise,exp_20260730,frost_cycle_000064,front,0.8549504204490032
efficientnet,gamma_2p2_sensor_noise,exp_20260730,frost_cycle_000064,left,0.7512253567923491
efficientnet,gamma_2p2_sensor_noise,exp_20260730,frost_cycle_000064,left,0.7863046775676061
efficientnet,gamma_2p2_sensor_noise,exp_20260730,frost_cycle_000064,left,0.7638368550555638
efficientnet,gamma_2p2_sensor_noise,exp_20260730,frost_cycle_000064,left_close,0.890699996206488
efficientnet,gamma_2p2_sensor_noise,exp_20260730,frost_cycle_000064,left_close,0.8490269017731621
efficientnet,gamma_2p2_sensor_noise,exp_20260730,frost_cycle_000064,left_close,0.888339219535153
efficientnet,gamma_2p2_sensor_noise,exp_20260730,frost_cycle_000064,top,0.8312649013507345
efficientnet,gamma_2p2_sensor_noise,exp_20260730,frost_cycle_000064,top,0.8465878987051366
efficientnet,gamma_2p2_sensor_noise,exp_20260730,frost_cycle_000064,top,0.8730051411728709
efficientnet,gamma_2p2_sensor_noise,exp_20260730,frost_cycle_000064,top_close,0.7172170841549552
efficientnet,gamma_2p2_sensor_noise,exp_20260730,frost_cycle_000064,top_close,0.8620576875310245
efficientnet,gamma_2p2_sensor_noise,exp_20260730,frost_cycle_000064,top_close,0.7995475998093217
efficientnet,gamma_2p2_sensor_noise,exp_20260730,frost_cycle_000064,extreme,0.876854691596872
efficientnet,gamma_2p2_sensor_noise,exp_20260730,frost_cycle_000064,extreme,0.8617113335281743
efficientnet,gamma_2p2_sensor_noise,exp_20260730,frost_cycle_000064,extreme,0.8432895796252938
efficientnet,gamma_2p2_sensor_noise,exp_20260730,frost_cycle_000064,front,0.9112898545585222
efficientnet,gamma_2p2_sensor_noise,exp_20260730,frost_cycle_000064,front,0.8993951257483185
efficientnet,gamma_2p2_sensor_noise,exp_20260730,frost_cycle_000064,front,0.8876112215815674
efficientnet,gamma_2p2_sensor_noise,exp_20260730,frost_cycle_000064,left,0.8171537057477559
efficientnet,gamma_2p2_sensor_noise,exp_20260730,frost_cycle_000064,left,0.8093180387445459
efficientnet,gamma_2p2_sensor_noise,exp_20260730,frost_cycle_000064,left,0.8185809905376732
efficientnet,gamma_2p2_sensor_noise,exp_20260730,frost_cycle_000064,left_close,0.8826137242168414
efficientnet,gamma_2p2_sensor_noise,exp_20260730,frost_cycle_000064,left_close,0.8711356254790005
efficientnet,gamma_2p2_sensor_noise,exp_20260730,frost_cycle_000064,left_close,0.8807822564781176
efficientnet,gamma_2p2_sensor_noise,exp_20260730,frost_cycle_000064,top,0.9042078272585654
efficientnet,gamma_2p2_sensor_noise,exp_20260730,frost_cycle_000064,top,0.9026864528559608
efficientnet,gamma_2p2_sensor_noise,exp_20260730,frost_cycle_000064,top,0.8822623437322447
efficientnet,gamma_2p2_sensor_noise,exp_20260730,frost_cycle_000064,top_close,0.9453791796606644
efficientnet,gamma_2p2_sensor_noise,exp_20260730,frost_cycle_000064,top_close,0.9537229022504164
efficientnet,gamma_2p2_sensor_noise,exp_20260730,frost_cycle_000064,top_close,0.9357090354893357
efficientnet,gamma_2p2_sensor_noise,exp_20260730,frost_cycle_000065,extreme,0.855346481861845
efficientnet,gamma_2p2_sensor_noise,exp_20260730,frost_cycle_000065,extreme,0.8686818375315759
efficientnet,gamma_2p2_sensor_noise,exp_20260730,frost_cycle_000065,extreme,0.8509461371781222
efficientnet,gamma_2p2_sensor_noise,exp_20260730,frost_cycle_000065,front,0.9182260011628651
efficientnet,gamma_2p2_sensor_noise,exp_20260730,frost_cycle_000065,front,0.7696004945671872
efficientnet,gamma_2p2_sensor_noise,exp_20260730,frost_cycle_000065,front,0.857334534353145
efficientnet,gamma_2p2_sensor_noise,exp_20260730,frost_cycle_000065,left,0.7893208285094744
efficientnet,gamma_2p2_sensor_noise,exp_20260730,frost_cycle_000065,left,0.6856362500260846
efficientnet,gamma_2p2_sensor_noise,exp_20260730,frost_cycle_000065,left,0.7540118899221374
efficientnet,gamma_2p2_sensor_noise,exp_20260730,frost_cycle_000065,left_close,0.899046623266276
efficientnet,gamma_2p2_sensor_noise,exp_20260730,frost_cycle_000065,left_close,0.786418360150363
efficientnet,gamma_2p2_sensor_noise,exp_20260730,frost_cycle_000065,left_close,0.8628351240874753
efficientnet,gamma_2p2_sensor_noise,exp_20260730,frost_cycle_000065,top,0.8668751001260077
efficientnet,gamma_2p2_sensor_noise,exp_20260730,frost_cycle_000065,top,0.7791437663340294
efficientnet,gamma_2p2_sensor_noise,exp_20260730,frost_cycle_000065,top,0.8424464391965644
efficientnet,gamma_2p2_sensor_noise,exp_20260730,frost_cycle_000065,top_close,0.9641236743798212
efficientnet,gamma_2p2_sensor_noise,exp_20260730,frost_cycle_000065,top_close,0.8594244486476462
efficientnet,gamma_2p2_sensor_noise,exp_20260730,frost_cycle_000065,top_close,0.8564041025569366
efficientnet,gamma_2p2_sensor_noise,exp_20260730,frost_cycle_000066,extreme,0.8806147155644617
efficientnet,gamma_2p2_sensor_noise,exp_20260730,frost_cycle_000066,extreme,0.866103440669079
efficientnet,gamma_2p2_sensor_noise,exp_20260730,frost_cycle_000066,extreme,0.8657884419909934
efficientnet,gamma_2p2_sensor_noise,exp_20260730,frost_cycle_000066,front,0.7530115891037823
efficientnet,gamma_2p2_sensor_noise,exp_20260730,frost_cycle_000066,front,0.8526219992185232
efficientnet,gamma_2p2_sensor_noise,exp_20260730,frost_cycle_000066,front,0.8471274174693756
efficientnet,gamma_2p2_sensor_noise,exp_20260730,frost_cycle_000066,left,0.7496118455691269
efficientnet,gamma_2p2_sensor_noise,exp_20260730,frost_cycle_000066,left,0.7643911776302588
efficientnet,gamma_2p2_sensor_noise,exp_20260730,frost_cycle_000066,left,0.7034879630158316
efficientnet,gamma_2p2_sensor_noise,exp_20260730,frost_cycle_000066,left_close,0.8336877051182121
efficientnet,gamma_2p2_sensor_noise,exp_20260730,frost_cycle_000066,left_close,0.8403168654030765
efficientnet,gamma_2p2_sensor_noise,exp_20260730,frost_cycle_000066,left_close,0.7898356508154416
efficientnet,gamma_2p2_sensor_noise,exp_20260730,frost_cycle_000066,top,0.8572283855942149
efficientnet,gamma_2p2_sensor_noise,exp_20260730,frost_cycle_000066,top,0.851685996132361
efficientnet,gamma_2p2_sensor_noise,exp_20260730,frost_cycle_000066,top,0.9070551418774573
efficientnet,gamma_2p2_sensor_noise,exp_20260730,frost_cycle_000066,top_close,0.7104712563947877
efficientnet,gamma_2p2_sensor_noise,exp_20260730,frost_cycle_000066,top_close,0.8501426484446284
efficientnet,gamma_2p2_sensor_noise,exp_20260730,frost_cycle_000066,top_close,0.8418720766937673
efficientnet,gamma_2p2_sensor_noise,exp_20260730,frost_cycle_000066,extreme,0.8577159768443691
efficientnet,gamma_2p2_sensor_noise,exp_20260730,frost_cycle_000066,extreme,0.8573980425632657
efficientnet,gamma_2p2_sensor_noise,exp_20260730,frost_cycle_000066,extreme,0.8510062669809471
efficientnet,gamma_2p2_sensor_noise,exp_20260730,frost_cycle_000066,front,0.9426054060556824
efficientnet,gamma_2p2_sensor_noise,exp_20260730,frost_cycle_000066,front,0.944212890741736
efficientnet,gamma_2p2_sensor_noise,exp_20260730,frost_cycle_000066,front,0.9089506793008821
efficientnet,gamma_2p2_sensor_noise,exp_20260730,frost_cycle_000066,left,0.7749685874287189
efficientnet,gamma_2p2_sensor_noise,exp_20260730,frost_cycle_000066,left,0.7704161545568355
efficientnet,gamma_2p2_sensor_noise,exp_20260730,frost_cycle_000066,left,0.7484018951517846
efficientnet,gamma_2p2_sensor_noise,exp_20260730,frost_cycle_000066,left_close,0.9196886535821974
efficientnet,gamma_2p2_sensor_noise,exp_20260730,frost_cycle_000066,left_close,0.9250701850491542
efficientnet,gamma_2p2_sensor_noise,exp_20260730,frost_cycle_000066,left_close,0.9186095946293441
efficientnet,gamma_2p2_sensor_noise,exp_20260730,frost_cycle_000066,top,0.9006772069497685
efficientnet,gamma_2p2_sensor_noise,exp_20260730,frost_cycle_000066,top,0.9098202301753023
efficientnet,gamma_2p2_sensor_noise,exp_20260730,frost_cycle_000066,top,0.8896554515679113
efficientnet,gamma_2p2_sensor_noise,exp_20260730,frost_cycle_000066,top_close,0.9548722554479294
efficientnet,gamma_2p2_sensor_noise,exp_20260730,frost_cycle_000066,top_close,0.9571295912866655
efficientnet,gamma_2p2_sensor_noise,exp_20260730,frost_cycle_000066,top_close,0.9303093899286268
efficientnet,gamma_2p2_sensor_noise,exp_20260730,frost_cycle_000067,extreme,0.851327212904472
efficientnet,gamma_2p2_sensor_noise,exp_20260730,frost_cycle_000067,extreme,0.8320488327222202
efficientnet,gamma_2p2_sensor_noise,exp_20260730,frost_cycle_000067,extreme,0.888327522415017
efficientnet,gamma_2p2_sensor_noise,exp_20260730,frost_cycle_000067,front,0.7371274750583596
efficientnet,gamma_2p2_sensor_noise,exp_20260730,frost_cycle_000067,front,0.8540173372699312
efficientnet,gamma_2p2_sensor_noise,exp_20260730,frost_cycle_000067,front,0.8372001564913976
efficientnet,gamma_2p2_sensor_noise,exp_20260730,frost_cycle_000067,left,0.7483139057616349
efficientnet,gamma_2p2_sensor_noise,exp_20260730,frost_cycle_000067,left,0.813068288976803
efficientnet,gamma_2p2_sensor_noise,exp_20260730,frost_cycle_000067,left,0.7518798775956436
efficientnet,gamma_2p2_sensor_noise,exp_20260730,frost_cycle_000067,left_close,0.7896369729336175
efficientnet,gamma_2p2_sensor_noise,exp_20260730,frost_cycle_000067,left_close,0.857232598101355
efficientnet,gamma_2p2_sensor_noise,exp_20260730,frost_cycle_000067,left_close,0.8775100334421658
efficientnet,gamma_2p2_sensor_noise,exp_20260730,frost_cycle_000067,top,0.7985987554416369
efficientnet,gamma_2p2_sensor_noise,exp_20260730,frost_cycle_000067,top,0.8608739089938551
efficientnet,gamma_2p2_sensor_noise,exp_20260730,frost_cycle_000067,top,0.8956781961417087
efficientnet,gamma_2p2_sensor_noise,exp_20260730,frost_cycle_000067,top_close,0.7463537204434789
efficientnet,gamma_2p2_sensor_noise,exp_20260730,frost_cycle_000067,top_close,0.8634693471772233
efficientnet,gamma_2p2_sensor_noise,exp_20260730,frost_cycle_000067,top_close,0.8414182720402429
efficientnet,gamma_2p2_sensor_noise,exp_20260730,frost_cycle_000067,extreme,0.8594110465608257
efficientnet,gamma_2p2_sensor_noise,exp_20260730,frost_cycle_000067,extreme,0.8712322572734577
efficientnet,gamma_2p2_sensor_noise,exp_20260730,frost_cycle_000067,extreme,0.8467731834187183
efficientnet,gamma_2p2_sensor_noise,exp_20260730,frost_cycle_000067,front,0.9175103106239209
efficientnet,gamma_2p2_sensor_noise,exp_20260730,frost_cycle_000067,front,0.9510888811671141
efficientnet,gamma_2p2_sensor_noise,exp_20260730,frost_cycle_000067,front,0.9309135155874009
efficientnet,gamma_2p2_sensor_noise,exp_20260730,frost_cycle_000067,left,0.7713947058094678
efficientnet,gamma_2p2_sensor_noise,exp_20260730,frost_cycle_000067,left,0.7456273576001503
efficientnet,gamma_2p2_sensor_noise,exp_20260730,frost_cycle_000067,left,0.7873501164784418
efficientnet,gamma_2p2_sensor_noise,exp_20260730,frost_cycle_000067,left_close,0.9218778952703459
efficientnet,gamma_2p2_sensor_noise,exp_20260730,frost_cycle_000067,left_close,0.9249124733740324
efficientnet,gamma_2p2_sensor_noise,exp_20260730,frost_cycle_000067,left_close,0.9044775307944379
efficientnet,gamma_2p2_sensor_noise,exp_20260730,frost_cycle_000067,top,0.9043664842652288
efficientnet,gamma_2p2_sensor_noise,exp_20260730,frost_cycle_000067,top,0.898305841644842
efficientnet,gamma_2p2_sensor_noise,exp_20260730,frost_cycle_000067,top,0.8709586112175018
efficientnet,gamma_2p2_sensor_noise,exp_20260730,frost_cycle_000067,top_close,0.9575354381553955
efficientnet,gamma_2p2_sensor_noise,exp_20260730,frost_cycle_000067,top_close,0.9428902018111894
efficientnet,gamma_2p2_sensor_noise,exp_20260730,frost_cycle_000067,top_close,0.912302333965985
efficientnet,gamma_2p2_sensor_noise,exp_20260730,frost_cycle_000068,extreme,0.8493785466130005
efficientnet,gamma_2p2_sensor_noise,exp_20260730,frost_cycle_000068,extreme,0.8682080424805227
efficientnet,gamma_2p2_sensor_noise,exp_20260730,frost_cycle_000068,extreme,0.8930321743097523
efficientnet,gamma_2p2_sensor_noise,exp_20260730,frost_cycle_000068,front,0.905580719442192
efficientnet,gamma_2p2_sensor_noise,exp_20260730,frost_cycle_000068,front,0.7767363219135638
efficientnet,gamma_2p2_sensor_noise,exp_20260730,frost_cycle_000068,front,0.8258019197421023
efficientnet,gamma_2p2_sensor_noise,exp_20260730,frost_cycle_000068,left,0.7826126801573451
efficientnet,gamma_2p2_sensor_noise,exp_20260730,frost_cycle_000068,left,0.6681863129741723
efficientnet,gamma_2p2_sensor_noise,exp_20260730,frost_cycle_000068,left,0.800475765645019
efficientnet,gamma_2p2_sensor_noise,exp_20260730,frost_cycle_000068,left_close,0.9194349855963928
efficientnet,gamma_2p2_sensor_noise,exp_20260730,frost_cycle_000068,left_close,0.8154959949969814
efficientnet,gamma_2p2_sensor_noise,exp_20260730,frost_cycle_000068,left_close,0.8823758243496954
efficientnet,gamma_2p2_sensor_noise,exp_20260730,frost_cycle_000068,top,0.8989377750193602
efficientnet,gamma_2p2_sensor_noise,exp_20260730,frost_cycle_000068,top,0.7545283952866753
efficientnet,gamma_2p2_sensor_noise,exp_20260730,frost_cycle_000068,top,0.8823014049055937
efficientnet,gamma_2p2_sensor_noise,exp_20260730,frost_cycle_000068,top_close,0.9561541364683509
efficientnet,gamma_2p2_sensor_noise,exp_20260730,frost_cycle_000068,top_close,0.8376639672459054
efficientnet,gamma_2p2_sensor_noise,exp_20260730,frost_cycle_000068,top_close,0.832444928013053
efficientnet,gamma_2p2_sensor_noise,exp_20260731,frost_cycle_000070,extreme,0.8278129162342447
efficientnet,gamma_2p2_sensor_noise,exp_20260731,frost_cycle_000070,extreme,0.8819403256851243
efficientnet,gamma_2p2_sensor_noise,exp_20260731,frost_cycle_000070,extreme,0.857674752973573
efficientnet,gamma_2p2_sensor_noise,exp_20260731,frost_cycle_000070,front,0.9146696473101696
efficientnet,gamma_2p2_sensor_noise,exp_20260731,frost_cycle_000070,front,0.8897542160727666
efficientnet,gamma_2p2_sensor_noise,exp_20260731,frost_cycle_000070,front,0.9075036157119649
efficientnet,gamma_2p2_sensor_noise,exp_20260731,frost_cycle_000070,left,0.6861131895398933
efficientnet,gamma_2p2_sensor_noise,exp_20260731,frost_cycle_000070,left,0.7568269803386637
efficientnet,gamma_2p2_sensor_noise,exp_20260731,frost_cycle_000070,left,0.8002762626992095
efficientnet,gamma_2p2_sensor_noise,exp_20260731,frost_cycle_000070,left_close,0.8412466354337209
efficientnet,gamma_2p2_sensor_noise,exp_20260731,frost_cycle_000070,left_close,0.9271808776797418
efficientnet,gamma_2p2_sensor_noise,exp_20260731,frost_cycle_000070,left_close,0.9190556574588444
efficientnet,gamma_2p2_sensor_noise,exp_20260731,frost_cycle_000070,top,0.782733448679489
efficientnet,gamma_2p2_sensor_noise,exp_20260731,frost_cycle_000070,top,0.8729204474353904
efficientnet,gamma_2p2_sensor_noise,exp_20260731,frost_cycle_000070,top,0.8958153920046881
efficientnet,gamma_2p2_sensor_noise,exp_20260731,frost_cycle_000070,top_close,0.9442044043669887
efficientnet,gamma_2p2_sensor_noise,exp_20260731,frost_cycle_000070,top_close,0.9591264709910028
efficientnet,gamma_2p2_sensor_noise,exp_20260731,frost_cycle_000070,top_close,0.9192871936706759
efficientnet,gamma_2p2_sensor_noise,exp_20260731,frost_cycle_000071,extreme,0.8642825615937085
efficientnet,gamma_2p2_sensor_noise,exp_20260731,frost_cycle_000071,extreme,0.8497246289142512
efficientnet,gamma_2p2_sensor_noise,exp_20260731,frost_cycle_000071,extreme,0.8486284048683741
efficientnet,gamma_2p2_sensor_noise,exp_20260731,frost_cycle_000071,front,0.89444466202308
efficientnet,gamma_2p2_sensor_noise,exp_20260731,frost_cycle_000071,front,0.8867591660891341
efficientnet,gamma_2p2_sensor_noise,exp_20260731,frost_cycle_000071,front,0.7426383563939885
efficientnet,gamma_2p2_sensor_noise,exp_20260731,frost_cycle_000071,left,0.801186745460088
efficientnet,gamma_2p2_sensor_noise,exp_20260731,frost_cycle_000071,left,0.7831041098753669
efficientnet,gamma_2p2_sensor_noise,exp_20260731,frost_cycle_000071,left,0.7639339422221101
efficientnet,gamma_2p2_sensor_noise,exp_20260731,frost_cycle_000071,left_close,0.9225403453048459
efficientnet,gamma_2p2_sensor_noise,exp_20260731,frost_cycle_000071,left_close,0.9069474717974412
efficientnet,gamma_2p2_sensor_noise,exp_20260731,frost_cycle_000071,left_close,0.8446984981755336
efficientnet,gamma_2p2_sensor_noise,exp_20260731,frost_cycle_000071,top,0.8685515586395273
efficientnet,gamma_2p2_sensor_noise,exp_20260731,frost_cycle_000071,top,0.835578391078141
efficientnet,gamma_2p2_sensor_noise,exp_20260731,frost_cycle_000071,top,0.7881908847503172
efficientnet,gamma_2p2_sensor_noise,exp_20260731,frost_cycle_000071,top_close,0.9368073709109379
efficientnet,gamma_2p2_sensor_noise,exp_20260731,frost_cycle_000071,top_close,0.7273537450916414
efficientnet,gamma_2p2_sensor_noise,exp_20260731,frost_cycle_000071,top_close,0.8263056351355119
efficientnet,gamma_2p2_sensor_noise,exp_20260731,frost_cycle_000072,extreme,0.840768840112889
efficientnet,gamma_2p2_sensor_noise,exp_20260731,frost_cycle_000072,extreme,0.8745737976367446
efficientnet,gamma_2p2_sensor_noise,exp_20260731,frost_cycle_000072,extreme,0.8752119801365973
efficientnet,gamma_2p2_sensor_noise,exp_20260731,frost_cycle_000072,front,0.7632537199439915
efficientnet,gamma_2p2_sensor_noise,exp_20260731,frost_cycle_000072,front,0.8283168773456538
efficientnet,gamma_2p2_sensor_noise,exp_20260731,frost_cycle_000072,front,0.8410440669389748
efficientnet,gamma_2p2_sensor_noise,exp_20260731,frost_cycle_000072,left,0.7492452891852018
efficientnet,gamma_2p2_sensor_noise,exp_20260731,frost_cycle_000072,left,0.8128426847632014
efficientnet,gamma_2p2_sensor_noise,exp_20260731,frost_cycle_000072,left,0.7661420182922695
efficientnet,gamma_2p2_sensor_noise,exp_20260731,frost_cycle_000072,left_close,0.8293008763058426
efficientnet,gamma_2p2_sensor_noise,exp_20260731,frost_cycle_000072,left_close,0.8433086063304506
efficientnet,gamma_2p2_sensor_noise,exp_20260731,frost_cycle_000072,left_close,0.8756072640618754
efficientnet,gamma_2p2_sensor_noise,exp_20260731,frost_cycle_000072,top,0.7815852916495741
efficientnet,gamma_2p2_sensor_noise,exp_20260731,frost_cycle_000072,top,0.8546465806599549
efficientnet,gamma_2p2_sensor_noise,exp_20260731,frost_cycle_000072,top,0.9082948882980526
efficientnet,gamma_2p2_sensor_noise,exp_20260731,frost_cycle_000072,top_close,0.8536445655067204
efficientnet,gamma_2p2_sensor_noise,exp_20260731,frost_cycle_000072,top_close,0.8607586497151835
efficientnet,gamma_2p2_sensor_noise,exp_20260731,frost_cycle_000072,top_close,0.8642463269309056
efficientnet,gamma_2p2_sensor_noise,exp_20260731,frost_cycle_000072,extreme,0.8674498064382092
efficientnet,gamma_2p2_sensor_noise,exp_20260731,frost_cycle_000072,extreme,0.8529712475517486
efficientnet,gamma_2p2_sensor_noise,exp_20260731,frost_cycle_000072,extreme,0.8258643777154803
efficientnet,gamma_2p2_sensor_noise,exp_20260731,frost_cycle_000072,front,0.9092435290621983
efficientnet,gamma_2p2_sensor_noise,exp_20260731,frost_cycle_000072,front,0.8997597222934499
efficientnet,gamma_2p2_sensor_noise,exp_20260731,frost_cycle_000072,front,0.9016764787237531
efficientnet,gamma_2p2_sensor_noise,exp_20260731,frost_cycle_000072,left,0.7686965532045054
efficientnet,gamma_2p2_sensor_noise,exp_20260731,frost_cycle_000072,left,0.7685535356706797
efficientnet,gamma_2p2_sensor_noise,exp_20260731,frost_cycle_000072,left,0.7522146399024758
efficientnet,gamma_2p2_sensor_noise,exp_20260731,frost_cycle_000072,left_close,0.9183010555614768
efficientnet,gamma_2p2_sensor_noise,exp_20260731,frost_cycle_000072,left_close,0.9108103322732535
efficientnet,gamma_2p2_sensor_noise,exp_20260731,frost_cycle_000072,left_close,0.8888039759122838
efficientnet,gamma_2p2_sensor_noise,exp_20260731,frost_cycle_000072,top,0.8761331466858381
efficientnet,gamma_2p2_sensor_noise,exp_20260731,frost_cycle_000072,top,0.885372851333483
efficientnet,gamma_2p2_sensor_noise,exp_20260731,frost_cycle_000072,top,0.8782243005109709
efficientnet,gamma_2p2_sensor_noise,exp_20260731,frost_cycle_000072,top_close,0.9545736367730355
efficientnet,gamma_2p2_sensor_noise,exp_20260731,frost_cycle_000072,top_close,0.953652686212241
efficientnet,gamma_2p2_sensor_noise,exp_20260731,frost_cycle_000072,top_close,0.928555641133493
efficientnet,gamma_2p2_sensor_noise,exp_20260731,frost_cycle_000073,extreme,0.8476645134689217
efficientnet,gamma_2p2_sensor_noise,exp_20260731,frost_cycle_000073,extreme,0.8516672551472865
efficientnet,gamma_2p2_sensor_noise,exp_20260731,frost_cycle_000073,extreme,0.8382701440813057
efficientnet,gamma_2p2_sensor_noise,exp_20260731,frost_cycle_000073,front,0.7889719492099467
efficientnet,gamma_2p2_sensor_noise,exp_20260731,frost_cycle_000073,front,0.8894268581906549
efficientnet,gamma_2p2_sensor_noise,exp_20260731,frost_cycle_000073,front,0.8613813313364732
efficientnet,gamma_2p2_sensor_noise,exp_20260731,frost_cycle_000073,left,0.7446461298111329
efficientnet,gamma_2p2_sensor_noise,exp_20260731,frost_cycle_000073,left,0.8066345360692841
efficientnet,gamma_2p2_sensor_noise,exp_20260731,frost_cycle_000073,left,0.7706062089059779
efficientnet,gamma_2p2_sensor_noise,exp_20260731,frost_cycle_000073,left_close,0.8749572106627692
efficientnet,gamma_2p2_sensor_noise,exp_20260731,frost_cycle_000073,left_close,0.8636441160800515
efficientnet,gamma_2p2_sensor_noise,exp_20260731,frost_cycle_000073,left_close,0.9078303631483056
efficientnet,gamma_2p2_sensor_noise,exp_20260731,frost_cycle_000073,top,0.7907024270005196
efficientnet,gamma_2p2_sensor_noise,exp_20260731,frost_cycle_000073,top,0.8692483899847335
efficientnet,gamma_2p2_sensor_noise,exp_20260731,frost_cycle_000073,top,0.876617072320803
efficientnet,gamma_2p2_sensor_noise,exp_20260731,frost_cycle_000073,top_close,0.7847866838969692
efficientnet,gamma_2p2_sensor_noise,exp_20260731,frost_cycle_000073,top_close,0.8823987990014439
efficientnet,gamma_2p2_sensor_noise,exp_20260731,frost_cycle_000073,top_close,0.823833667413434
efficientnet,gamma_2p2_sensor_noise,exp_20260731,frost_cycle_000073,extreme,0.8549608021492446
efficientnet,gamma_2p2_sensor_noise,exp_20260731,frost_cycle_000073,extreme,0.8523075660783176
efficientnet,gamma_2p2_sensor_noise,exp_20260731,frost_cycle_000073,extreme,0.8233176955268751
efficientnet,gamma_2p2_sensor_noise,exp_20260731,frost_cycle_000073,front,0.8619508369215428
efficientnet,gamma_2p2_sensor_noise,exp_20260731,frost_cycle_000073,front,0.8917809354545874
efficientnet,gamma_2p2_sensor_noise,exp_20260731,frost_cycle_000073,front,0.9181466502492198
efficientnet,gamma_2p2_sensor_noise,exp_20260731,frost_cycle_000073,left,0.7100384282912905
efficientnet,gamma_2p2_sensor_noise,exp_20260731,frost_cycle_000073,left,0.7958376880670354
efficientnet,gamma_2p2_sensor_noise,exp_20260731,frost_cycle_000073,left,0.7751112714725737
efficientnet,gamma_2p2_sensor_noise,exp_20260731,frost_cycle_000073,left_close,0.9363236461211862
efficientnet,gamma_2p2_sensor_noise,exp_20260731,frost_cycle_000073,left_close,0.929465543959759
efficientnet,gamma_2p2_sensor_noise,exp_20260731,frost_cycle_000073,left_close,0.9342457412399732
efficientnet,gamma_2p2_sensor_noise,exp_20260731,frost_cycle_000073,top,0.9120714444353528
efficientnet,gamma_2p2_sensor_noise,exp_20260731,frost_cycle_000073,top,0.9082922243744168
efficientnet,gamma_2p2_sensor_noise,exp_20260731,frost_cycle_000073,top,0.8936299143996886
efficientnet,gamma_2p2_sensor_noise,exp_20260731,frost_cycle_000073,top_close,0.9558059841519015
efficientnet,gamma_2p2_sensor_noise,exp_20260731,frost_cycle_000073,top_close,0.9531136486667673
efficientnet,gamma_2p2_sensor_noise,exp_20260731,frost_cycle_000073,top_close,0.9411892514636244
efficientnet,gamma_2p2_sensor_noise,exp_20260731,frost_cycle_000074,extreme,0.9083882781683033
efficientnet,gamma_2p2_sensor_noise,exp_20260731,frost_cycle_000074,extreme,0.9083882781683033
efficientnet,gamma_2p2_sensor_noise,exp_20260731,frost_cycle_000074,extreme,0.9180441830423233
efficientnet,gamma_2p2_sensor_noise,exp_20260731,frost_cycle_000074,front,0.9522388974940156
efficientnet,gamma_2p2_sensor_noise,exp_20260731,frost_cycle_000074,front,0.9553064435365168
efficientnet,gamma_2p2_sensor_noise,exp_20260731,frost_cycle_000074,front,0.9371128856825924
efficientnet,gamma_2p2_sensor_noise,exp_20260731,frost_cycle_000074,left,0.9296416745246568
efficientnet,gamma_2p2_sensor_noise,exp_20260731,frost_cycle_000074,left,0.8674840908195669
efficientnet,gamma_2p2_sensor_noise,exp_20260731,frost_cycle_000074,left,0.9018930438826891
efficientnet,gamma_2p2_sensor_noise,exp_20260731,frost_cycle_000074,left_close,0.8974558145272886
efficientnet,gamma_2p2_sensor_noise,exp_20260731,frost_cycle_000074,left_close,0.8854791180076739
efficientnet,gamma_2p2_sensor_noise,exp_20260731,frost_cycle_000074,left_close,0.9232669667763264
efficientnet,gamma_2p2_sensor_noise,exp_20260731,frost_cycle_000074,top,0.9028771716815143
efficientnet,gamma_2p2_sensor_noise,exp_20260731,frost_cycle_000074,top,0.8768046558170681
efficientnet,gamma_2p2_sensor_noise,exp_20260731,frost_cycle_000074,top,0.8640080532091599
efficientnet,gamma_2p2_sensor_noise,exp_20260731,frost_cycle_000074,top_close,0.9303900027303741
efficientnet,gamma_2p2_sensor_noise,exp_20260731,frost_cycle_000074,top_close,0.9224047711617949
efficientnet,gamma_2p2_sensor_noise,exp_20260731,frost_cycle_000074,top_close,0.9392303286790958
efficientnet,gamma_2p2_sensor_noise,exp_20260731,frost_cycle_000075,extreme,0.8613354276801477
efficientnet,gamma_2p2_sensor_noise,exp_20260731,frost_cycle_000075,extreme,0.8365082278836654
efficientnet,gamma_2p2_sensor_noise,exp_20260731,frost_cycle_000075,extreme,0.8661539111688243
efficientnet,gamma_2p2_sensor_noise,exp_20260731,frost_cycle_000075,front,0.7857258393817005
efficientnet,gamma_2p2_sensor_noise,exp_20260731,frost_cycle_000075,front,0.8751320617822361
efficientnet,gamma_2p2_sensor_noise,exp_20260731,frost_cycle_000075,front,0.8815927905830095
efficientnet,gamma_2p2_sensor_noise,exp_20260731,frost_cycle_000075,left,0.798044251985273
efficientnet,gamma_2p2_sensor_noise,exp_20260731,frost_cycle_000075,left,0.7856212971957194
efficientnet,gamma_2p2_sensor_noise,exp_20260731,frost_cycle_000075,left,0.8457665030529705
efficientnet,gamma_2p2_sensor_noise,exp_20260731,frost_cycle_000075,left_close,0.6675233076852751
efficientnet,gamma_2p2_sensor_noise,exp_20260731,frost_cycle_000075,left_close,0.6915839798977814
efficientnet,gamma_2p2_sensor_noise,exp_20260731,frost_cycle_000075,left_close,0.7979844623224184
efficientnet,gamma_2p2_sensor_noise,exp_20260731,frost_cycle_000075,top,0.887411615814704
efficientnet,gamma_2p2_sensor_noise,exp_20260731,frost_cycle_000075,top,0.8583843101076032
efficientnet,gamma_2p2_sensor_noise,exp_20260731,frost_cycle_000075,top,0.8792296414258877
efficientnet,gamma_2p2_sensor_noise,exp_20260731,frost_cycle_000075,top_close,0.6944780926314117
efficientnet,gamma_2p2_sensor_noise,exp_20260731,frost_cycle_000075,top_close,0.8264422923654454
efficientnet,gamma_2p2_sensor_noise,exp_20260731,frost_cycle_000075,top_close,0.8490213149362553
efficientnet,gamma_2p2_sensor_noise,exp_20260731,frost_cycle_000075,extreme,0.8929797933006156
efficientnet,gamma_2p2_sensor_noise,exp_20260731,frost_cycle_000075,extreme,0.882522278222053
efficientnet,gamma_2p2_sensor_noise,exp_20260731,frost_cycle_000075,extreme,0.8830476033349928
efficientnet,gamma_2p2_sensor_noise,exp_20260731,frost_cycle_000075,front,0.9366448890828134
efficientnet,gamma_2p2_sensor_noise,exp_20260731,frost_cycle_000075,front,0.9288222379582233
efficientnet,gamma_2p2_sensor_noise,exp_20260731,frost_cycle_000075,front,0.8957389820652969
efficientnet,gamma_2p2_sensor_noise,exp_20260731,frost_cycle_000075,left,0.8658791657789051
efficientnet,gamma_2p2_sensor_noise,exp_20260731,frost_cycle_000075,left,0.8660098630004867
efficientnet,gamma_2p2_sensor_noise,exp_20260731,frost_cycle_000075,left,0.8678003987800248
efficientnet,gamma_2p2_sensor_noise,exp_20260731,frost_cycle_000075,left_close,0.9256311931095765
efficientnet,gamma_2p2_sensor_noise,exp_20260731,frost_cycle_000075,left_close,0.9289192285592317
efficientnet,gamma_2p2_sensor_noise,exp_20260731,frost_cycle_000075,left_close,0.8957053080227606
efficientnet,gamma_2p2_sensor_noise,exp_20260731,frost_cycle_000075,top,0.8527748553842647
efficientnet,gamma_2p2_sensor_noise,exp_20260731,frost_cycle_000075,top,0.8871986462867999
efficientnet,gamma_2p2_sensor_noise,exp_20260731,frost_cycle_000075,top,0.9270494316642184
efficientnet,gamma_2p2_sensor_noise,exp_20260731,frost_cycle_000075,top_close,0.9426939910322987
efficientnet,gamma_2p2_sensor_noise,exp_20260731,frost_cycle_000075,top_close,0.9575693268532005
efficientnet,gamma_2p2_sensor_noise,exp_20260731,frost_cycle_000075,top_close,0.9529799633138121
efficientnet,gamma_2p2_sensor_noise,exp_20260731,frost_cycle_000076,extreme,0.8653848668430932
efficientnet,gamma_2p2_sensor_noise,exp_20260731,frost_cycle_000076,extreme,0.8535787117123363
efficientnet,gamma_2p2_sensor_noise,exp_20260731,frost_cycle_000076,extreme,0.88232776886232
efficientnet,gamma_2p2_sensor_noise,exp_20260731,frost_cycle_000076,front,0.9285169751251845
efficientnet,gamma_2p2_sensor_noise,exp_20260731,frost_cycle_000076,front,0.7460311718934556
efficientnet,gamma_2p2_sensor_noise,exp_20260731,frost_cycle_000076,front,0.856239684922526
efficientnet,gamma_2p2_sensor_noise,exp_20260731,frost_cycle_000076,left,0.8989344261459032
efficientnet,gamma_2p2_sensor_noise,exp_20260731,frost_cycle_000076,left,0.8022347758290373
efficientnet,gamma_2p2_sensor_noise,exp_20260731,frost_cycle_000076,left,0.8324572148429122
efficientnet,gamma_2p2_sensor_noise,exp_20260731,frost_cycle_000076,left_close,0.8972834742468152
efficientnet,gamma_2p2_sensor_noise,exp_20260731,frost_cycle_000076,left_close,0.708297799389672
efficientnet,gamma_2p2_sensor_noise,exp_20260731,frost_cycle_000076,left_close,0.8096084149997698
efficientnet,gamma_2p2_sensor_noise,exp_20260731,frost_cycle_000076,top,0.9130591355392407
efficientnet,gamma_2p2_sensor_noise,exp_20260731,frost_cycle_000076,top,0.8458259712783897
efficientnet,gamma_2p2_sensor_noise,exp_20260731,frost_cycle_000076,top,0.8543689304982167
efficientnet,gamma_2p2_sensor_noise,exp_20260731,frost_cycle_000076,top_close,0.9556516155752682
efficientnet,gamma_2p2_sensor_noise,exp_20260731,frost_cycle_000076,top_close,0.679451499259328
efficientnet,gamma_2p2_sensor_noise,exp_20260731,frost_cycle_000076,top_close,0.850395203550439
dinov2,gamma_1p8_vignette,exp_20260729,frost_cycle_000060,extreme,0.9473936501453138
dinov2,gamma_1p8_vignette,exp_20260729,frost_cycle_000060,extreme,0.9401921601450584
dinov2,gamma_1p8_vignette,exp_20260729,frost_cycle_000060,extreme,0.9350954691138419
dinov2,gamma_1p8_vignette,exp_20260729,frost_cycle_000060,front,0.8863742437358153
dinov2,gamma_1p8_vignette,exp_20260729,frost_cycle_000060,front,0.8790238037159491
dinov2,gamma_1p8_vignette,exp_20260729,frost_cycle_000060,front,0.9047306142862391
dinov2,gamma_1p8_vignette,exp_20260729,frost_cycle_000060,left,0.9357457625092145
dinov2,gamma_1p8_vignette,exp_20260729,frost_cycle_000060,left,0.8986054038774667
dinov2,gamma_1p8_vignette,exp_20260729,frost_cycle_000060,left,0.9130522785768009
dinov2,gamma_1p8_vignette,exp_20260729,frost_cycle_000060,left_close,0.9320120504052026
dinov2,gamma_1p8_vignette,exp_20260729,frost_cycle_000060,left_close,0.8979021359623638
dinov2,gamma_1p8_vignette,exp_20260729,frost_cycle_000060,left_close,0.9207138549543041
dinov2,gamma_1p8_vignette,exp_20260729,frost_cycle_000060,top,0.9167390266966435
dinov2,gamma_1p8_vignette,exp_20260729,frost_cycle_000060,top,0.9090431435186654
dinov2,gamma_1p8_vignette,exp_20260729,frost_cycle_000060,top,0.9130275881013842
dinov2,gamma_1p8_vignette,exp_20260729,frost_cycle_000060,top_close,0.9081290086991348
dinov2,gamma_1p8_vignette,exp_20260729,frost_cycle_000060,top_close,0.8972911746265373
dinov2,gamma_1p8_vignette,exp_20260729,frost_cycle_000060,top_close,0.8823061717004561
dinov2,gamma_1p8_vignette,exp_20260729,frost_cycle_000060,extreme,0.9547174680699523
dinov2,gamma_1p8_vignette,exp_20260729,frost_cycle_000060,extreme,0.954976784881998
dinov2,gamma_1p8_vignette,exp_20260729,frost_cycle_000060,extreme,0.9497634030437384
dinov2,gamma_1p8_vignette,exp_20260729,frost_cycle_000060,front,0.7872420283219793
dinov2,gamma_1p8_vignette,exp_20260729,frost_cycle_000060,front,0.7940166447733592
dinov2,gamma_1p8_vignette,exp_20260729,frost_cycle_000060,front,0.7861151308275323
dinov2,gamma_1p8_vignette,exp_20260729,frost_cycle_000060,left,0.934697378106677
dinov2,gamma_1p8_vignette,exp_20260729,frost_cycle_000060,left,0.9454425690008468
dinov2,gamma_1p8_vignette,exp_20260729,frost_cycle_000060,left,0.9508522473317015
dinov2,gamma_1p8_vignette,exp_20260729,frost_cycle_000060,left_close,0.9298471738742571
dinov2,gamma_1p8_vignette,exp_20260729,frost_cycle_000060,left_close,0.9421281843497609
dinov2,gamma_1p8_vignette,exp_20260729,frost_cycle_000060,left_close,0.9395740866433326
dinov2,gamma_1p8_vignette,exp_20260729,frost_cycle_000060,top,0.8757624930228173
dinov2,gamma_1p8_vignette,exp_20260729,frost_cycle_000060,top,0.8915245619315719
dinov2,gamma_1p8_vignette,exp_20260729,frost_cycle_000060,top,0.90270962438874
dinov2,gamma_1p8_vignette,exp_20260729,frost_cycle_000060,top_close,0.9002883739955709
dinov2,gamma_1p8_vignette,exp_20260729,frost_cycle_000060,top_close,0.8794588912488763
dinov2,gamma_1p8_vignette,exp_20260729,frost_cycle_000060,top_close,0.9122675915712524
dinov2,gamma_1p8_vignette,exp_20260729,frost_cycle_000061,extreme,0.9427147634072235
dinov2,gamma_1p8_vignette,exp_20260729,frost_cycle_000061,extreme,0.9464738886929399
dinov2,gamma_1p8_vignette,exp_20260729,frost_cycle_000061,extreme,0.9455687941418557
dinov2,gamma_1p8_vignette,exp_20260729,frost_cycle_000061,front,0.8209371364451877
dinov2,gamma_1p8_vignette,exp_20260729,frost_cycle_000061,front,0.9148492749900113
dinov2,gamma_1p8_vignette,exp_20260729,frost_cycle_000061,front,0.8626457165101119
dinov2,gamma_1p8_vignette,exp_20260729,frost_cycle_000061,left,0.9511283947120492
dinov2,gamma_1p8_vignette,exp_20260729,frost_cycle_000061,left,0.9244477027894703
dinov2,gamma_1p8_vignette,exp_20260729,frost_cycle_000061,left,0.9003920833420128
dinov2,gamma_1p8_vignette,exp_20260729,frost_cycle_000061,left_close,0.9356982524088729
dinov2,gamma_1p8_vignette,exp_20260729,frost_cycle_000061,left_close,0.9121688267167177
dinov2,gamma_1p8_vignette,exp_20260729,frost_cycle_000061,left_close,0.896147943454404
dinov2,gamma_1p8_vignette,exp_20260729,frost_cycle_000061,top,0.9026640249761352
dinov2,gamma_1p8_vignette,exp_20260729,frost_cycle_000061,top,0.8957428882922048
dinov2,gamma_1p8_vignette,exp_20260729,frost_cycle_000061,top,0.922977643185336
dinov2,gamma_1p8_vignette,exp_20260729,frost_cycle_000061,top_close,0.8965784380189986
dinov2,gamma_1p8_vignette,exp_20260729,frost_cycle_000061,top_close,0.8728066796498963
dinov2,gamma_1p8_vignette,exp_20260729,frost_cycle_000061,top_close,0.8634462389465972
dinov2,gamma_1p8_vignette,exp_20260730,frost_cycle_000063,extreme,0.9517496646027322
dinov2,gamma_1p8_vignette,exp_20260730,frost_cycle_000063,extreme,0.957280285629417
dinov2,gamma_1p8_vignette,exp_20260730,frost_cycle_000063,extreme,0.9517684005834967
dinov2,gamma_1p8_vignette,exp_20260730,frost_cycle_000063,front,0.839246381717344
dinov2,gamma_1p8_vignette,exp_20260730,frost_cycle_000063,front,0.9203166853374273
dinov2,gamma_1p8_vignette,exp_20260730,frost_cycle_000063,front,0.906421848616668
dinov2,gamma_1p8_vignette,exp_20260730,frost_cycle_000063,left,0.9143150903235251
dinov2,gamma_1p8_vignette,exp_20260730,frost_cycle_000063,left,0.8493866861976591
dinov2,gamma_1p8_vignette,exp_20260730,frost_cycle_000063,left,0.818064014638676
dinov2,gamma_1p8_vignette,exp_20260730,frost_cycle_000063,left_close,0.9361870507499932
dinov2,gamma_1p8_vignette,exp_20260730,frost_cycle_000063,left_close,0.8640135551171688
dinov2,gamma_1p8_vignette,exp_20260730,frost_cycle_000063,left_close,0.8822251406047539
dinov2,gamma_1p8_vignette,exp_20260730,frost_cycle_000063,top,0.9104795701557422
dinov2,gamma_1p8_vignette,exp_20260730,frost_cycle_000063,top,0.9191885090387119
dinov2,gamma_1p8_vignette,exp_20260730,frost_cycle_000063,top,0.9196484382583667
dinov2,gamma_1p8_vignette,exp_20260730,frost_cycle_000063,top_close,0.891262889497556
dinov2,gamma_1p8_vignette,exp_20260730,frost_cycle_000063,top_close,0.8884705224033076
dinov2,gamma_1p8_vignette,exp_20260730,frost_cycle_000063,top_close,0.8785543442324725
dinov2,gamma_1p8_vignette,exp_20260730,frost_cycle_000063,extreme,0.9605489209939821
dinov2,gamma_1p8_vignette,exp_20260730,frost_cycle_000063,extreme,0.9515506297087734
dinov2,gamma_1p8_vignette,exp_20260730,frost_cycle_000063,extreme,0.9569774657866524
dinov2,gamma_1p8_vignette,exp_20260730,frost_cycle_000063,front,0.8500736182489557
dinov2,gamma_1p8_vignette,exp_20260730,frost_cycle_000063,front,0.770732965036795
dinov2,gamma_1p8_vignette,exp_20260730,frost_cycle_000063,front,0.7382998469490748
dinov2,gamma_1p8_vignette,exp_20260730,frost_cycle_000063,left,0.935735391888493
dinov2,gamma_1p8_vignette,exp_20260730,frost_cycle_000063,left,0.9412261601479871
dinov2,gamma_1p8_vignette,exp_20260730,frost_cycle_000063,left,0.9310845183805245
dinov2,gamma_1p8_vignette,exp_20260730,frost_cycle_000063,left_close,0.9464035871308148
dinov2,gamma_1p8_vignette,exp_20260730,frost_cycle_000063,left_close,0.9585605903399096
dinov2,gamma_1p8_vignette,exp_20260730,frost_cycle_000063,left_close,0.9559972604383886
dinov2,gamma_1p8_vignette,exp_20260730,frost_cycle_000063,top,0.8996754020711534
dinov2,gamma_1p8_vignette,exp_20260730,frost_cycle_000063,top,0.8773032690015727
dinov2,gamma_1p8_vignette,exp_20260730,frost_cycle_000063,top,0.8935074043780464
dinov2,gamma_1p8_vignette,exp_20260730,frost_cycle_000063,top_close,0.8804149546551675
dinov2,gamma_1p8_vignette,exp_20260730,frost_cycle_000063,top_close,0.8624948501807644
dinov2,gamma_1p8_vignette,exp_20260730,frost_cycle_000063,top_close,0.8834189774239679
dinov2,gamma_1p8_vignette,exp_20260730,frost_cycle_000064,extreme,0.95214044599018
dinov2,gamma_1p8_vignette,exp_20260730,frost_cycle_000064,extreme,0.9464389303358391
dinov2,gamma_1p8_vignette,exp_20260730,frost_cycle_000064,extreme,0.948950020203862
dinov2,gamma_1p8_vignette,exp_20260730,frost_cycle_000064,front,0.8385370601778851
dinov2,gamma_1p8_vignette,exp_20260730,frost_cycle_000064,front,0.8761997369399185
dinov2,gamma_1p8_vignette,exp_20260730,frost_cycle_000064,front,0.9283247212759341
dinov2,gamma_1p8_vignette,exp_20260730,frost_cycle_000064,left,0.9195192229468311
dinov2,gamma_1p8_vignette,exp_20260730,frost_cycle_000064,left,0.8412114259358752
dinov2,gamma_1p8_vignette,exp_20260730,frost_cycle_000064,left,0.8399559052992148
dinov2,gamma_1p8_vignette,exp_20260730,frost_cycle_000064,left_close,0.8955551807374209
dinov2,gamma_1p8_vignette,exp_20260730,frost_cycle_000064,left_close,0.8842720562170862
dinov2,gamma_1p8_vignette,exp_20260730,frost_cycle_000064,left_close,0.8823103853344904
dinov2,gamma_1p8_vignette,exp_20260730,frost_cycle_000064,top,0.9108570545278803
dinov2,gamma_1p8_vignette,exp_20260730,frost_cycle_000064,top,0.9156549799360781
dinov2,gamma_1p8_vignette,exp_20260730,frost_cycle_000064,top,0.907400873907424
dinov2,gamma_1p8_vignette,exp_20260730,frost_cycle_000064,top_close,0.9186049609299278
dinov2,gamma_1p8_vignette,exp_20260730,frost_cycle_000064,top_close,0.8795475587593578
dinov2,gamma_1p8_vignette,exp_20260730,frost_cycle_000064,top_close,0.8901243203602325
dinov2,gamma_1p8_vignette,exp_20260730,frost_cycle_000064,extreme,0.9623511267597327
dinov2,gamma_1p8_vignette,exp_20260730,frost_cycle_000064,extreme,0.9565989944774732
dinov2,gamma_1p8_vignette,exp_20260730,frost_cycle_000064,extreme,0.9619385111842977
dinov2,gamma_1p8_vignette,exp_20260730,frost_cycle_000064,front,0.7821998907484585
dinov2,gamma_1p8_vignette,exp_20260730,frost_cycle_000064,front,0.7434269045075363
dinov2,gamma_1p8_vignette,exp_20260730,frost_cycle_000064,front,0.7273289118374818
dinov2,gamma_1p8_vignette,exp_20260730,frost_cycle_000064,left,0.9491444713977063
dinov2,gamma_1p8_vignette,exp_20260730,frost_cycle_000064,left,0.9499657351380214
dinov2,gamma_1p8_vignette,exp_20260730,frost_cycle_000064,left,0.9478493521069716
dinov2,gamma_1p8_vignette,exp_20260730,frost_cycle_000064,left_close,0.9024114700454633
dinov2,gamma_1p8_vignette,exp_20260730,frost_cycle_000064,left_close,0.8834463662926131
dinov2,gamma_1p8_vignette,exp_20260730,frost_cycle_000064,left_close,0.9064158635877464
dinov2,gamma_1p8_vignette,exp_20260730,frost_cycle_000064,top,0.886105813761679
dinov2,gamma_1p8_vignette,exp_20260730,frost_cycle_000064,top,0.8867327081344325
dinov2,gamma_1p8_vignette,exp_20260730,frost_cycle_000064,top,0.8975277306394215
dinov2,gamma_1p8_vignette,exp_20260730,frost_cycle_000064,top_close,0.8689146816199169
dinov2,gamma_1p8_vignette,exp_20260730,frost_cycle_000064,top_close,0.8799754124033525
dinov2,gamma_1p8_vignette,exp_20260730,frost_cycle_000064,top_close,0.870440388645527
dinov2,gamma_1p8_vignette,exp_20260730,frost_cycle_000065,extreme,0.955548758091296
dinov2,gamma_1p8_vignette,exp_20260730,frost_cycle_000065,extreme,0.9453107294453044
dinov2,gamma_1p8_vignette,exp_20260730,frost_cycle_000065,extreme,0.9471412227158752
dinov2,gamma_1p8_vignette,exp_20260730,frost_cycle_000065,front,0.7911361074565514
dinov2,gamma_1p8_vignette,exp_20260730,frost_cycle_000065,front,0.915941680349468
dinov2,gamma_1p8_vignette,exp_20260730,frost_cycle_000065,front,0.8838492294285502
dinov2,gamma_1p8_vignette,exp_20260730,frost_cycle_000065,left,0.9038413234551017
dinov2,gamma_1p8_vignette,exp_20260730,frost_cycle_000065,left,0.8826999335926383
dinov2,gamma_1p8_vignette,exp_20260730,frost_cycle_000065,left,0.86073227414303
dinov2,gamma_1p8_vignette,exp_20260730,frost_cycle_000065,left_close,0.9318339540168445
dinov2,gamma_1p8_vignette,exp_20260730,frost_cycle_000065,left_close,0.8956119523189828
dinov2,gamma_1p8_vignette,exp_20260730,frost_cycle_000065,left_close,0.899304550235495
dinov2,gamma_1p8_vignette,exp_20260730,frost_cycle_000065,top,0.8994564896353081
dinov2,gamma_1p8_vignette,exp_20260730,frost_cycle_000065,top,0.8932529374856086
dinov2,gamma_1p8_vignette,exp_20260730,frost_cycle_000065,top,0.872205412394545
dinov2,gamma_1p8_vignette,exp_20260730,frost_cycle_000065,top_close,0.8881560513844793
dinov2,gamma_1p8_vignette,exp_20260730,frost_cycle_000065,top_close,0.9038416676210783
dinov2,gamma_1p8_vignette,exp_20260730,frost_cycle_000065,top_close,0.8658832301380361
dinov2,gamma_1p8_vignette,exp_20260730,frost_cycle_000066,extreme,0.9495670716557697
dinov2,gamma_1p8_vignette,exp_20260730,frost_cycle_000066,extreme,0.945025844597338
dinov2,gamma_1p8_vignette,exp_20260730,frost_cycle_000066,extreme,0.9424617471191332
dinov2,gamma_1p8_vignette,exp_20260730,frost_cycle_000066,front,0.8649820128402308
dinov2,gamma_1p8_vignette,exp_20260730,frost_cycle_000066,front,0.8753934767693616
dinov2,gamma_1p8_vignette,exp_20260730,frost_cycle_000066,front,0.9137009495552328
dinov2,gamma_1p8_vignette,exp_20260730,frost_cycle_000066,left,0.8632880423235576
dinov2,gamma_1p8_vignette,exp_20260730,frost_cycle_000066,left,0.8608077185625467
dinov2,gamma_1p8_vignette,exp_20260730,frost_cycle_000066,left,0.8276134187734652
dinov2,gamma_1p8_vignette,exp_20260730,frost_cycle_000066,left_close,0.9270810765715631
dinov2,gamma_1p8_vignette,exp_20260730,frost_cycle_000066,left_close,0.8597837540357998
dinov2,gamma_1p8_vignette,exp_20260730,frost_cycle_000066,left_close,0.8795396797575229
dinov2,gamma_1p8_vignette,exp_20260730,frost_cycle_000066,top,0.9193751377058149
dinov2,gamma_1p8_vignette,exp_20260730,frost_cycle_000066,top,0.8939885745842276
dinov2,gamma_1p8_vignette,exp_20260730,frost_cycle_000066,top,0.8908440213989935
dinov2,gamma_1p8_vignette,exp_20260730,frost_cycle_000066,top_close,0.9274960910184646
dinov2,gamma_1p8_vignette,exp_20260730,frost_cycle_000066,top_close,0.8876139568793548
dinov2,gamma_1p8_vignette,exp_20260730,frost_cycle_000066,top_close,0.8809544425180107
dinov2,gamma_1p8_vignette,exp_20260730,frost_cycle_000066,extreme,0.9592404022300609
dinov2,gamma_1p8_vignette,exp_20260730,frost_cycle_000066,extreme,0.9636073668873941
dinov2,gamma_1p8_vignette,exp_20260730,frost_cycle_000066,extreme,0.9599520547442981
dinov2,gamma_1p8_vignette,exp_20260730,frost_cycle_000066,front,0.8033856821224978
dinov2,gamma_1p8_vignette,exp_20260730,frost_cycle_000066,front,0.7650174164997104
dinov2,gamma_1p8_vignette,exp_20260730,frost_cycle_000066,front,0.7525085651938418
dinov2,gamma_1p8_vignette,exp_20260730,frost_cycle_000066,left,0.8894143383427342
dinov2,gamma_1p8_vignette,exp_20260730,frost_cycle_000066,left,0.8792246198714057
dinov2,gamma_1p8_vignette,exp_20260730,frost_cycle_000066,left,0.8926163203607055
dinov2,gamma_1p8_vignette,exp_20260730,frost_cycle_000066,left_close,0.9491322513317448
dinov2,gamma_1p8_vignette,exp_20260730,frost_cycle_000066,left_close,0.9404117140508592
dinov2,gamma_1p8_vignette,exp_20260730,frost_cycle_000066,left_close,0.9400858695661615
dinov2,gamma_1p8_vignette,exp_20260730,frost_cycle_000066,top,0.8898654613553368
dinov2,gamma_1p8_vignette,exp_20260730,frost_cycle_000066,top,0.8891157398492644
dinov2,gamma_1p8_vignette,exp_20260730,frost_cycle_000066,top,0.8723180944216768
dinov2,gamma_1p8_vignette,exp_20260730,frost_cycle_000066,top_close,0.8626564285795585
dinov2,gamma_1p8_vignette,exp_20260730,frost_cycle_000066,top_close,0.8547791860626317
dinov2,gamma_1p8_vignette,exp_20260730,frost_cycle_000066,top_close,0.8552291305034476
dinov2,gamma_1p8_vignette,exp_20260730,frost_cycle_000067,extreme,0.9528434284800348
dinov2,gamma_1p8_vignette,exp_20260730,frost_cycle_000067,extreme,0.9457496834768016
dinov2,gamma_1p8_vignette,exp_20260730,frost_cycle_000067,extreme,0.9391410973975366
dinov2,gamma_1p8_vignette,exp_20260730,frost_cycle_000067,front,0.867186041927419
dinov2,gamma_1p8_vignette,exp_20260730,frost_cycle_000067,front,0.9039944249282159
dinov2,gamma_1p8_vignette,exp_20260730,frost_cycle_000067,front,0.9022145866605145
dinov2,gamma_1p8_vignette,exp_20260730,frost_cycle_000067,left,0.7905888912617911
dinov2,gamma_1p8_vignette,exp_20260730,frost_cycle_000067,left,0.8520941710275327
dinov2,gamma_1p8_vignette,exp_20260730,frost_cycle_000067,left,0.8431192105921252
dinov2,gamma_1p8_vignette,exp_20260730,frost_cycle_000067,left_close,0.9393845662397386
dinov2,gamma_1p8_vignette,exp_20260730,frost_cycle_000067,left_close,0.8876257030266989
dinov2,gamma_1p8_vignette,exp_20260730,frost_cycle_000067,left_close,0.8862515900540849
dinov2,gamma_1p8_vignette,exp_20260730,frost_cycle_000067,top,0.9146340592408873
dinov2,gamma_1p8_vignette,exp_20260730,frost_cycle_000067,top,0.8856354933298641
dinov2,gamma_1p8_vignette,exp_20260730,frost_cycle_000067,top,0.9067647738815139
dinov2,gamma_1p8_vignette,exp_20260730,frost_cycle_000067,top_close,0.9136191427321433
dinov2,gamma_1p8_vignette,exp_20260730,frost_cycle_000067,top_close,0.8741227332545453
dinov2,gamma_1p8_vignette,exp_20260730,frost_cycle_000067,top_close,0.872286322602604
dinov2,gamma_1p8_vignette,exp_20260730,frost_cycle_000067,extreme,0.9583091053917837
dinov2,gamma_1p8_vignette,exp_20260730,frost_cycle_000067,extreme,0.954036403748604
dinov2,gamma_1p8_vignette,exp_20260730,frost_cycle_000067,extreme,0.963138562948878
dinov2,gamma_1p8_vignette,exp_20260730,frost_cycle_000067,front,0.7872936677044525
dinov2,gamma_1p8_vignette,exp_20260730,frost_cycle_000067,front,0.7818239515012853
dinov2,gamma_1p8_vignette,exp_20260730,frost_cycle_000067,front,0.7640796467017124
dinov2,gamma_1p8_vignette,exp_20260730,frost_cycle_000067,left,0.8257616981207441
dinov2,gamma_1p8_vignette,exp_20260730,frost_cycle_000067,left,0.8155588873128312
dinov2,gamma_1p8_vignette,exp_20260730,frost_cycle_000067,left,0.8336245865072013
dinov2,gamma_1p8_vignette,exp_20260730,frost_cycle_000067,left_close,0.9410905936962934
dinov2,gamma_1p8_vignette,exp_20260730,frost_cycle_000067,left_close,0.9325537323661043
dinov2,gamma_1p8_vignette,exp_20260730,frost_cycle_000067,left_close,0.9319027064690614
dinov2,gamma_1p8_vignette,exp_20260730,frost_cycle_000067,top,0.901571115255316
dinov2,gamma_1p8_vignette,exp_20260730,frost_cycle_000067,top,0.8855399772727215
dinov2,gamma_1p8_vignette,exp_20260730,frost_cycle_000067,top,0.8712972179396987
dinov2,gamma_1p8_vignette,exp_20260730,frost_cycle_000067,top_close,0.859389981142352
dinov2,gamma_1p8_vignette,exp_20260730,frost_cycle_000067,top_close,0.8559342284506878
dinov2,gamma_1p8_vignette,exp_20260730,frost_cycle_000067,top_close,0.8619962882268399
dinov2,gamma_1p8_vignette,exp_20260730,frost_cycle_000068,extreme,0.9522868658916385
dinov2,gamma_1p8_vignette,exp_20260730,frost_cycle_000068,extreme,0.9590719176376422
dinov2,gamma_1p8_vignette,exp_20260730,frost_cycle_000068,extreme,0.9483771542663264
dinov2,gamma_1p8_vignette,exp_20260730,frost_cycle_000068,front,0.8333877242121062
dinov2,gamma_1p8_vignette,exp_20260730,frost_cycle_000068,front,0.924759190941253
dinov2,gamma_1p8_vignette,exp_20260730,frost_cycle_000068,front,0.8898865749881634
dinov2,gamma_1p8_vignette,exp_20260730,frost_cycle_000068,left,0.8853355477613096
dinov2,gamma_1p8_vignette,exp_20260730,frost_cycle_000068,left,0.8692909861220288
dinov2,gamma_1p8_vignette,exp_20260730,frost_cycle_000068,left,0.8940421020675599
dinov2,gamma_1p8_vignette,exp_20260730,frost_cycle_000068,left_close,0.9436458707871178
dinov2,gamma_1p8_vignette,exp_20260730,frost_cycle_000068,left_close,0.8869814993483301
dinov2,gamma_1p8_vignette,exp_20260730,frost_cycle_000068,left_close,0.8824490154425013
dinov2,gamma_1p8_vignette,exp_20260730,frost_cycle_000068,top,0.8830049355835183
dinov2,gamma_1p8_vignette,exp_20260730,frost_cycle_000068,top,0.9030632016315727
dinov2,gamma_1p8_vignette,exp_20260730,frost_cycle_000068,top,0.9220317532388053
dinov2,gamma_1p8_vignette,exp_20260730,frost_cycle_000068,top_close,0.865152940490546
dinov2,gamma_1p8_vignette,exp_20260730,frost_cycle_000068,top_close,0.9087261643764298
dinov2,gamma_1p8_vignette,exp_20260730,frost_cycle_000068,top_close,0.8646234621044535
dinov2,gamma_1p8_vignette,exp_20260731,frost_cycle_000070,extreme,0.9639707082021656
dinov2,gamma_1p8_vignette,exp_20260731,frost_cycle_000070,extreme,0.9596297160747923
dinov2,gamma_1p8_vignette,exp_20260731,frost_cycle_000070,extreme,0.9575957796775315
dinov2,gamma_1p8_vignette,exp_20260731,frost_cycle_000070,front,0.8300724193069551
dinov2,gamma_1p8_vignette,exp_20260731,frost_cycle_000070,front,0.8254341586652313
dinov2,gamma_1p8_vignette,exp_20260731,frost_cycle_000070,front,0.8341805449908904
dinov2,gamma_1p8_vignette,exp_20260731,frost_cycle_000070,left,0.9163109686607448
dinov2,gamma_1p8_vignette,exp_20260731,frost_cycle_000070,left,0.9122340708733565
dinov2,gamma_1p8_vignette,exp_20260731,frost_cycle_000070,left,0.9107193741204168
dinov2,gamma_1p8_vignette,exp_20260731,frost_cycle_000070,left_close,0.8902840397927253
dinov2,gamma_1p8_vignette,exp_20260731,frost_cycle_000070,left_close,0.9309944718715819
dinov2,gamma_1p8_vignette,exp_20260731,frost_cycle_000070,left_close,0.9419147366706996
dinov2,gamma_1p8_vignette,exp_20260731,frost_cycle_000070,top,0.9105025653792335
dinov2,gamma_1p8_vignette,exp_20260731,frost_cycle_000070,top,0.9175774923668221
dinov2,gamma_1p8_vignette,exp_20260731,frost_cycle_000070,top,0.9137363062236878
dinov2,gamma_1p8_vignette,exp_20260731,frost_cycle_000070,top_close,0.8962299772158284
dinov2,gamma_1p8_vignette,exp_20260731,frost_cycle_000070,top_close,0.8907553115444138
dinov2,gamma_1p8_vignette,exp_20260731,frost_cycle_000070,top_close,0.8680918650866722
dinov2,gamma_1p8_vignette,exp_20260731,frost_cycle_000071,extreme,0.9613944311518278
dinov2,gamma_1p8_vignette,exp_20260731,frost_cycle_000071,extreme,0.96750567725207
dinov2,gamma_1p8_vignette,exp_20260731,frost_cycle_000071,extreme,0.9512408785834818
dinov2,gamma_1p8_vignette,exp_20260731,frost_cycle_000071,front,0.8058645563881858
dinov2,gamma_1p8_vignette,exp_20260731,frost_cycle_000071,front,0.7801754903552529
dinov2,gamma_1p8_vignette,exp_20260731,frost_cycle_000071,front,0.8712449871364301
dinov2,gamma_1p8_vignette,exp_20260731,frost_cycle_000071,left,0.9166965329326953
dinov2,gamma_1p8_vignette,exp_20260731,frost_cycle_000071,left,0.9100447768794506
dinov2,gamma_1p8_vignette,exp_20260731,frost_cycle_000071,left,0.8792004542310404
dinov2,gamma_1p8_vignette,exp_20260731,frost_cycle_000071,left_close,0.9346775630979681
dinov2,gamma_1p8_vignette,exp_20260731,frost_cycle_000071,left_close,0.9194020508794476
dinov2,gamma_1p8_vignette,exp_20260731,frost_cycle_000071,left_close,0.904145383106274
dinov2,gamma_1p8_vignette,exp_20260731,frost_cycle_000071,top,0.8979275143944928
dinov2,gamma_1p8_vignette,exp_20260731,frost_cycle_000071,top,0.8889779466705103
dinov2,gamma_1p8_vignette,exp_20260731,frost_cycle_000071,top,0.9160367384845295
dinov2,gamma_1p8_vignette,exp_20260731,frost_cycle_000071,top_close,0.8978841599052837
dinov2,gamma_1p8_vignette,exp_20260731,frost_cycle_000071,top_close,0.9112749749701945
dinov2,gamma_1p8_vignette,exp_20260731,frost_cycle_000071,top_close,0.895512654513298
dinov2,gamma_1p8_vignette,exp_20260731,frost_cycle_000072,extreme,0.9564902620126353
dinov2,gamma_1p8_vignette,exp_20260731,frost_cycle_000072,extreme,0.9502238381583978
dinov2,gamma_1p8_vignette,exp_20260731,frost_cycle_000072,extreme,0.9552819577351993
dinov2,gamma_1p8_vignette,exp_20260731,frost_cycle_000072,front,0.8609361279267658
dinov2,gamma_1p8_vignette,exp_20260731,frost_cycle_000072,front,0.9093357639224956
dinov2,gamma_1p8_vignette,exp_20260731,frost_cycle_000072,front,0.9222893772832245
dinov2,gamma_1p8_vignette,exp_20260731,frost_cycle_000072,left,0.8047503403302276
dinov2,gamma_1p8_vignette,exp_20260731,frost_cycle_000072,left,0.8382932063116451
dinov2,gamma_1p8_vignette,exp_20260731,frost_cycle_000072,left,0.8154025742433819
dinov2,gamma_1p8_vignette,exp_20260731,frost_cycle_000072,left_close,0.9104982456421626
dinov2,gamma_1p8_vignette,exp_20260731,frost_cycle_000072,left_close,0.8820650426997205
dinov2,gamma_1p8_vignette,exp_20260731,frost_cycle_000072,left_close,0.8957516464993248
dinov2,gamma_1p8_vignette,exp_20260731,frost_cycle_000072,top,0.8969282012719458
dinov2,gamma_1p8_vignette,exp_20260731,frost_cycle_000072,top,0.9105270456948713
dinov2,gamma_1p8_vignette,exp_20260731,frost_cycle_000072,top,0.9373986442873253
dinov2,gamma_1p8_vignette,exp_20260731,frost_cycle_000072,top_close,0.9200668539040577
dinov2,gamma_1p8_vignette,exp_20260731,frost_cycle_000072,top_close,0.8911571904948469
dinov2,gamma_1p8_vignette,exp_20260731,frost_cycle_000072,top_close,0.8958420877565392
dinov2,gamma_1p8_vignette,exp_20260731,frost_cycle_000072,extreme,0.9645653210168118
dinov2,gamma_1p8_vignette,exp_20260731,frost_cycle_000072,extreme,0.9664276773568385
dinov2,gamma_1p8_vignette,exp_20260731,frost_cycle_000072,extreme,0.9686718717216252
dinov2,gamma_1p8_vignette,exp_20260731,frost_cycle_000072,front,0.7937065011732928
dinov2,gamma_1p8_vignette,exp_20260731,frost_cycle_000072,front,0.7706290985890498
dinov2,gamma_1p8_vignette,exp_20260731,frost_cycle_000072,front,0.718531693130948
dinov2,gamma_1p8_vignette,exp_20260731,frost_cycle_000072,left,0.854031542373478
dinov2,gamma_1p8_vignette,exp_20260731,frost_cycle_000072,left,0.8684679073003548
dinov2,gamma_1p8_vignette,exp_20260731,frost_cycle_000072,left,0.8766325310257088
dinov2,gamma_1p8_vignette,exp_20260731,frost_cycle_000072,left_close,0.9332990340780574
dinov2,gamma_1p8_vignette,exp_20260731,frost_cycle_000072,left_close,0.9178147300330152
dinov2,gamma_1p8_vignette,exp_20260731,frost_cycle_000072,left_close,0.9135832415727657
dinov2,gamma_1p8_vignette,exp_20260731,frost_cycle_000072,top,0.884026153503708
dinov2,gamma_1p8_vignette,exp_20260731,frost_cycle_000072,top,0.8803910338359106
dinov2,gamma_1p8_vignette,exp_20260731,frost_cycle_000072,top,0.9037460078193305
dinov2,gamma_1p8_vignette,exp_20260731,frost_cycle_000072,top_close,0.8926705259092177
dinov2,gamma_1p8_vignette,exp_20260731,frost_cycle_000072,top_close,0.8925099865347373
dinov2,gamma_1p8_vignette,exp_20260731,frost_cycle_000072,top_close,0.8762762020364085
dinov2,gamma_1p8_vignette,exp_20260731,frost_cycle_000073,extreme,0.9588308875943494
dinov2,gamma_1p8_vignette,exp_20260731,frost_cycle_000073,extreme,0.9523013020548033
dinov2,gamma_1p8_vignette,exp_20260731,frost_cycle_000073,extreme,0.9473260896204974
dinov2,gamma_1p8_vignette,exp_20260731,frost_cycle_000073,front,0.8448676805604813
dinov2,gamma_1p8_vignette,exp_20260731,frost_cycle_000073,front,0.9086377834304438
dinov2,gamma_1p8_vignette,exp_20260731,frost_cycle_000073,front,0.9365666404331884
dinov2,gamma_1p8_vignette,exp_20260731,frost_cycle_000073,left,0.8256613274251853
dinov2,gamma_1p8_vignette,exp_20260731,frost_cycle_000073,left,0.8335895433539453
dinov2,gamma_1p8_vignette,exp_20260731,frost_cycle_000073,left,0.8573147483986342
dinov2,gamma_1p8_vignette,exp_20260731,frost_cycle_000073,left_close,0.9315784120535808
dinov2,gamma_1p8_vignette,exp_20260731,frost_cycle_000073,left_close,0.8902361096407255
dinov2,gamma_1p8_vignette,exp_20260731,frost_cycle_000073,left_close,0.899761355646099
dinov2,gamma_1p8_vignette,exp_20260731,frost_cycle_000073,top,0.9228761972467123
dinov2,gamma_1p8_vignette,exp_20260731,frost_cycle_000073,top,0.9136503788343802
dinov2,gamma_1p8_vignette,exp_20260731,frost_cycle_000073,top,0.9457721342726381
dinov2,gamma_1p8_vignette,exp_20260731,frost_cycle_000073,top_close,0.9226206095244219
dinov2,gamma_1p8_vignette,exp_20260731,frost_cycle_000073,top_close,0.893237289101654
dinov2,gamma_1p8_vignette,exp_20260731,frost_cycle_000073,top_close,0.8882189038707393
dinov2,gamma_1p8_vignette,exp_20260731,frost_cycle_000073,extreme,0.9613594454728135
dinov2,gamma_1p8_vignette,exp_20260731,frost_cycle_000073,extreme,0.9686248866230772
dinov2,gamma_1p8_vignette,exp_20260731,frost_cycle_000073,extreme,0.9663888943632633
dinov2,gamma_1p8_vignette,exp_20260731,frost_cycle_000073,front,0.8209338046319429
dinov2,gamma_1p8_vignette,exp_20260731,frost_cycle_000073,front,0.8113395289867228
dinov2,gamma_1p8_vignette,exp_20260731,frost_cycle_000073,front,0.8046751763236858
dinov2,gamma_1p8_vignette,exp_20260731,frost_cycle_000073,left,0.8376980510884509
dinov2,gamma_1p8_vignette,exp_20260731,frost_cycle_000073,left,0.86238620952538
dinov2,gamma_1p8_vignette,exp_20260731,frost_cycle_000073,left,0.8480129283774186
dinov2,gamma_1p8_vignette,exp_20260731,frost_cycle_000073,left_close,0.9505785956346346
dinov2,gamma_1p8_vignette,exp_20260731,frost_cycle_000073,left_close,0.9478488679394634
dinov2,gamma_1p8_vignette,exp_20260731,frost_cycle_000073,left_close,0.9351469734544993
dinov2,gamma_1p8_vignette,exp_20260731,frost_cycle_000073,top,0.8987330411140165
dinov2,gamma_1p8_vignette,exp_20260731,frost_cycle_000073,top,0.8950875543028475
dinov2,gamma_1p8_vignette,exp_20260731,frost_cycle_000073,top,0.8714093150039458
dinov2,gamma_1p8_vignette,exp_20260731,frost_cycle_000073,top_close,0.8743184177792424
dinov2,gamma_1p8_vignette,exp_20260731,frost_cycle_000073,top_close,0.8613509285322235
dinov2,gamma_1p8_vignette,exp_20260731,frost_cycle_000073,top_close,0.8571984681411663
dinov2,gamma_1p8_vignette,exp_20260731,frost_cycle_000074,extreme,0.967794455797024
dinov2,gamma_1p8_vignette,exp_20260731,frost_cycle_000074,extreme,0.967794455797024
dinov2,gamma_1p8_vignette,exp_20260731,frost_cycle_000074,extreme,0.9754351073830226
dinov2,gamma_1p8_vignette,exp_20260731,frost_cycle_000074,front,0.9292661467678243
dinov2,gamma_1p8_vignette,exp_20260731,frost_cycle_000074,front,0.8887093616222301
dinov2,gamma_1p8_vignette,exp_20260731,frost_cycle_000074,front,0.8650036480645218
dinov2,gamma_1p8_vignette,exp_20260731,frost_cycle_000074,left,0.9345008213268114
dinov2,gamma_1p8_vignette,exp_20260731,frost_cycle_000074,left,0.9066741425290364
dinov2,gamma_1p8_vignette,exp_20260731,frost_cycle_000074,left,0.9652943451013009
dinov2,gamma_1p8_vignette,exp_20260731,frost_cycle_000074,left_close,0.9518431353179614
dinov2,gamma_1p8_vignette,exp_20260731,frost_cycle_000074,left_close,0.9195787224462388
dinov2,gamma_1p8_vignette,exp_20260731,frost_cycle_000074,left_close,0.9448919587727439
dinov2,gamma_1p8_vignette,exp_20260731,frost_cycle_000074,top,0.9178148323506958
dinov2,gamma_1p8_vignette,exp_20260731,frost_cycle_000074,top,0.9142207068048438
dinov2,gamma_1p8_vignette,exp_20260731,frost_cycle_000074,top,0.9183856670696081
dinov2,gamma_1p8_vignette,exp_20260731,frost_cycle_000074,top_close,0.9305236851458003
dinov2,gamma_1p8_vignette,exp_20260731,frost_cycle_000074,top_close,0.8790615480138467
dinov2,gamma_1p8_vignette,exp_20260731,frost_cycle_000074,top_close,0.906599419093408
dinov2,gamma_1p8_vignette,exp_20260731,frost_cycle_000075,extreme,0.9693025787872509
dinov2,gamma_1p8_vignette,exp_20260731,frost_cycle_000075,extreme,0.9636152007555784
dinov2,gamma_1p8_vignette,exp_20260731,frost_cycle_000075,extreme,0.9548639818420176
dinov2,gamma_1p8_vignette,exp_20260731,frost_cycle_000075,front,0.798983617191435
dinov2,gamma_1p8_vignette,exp_20260731,frost_cycle_000075,front,0.8966166227706341
dinov2,gamma_1p8_vignette,exp_20260731,frost_cycle_000075,front,0.9191838258754549
dinov2,gamma_1p8_vignette,exp_20260731,frost_cycle_000075,left,0.9049084277510476
dinov2,gamma_1p8_vignette,exp_20260731,frost_cycle_000075,left,0.9245746651737293
dinov2,gamma_1p8_vignette,exp_20260731,frost_cycle_000075,left,0.9051559285549169
dinov2,gamma_1p8_vignette,exp_20260731,frost_cycle_000075,left_close,0.9190832761372505
dinov2,gamma_1p8_vignette,exp_20260731,frost_cycle_000075,left_close,0.8883469612045641
dinov2,gamma_1p8_vignette,exp_20260731,frost_cycle_000075,left_close,0.9064837720186547
dinov2,gamma_1p8_vignette,exp_20260731,frost_cycle_000075,top,0.8756597867884969
dinov2,gamma_1p8_vignette,exp_20260731,frost_cycle_000075,top,0.8948248506982869
dinov2,gamma_1p8_vignette,exp_20260731,frost_cycle_000075,top,0.8805813013467014
dinov2,gamma_1p8_vignette,exp_20260731,frost_cycle_000075,top_close,0.8957019747024972
dinov2,gamma_1p8_vignette,exp_20260731,frost_cycle_000075,top_close,0.8598675709689647
dinov2,gamma_1p8_vignette,exp_20260731,frost_cycle_000075,top_close,0.8737516327083379
dinov2,gamma_1p8_vignette,exp_20260731,frost_cycle_000075,extreme,0.9551348881602398
dinov2,gamma_1p8_vignette,exp_20260731,frost_cycle_000075,extreme,0.959235720303833
dinov2,gamma_1p8_vignette,exp_20260731,frost_cycle_000075,extreme,0.9692701056825842
dinov2,gamma_1p8_vignette,exp_20260731,frost_cycle_000075,front,0.8312621527330927
dinov2,gamma_1p8_vignette,exp_20260731,frost_cycle_000075,front,0.8429248539493448
dinov2,gamma_1p8_vignette,exp_20260731,frost_cycle_000075,front,0.8337809130515771
dinov2,gamma_1p8_vignette,exp_20260731,frost_cycle_000075,left,0.9538609593467612
dinov2,gamma_1p8_vignette,exp_20260731,frost_cycle_000075,left,0.9409712772171327
dinov2,gamma_1p8_vignette,exp_20260731,frost_cycle_000075,left,0.9422947006491789
dinov2,gamma_1p8_vignette,exp_20260731,frost_cycle_000075,left_close,0.8491775476162937
dinov2,gamma_1p8_vignette,exp_20260731,frost_cycle_000075,left_close,0.8634588534373928
dinov2,gamma_1p8_vignette,exp_20260731,frost_cycle_000075,left_close,0.8748505152950721
dinov2,gamma_1p8_vignette,exp_20260731,frost_cycle_000075,top,0.8858294704600497
dinov2,gamma_1p8_vignette,exp_20260731,frost_cycle_000075,top,0.8797848417680617
dinov2,gamma_1p8_vignette,exp_20260731,frost_cycle_000075,top,0.8861196770784101
dinov2,gamma_1p8_vignette,exp_20260731,frost_cycle_000075,top_close,0.8996711831256878
dinov2,gamma_1p8_vignette,exp_20260731,frost_cycle_000075,top_close,0.8439649125099838
dinov2,gamma_1p8_vignette,exp_20260731,frost_cycle_000075,top_close,0.8433137760022563
dinov2,gamma_1p8_vignette,exp_20260731,frost_cycle_000076,extreme,0.9672305538745853
dinov2,gamma_1p8_vignette,exp_20260731,frost_cycle_000076,extreme,0.9624778432441026
dinov2,gamma_1p8_vignette,exp_20260731,frost_cycle_000076,extreme,0.9360849790045024
dinov2,gamma_1p8_vignette,exp_20260731,frost_cycle_000076,front,0.8406991748446466
dinov2,gamma_1p8_vignette,exp_20260731,frost_cycle_000076,front,0.7528106935958102
dinov2,gamma_1p8_vignette,exp_20260731,frost_cycle_000076,front,0.908158610666911
dinov2,gamma_1p8_vignette,exp_20260731,frost_cycle_000076,left,0.946455940512504
dinov2,gamma_1p8_vignette,exp_20260731,frost_cycle_000076,left,0.8954413840974288
dinov2,gamma_1p8_vignette,exp_20260731,frost_cycle_000076,left,0.9021144702228159
dinov2,gamma_1p8_vignette,exp_20260731,frost_cycle_000076,left_close,0.8938163828549254
dinov2,gamma_1p8_vignette,exp_20260731,frost_cycle_000076,left_close,0.9090245578353329
dinov2,gamma_1p8_vignette,exp_20260731,frost_cycle_000076,left_close,0.9133622811229505
dinov2,gamma_1p8_vignette,exp_20260731,frost_cycle_000076,top,0.9203885413902866
dinov2,gamma_1p8_vignette,exp_20260731,frost_cycle_000076,top,0.911388264153293
dinov2,gamma_1p8_vignette,exp_20260731,frost_cycle_000076,top,0.9041342195024703
dinov2,gamma_1p8_vignette,exp_20260731,frost_cycle_000076,top_close,0.8496426455871547
dinov2,gamma_1p8_vignette,exp_20260731,frost_cycle_000076,top_close,0.9070229706687086
dinov2,gamma_1p8_vignette,exp_20260731,frost_cycle_000076,top_close,0.8777663366498478
efficientnet,gamma_1p8_vignette,exp_20260729,frost_cycle_000060,extreme,0.9191947943623813
efficientnet,gamma_1p8_vignette,exp_20260729,frost_cycle_000060,extreme,0.9092556411573629
efficientnet,gamma_1p8_vignette,exp_20260729,frost_cycle_000060,extreme,0.9190311561221701
efficientnet,gamma_1p8_vignette,exp_20260729,frost_cycle_000060,front,0.8032041082976729
efficientnet,gamma_1p8_vignette,exp_20260729,frost_cycle_000060,front,0.9260327670928606
efficientnet,gamma_1p8_vignette,exp_20260729,frost_cycle_000060,front,0.9180954463685577
efficientnet,gamma_1p8_vignette,exp_20260729,frost_cycle_000060,left,0.9023690694287848
efficientnet,gamma_1p8_vignette,exp_20260729,frost_cycle_000060,left,0.8880204166563378
efficientnet,gamma_1p8_vignette,exp_20260729,frost_cycle_000060,left,0.9081171362735225
efficientnet,gamma_1p8_vignette,exp_20260729,frost_cycle_000060,left_close,0.8304136156624501
efficientnet,gamma_1p8_vignette,exp_20260729,frost_cycle_000060,left_close,0.9039766545450358
efficientnet,gamma_1p8_vignette,exp_20260729,frost_cycle_000060,left_close,0.9044511283078195
efficientnet,gamma_1p8_vignette,exp_20260729,frost_cycle_000060,top,0.8424852006093452
efficientnet,gamma_1p8_vignette,exp_20260729,frost_cycle_000060,top,0.9089279119557236
efficientnet,gamma_1p8_vignette,exp_20260729,frost_cycle_000060,top,0.9299459473907561
efficientnet,gamma_1p8_vignette,exp_20260729,frost_cycle_000060,top_close,0.8166704540615185
efficientnet,gamma_1p8_vignette,exp_20260729,frost_cycle_000060,top_close,0.8860005307042856
efficientnet,gamma_1p8_vignette,exp_20260729,frost_cycle_000060,top_close,0.8300570516734479
efficientnet,gamma_1p8_vignette,exp_20260729,frost_cycle_000060,extreme,0.9201845842192794
efficientnet,gamma_1p8_vignette,exp_20260729,frost_cycle_000060,extreme,0.9230600258568183
efficientnet,gamma_1p8_vignette,exp_20260729,frost_cycle_000060,extreme,0.9270538674777123
efficientnet,gamma_1p8_vignette,exp_20260729,frost_cycle_000060,front,0.914325867869782
efficientnet,gamma_1p8_vignette,exp_20260729,frost_cycle_000060,front,0.8927951544777607
efficientnet,gamma_1p8_vignette,exp_20260729,frost_cycle_000060,front,0.8258345953874066
efficientnet,gamma_1p8_vignette,exp_20260729,frost_cycle_000060,left,0.9108487323448945
efficientnet,gamma_1p8_vignette,exp_20260729,frost_cycle_000060,left,0.9126460304015903
efficientnet,gamma_1p8_vignette,exp_20260729,frost_cycle_000060,left,0.9210779260655565
efficientnet,gamma_1p8_vignette,exp_20260729,frost_cycle_000060,left_close,0.9186778246223367
efficientnet,gamma_1p8_vignette,exp_20260729,frost_cycle_000060,left_close,0.9157440408023089
efficientnet,gamma_1p8_vignette,exp_20260729,frost_cycle_000060,left_close,0.9142436929663709
efficientnet,gamma_1p8_vignette,exp_20260729,frost_cycle_000060,top,0.8882888448832432
efficientnet,gamma_1p8_vignette,exp_20260729,frost_cycle_000060,top,0.8539350528832267
efficientnet,gamma_1p8_vignette,exp_20260729,frost_cycle_000060,top,0.836391646474292
efficientnet,gamma_1p8_vignette,exp_20260729,frost_cycle_000060,top_close,0.9244005843885135
efficientnet,gamma_1p8_vignette,exp_20260729,frost_cycle_000060,top_close,0.8934088776001113
efficientnet,gamma_1p8_vignette,exp_20260729,frost_cycle_000060,top_close,0.8121993443161222
efficientnet,gamma_1p8_vignette,exp_20260729,frost_cycle_000061,extreme,0.9338267285388315
efficientnet,gamma_1p8_vignette,exp_20260729,frost_cycle_000061,extreme,0.9192916367717864
efficientnet,gamma_1p8_vignette,exp_20260729,frost_cycle_000061,extreme,0.9124488838972866
efficientnet,gamma_1p8_vignette,exp_20260729,frost_cycle_000061,front,0.8978286150315552
efficientnet,gamma_1p8_vignette,exp_20260729,frost_cycle_000061,front,0.8727864031203452
efficientnet,gamma_1p8_vignette,exp_20260729,frost_cycle_000061,front,0.9066270037419585
efficientnet,gamma_1p8_vignette,exp_20260729,frost_cycle_000061,left,0.8941540687058139
efficientnet,gamma_1p8_vignette,exp_20260729,frost_cycle_000061,left,0.8196676133957019
efficientnet,gamma_1p8_vignette,exp_20260729,frost_cycle_000061,left,0.8678907718973414
efficientnet,gamma_1p8_vignette,exp_20260729,frost_cycle_000061,left_close,0.9093346379452495
efficientnet,gamma_1p8_vignette,exp_20260729,frost_cycle_000061,left_close,0.8068492515404717
efficientnet,gamma_1p8_vignette,exp_20260729,frost_cycle_000061,left_close,0.9091337770358736
efficientnet,gamma_1p8_vignette,exp_20260729,frost_cycle_000061,top,0.9027599547888313
efficientnet,gamma_1p8_vignette,exp_20260729,frost_cycle_000061,top,0.8930070903522154
efficientnet,gamma_1p8_vignette,exp_20260729,frost_cycle_000061,top,0.9278237591072327
efficientnet,gamma_1p8_vignette,exp_20260729,frost_cycle_000061,top_close,0.9210493457130821
efficientnet,gamma_1p8_vignette,exp_20260729,frost_cycle_000061,top_close,0.8834108060503051
efficientnet,gamma_1p8_vignette,exp_20260729,frost_cycle_000061,top_close,0.8605429682718686
efficientnet,gamma_1p8_vignette,exp_20260730,frost_cycle_000063,extreme,0.9010334994392052
efficientnet,gamma_1p8_vignette,exp_20260730,frost_cycle_000063,extreme,0.9145535109869254
efficientnet,gamma_1p8_vignette,exp_20260730,frost_cycle_000063,extreme,0.9236995222092039
efficientnet,gamma_1p8_vignette,exp_20260730,frost_cycle_000063,front,0.7911340812343751
efficientnet,gamma_1p8_vignette,exp_20260730,frost_cycle_000063,front,0.9206130988344453
efficientnet,gamma_1p8_vignette,exp_20260730,frost_cycle_000063,front,0.9279645694849964
efficientnet,gamma_1p8_vignette,exp_20260730,frost_cycle_000063,left,0.8917814611131104
efficientnet,gamma_1p8_vignette,exp_20260730,frost_cycle_000063,left,0.8496302209690124
efficientnet,gamma_1p8_vignette,exp_20260730,frost_cycle_000063,left,0.8708505860403124
efficientnet,gamma_1p8_vignette,exp_20260730,frost_cycle_000063,left_close,0.8889059699854454
efficientnet,gamma_1p8_vignette,exp_20260730,frost_cycle_000063,left_close,0.7815157284897435
efficientnet,gamma_1p8_vignette,exp_20260730,frost_cycle_000063,left_close,0.8110782784252547
efficientnet,gamma_1p8_vignette,exp_20260730,frost_cycle_000063,top,0.8673178847176749
efficientnet,gamma_1p8_vignette,exp_20260730,frost_cycle_000063,top,0.9134918235841123
efficientnet,gamma_1p8_vignette,exp_20260730,frost_cycle_000063,top,0.92512272269111
efficientnet,gamma_1p8_vignette,exp_20260730,frost_cycle_000063,top_close,0.7497290576097393
efficientnet,gamma_1p8_vignette,exp_20260730,frost_cycle_000063,top_close,0.8991007666049363
efficientnet,gamma_1p8_vignette,exp_20260730,frost_cycle_000063,top_close,0.8594047049374671
efficientnet,gamma_1p8_vignette,exp_20260730,frost_cycle_000063,extreme,0.940092903775826
efficientnet,gamma_1p8_vignette,exp_20260730,frost_cycle_000063,extreme,0.9295388052048602
efficientnet,gamma_1p8_vignette,exp_20260730,frost_cycle_000063,extreme,0.9137109077151337
efficientnet,gamma_1p8_vignette,exp_20260730,frost_cycle_000063,front,0.8566043950646296
efficientnet,gamma_1p8_vignette,exp_20260730,frost_cycle_000063,front,0.8621891778094425
efficientnet,gamma_1p8_vignette,exp_20260730,frost_cycle_000063,front,0.8763622215063039
efficientnet,gamma_1p8_vignette,exp_20260730,frost_cycle_000063,left,0.9082617913778
efficientnet,gamma_1p8_vignette,exp_20260730,frost_cycle_000063,left,0.9390951144121845
efficientnet,gamma_1p8_vignette,exp_20260730,frost_cycle_000063,left,0.9231022184093877
efficientnet,gamma_1p8_vignette,exp_20260730,frost_cycle_000063,left_close,0.9573085884415595
efficientnet,gamma_1p8_vignette,exp_20260730,frost_cycle_000063,left_close,0.9364014700355661
efficientnet,gamma_1p8_vignette,exp_20260730,frost_cycle_000063,left_close,0.9130351902688039
efficientnet,gamma_1p8_vignette,exp_20260730,frost_cycle_000063,top,0.9063450568186971
efficientnet,gamma_1p8_vignette,exp_20260730,frost_cycle_000063,top,0.9000635014677096
efficientnet,gamma_1p8_vignette,exp_20260730,frost_cycle_000063,top,0.9224321585708555
efficientnet,gamma_1p8_vignette,exp_20260730,frost_cycle_000063,top_close,0.9219166255817077
efficientnet,gamma_1p8_vignette,exp_20260730,frost_cycle_000063,top_close,0.9374305079182242
efficientnet,gamma_1p8_vignette,exp_20260730,frost_cycle_000063,top_close,0.9317881439190003
efficientnet,gamma_1p8_vignette,exp_20260730,frost_cycle_000064,extreme,0.9184240835240659
efficientnet,gamma_1p8_vignette,exp_20260730,frost_cycle_000064,extreme,0.9128492986048614
efficientnet,gamma_1p8_vignette,exp_20260730,frost_cycle_000064,extreme,0.9130872055523584
efficientnet,gamma_1p8_vignette,exp_20260730,frost_cycle_000064,front,0.7984389439100583
efficientnet,gamma_1p8_vignette,exp_20260730,frost_cycle_000064,front,0.9139179563057912
efficientnet,gamma_1p8_vignette,exp_20260730,frost_cycle_000064,front,0.9208098303881795
efficientnet,gamma_1p8_vignette,exp_20260730,frost_cycle_000064,left,0.9037891621605976
efficientnet,gamma_1p8_vignette,exp_20260730,frost_cycle_000064,left,0.8692053850061688
efficientnet,gamma_1p8_vignette,exp_20260730,frost_cycle_000064,left,0.804372720278042
efficientnet,gamma_1p8_vignette,exp_20260730,frost_cycle_000064,left_close,0.8486081866835223
efficientnet,gamma_1p8_vignette,exp_20260730,frost_cycle_000064,left_close,0.8682186683884842
efficientnet,gamma_1p8_vignette,exp_20260730,frost_cycle_000064,left_close,0.8813590171818161
efficientnet,gamma_1p8_vignette,exp_20260730,frost_cycle_000064,top,0.8528354225909149
efficientnet,gamma_1p8_vignette,exp_20260730,frost_cycle_000064,top,0.9066546177520517
efficientnet,gamma_1p8_vignette,exp_20260730,frost_cycle_000064,top,0.9169782915208723
efficientnet,gamma_1p8_vignette,exp_20260730,frost_cycle_000064,top_close,0.7468331410935716
efficientnet,gamma_1p8_vignette,exp_20260730,frost_cycle_000064,top_close,0.8621379762468134
efficientnet,gamma_1p8_vignette,exp_20260730,frost_cycle_000064,top_close,0.8544414826478176
efficientnet,gamma_1p8_vignette,exp_20260730,frost_cycle_000064,extreme,0.9250448753739812
efficientnet,gamma_1p8_vignette,exp_20260730,frost_cycle_000064,extreme,0.9223950668988699
efficientnet,gamma_1p8_vignette,exp_20260730,frost_cycle_000064,extreme,0.9334776333021091
efficientnet,gamma_1p8_vignette,exp_20260730,frost_cycle_000064,front,0.8642710183969514
efficientnet,gamma_1p8_vignette,exp_20260730,frost_cycle_000064,front,0.8549591075649057
efficientnet,gamma_1p8_vignette,exp_20260730,frost_cycle_000064,front,0.8250928689936919
efficientnet,gamma_1p8_vignette,exp_20260730,frost_cycle_000064,left,0.9060900448694846
efficientnet,gamma_1p8_vignette,exp_20260730,frost_cycle_000064,left,0.9178125062120389
efficientnet,gamma_1p8_vignette,exp_20260730,frost_cycle_000064,left,0.9179915011384795
efficientnet,gamma_1p8_vignette,exp_20260730,frost_cycle_000064,left_close,0.8988450855566132
efficientnet,gamma_1p8_vignette,exp_20260730,frost_cycle_000064,left_close,0.8976667378301523
efficientnet,gamma_1p8_vignette,exp_20260730,frost_cycle_000064,left_close,0.8978741853147323
efficientnet,gamma_1p8_vignette,exp_20260730,frost_cycle_000064,top,0.9158688706803235
efficientnet,gamma_1p8_vignette,exp_20260730,frost_cycle_000064,top,0.8690472729704077
efficientnet,gamma_1p8_vignette,exp_20260730,frost_cycle_000064,top,0.8633199615284419
efficientnet,gamma_1p8_vignette,exp_20260730,frost_cycle_000064,top_close,0.9354596155094573
efficientnet,gamma_1p8_vignette,exp_20260730,frost_cycle_000064,top_close,0.9158240019485687
efficientnet,gamma_1p8_vignette,exp_20260730,frost_cycle_000064,top_close,0.8980054685020077
efficientnet,gamma_1p8_vignette,exp_20260730,frost_cycle_000065,extreme,0.9313608964910391
efficientnet,gamma_1p8_vignette,exp_20260730,frost_cycle_000065,extreme,0.9227420490177257
efficientnet,gamma_1p8_vignette,exp_20260730,frost_cycle_000065,extreme,0.8990325064366288
efficientnet,gamma_1p8_vignette,exp_20260730,frost_cycle_000065,front,0.9202511298615029
efficientnet,gamma_1p8_vignette,exp_20260730,frost_cycle_000065,front,0.8273785450408115
efficientnet,gamma_1p8_vignette,exp_20260730,frost_cycle_000065,front,0.9214501230135411
efficientnet,gamma_1p8_vignette,exp_20260730,frost_cycle_000065,left,0.9015383817888772
efficientnet,gamma_1p8_vignette,exp_20260730,frost_cycle_000065,left,0.8311969877527313
efficientnet,gamma_1p8_vignette,exp_20260730,frost_cycle_000065,left,0.8284415580027806
efficientnet,gamma_1p8_vignette,exp_20260730,frost_cycle_000065,left_close,0.9070715497409878
efficientnet,gamma_1p8_vignette,exp_20260730,frost_cycle_000065,left_close,0.8428878082162623
efficientnet,gamma_1p8_vignette,exp_20260730,frost_cycle_000065,left_close,0.8777485032898101
efficientnet,gamma_1p8_vignette,exp_20260730,frost_cycle_000065,top,0.9033139820686885
efficientnet,gamma_1p8_vignette,exp_20260730,frost_cycle_000065,top,0.820365417200509
efficientnet,gamma_1p8_vignette,exp_20260730,frost_cycle_000065,top,0.897451643761787
efficientnet,gamma_1p8_vignette,exp_20260730,frost_cycle_000065,top_close,0.9223411697400676
efficientnet,gamma_1p8_vignette,exp_20260730,frost_cycle_000065,top_close,0.8978840094319435
efficientnet,gamma_1p8_vignette,exp_20260730,frost_cycle_000065,top_close,0.8858024620831276
efficientnet,gamma_1p8_vignette,exp_20260730,frost_cycle_000066,extreme,0.923895130121706
efficientnet,gamma_1p8_vignette,exp_20260730,frost_cycle_000066,extreme,0.904489416994319
efficientnet,gamma_1p8_vignette,exp_20260730,frost_cycle_000066,extreme,0.9225183451317158
efficientnet,gamma_1p8_vignette,exp_20260730,frost_cycle_000066,front,0.7617515257331658
efficientnet,gamma_1p8_vignette,exp_20260730,frost_cycle_000066,front,0.9193945095801086
efficientnet,gamma_1p8_vignette,exp_20260730,frost_cycle_000066,front,0.9061029657932981
efficientnet,gamma_1p8_vignette,exp_20260730,frost_cycle_000066,left,0.8624694261582957
efficientnet,gamma_1p8_vignette,exp_20260730,frost_cycle_000066,left,0.8056438089002482
efficientnet,gamma_1p8_vignette,exp_20260730,frost_cycle_000066,left,0.7182677081843395
efficientnet,gamma_1p8_vignette,exp_20260730,frost_cycle_000066,left_close,0.8431554743852421
efficientnet,gamma_1p8_vignette,exp_20260730,frost_cycle_000066,left_close,0.8959469325715903
efficientnet,gamma_1p8_vignette,exp_20260730,frost_cycle_000066,left_close,0.8598850712889053
efficientnet,gamma_1p8_vignette,exp_20260730,frost_cycle_000066,top,0.867799916281896
efficientnet,gamma_1p8_vignette,exp_20260730,frost_cycle_000066,top,0.886102176406958
efficientnet,gamma_1p8_vignette,exp_20260730,frost_cycle_000066,top,0.9231192508429387
efficientnet,gamma_1p8_vignette,exp_20260730,frost_cycle_000066,top_close,0.7947600061009595
efficientnet,gamma_1p8_vignette,exp_20260730,frost_cycle_000066,top_close,0.9122598239644433
efficientnet,gamma_1p8_vignette,exp_20260730,frost_cycle_000066,top_close,0.8441065281935209
efficientnet,gamma_1p8_vignette,exp_20260730,frost_cycle_000066,extreme,0.9284935022792957
efficientnet,gamma_1p8_vignette,exp_20260730,frost_cycle_000066,extreme,0.9274696276822734
efficientnet,gamma_1p8_vignette,exp_20260730,frost_cycle_000066,extreme,0.9281067523909657
efficientnet,gamma_1p8_vignette,exp_20260730,frost_cycle_000066,front,0.8950761140985009
efficientnet,gamma_1p8_vignette,exp_20260730,frost_cycle_000066,front,0.8991732649756851
efficientnet,gamma_1p8_vignette,exp_20260730,frost_cycle_000066,front,0.8938437766012113
efficientnet,gamma_1p8_vignette,exp_20260730,frost_cycle_000066,left,0.8904851496739893
efficientnet,gamma_1p8_vignette,exp_20260730,frost_cycle_000066,left,0.8847659654530312
efficientnet,gamma_1p8_vignette,exp_20260730,frost_cycle_000066,left,0.8786409207134933
efficientnet,gamma_1p8_vignette,exp_20260730,frost_cycle_000066,left_close,0.9261756210331709
efficientnet,gamma_1p8_vignette,exp_20260730,frost_cycle_000066,left_close,0.9202230464483638
efficientnet,gamma_1p8_vignette,exp_20260730,frost_cycle_000066,left_close,0.9179643760691615
efficientnet,gamma_1p8_vignette,exp_20260730,frost_cycle_000066,top,0.892228689896373
efficientnet,gamma_1p8_vignette,exp_20260730,frost_cycle_000066,top,0.8761830018526787
efficientnet,gamma_1p8_vignette,exp_20260730,frost_cycle_000066,top,0.8667762787754014
efficientnet,gamma_1p8_vignette,exp_20260730,frost_cycle_000066,top_close,0.9270406298578207
efficientnet,gamma_1p8_vignette,exp_20260730,frost_cycle_000066,top_close,0.9218843775509894
efficientnet,gamma_1p8_vignette,exp_20260730,frost_cycle_000066,top_close,0.9151712806266455
efficientnet,gamma_1p8_vignette,exp_20260730,frost_cycle_000067,extreme,0.9222270821201248
efficientnet,gamma_1p8_vignette,exp_20260730,frost_cycle_000067,extreme,0.9074489822281038
efficientnet,gamma_1p8_vignette,exp_20260730,frost_cycle_000067,extreme,0.916755795088111
efficientnet,gamma_1p8_vignette,exp_20260730,frost_cycle_000067,front,0.7407566245084064
efficientnet,gamma_1p8_vignette,exp_20260730,frost_cycle_000067,front,0.9253552634848071
efficientnet,gamma_1p8_vignette,exp_20260730,frost_cycle_000067,front,0.9030062873726173
efficientnet,gamma_1p8_vignette,exp_20260730,frost_cycle_000067,left,0.8611524874050757
efficientnet,gamma_1p8_vignette,exp_20260730,frost_cycle_000067,left,0.8338144175363821
efficientnet,gamma_1p8_vignette,exp_20260730,frost_cycle_000067,left,0.7661704689882447
efficientnet,gamma_1p8_vignette,exp_20260730,frost_cycle_000067,left_close,0.8663675452901187
efficientnet,gamma_1p8_vignette,exp_20260730,frost_cycle_000067,left_close,0.8620359303022714
efficientnet,gamma_1p8_vignette,exp_20260730,frost_cycle_000067,left_close,0.8918046680616528
efficientnet,gamma_1p8_vignette,exp_20260730,frost_cycle_000067,top,0.8488128075901561
efficientnet,gamma_1p8_vignette,exp_20260730,frost_cycle_000067,top,0.9131334720128438
efficientnet,gamma_1p8_vignette,exp_20260730,frost_cycle_000067,top,0.9256873445324262
efficientnet,gamma_1p8_vignette,exp_20260730,frost_cycle_000067,top_close,0.7655794795991481
efficientnet,gamma_1p8_vignette,exp_20260730,frost_cycle_000067,top_close,0.8923363155356445
efficientnet,gamma_1p8_vignette,exp_20260730,frost_cycle_000067,top_close,0.864912376590548
efficientnet,gamma_1p8_vignette,exp_20260730,frost_cycle_000067,extreme,0.9275531619921084
efficientnet,gamma_1p8_vignette,exp_20260730,frost_cycle_000067,extreme,0.9287566260505877
efficientnet,gamma_1p8_vignette,exp_20260730,frost_cycle_000067,extreme,0.9279649085468524
efficientnet,gamma_1p8_vignette,exp_20260730,frost_cycle_000067,front,0.9035304339655859
efficientnet,gamma_1p8_vignette,exp_20260730,frost_cycle_000067,front,0.8915366783570026
efficientnet,gamma_1p8_vignette,exp_20260730,frost_cycle_000067,front,0.8754378760272074
efficientnet,gamma_1p8_vignette,exp_20260730,frost_cycle_000067,left,0.8712317529950059
efficientnet,gamma_1p8_vignette,exp_20260730,frost_cycle_000067,left,0.8722140317197946
efficientnet,gamma_1p8_vignette,exp_20260730,frost_cycle_000067,left,0.8763473429961638
efficientnet,gamma_1p8_vignette,exp_20260730,frost_cycle_000067,left_close,0.9243296636202348
efficientnet,gamma_1p8_vignette,exp_20260730,frost_cycle_000067,left_close,0.9265177267484036
efficientnet,gamma_1p8_vignette,exp_20260730,frost_cycle_000067,left_close,0.9003041070525812
efficientnet,gamma_1p8_vignette,exp_20260730,frost_cycle_000067,top,0.9042700484395626
efficientnet,gamma_1p8_vignette,exp_20260730,frost_cycle_000067,top,0.8843145004483647
efficientnet,gamma_1p8_vignette,exp_20260730,frost_cycle_000067,top,0.8661788172993082
efficientnet,gamma_1p8_vignette,exp_20260730,frost_cycle_000067,top_close,0.922785178395697
efficientnet,gamma_1p8_vignette,exp_20260730,frost_cycle_000067,top_close,0.9068226717329884
efficientnet,gamma_1p8_vignette,exp_20260730,frost_cycle_000067,top_close,0.883604380206896
efficientnet,gamma_1p8_vignette,exp_20260730,frost_cycle_000068,extreme,0.9329385378183673
efficientnet,gamma_1p8_vignette,exp_20260730,frost_cycle_000068,extreme,0.909307132323888
efficientnet,gamma_1p8_vignette,exp_20260730,frost_cycle_000068,extreme,0.9113968572731718
efficientnet,gamma_1p8_vignette,exp_20260730,frost_cycle_000068,front,0.8975689865348441
efficientnet,gamma_1p8_vignette,exp_20260730,frost_cycle_000068,front,0.819794591304097
efficientnet,gamma_1p8_vignette,exp_20260730,frost_cycle_000068,front,0.9218107382390551
efficientnet,gamma_1p8_vignette,exp_20260730,frost_cycle_000068,left,0.8641836544499335
efficientnet,gamma_1p8_vignette,exp_20260730,frost_cycle_000068,left,0.8182871957756757
efficientnet,gamma_1p8_vignette,exp_20260730,frost_cycle_000068,left,0.7600922556309311
efficientnet,gamma_1p8_vignette,exp_20260730,frost_cycle_000068,left_close,0.9110337506946985
efficientnet,gamma_1p8_vignette,exp_20260730,frost_cycle_000068,left_close,0.8486931735575577
efficientnet,gamma_1p8_vignette,exp_20260730,frost_cycle_000068,left_close,0.8916307031145428
efficientnet,gamma_1p8_vignette,exp_20260730,frost_cycle_000068,top,0.9109422363384702
efficientnet,gamma_1p8_vignette,exp_20260730,frost_cycle_000068,top,0.8641035047441321
efficientnet,gamma_1p8_vignette,exp_20260730,frost_cycle_000068,top,0.9158541635579908
efficientnet,gamma_1p8_vignette,exp_20260730,frost_cycle_000068,top_close,0.9238579297685092
efficientnet,gamma_1p8_vignette,exp_20260730,frost_cycle_000068,top_close,0.8760501820362907
efficientnet,gamma_1p8_vignette,exp_20260730,frost_cycle_000068,top_close,0.8610879716656391
efficientnet,gamma_1p8_vignette,exp_20260731,frost_cycle_000070,extreme,0.9294071593659933
efficientnet,gamma_1p8_vignette,exp_20260731,frost_cycle_000070,extreme,0.9233240053548617
efficientnet,gamma_1p8_vignette,exp_20260731,frost_cycle_000070,extreme,0.9274540865581993
efficientnet,gamma_1p8_vignette,exp_20260731,frost_cycle_000070,front,0.9110214208986173
efficientnet,gamma_1p8_vignette,exp_20260731,frost_cycle_000070,front,0.9042664822558736
efficientnet,gamma_1p8_vignette,exp_20260731,frost_cycle_000070,front,0.8910212615141254
efficientnet,gamma_1p8_vignette,exp_20260731,frost_cycle_000070,left,0.8891202331731073
efficientnet,gamma_1p8_vignette,exp_20260731,frost_cycle_000070,left,0.9041858147693809
efficientnet,gamma_1p8_vignette,exp_20260731,frost_cycle_000070,left,0.9211042643816872
efficientnet,gamma_1p8_vignette,exp_20260731,frost_cycle_000070,left_close,0.9237245484229273
efficientnet,gamma_1p8_vignette,exp_20260731,frost_cycle_000070,left_close,0.931074454857914
efficientnet,gamma_1p8_vignette,exp_20260731,frost_cycle_000070,left_close,0.9275087048761292
efficientnet,gamma_1p8_vignette,exp_20260731,frost_cycle_000070,top,0.8601345043582256
efficientnet,gamma_1p8_vignette,exp_20260731,frost_cycle_000070,top,0.9036274843255662
efficientnet,gamma_1p8_vignette,exp_20260731,frost_cycle_000070,top,0.8593729330178451
efficientnet,gamma_1p8_vignette,exp_20260731,frost_cycle_000070,top_close,0.9330114660763904
efficientnet,gamma_1p8_vignette,exp_20260731,frost_cycle_000070,top_close,0.9450530616899653
efficientnet,gamma_1p8_vignette,exp_20260731,frost_cycle_000070,top_close,0.9089826065211252
efficientnet,gamma_1p8_vignette,exp_20260731,frost_cycle_000071,extreme,0.9306034409323877
efficientnet,gamma_1p8_vignette,exp_20260731,frost_cycle_000071,extreme,0.931274811921729
efficientnet,gamma_1p8_vignette,exp_20260731,frost_cycle_000071,extreme,0.92204057461943
efficientnet,gamma_1p8_vignette,exp_20260731,frost_cycle_000071,front,0.8708872797455902
efficientnet,gamma_1p8_vignette,exp_20260731,frost_cycle_000071,front,0.8606436423699627
efficientnet,gamma_1p8_vignette,exp_20260731,frost_cycle_000071,front,0.7796993055955782
efficientnet,gamma_1p8_vignette,exp_20260731,frost_cycle_000071,left,0.8855996080372703
efficientnet,gamma_1p8_vignette,exp_20260731,frost_cycle_000071,left,0.8774252288490805
efficientnet,gamma_1p8_vignette,exp_20260731,frost_cycle_000071,left,0.8570096309964893
efficientnet,gamma_1p8_vignette,exp_20260731,frost_cycle_000071,left_close,0.9222225026201764
efficientnet,gamma_1p8_vignette,exp_20260731,frost_cycle_000071,left_close,0.903190244216978
efficientnet,gamma_1p8_vignette,exp_20260731,frost_cycle_000071,left_close,0.8334300543279636
efficientnet,gamma_1p8_vignette,exp_20260731,frost_cycle_000071,top,0.8906769981642892
efficientnet,gamma_1p8_vignette,exp_20260731,frost_cycle_000071,top,0.8582009574858519
efficientnet,gamma_1p8_vignette,exp_20260731,frost_cycle_000071,top,0.8495181917503574
efficientnet,gamma_1p8_vignette,exp_20260731,frost_cycle_000071,top_close,0.9285947155888932
efficientnet,gamma_1p8_vignette,exp_20260731,frost_cycle_000071,top_close,0.7989645688312124
efficientnet,gamma_1p8_vignette,exp_20260731,frost_cycle_000071,top_close,0.8586390920390783
efficientnet,gamma_1p8_vignette,exp_20260731,frost_cycle_000072,extreme,0.9223827632077697
efficientnet,gamma_1p8_vignette,exp_20260731,frost_cycle_000072,extreme,0.9157952754786951
efficientnet,gamma_1p8_vignette,exp_20260731,frost_cycle_000072,extreme,0.9107473204672238
efficientnet,gamma_1p8_vignette,exp_20260731,frost_cycle_000072,front,0.7691587727918382
efficientnet,gamma_1p8_vignette,exp_20260731,frost_cycle_000072,front,0.9270492357714931
efficientnet,gamma_1p8_vignette,exp_20260731,frost_cycle_000072,front,0.92059168813031
efficientnet,gamma_1p8_vignette,exp_20260731,frost_cycle_000072,left,0.8705395391334348
efficientnet,gamma_1p8_vignette,exp_20260731,frost_cycle_000072,left,0.7829222947498631
efficientnet,gamma_1p8_vignette,exp_20260731,frost_cycle_000072,left,0.7831536709651891
efficientnet,gamma_1p8_vignette,exp_20260731,frost_cycle_000072,left_close,0.8402905076737712
efficientnet,gamma_1p8_vignette,exp_20260731,frost_cycle_000072,left_close,0.8651092924498377
efficientnet,gamma_1p8_vignette,exp_20260731,frost_cycle_000072,left_close,0.895607108585486
efficientnet,gamma_1p8_vignette,exp_20260731,frost_cycle_000072,top,0.8605835738965582
efficientnet,gamma_1p8_vignette,exp_20260731,frost_cycle_000072,top,0.8979121010730502
efficientnet,gamma_1p8_vignette,exp_20260731,frost_cycle_000072,top,0.927203033427482
efficientnet,gamma_1p8_vignette,exp_20260731,frost_cycle_000072,top_close,0.8574574622006884
efficientnet,gamma_1p8_vignette,exp_20260731,frost_cycle_000072,top_close,0.8775740037655522
efficientnet,gamma_1p8_vignette,exp_20260731,frost_cycle_000072,top_close,0.8549379888898282
efficientnet,gamma_1p8_vignette,exp_20260731,frost_cycle_000072,extreme,0.93477229130728
efficientnet,gamma_1p8_vignette,exp_20260731,frost_cycle_000072,extreme,0.9323199963320595
efficientnet,gamma_1p8_vignette,exp_20260731,frost_cycle_000072,extreme,0.9287928271676329
efficientnet,gamma_1p8_vignette,exp_20260731,frost_cycle_000072,front,0.8966304996843019
efficientnet,gamma_1p8_vignette,exp_20260731,frost_cycle_000072,front,0.8777510671716011
efficientnet,gamma_1p8_vignette,exp_20260731,frost_cycle_000072,front,0.8725264042746211
efficientnet,gamma_1p8_vignette,exp_20260731,frost_cycle_000072,left,0.8746550812931729
efficientnet,gamma_1p8_vignette,exp_20260731,frost_cycle_000072,left,0.8804158391830421
efficientnet,gamma_1p8_vignette,exp_20260731,frost_cycle_000072,left,0.8794552258987055
efficientnet,gamma_1p8_vignette,exp_20260731,frost_cycle_000072,left_close,0.9278161208121238
efficientnet,gamma_1p8_vignette,exp_20260731,frost_cycle_000072,left_close,0.9178212330677717
efficientnet,gamma_1p8_vignette,exp_20260731,frost_cycle_000072,left_close,0.9077921817852559
efficientnet,gamma_1p8_vignette,exp_20260731,frost_cycle_000072,top,0.897038828794276
efficientnet,gamma_1p8_vignette,exp_20260731,frost_cycle_000072,top,0.882018143080788
efficientnet,gamma_1p8_vignette,exp_20260731,frost_cycle_000072,top,0.8724349986946558
efficientnet,gamma_1p8_vignette,exp_20260731,frost_cycle_000072,top_close,0.9260368320800677
efficientnet,gamma_1p8_vignette,exp_20260731,frost_cycle_000072,top_close,0.9104968530871944
efficientnet,gamma_1p8_vignette,exp_20260731,frost_cycle_000072,top_close,0.8983256622335
efficientnet,gamma_1p8_vignette,exp_20260731,frost_cycle_000073,extreme,0.9234803436869808
efficientnet,gamma_1p8_vignette,exp_20260731,frost_cycle_000073,extreme,0.9193305786751952
efficientnet,gamma_1p8_vignette,exp_20260731,frost_cycle_000073,extreme,0.9196172550566901
efficientnet,gamma_1p8_vignette,exp_20260731,frost_cycle_000073,front,0.7701468577229118
efficientnet,gamma_1p8_vignette,exp_20260731,frost_cycle_000073,front,0.9288572664453029
efficientnet,gamma_1p8_vignette,exp_20260731,frost_cycle_000073,front,0.9267549972080482
efficientnet,gamma_1p8_vignette,exp_20260731,frost_cycle_000073,left,0.8757463486641063
efficientnet,gamma_1p8_vignette,exp_20260731,frost_cycle_000073,left,0.8301543706351031
efficientnet,gamma_1p8_vignette,exp_20260731,frost_cycle_000073,left,0.7611272221088168
efficientnet,gamma_1p8_vignette,exp_20260731,frost_cycle_000073,left_close,0.8491140078065753
efficientnet,gamma_1p8_vignette,exp_20260731,frost_cycle_000073,left_close,0.8669963636550975
efficientnet,gamma_1p8_vignette,exp_20260731,frost_cycle_000073,left_close,0.9141749950111745
efficientnet,gamma_1p8_vignette,exp_20260731,frost_cycle_000073,top,0.8240216997781854
efficientnet,gamma_1p8_vignette,exp_20260731,frost_cycle_000073,top,0.9105457728081359
efficientnet,gamma_1p8_vignette,exp_20260731,frost_cycle_000073,top,0.9197268849556225
efficientnet,gamma_1p8_vignette,exp_20260731,frost_cycle_000073,top_close,0.7871658912481172
efficientnet,gamma_1p8_vignette,exp_20260731,frost_cycle_000073,top_close,0.8892709794426352
efficientnet,gamma_1p8_vignette,exp_20260731,frost_cycle_000073,top_close,0.8698384753528815
efficientnet,gamma_1p8_vignette,exp_20260731,frost_cycle_000073,extreme,0.9339853836760134
efficientnet,gamma_1p8_vignette,exp_20260731,frost_cycle_000073,extreme,0.9284311076198657
efficientnet,gamma_1p8_vignette,exp_20260731,frost_cycle_000073,extreme,0.9233051976550134
efficientnet,gamma_1p8_vignette,exp_20260731,frost_cycle_000073,front,0.9252574563816263
efficientnet,gamma_1p8_vignette,exp_20260731,frost_cycle_000073,front,0.9061605848221006
efficientnet,gamma_1p8_vignette,exp_20260731,frost_cycle_000073,front,0.8893775651158329
efficientnet,gamma_1p8_vignette,exp_20260731,frost_cycle_000073,left,0.8756618686309664
efficientnet,gamma_1p8_vignette,exp_20260731,frost_cycle_000073,left,0.8827172602387333
efficientnet,gamma_1p8_vignette,exp_20260731,frost_cycle_000073,left,0.876094597000169
efficientnet,gamma_1p8_vignette,exp_20260731,frost_cycle_000073,left_close,0.9311167225741401
efficientnet,gamma_1p8_vignette,exp_20260731,frost_cycle_000073,left_close,0.9282279683212544
efficientnet,gamma_1p8_vignette,exp_20260731,frost_cycle_000073,left_close,0.9223408567426447
efficientnet,gamma_1p8_vignette,exp_20260731,frost_cycle_000073,top,0.9131773655276987
efficientnet,gamma_1p8_vignette,exp_20260731,frost_cycle_000073,top,0.8915282611763976
efficientnet,gamma_1p8_vignette,exp_20260731,frost_cycle_000073,top,0.8604504993433484
efficientnet,gamma_1p8_vignette,exp_20260731,frost_cycle_000073,top_close,0.9281740117710291
efficientnet,gamma_1p8_vignette,exp_20260731,frost_cycle_000073,top_close,0.9283620609561221
efficientnet,gamma_1p8_vignette,exp_20260731,frost_cycle_000073,top_close,0.9113053305353331
efficientnet,gamma_1p8_vignette,exp_20260731,frost_cycle_000074,extreme,0.9474961531987913
efficientnet,gamma_1p8_vignette,exp_20260731,frost_cycle_000074,extreme,0.9474961531987913
efficientnet,gamma_1p8_vignette,exp_20260731,frost_cycle_000074,extreme,0.9579672261309822
efficientnet,gamma_1p8_vignette,exp_20260731,frost_cycle_000074,front,0.8812130692066353
efficientnet,gamma_1p8_vignette,exp_20260731,frost_cycle_000074,front,0.8838092533543169
efficientnet,gamma_1p8_vignette,exp_20260731,frost_cycle_000074,front,0.8638754214466462
efficientnet,gamma_1p8_vignette,exp_20260731,frost_cycle_000074,left,0.9658322349242326
efficientnet,gamma_1p8_vignette,exp_20260731,frost_cycle_000074,left,0.9278689495040363
efficientnet,gamma_1p8_vignette,exp_20260731,frost_cycle_000074,left,0.9484131401029339
efficientnet,gamma_1p8_vignette,exp_20260731,frost_cycle_000074,left_close,0.9313865247269166
efficientnet,gamma_1p8_vignette,exp_20260731,frost_cycle_000074,left_close,0.9100500963516093
efficientnet,gamma_1p8_vignette,exp_20260731,frost_cycle_000074,left_close,0.9195937397129301
efficientnet,gamma_1p8_vignette,exp_20260731,frost_cycle_000074,top,0.9039121276474876
efficientnet,gamma_1p8_vignette,exp_20260731,frost_cycle_000074,top,0.8958650615748963
efficientnet,gamma_1p8_vignette,exp_20260731,frost_cycle_000074,top,0.8886483786018916
efficientnet,gamma_1p8_vignette,exp_20260731,frost_cycle_000074,top_close,0.8700616896791528
efficientnet,gamma_1p8_vignette,exp_20260731,frost_cycle_000074,top_close,0.8953478656469963
efficientnet,gamma_1p8_vignette,exp_20260731,frost_cycle_000074,top_close,0.8924782286242361
efficientnet,gamma_1p8_vignette,exp_20260731,frost_cycle_000075,extreme,0.9135307357115856
efficientnet,gamma_1p8_vignette,exp_20260731,frost_cycle_000075,extreme,0.9085350974191411
efficientnet,gamma_1p8_vignette,exp_20260731,frost_cycle_000075,extreme,0.9152617869742485
efficientnet,gamma_1p8_vignette,exp_20260731,frost_cycle_000075,front,0.8232219339860245
efficientnet,gamma_1p8_vignette,exp_20260731,frost_cycle_000075,front,0.8868628151502156
efficientnet,gamma_1p8_vignette,exp_20260731,frost_cycle_000075,front,0.9084788376815598
efficientnet,gamma_1p8_vignette,exp_20260731,frost_cycle_000075,left,0.8777703234063038
efficientnet,gamma_1p8_vignette,exp_20260731,frost_cycle_000075,left,0.8013414262167394
efficientnet,gamma_1p8_vignette,exp_20260731,frost_cycle_000075,left,0.8592047775046859
efficientnet,gamma_1p8_vignette,exp_20260731,frost_cycle_000075,left_close,0.8043029686374684
efficientnet,gamma_1p8_vignette,exp_20260731,frost_cycle_000075,left_close,0.572652102037657
efficientnet,gamma_1p8_vignette,exp_20260731,frost_cycle_000075,left_close,0.7115486716638942
efficientnet,gamma_1p8_vignette,exp_20260731,frost_cycle_000075,top,0.8687794304931303
efficientnet,gamma_1p8_vignette,exp_20260731,frost_cycle_000075,top,0.8991000429054974
efficientnet,gamma_1p8_vignette,exp_20260731,frost_cycle_000075,top,0.9056950437084395
efficientnet,gamma_1p8_vignette,exp_20260731,frost_cycle_000075,top_close,0.801222383388467
efficientnet,gamma_1p8_vignette,exp_20260731,frost_cycle_000075,top_close,0.8478341503498039
efficientnet,gamma_1p8_vignette,exp_20260731,frost_cycle_000075,top_close,0.8294561153908121
efficientnet,gamma_1p8_vignette,exp_20260731,frost_cycle_000075,extreme,0.9415044002527155
efficientnet,gamma_1p8_vignette,exp_20260731,frost_cycle_000075,extreme,0.9455536716735096
efficientnet,gamma_1p8_vignette,exp_20260731,frost_cycle_000075,extreme,0.944754048316437
efficientnet,gamma_1p8_vignette,exp_20260731,frost_cycle_000075,front,0.901841993586183
efficientnet,gamma_1p8_vignette,exp_20260731,frost_cycle_000075,front,0.8872631286761083
efficientnet,gamma_1p8_vignette,exp_20260731,frost_cycle_000075,front,0.8779748721971626
efficientnet,gamma_1p8_vignette,exp_20260731,frost_cycle_000075,left,0.8871387214779305
efficientnet,gamma_1p8_vignette,exp_20260731,frost_cycle_000075,left,0.872546083708553
efficientnet,gamma_1p8_vignette,exp_20260731,frost_cycle_000075,left,0.856337565572877
efficientnet,gamma_1p8_vignette,exp_20260731,frost_cycle_000075,left_close,0.8651488186230634
efficientnet,gamma_1p8_vignette,exp_20260731,frost_cycle_000075,left_close,0.8831372878065784
efficientnet,gamma_1p8_vignette,exp_20260731,frost_cycle_000075,left_close,0.8577047227452638
efficientnet,gamma_1p8_vignette,exp_20260731,frost_cycle_000075,top,0.8800973640100627
efficientnet,gamma_1p8_vignette,exp_20260731,frost_cycle_000075,top,0.895562123786573
efficientnet,gamma_1p8_vignette,exp_20260731,frost_cycle_000075,top,0.9178749069631301
efficientnet,gamma_1p8_vignette,exp_20260731,frost_cycle_000075,top_close,0.9334150768402801
efficientnet,gamma_1p8_vignette,exp_20260731,frost_cycle_000075,top_close,0.9370159875048026
efficientnet,gamma_1p8_vignette,exp_20260731,frost_cycle_000075,top_close,0.9285345206750607
efficientnet,gamma_1p8_vignette,exp_20260731,frost_cycle_000076,extreme,0.9400839609764036
efficientnet,gamma_1p8_vignette,exp_20260731,frost_cycle_000076,extreme,0.9135252369237779
efficientnet,gamma_1p8_vignette,exp_20260731,frost_cycle_000076,extreme,0.9086410701346028
efficientnet,gamma_1p8_vignette,exp_20260731,frost_cycle_000076,front,0.8925766360288053
efficientnet,gamma_1p8_vignette,exp_20260731,frost_cycle_000076,front,0.7658418520480255
efficientnet,gamma_1p8_vignette,exp_20260731,frost_cycle_000076,front,0.9001588699834956
efficientnet,gamma_1p8_vignette,exp_20260731,frost_cycle_000076,left,0.8668854949365231
efficientnet,gamma_1p8_vignette,exp_20260731,frost_cycle_000076,left,0.8553281712139843
efficientnet,gamma_1p8_vignette,exp_20260731,frost_cycle_000076,left,0.8389699490745207
efficientnet,gamma_1p8_vignette,exp_20260731,frost_cycle_000076,left_close,0.8947810422044018
efficientnet,gamma_1p8_vignette,exp_20260731,frost_cycle_000076,left_close,0.7376920551191349
efficientnet,gamma_1p8_vignette,exp_20260731,frost_cycle_000076,left_close,0.6744443194801164
efficientnet,gamma_1p8_vignette,exp_20260731,frost_cycle_000076,top,0.9172236240299064
efficientnet,gamma_1p8_vignette,exp_20260731,frost_cycle_000076,top,0.8757396764515633
efficientnet,gamma_1p8_vignette,exp_20260731,frost_cycle_000076,top,0.9067816343373537
efficientnet,gamma_1p8_vignette,exp_20260731,frost_cycle_000076,top_close,0.9277410871246167
efficientnet,gamma_1p8_vignette,exp_20260731,frost_cycle_000076,top_close,0.8298277348719163
efficientnet,gamma_1p8_vignette,exp_20260731,frost_cycle_000076,top_close,0.8773077389135839
