cycle_name,cycle_stage,method,mode,n,metric_status,noise_ratio,noise_reduction,spike_ratio,spike_reduction,water_bias_kw,water_rmse_offset_kw,energy_error_pct,shortfall_area_error_pct,transient_retention,lag_seconds
frost_cycle_000001,recovery,median_centered_60s,offline,18,available,0.4222222222222319,0.5777777777777682,0.3642835953722922,0.6357164046277077,-0.28687019000000147,0.24554426930602258,0.4450118035678581,17.693559637293433,0.2095070422535208,20.0
frost_cycle_000001,recovery,ewma_tau30s,online,18,available,0.7336591721610657,0.2663408278389343,0.19809469319821366,0.8019053068017863,-0.2029733342938047,0.22418334372025447,0.491821804381067,29.388717146183364,0.21465816009947178,0.0
frost_cycle_000001,recovery,median30s_ewma30s,online,18,available,0.46118154573492837,0.5388184542650716,0.1922260545944002,0.8077739454055998,-0.2184707325302302,0.23118773255738947,0.5544021533322295,31.392816442769455,0.19243559490963189,10.0
frost_cycle_000001,recovery,savgol_70s,offline,18,available,0.7809523809523501,0.2190476190476499,0.3577714681244775,0.6422285318755225,-0.23171918761904164,0.22660076955405337,0.028989052103388833,6.870495233672015,0.29581656606304263,0.0
frost_cycle_000001,recovery,adaptive_offline,offline,18,available,0.1078192287376739,0.8921807712623261,0.0492122223767504,0.9507877776232496,-0.213209806946983,0.20804879700435283,0.3817783830446704,27.537097008837,0.05765396607338661,0.0
frost_cycle_000001,recovery,wavelet_offline,offline,18,available,2.7297750410910755,-1.7297750410910755,0.8155613900408082,0.1844386099591918,-0.22523876785119956,0.23733571777503268,0.002150272623225714,2.2662689862892336,0.7259788699952163,0.0
frost_cycle_000001,recovery,wavelet_monotonic_offline,constrained,18,available,2.7297750410910755,-1.7297750410910755,0.8155613900408082,0.1844386099591918,-0.22523876785119956,0.23733571777503268,0.002150272623225714,2.2662689862892336,0.7259788699952163,0.0
frost_cycle_000001,recovery,nearly_isotonic_offline,constrained,18,available,2.7297750410910755,-1.7297750410910755,0.8155613900408082,0.1844386099591918,-0.22523876785119956,0.23733571777503268,0.002150272623225714,2.2662689862892336,0.7259788699952163,0.0
frost_cycle_000001,recovery,robust_monotone_offline,constrained,18,available,2.7297750410910755,-1.7297750410910755,0.8155613900408082,0.1844386099591918,-0.22523876785119956,0.23733571777503268,0.002150272623225714,2.2662689862892336,0.7259788699952163,0.0
frost_cycle_000001,frost_development,median_centered_60s,offline,73,available,0.5500000000000955,0.4499999999999045,0.26460539144415873,0.7353946085558413,-0.7461736571428697,0.384897710526256,0.16636091312302884,4.816260448304328,0.24082934609250561,-10.0
frost_cycle_000001,frost_development,ewma_tau30s,online,73,available,1.1704649325099143,-0.17046493250991435,0.20240611631893657,0.7975938836810634,-0.7417512110092099,0.3871651103291599,0.047951874076280925,15.748177786053198,0.3143474023535939,0.0
frost_cycle_000001,frost_development,median30s_ewma30s,online,73,available,0.7170450170049549,0.28295498299504507,0.12108658268755117,0.8789134173124489,-0.7489285906569432,0.3756615449812252,0.14794525519370552,5.9553916221678,0.1918193443753095,20.0
frost_cycle_000001,frost_development,savgol_70s,offline,73,available,2.0523809523814607,-1.0523809523814607,0.23859453638972444,0.7614054636102756,-0.7511498476190512,0.39813966107748394,0.03745007077749651,6.690620222593621,0.5033290296448234,0.0
frost_cycle_000001,frost_development,adaptive_offline,offline,73,available,0.41756900387103396,0.582430996128966,0.015279429773716938,0.984720570226283,-0.7052653615611488,0.376585788905274,0.1960768884891761,18.356736970096627,0.039120345579323444,-60.0
frost_cycle_000001,frost_development,wavelet_offline,offline,73,available,1.0561167407345269,-0.05611674073452688,0.8102567592112546,0.18974324078874538,-0.7463605904119968,0.3956360260540361,0.013963827459757501,7.122457029793951,0.5987903152959579,0.0
frost_cycle_000001,frost_development,wavelet_monotonic_offline,constrained,73,available,0.0,1.0,0.04944239793171495,0.9505576020682851,-0.6680934766324089,0.45048643138865824,0.02979765818653115,72.07525308241017,0.0,0.0
frost_cycle_000001,frost_development,nearly_isotonic_offline,constrained,73,available,0.3712953841163562,0.6287046158836438,0.711383290127534,0.288616709872466,-0.7427779428571339,0.397341882641255,0.008616630509944182,11.724691806937079,0.3963982083897869,0.0
frost_cycle_000001,frost_development,robust_monotone_offline,constrained,73,available,0.0,1.0,0.019945055874330774,0.9800549441256692,-0.6857357988971717,0.44079765055554754,0.30062572735093535,45.586918177675024,0.0,0.0
frost_cycle_000001,defrost_preparation,median_centered_60s,offline,2,insufficient_data,,,0.0,1.0,-2.3550428199999898,0.5232626999999974,0.0,100.0,0.0,
frost_cycle_000001,defrost_preparation,ewma_tau30s,online,2,insufficient_data,,,0.28346868942621084,0.7165313105737892,-1.8455890581820262,0.7248089381820333,8.103288719865823,100.0,0.28346868942621084,
frost_cycle_000001,defrost_preparation,median30s_ewma30s,online,2,insufficient_data,,,0.14173434471310511,0.8582656552868949,-1.744815939091008,0.6240358190910151,9.706169570685256,100.0,0.14173434471310511,
frost_cycle_000001,defrost_preparation,savgol_70s,offline,2,insufficient_data,,,1.0,0.0,-2.35504281999999,1.2342626999999973,0.0,0.0,1.0,
frost_cycle_000001,defrost_preparation,adaptive_offline,offline,2,insufficient_data,,,0.0,1.0,-2.3550428199999898,0.5232626999999974,0.0,100.0,0.0,
frost_cycle_000001,defrost_preparation,wavelet_offline,offline,2,insufficient_data,,,1.0,0.0,-2.35504281999999,1.2342626999999973,0.0,0.0,1.0,
frost_cycle_000001,defrost_preparation,wavelet_monotonic_offline,constrained,2,insufficient_data,,,1.0,0.0,-2.35504281999999,1.2342626999999973,0.0,0.0,1.0,
frost_cycle_000001,defrost_preparation,nearly_isotonic_offline,constrained,2,insufficient_data,,,1.0,0.0,-2.35504281999999,1.2342626999999973,0.0,0.0,1.0,
frost_cycle_000001,defrost_preparation,robust_monotone_offline,constrained,2,insufficient_data,,,1.0,0.0,-2.35504281999999,1.2342626999999973,0.0,0.0,1.0,
frost_cycle_000001,defrost,median_centered_60s,offline,1,insufficient_data,,,,,0.714815299999997,0.0,,,,
frost_cycle_000001,defrost,ewma_tau30s,online,1,insufficient_data,,,,,0.714815299999997,0.0,,,,
frost_cycle_000001,defrost,median30s_ewma30s,online,1,insufficient_data,,,,,0.714815299999997,0.0,,,,
frost_cycle_000001,defrost,savgol_70s,offline,1,insufficient_data,,,,,0.714815299999997,0.0,,,,
frost_cycle_000001,defrost,adaptive_offline,offline,1,insufficient_data,,,,,0.714815299999997,0.0,,,,
frost_cycle_000001,defrost,wavelet_offline,offline,1,insufficient_data,,,,,0.714815299999997,0.0,,,,
frost_cycle_000001,defrost,wavelet_monotonic_offline,constrained,1,insufficient_data,,,,,0.714815299999997,0.0,,,,
frost_cycle_000001,defrost,nearly_isotonic_offline,constrained,1,insufficient_data,,,,,0.714815299999997,0.0,,,,
frost_cycle_000001,defrost,robust_monotone_offline,constrained,1,insufficient_data,,,,,0.714815299999997,0.0,,,,
frost_cycle_000002,recovery,median_centered_60s,offline,18,available,0.8129496402877767,0.18705035971222328,0.06697552227535863,0.9330244777246414,1.3930810499999908,1.9146910517543556,3.0073463805942375,0.8618581907090795,0.23714083008159031,-10.0
frost_cycle_000002,recovery,ewma_tau30s,online,18,available,1.3244131657226983,-0.3244131657226983,0.3202777047571097,0.6797222952428903,1.968263436565473,3.5340360714063515,16.680067911119657,40.37944587921831,1.0550013568863774,-40.0
frost_cycle_000002,recovery,median30s_ewma30s,online,18,available,1.2748846193998844,-0.2748846193998844,0.26925427304831856,0.7307457269516815,2.254134138352774,3.595456143073578,21.692873098717097,49.562997323912214,0.8838271888243344,-30.0
frost_cycle_000002,recovery,savgol_70s,offline,18,available,1.9093867762932202,-0.9093867762932202,0.5077071572399412,0.4922928427600588,1.4075041261904708,3.063990895181859,1.0408067398803607,0.8395913377569428,1.3012466426797695,10.0
frost_cycle_000002,recovery,adaptive_offline,offline,18,available,0.1052432952632323,0.8947567047367677,0.016236930041601264,0.9837630699583987,1.8604832122713004,1.709815052077629,1.1505405161142788,32.40075001919159,0.07231706868770364,-30.0
frost_cycle_000002,recovery,wavelet_offline,offline,18,available,0.7573848580596793,0.24261514194032074,0.9711601303360216,0.028839869663978446,1.3515415605027052,3.315268689972834,0.01981759068585466,0.7653853216417683,1.0989141459998633,0.0
frost_cycle_000002,recovery,wavelet_monotonic_offline,constrained,18,available,0.7573848580596793,0.24261514194032074,0.9711601303360216,0.028839869663978446,1.3515415605027052,3.315268689972834,0.01981759068585466,0.7653853216417683,1.0989141459998633,0.0
frost_cycle_000002,recovery,nearly_isotonic_offline,constrained,18,available,0.7573848580596793,0.24261514194032074,0.9711601303360216,0.028839869663978446,1.3515415605027052,3.315268689972834,0.01981759068585466,0.7653853216417683,1.0989141459998633,0.0
frost_cycle_000002,recovery,robust_monotone_offline,constrained,18,available,0.7573848580596793,0.24261514194032074,0.9711601303360216,0.028839869663978446,1.3515415605027052,3.315268689972834,0.01981759068585466,0.7653853216417683,1.0989141459998633,0.0
frost_cycle_000002,frost_development,median_centered_60s,offline,78,available,0.4303959131545443,0.5696040868454557,0.5817145236455651,0.4182854763544349,0.09440525499999719,0.5932357975455951,0.007091295216701838,7.964425124201563,0.5166169578184895,0.0
frost_cycle_000002,frost_development,ewma_tau30s,online,78,available,0.5289681907771936,0.4710318092228064,0.3460271798022326,0.6539728201977675,0.1836078558985208,0.5369610372537303,0.23027440883466302,25.04520760304786,0.4644089737152318,10.0
frost_cycle_000002,frost_development,median30s_ewma30s,online,78,available,0.45493208980676614,0.5450679101932339,0.34492576137596076,0.6550742386240392,0.20347825095325733,0.5267228520053416,0.371062451494138,22.847186243795413,0.3819181462230757,20.0
frost_cycle_000002,frost_development,savgol_70s,offline,78,available,0.7416529830322692,0.25834701696773077,0.5499140930814628,0.4500859069185372,0.09498581150795227,0.6003865926388016,0.038862890407212865,6.166987731931892,0.965142938300155,0.0
frost_cycle_000002,frost_development,adaptive_offline,offline,78,available,0.16060427740594468,0.8393957225940554,0.08522306251357878,0.9147769374864212,0.16315250790791058,0.5481337018118108,0.2119414669168894,75.11181057414062,0.19684784429718205,0.0
frost_cycle_000002,frost_development,wavelet_offline,offline,78,available,0.6234341175722067,0.3765658824277933,0.752674141594679,0.24732585840532095,0.08580670963157866,0.6042593186450668,0.004598452495523986,8.917204366645493,1.012172064362731,0.0
frost_cycle_000002,frost_development,wavelet_monotonic_offline,constrained,78,available,0.0,1.0,0.15683379902115757,0.8431662009788424,-0.06608450324895454,0.8524702344787121,0.012550463750422708,100.0,0.0,0.0
frost_cycle_000002,frost_development,nearly_isotonic_offline,constrained,78,available,1.6947348760613386e-07,0.9999998305265124,0.9859712053386951,0.01402879466130491,0.095279758942997,0.6047081708238496,0.0018412430454533084,7.185947492123905,0.7890924585825969,0.0
frost_cycle_000002,frost_development,robust_monotone_offline,constrained,78,available,0.0,1.0,0.12115686019866566,0.8788431398013343,0.026174324401305515,0.8647184311008131,1.3594330027778405,100.0,0.046687275009929516,-120.0
frost_cycle_000002,defrost_preparation,median_centered_60s,offline,1,insufficient_data,,,,,-0.6348190000000029,0.0,,,,
frost_cycle_000002,defrost_preparation,ewma_tau30s,online,1,insufficient_data,,,,,-0.6348190000000029,0.0,,,,
frost_cycle_000002,defrost_preparation,median30s_ewma30s,online,1,insufficient_data,,,,,-0.6348190000000029,0.0,,,,
frost_cycle_000002,defrost_preparation,savgol_70s,offline,1,insufficient_data,,,,,-0.6348190000000029,0.0,,,,
frost_cycle_000002,defrost_preparation,adaptive_offline,offline,1,insufficient_data,,,,,-0.6348190000000029,0.0,,,,
frost_cycle_000002,defrost_preparation,wavelet_offline,offline,1,insufficient_data,,,,,-0.6348190000000029,0.0,,,,
frost_cycle_000002,defrost_preparation,wavelet_monotonic_offline,constrained,1,insufficient_data,,,,,-0.6348190000000029,0.0,,,,
frost_cycle_000002,defrost_preparation,nearly_isotonic_offline,constrained,1,insufficient_data,,,,,-0.6348190000000029,0.0,,,,
frost_cycle_000002,defrost_preparation,robust_monotone_offline,constrained,1,insufficient_data,,,,,-0.6348190000000029,0.0,,,,
frost_cycle_000002,defrost,median_centered_60s,offline,0,insufficient_data,,,,,,,,,,
frost_cycle_000002,defrost,ewma_tau30s,online,0,insufficient_data,,,,,,,,,,
frost_cycle_000002,defrost,median30s_ewma30s,online,0,insufficient_data,,,,,,,,,,
frost_cycle_000002,defrost,savgol_70s,offline,0,insufficient_data,,,,,,,,,,
frost_cycle_000002,defrost,adaptive_offline,offline,0,insufficient_data,,,,,,,,,,
frost_cycle_000002,defrost,wavelet_offline,offline,0,insufficient_data,,,,,,,,,,
frost_cycle_000002,defrost,wavelet_monotonic_offline,constrained,0,insufficient_data,,,,,,,,,,
frost_cycle_000002,defrost,nearly_isotonic_offline,constrained,0,insufficient_data,,,,,,,,,,
frost_cycle_000002,defrost,robust_monotone_offline,constrained,0,insufficient_data,,,,,,,,,,
frost_cycle_000003,recovery,median_centered_60s,offline,17,available,1.7758620689655182,-0.7758620689655182,0.06035727476529537,0.9396427252347046,1.3833570000000126,2.2586956002084175,0.6401837425042469,3.8747599795831,0.5799644243208282,10.0
frost_cycle_000003,recovery,ewma_tau30s,online,17,available,0.8918610764830979,0.10813892351690213,0.2852787890812421,0.714721210918758,1.4599843042618152,2.9871109894747874,5.580405988469504,25.876819757034642,0.48580693162496325,10.0
frost_cycle_000003,recovery,median30s_ewma30s,online,17,available,1.1300060591394376,-0.13000605913943764,0.14533319562293395,0.854666804377066,1.6056807649092208,3.015714836297825,7.411108477048793,35.82217394512941,0.4843855140376659,10.0
frost_cycle_000003,recovery,savgol_70s,offline,17,available,0.645867542419306,0.354132457580694,0.9938666185662054,0.006133381433794605,1.408819206349218,2.8269666362630286,0.15003619244488928,1.1230756410087095,0.5866444896199116,0.0
frost_cycle_000003,recovery,adaptive_offline,offline,17,available,1.0355478200553951,-0.03554782005539514,0.03170270719095302,0.968297292809047,1.3703488542245932,2.248250648252503,0.16900725261478453,2.2651447760767325,0.38632184241032846,10.0
frost_cycle_000003,recovery,wavelet_offline,offline,17,available,1.26374992386945,-0.26374992386945006,0.9966317604003176,0.0033682395996823544,1.3817946989493146,2.83311971716171,0.00019081542688194746,0.26970867598305204,0.8246075980069661,0.0
frost_cycle_000003,recovery,wavelet_monotonic_offline,constrained,17,available,1.26374992386945,-0.26374992386945006,0.9966317604003176,0.0033682395996823544,1.3817946989493146,2.83311971716171,0.00019081542688194746,0.26970867598305204,0.8246075980069661,0.0
frost_cycle_000003,recovery,nearly_isotonic_offline,constrained,17,available,1.26374992386945,-0.26374992386945006,0.9966317604003176,0.0033682395996823544,1.3817946989493146,2.83311971716171,0.00019081542688194746,0.26970867598305204,0.8246075980069661,0.0
frost_cycle_000003,recovery,robust_monotone_offline,constrained,17,available,1.26374992386945,-0.26374992386945006,0.9966317604003176,0.0033682395996823544,1.3817946989493146,2.83311971716171,0.00019081542688194746,0.26970867598305204,0.8246075980069661,0.0
frost_cycle_000003,frost_development,median_centered_60s,offline,937,available,0.4999999999999445,0.5000000000000555,0.3937626309020765,0.6062373690979235,-1.0004640000000142,0.5300347236082127,0.07177676658998258,0.19184479090221823,0.1470588235294087,0.0
frost_cycle_000003,frost_development,ewma_tau30s,online,937,available,0.531682338698602,0.46831766130139796,0.24226044239087044,0.7577395576091296,-0.9890103875602385,0.5070666252875037,0.025076676321510692,1.0669852103108246,0.3487437743577243,0.0
frost_cycle_000003,frost_development,median30s_ewma30s,online,937,available,0.4485150543144241,0.5514849456855759,0.20388349116040208,0.796116508839598,-0.9927846649504044,0.5049077409418652,0.0885867976995084,1.3086204474212129,0.2531147664467179,20.0
frost_cycle_000003,frost_development,savgol_70s,offline,937,available,0.6818783068782691,0.3181216931217309,0.3533142174746103,0.6466857825253898,-0.9951680406349199,0.5222626713554689,0.002022744603985589,0.07004930223165046,0.5034709535988292,0.0
frost_cycle_000003,frost_development,adaptive_offline,offline,937,available,0.30726795571078797,0.692732044289212,0.08159535496255653,0.9184046450374435,-0.9810752044808106,0.515447340438351,0.10413919924101118,0.33154902585027807,0.1215022788605819,0.0
frost_cycle_000003,frost_development,wavelet_offline,offline,937,available,0.6705794180638097,0.3294205819361903,0.8298459479410399,0.17015405205896006,-1.0013665978509678,0.5287942685008513,0.0003725981828334028,0.002505656710943867,0.6316051285166864,0.0
frost_cycle_000003,frost_development,wavelet_monotonic_offline,constrained,937,available,0.0,1.0,0.06600640050014547,0.9339935994998545,-0.9524071287588809,0.535721760398764,0.009997006999827251,0.8946848664929299,0.0,0.0
frost_cycle_000003,frost_development,nearly_isotonic_offline,constrained,937,available,4.99378316476395e-10,0.9999999995006217,0.7874027803293797,0.21259721967062029,-1.001739200000003,0.5273937610128004,0.003449515923721277,0.13830271877729677,0.2519181579411522,0.0
frost_cycle_000003,frost_development,robust_monotone_offline,constrained,937,available,0.0,1.0,0.052324627225248,0.947675372774752,-0.9995493041140007,0.5514676450891085,0.32401556842381546,0.8879403301075321,0.014459612256037957,-120.0
frost_cycle_000003,defrost_preparation,median_centered_60s,offline,1,insufficient_data,,,,,-4.13165098999999,0.0,,,,
frost_cycle_000003,defrost_preparation,ewma_tau30s,online,1,insufficient_data,,,,,-4.13165098999999,0.0,,,,
frost_cycle_000003,defrost_preparation,median30s_ewma30s,online,1,insufficient_data,,,,,-4.13165098999999,0.0,,,,
frost_cycle_000003,defrost_preparation,savgol_70s,offline,1,insufficient_data,,,,,-4.13165098999999,0.0,,,,
frost_cycle_000003,defrost_preparation,adaptive_offline,offline,1,insufficient_data,,,,,-4.13165098999999,0.0,,,,
frost_cycle_000003,defrost_preparation,wavelet_offline,offline,1,insufficient_data,,,,,-4.13165098999999,0.0,,,,
frost_cycle_000003,defrost_preparation,wavelet_monotonic_offline,constrained,1,insufficient_data,,,,,-4.13165098999999,0.0,,,,
frost_cycle_000003,defrost_preparation,nearly_isotonic_offline,constrained,1,insufficient_data,,,,,-4.13165098999999,0.0,,,,
frost_cycle_000003,defrost_preparation,robust_monotone_offline,constrained,1,insufficient_data,,,,,-4.13165098999999,0.0,,,,
frost_cycle_000003,defrost,median_centered_60s,offline,0,insufficient_data,,,,,,,,,,
frost_cycle_000003,defrost,ewma_tau30s,online,0,insufficient_data,,,,,,,,,,
frost_cycle_000003,defrost,median30s_ewma30s,online,0,insufficient_data,,,,,,,,,,
frost_cycle_000003,defrost,savgol_70s,offline,0,insufficient_data,,,,,,,,,,
frost_cycle_000003,defrost,adaptive_offline,offline,0,insufficient_data,,,,,,,,,,
frost_cycle_000003,defrost,wavelet_offline,offline,0,insufficient_data,,,,,,,,,,
frost_cycle_000003,defrost,wavelet_monotonic_offline,constrained,0,insufficient_data,,,,,,,,,,
frost_cycle_000003,defrost,nearly_isotonic_offline,constrained,0,insufficient_data,,,,,,,,,,
frost_cycle_000003,defrost,robust_monotone_offline,constrained,0,insufficient_data,,,,,,,,,,
frost_cycle_000004,recovery,median_centered_60s,offline,17,available,1.1075949367088633,-0.10759493670886333,0.06658373151629948,0.9334162684837005,1.631568000000005,0.8035118353897099,0.5918422788838349,7.462568951930643,0.25243309002433145,-20.0
frost_cycle_000004,recovery,ewma_tau30s,online,17,available,0.32341447569714876,0.6765855243028512,0.2887378779025698,0.7112621220974302,2.0870033459083865,1.3440989592548127,9.321296715395418,41.99162734168869,0.4305806609025177,-30.0
frost_cycle_000004,recovery,median30s_ewma30s,online,17,available,0.39749268836274226,0.6025073116372577,0.17321788600069718,0.8267821139993028,2.261950365681839,1.3625208320317432,12.073621702133444,50.596161984738465,0.6116262351600537,-30.0
frost_cycle_000004,recovery,savgol_70s,offline,17,available,1.8731163351416102,-0.8731163351416102,0.224540861044579,0.7754591389554211,1.686563595238085,1.0487044121190494,0.8559420779994796,7.900577882848063,0.6686942416869422,-30.0
frost_cycle_000004,recovery,adaptive_offline,offline,17,available,0.11436869759622138,0.8856313024037786,0.029787834786949872,0.9702121652130501,1.718449691179397,0.7673464718390532,0.03294421193427698,12.611224160255647,0.12778714445773845,-20.0
frost_cycle_000004,recovery,wavelet_offline,offline,17,available,2.0760213112087462,-1.0760213112087462,0.774082251288384,0.22591774871161596,1.5112141509197237,1.3122514432165282,0.019935777461578544,0.050300149601192674,0.732563030853152,0.0
frost_cycle_000004,recovery,wavelet_monotonic_offline,constrained,17,available,2.0760213112087462,-1.0760213112087462,0.774082251288384,0.22591774871161596,1.5112141509197237,1.3122514432165282,0.019935777461578544,0.050300149601192674,0.732563030853152,0.0
frost_cycle_000004,recovery,nearly_isotonic_offline,constrained,17,available,2.0760213112087462,-1.0760213112087462,0.774082251288384,0.22591774871161596,1.5112141509197237,1.3122514432165282,0.019935777461578544,0.050300149601192674,0.732563030853152,0.0
frost_cycle_000004,recovery,robust_monotone_offline,constrained,17,available,2.0760213112087462,-1.0760213112087462,0.774082251288384,0.22591774871161596,1.5112141509197237,1.3122514432165282,0.019935777461578544,0.050300149601192674,0.732563030853152,0.0
frost_cycle_000004,frost_development,median_centered_60s,offline,789,available,0.050000000000066616,0.9499999999999333,0.3378378378378375,0.6621621621621625,-0.938339919999998,0.5070030971157297,0.17995098287176994,36.456365697015315,0.09999999999999765,10.0
frost_cycle_000004,frost_development,ewma_tau30s,online,789,available,0.6243614301663113,0.3756385698336887,0.22734023991426852,0.7726597600857315,-0.9070271591301386,0.48776283260729963,0.02374815457811917,79.77114177561415,0.3605815037189577,0.0
frost_cycle_000004,frost_development,median30s_ewma30s,online,789,available,0.4144038636543902,0.5855961363456098,0.1699139649090852,0.8300860350909148,-0.9278724898088972,0.4904390472318353,0.16102925091235593,74.04077650413062,0.20335756689024642,20.0
frost_cycle_000004,frost_development,savgol_70s,offline,789,available,0.7964285714286301,0.2035714285713699,0.3314843414843414,0.6685156585156586,-0.9027150561904485,0.4987971266090704,0.00754276789529796,43.69187040135696,0.5090238095238064,0.0
frost_cycle_000004,frost_development,adaptive_offline,offline,789,available,0.19685784548617527,0.8031421545138248,0.02058605515258742,0.9794139448474126,-0.9186933431854385,0.4877308368846457,0.22953609563820052,100.0,0.05981043231998876,10.0
frost_cycle_000004,frost_development,wavelet_offline,offline,789,available,0.47838139437287036,0.5216186056271297,0.9383603979555677,0.06163960204443231,-0.9374221371265667,0.5202446367691659,0.007012919021221267,31.288439181113375,0.5778514026113578,0.0
frost_cycle_000004,frost_development,wavelet_monotonic_offline,constrained,789,available,0.0,1.0,0.01113696915383272,0.9888630308461673,-0.9334968616411672,0.6202329264738333,0.014860984629278973,93.50634871312502,0.0,-120.0
frost_cycle_000004,frost_development,nearly_isotonic_offline,constrained,789,available,4.1913139625653525e-09,0.999999995808686,0.8522219492219478,0.14777805077805217,-0.9418070848527504,0.5209595129788075,0.00029755440038613674,34.37854174537189,0.2531666666666619,0.0
frost_cycle_000004,frost_development,robust_monotone_offline,constrained,789,available,0.0,1.0,0.038221259912851184,0.9617787400871488,-0.9349485649491305,0.6277018056022912,0.012416322606943992,92.67014930775771,0.0,-120.0
frost_cycle_000005,recovery,median_centered_60s,offline,78,available,0.0,1.0,1.0113902684849039,-0.011390268484903876,0.41660743500000075,1.4634239315414082,1.0437640566021849,,0.5689522342064719,0.0
frost_cycle_000005,recovery,ewma_tau30s,online,78,available,0.564732452705129,0.43526754729487105,0.5377759439040817,0.4622240560959183,0.5451504681906839,0.6099883836026843,6.1716262635071635,,0.5549074254049131,20.0
frost_cycle_000005,recovery,median30s_ewma30s,online,78,available,0.0,1.0,0.5377759439040817,0.4622240560959183,0.4808442484879014,0.529166998506421,8.675253281784803,,0.5049407544892374,30.0
frost_cycle_000005,recovery,savgol_70s,offline,78,available,3.5000000000014433,-2.5000000000014433,0.8059889983121082,0.19401100168789176,0.41660743500000075,1.313290523285842,0.03597083553573276,,0.9706875045858128,0.0
frost_cycle_000005,recovery,adaptive_offline,offline,78,available,6.839918055645506,-5.839918055645506,0.18540785877595883,0.8145921412240411,0.7034360544822587,0.9759010936628816,0.6482593264713782,,1.7314877538063054,0.0
frost_cycle_000005,recovery,wavelet_offline,offline,78,available,3.1962309209976927,-2.1962309209976927,0.9904472015738781,0.009552798426121889,0.416128438804406,1.3768363234704903,0.008665900099605356,,0.9705323676495108,0.0
frost_cycle_000005,recovery,wavelet_monotonic_offline,constrained,78,available,3.1962309209976927,-2.1962309209976927,0.9904472015738781,0.009552798426121889,0.416128438804406,1.3768363234704903,0.008665900099605356,,0.9705323676495108,0.0
frost_cycle_000005,recovery,nearly_isotonic_offline,constrained,78,available,3.1962309209976927,-2.1962309209976927,0.9904472015738781,0.009552798426121889,0.416128438804406,1.3768363234704903,0.008665900099605356,,0.9705323676495108,0.0
frost_cycle_000005,recovery,robust_monotone_offline,constrained,78,available,3.1962309209976927,-2.1962309209976927,0.9904472015738781,0.009552798426121889,0.416128438804406,1.3768363234704903,0.008665900099605356,,0.9705323676495108,0.0
frost_cycle_000005,frost_development,median_centered_60s,offline,1487,available,0.5000000000001388,0.4999999999998612,0.3747397668635144,0.6252602331364856,-0.7136531999999942,0.38287122383419797,6.727702428047831,1.1065907671305317,0.31868131868132016,0.0
frost_cycle_000005,frost_development,ewma_tau30s,online,1489,available,0.6674907841751337,0.33250921582486626,0.24027832835946178,0.7597216716405382,-0.6846780831865971,0.3630458793506356,0.8983632398593557,0.72301428708566,0.4949221463801537,0.0
frost_cycle_000005,frost_development,median30s_ewma30s,online,1489,available,0.622402086068507,0.377597913931493,0.22506185318676927,0.7749381468132307,-0.6890532983817845,0.3638856654167699,1.2781562744000707,1.0008451856705658,0.4235462163597186,10.0
frost_cycle_000005,frost_development,savgol_70s,offline,1489,available,0.8661541005290921,0.13384589947090786,0.36171509114958833,0.6382849088504117,-0.6980016914285638,0.3790669745819673,0.037913682547380034,1.2202427062069832,0.7554625268911059,0.0
frost_cycle_000005,frost_development,adaptive_offline,offline,0,insufficient_data,,,,,,,,,,
frost_cycle_000005,frost_development,wavelet_offline,offline,1489,available,0.7616348401346666,0.23836515986533335,0.9956384020548014,0.004361597945198636,-0.7134000139764378,0.3846505702970463,0.0413349358229948,0.46365543700733663,0.7040857211765065,0.0
frost_cycle_000005,frost_development,wavelet_monotonic_offline,constrained,1489,available,0.0,1.0,0.08390890019347054,0.9160910998065295,-0.7042344924181485,0.3825419256634686,4.369206062923669,2.101505080484907,0.0,0.0
frost_cycle_000005,frost_development,nearly_isotonic_offline,constrained,1489,available,4.789044993902532e-06,0.9999952109550061,0.7827772242338851,0.21722277576611493,-0.713141500008085,0.381949318574316,0.11539843564303107,0.22466999899751128,0.2120879120879089,0.0
frost_cycle_000005,frost_development,robust_monotone_offline,constrained,1489,available,0.0,1.0,0.049697033224290726,0.9503029667757092,-0.749356983122845,0.39881742174176693,4.683124500514875,1.8802121372350007,0.05994597693767179,-10.0
frost_cycle_000005,defrost_preparation,median_centered_60s,offline,2,insufficient_data,,,0.0,1.0,-2.739188080000006,1.6436044799999978,0.0,100.0,0.0,
frost_cycle_000005,defrost_preparation,ewma_tau30s,online,2,insufficient_data,,,0.2834686894262109,0.7165313105737892,-2.6209604137553315,1.6903768137553226,3.1586338831064356,100.0,0.2834686894262109,
frost_cycle_000005,defrost_preparation,median30s_ewma30s,online,2,insufficient_data,,,0.14173434471310478,0.8582656552868952,-2.5975742468776692,1.6669906468776603,3.783431288333882,100.0,0.14173434471310478,
frost_cycle_000005,defrost_preparation,savgol_70s,offline,2,insufficient_data,,,1.0,0.0,-2.739188080000006,1.8086044799999976,0.0,0.0,1.0,
frost_cycle_000005,defrost_preparation,adaptive_offline,offline,2,insufficient_data,,,0.0,1.0,-2.739188080000006,1.6436044799999978,0.0,100.0,0.0,
frost_cycle_000005,defrost_preparation,wavelet_offline,offline,2,insufficient_data,,,1.0,0.0,-2.739188080000006,1.8086044799999976,0.0,0.0,1.0,
frost_cycle_000005,defrost_preparation,wavelet_monotonic_offline,constrained,2,insufficient_data,,,1.0,0.0,-2.739188080000006,1.8086044799999976,0.0,0.0,1.0,
frost_cycle_000005,defrost_preparation,nearly_isotonic_offline,constrained,2,insufficient_data,,,1.0,0.0,-2.739188080000006,1.8086044799999976,0.0,0.0,1.0,
frost_cycle_000005,defrost_preparation,robust_monotone_offline,constrained,2,insufficient_data,,,1.0,0.0,-2.739188080000006,1.8086044799999976,0.0,0.0,1.0,
frost_cycle_000005,defrost,median_centered_60s,offline,1,insufficient_data,,,,,0.6790370299999973,0.0,,,,
frost_cycle_000005,defrost,ewma_tau30s,online,1,insufficient_data,,,,,0.6790370299999973,0.0,,,,
frost_cycle_000005,defrost,median30s_ewma30s,online,1,insufficient_data,,,,,0.6790370299999973,0.0,,,,
frost_cycle_000005,defrost,savgol_70s,offline,1,insufficient_data,,,,,0.6790370299999973,0.0,,,,
frost_cycle_000005,defrost,adaptive_offline,offline,1,insufficient_data,,,,,0.6790370299999973,0.0,,,,
frost_cycle_000005,defrost,wavelet_offline,offline,1,insufficient_data,,,,,0.6790370299999973,0.0,,,,
frost_cycle_000005,defrost,wavelet_monotonic_offline,constrained,1,insufficient_data,,,,,0.6790370299999973,0.0,,,,
frost_cycle_000005,defrost,nearly_isotonic_offline,constrained,1,insufficient_data,,,,,0.6790370299999973,0.0,,,,
frost_cycle_000005,defrost,robust_monotone_offline,constrained,1,insufficient_data,,,,,0.6790370299999973,0.0,,,,
frost_cycle_000006,recovery,median_centered_60s,offline,17,available,0.510344827586201,0.48965517241379897,0.27038898650001136,0.7296110134999887,1.85619840000001,0.5812241076270743,0.0515601189507363,5.258967164631832,0.3596614950634728,-20.0
frost_cycle_000006,recovery,ewma_tau30s,online,17,available,0.8822452427752827,0.11775475722471729,0.21406991530925404,0.785930084690746,1.8486545116828088,0.5060790570147836,1.611156128173797,25.650905271541287,0.26564574302914823,10.0
frost_cycle_000006,recovery,median30s_ewma30s,online,17,available,0.7638450947277275,0.23615490527227245,0.1730390739745367,0.8269609260254633,1.9568354545280267,0.4990748246755767,2.4757032620977975,36.270584124727364,0.25569737900467016,20.0
frost_cycle_000006,recovery,savgol_70s,offline,17,available,1.2789819376026181,-0.27898193760261814,0.35004442806413405,0.649955571935866,1.8714351785714554,0.5635462068569147,0.07195238024794257,3.78023811329435,0.4694992947813825,0.0
frost_cycle_000006,recovery,adaptive_offline,offline,17,available,0.25461910376375996,0.74538089623624,0.1110616955134574,0.8889383044865427,1.8113701020616677,0.5293380528738797,0.06936570702016347,6.039998976723962,0.17382620755988035,-20.0
frost_cycle_000006,recovery,wavelet_offline,offline,17,available,1.5983255706449946,-0.5983255706449946,0.5325915584589548,0.4674084415410452,1.8450296343053294,0.5711756176577789,0.008254702583721333,1.266284841720565,0.6912397347894811,0.0
frost_cycle_000006,recovery,wavelet_monotonic_offline,constrained,17,available,1.5983255706449946,-0.5983255706449946,0.5325915584589548,0.4674084415410452,1.8450296343053294,0.5711756176577789,0.008254702583721333,1.266284841720565,0.6912397347894811,0.0
frost_cycle_000006,recovery,nearly_isotonic_offline,constrained,17,available,1.5983255706449946,-0.5983255706449946,0.5325915584589548,0.4674084415410452,1.8450296343053294,0.5711756176577789,0.008254702583721333,1.266284841720565,0.6912397347894811,0.0
frost_cycle_000006,recovery,robust_monotone_offline,constrained,17,available,1.5983255706449946,-0.5983255706449946,0.5325915584589548,0.4674084415410452,1.8450296343053294,0.5711756176577789,0.008254702583721333,1.266284841720565,0.6912397347894811,0.0
frost_cycle_000006,frost_development,median_centered_60s,offline,331,available,0.3125000000001596,0.6874999999998403,0.8062679769894571,0.19373202301054293,-0.6666623388888899,0.8450418937394625,0.017097227434948667,1.7903719119447492,0.5585185185185143,-10.0
frost_cycle_000006,frost_development,ewma_tau30s,online,331,available,0.9426927844371482,0.05730721556285179,0.4043673023911827,0.5956326976088173,-0.6731620415953734,0.8253048832380229,0.02156190915670749,14.77711353748377,0.4847616779563884,20.0
frost_cycle_000006,frost_development,median30s_ewma30s,online,331,available,0.8979331592636745,0.10206684073632555,0.4080026432323456,0.5919973567676544,-0.6664404822598557,0.8184711336460643,0.03662195853086582,20.007409124994048,0.46665196674845527,30.0
frost_cycle_000006,frost_development,savgol_70s,offline,331,available,1.071428571428389,-0.0714285714283891,0.6670090855134029,0.3329909144865971,-0.6670801026190407,0.8411002999453866,0.0016067191950565683,1.282798513642706,0.6816225749559082,0.0
frost_cycle_000006,frost_development,adaptive_offline,offline,331,available,0.791856601405238,0.20814339859476205,0.25010031794097676,0.7498996820590232,-0.6718757823328754,0.8406500430778903,0.03032001306487662,10.164526806579524,0.2394832392697712,-10.0
frost_cycle_000006,frost_development,wavelet_offline,offline,331,available,1.1669032322036965,-0.16690323220369652,0.4997221525237606,0.5002778474762394,-0.6694914169915824,0.8400005613760562,0.002503125461264959,1.7925871060290397,0.7061031741099651,0.0
frost_cycle_000006,frost_development,wavelet_monotonic_offline,constrained,331,available,0.0,1.0,0.3177162454060335,0.6822837545939665,-0.6893042691070637,0.9173754152194561,0.04620977964855778,27.327425853686226,0.0,-120.0
frost_cycle_000006,frost_development,nearly_isotonic_offline,constrained,331,available,4.0523140398818175e-11,0.9999999999594769,0.8335863428145365,0.16641365718546353,-0.6702912000000043,0.8423391492695755,0.001507217561523112,2.816226346130553,0.7093990179200915,0.0
frost_cycle_000006,frost_development,robust_monotone_offline,constrained,331,available,0.0,1.0,0.18075493905821527,0.8192450609417847,-0.6847240560597228,1.0136308487708194,0.7544581449072407,27.97385153602276,0.09206227215561541,-120.0
frost_cycle_000006,defrost,median_centered_60s,offline,0,insufficient_data,,,,,,,,,,
frost_cycle_000006,defrost,ewma_tau30s,online,0,insufficient_data,,,,,,,,,,
frost_cycle_000006,defrost,median30s_ewma30s,online,0,insufficient_data,,,,,,,,,,
frost_cycle_000006,defrost,savgol_70s,offline,0,insufficient_data,,,,,,,,,,
frost_cycle_000006,defrost,adaptive_offline,offline,0,insufficient_data,,,,,,,,,,
frost_cycle_000006,defrost,wavelet_offline,offline,0,insufficient_data,,,,,,,,,,
frost_cycle_000006,defrost,wavelet_monotonic_offline,constrained,0,insufficient_data,,,,,,,,,,
frost_cycle_000006,defrost,nearly_isotonic_offline,constrained,0,insufficient_data,,,,,,,,,,
frost_cycle_000006,defrost,robust_monotone_offline,constrained,0,insufficient_data,,,,,,,,,,
frost_cycle_000007,recovery,median_centered_60s,offline,17,available,0.41772151898735826,0.5822784810126418,0.06869358859839708,0.931306411401603,1.7630002000000111,1.3331431693110884,0.8180594674843505,1.950736749505177,0.39569049951028434,-10.0
frost_cycle_000007,recovery,ewma_tau30s,online,17,available,0.4564162185541552,0.5435837814458448,0.3051685726134442,0.6948314273865558,1.7604178944508364,2.2008803540176194,4.620107826699571,20.612160444657967,1.1521094910769596,30.0
frost_cycle_000007,recovery,median30s_ewma30s,online,17,available,0.26890233579538103,0.731097664204619,0.23111677813848552,0.7688832218615145,1.8496205043305922,2.2553759328814063,5.720224073515429,26.217593786061283,1.234878593985177,30.0
frost_cycle_000007,recovery,savgol_70s,offline,17,available,1.041591320072338,-0.0415913200723379,1.0,0.0,1.7476256390476506,1.903408730103839,0.06273731725697539,0.9944285609549692,1.0,0.0
frost_cycle_000007,recovery,adaptive_offline,offline,15,available,0.11606072696460706,0.883939273035393,0.011157803746106048,0.9888421962538939,1.866277214721861,0.7365879302057675,14.519526494428137,14.94923399319967,0.07421604709135685,-10.0
frost_cycle_000007,recovery,wavelet_offline,offline,17,available,1.0,0.0,1.0,0.0,1.723000200000012,1.90761571261961,0.0,0.0,1.0,0.0
frost_cycle_000007,recovery,wavelet_monotonic_offline,constrained,17,available,1.0,0.0,1.0,0.0,1.723000200000012,1.90761571261961,0.0,0.0,1.0,0.0
frost_cycle_000007,recovery,nearly_isotonic_offline,constrained,17,available,1.0,0.0,1.0,0.0,1.723000200000012,1.90761571261961,0.0,0.0,1.0,0.0
frost_cycle_000007,recovery,robust_monotone_offline,constrained,17,available,1.0,0.0,1.0,0.0,1.723000200000012,1.90761571261961,0.0,0.0,1.0,0.0
frost_cycle_000007,frost_development,median_centered_60s,offline,1098,available,0.5000000000000444,0.4999999999999556,0.5909186241610703,0.4090813758389297,-0.99738777,0.5287318140282667,0.09959286148445516,0.1123304122667098,0.5172413793103482,0.0
frost_cycle_000007,frost_development,ewma_tau30s,online,1098,available,1.095763126719455,-0.09576312671945497,0.409649560440243,0.590350439559757,-0.9916909421539939,0.5493739293271769,0.23811242269141672,0.47459142049169134,0.3953720772678074,10.0
frost_cycle_000007,frost_development,median30s_ewma30s,online,1098,available,1.0043506357589427,-0.004350635758942678,0.3989063294760976,0.6010936705239024,-0.9913338310991189,0.5575565466948765,0.3333141334505549,0.6083177339944792,0.35763415041533664,20.0
frost_cycle_000007,frost_development,savgol_70s,offline,1098,available,1.2380952380951324,-0.23809523809513244,0.7153137317566866,0.28468626824331345,-0.995778249999995,0.5423728739457658,0.004891532498999721,0.018593682234046328,0.6456486042692972,0.0
frost_cycle_000007,frost_development,adaptive_offline,offline,1098,available,0.5448067791363608,0.4551932208636392,0.16067911828891343,0.8393208817110865,-0.9952021339645907,0.5236673371364395,0.008269224585511993,0.05443013717489984,0.11191671528873491,10.0
frost_cycle_000007,frost_development,wavelet_offline,offline,1098,available,1.3140608505108455,-0.31406085051084554,0.8131129577504144,0.18688704224958563,-0.995095620630001,0.5430386006911003,0.0022402758257218593,0.015268485087377447,0.803226037871082,0.0
frost_cycle_000007,frost_development,wavelet_monotonic_offline,constrained,1098,available,0.0,1.0,0.21772096231321847,0.7822790376867815,-0.9897502941752838,0.5325358297849996,0.033999121470419634,0.2571803887288626,0.034055141227594316,0.0
frost_cycle_000007,frost_development,nearly_isotonic_offline,constrained,1098,available,1.811883976188133e-11,0.9999999999818812,0.8270239093959714,0.17297609060402863,-0.9983607599999991,0.5421725736037387,0.0011527358294221258,0.02116487055053081,0.6059003831417796,0.0
frost_cycle_000007,frost_development,robust_monotone_offline,constrained,1098,available,0.0,1.0,0.12432581306604305,0.8756741869339569,-0.9977999525593142,0.5104635852638898,0.2801786520832567,0.4235127287333636,0.07572437664169146,0.0
frost_cycle_000007,defrost_preparation,median_centered_60s,offline,1,insufficient_data,,,,,-3.331648,0.0,,,,
frost_cycle_000007,defrost_preparation,ewma_tau30s,online,1,insufficient_data,,,,,-3.331648,0.0,,,,
frost_cycle_000007,defrost_preparation,median30s_ewma30s,online,1,insufficient_data,,,,,-3.331648,0.0,,,,
frost_cycle_000007,defrost_preparation,savgol_70s,offline,1,insufficient_data,,,,,-3.331648,0.0,,,,
frost_cycle_000007,defrost_preparation,adaptive_offline,offline,1,insufficient_data,,,,,-3.331648,0.0,,,,
frost_cycle_000007,defrost_preparation,wavelet_offline,offline,1,insufficient_data,,,,,-3.331648,0.0,,,,
frost_cycle_000007,defrost_preparation,wavelet_monotonic_offline,constrained,1,insufficient_data,,,,,-3.331648,0.0,,,,
frost_cycle_000007,defrost_preparation,nearly_isotonic_offline,constrained,1,insufficient_data,,,,,-3.331648,0.0,,,,
frost_cycle_000007,defrost_preparation,robust_monotone_offline,constrained,1,insufficient_data,,,,,-3.331648,0.0,,,,
frost_cycle_000007,defrost,median_centered_60s,offline,0,insufficient_data,,,,,,,,,,
frost_cycle_000007,defrost,ewma_tau30s,online,0,insufficient_data,,,,,,,,,,
frost_cycle_000007,defrost,median30s_ewma30s,online,0,insufficient_data,,,,,,,,,,
frost_cycle_000007,defrost,savgol_70s,offline,0,insufficient_data,,,,,,,,,,
frost_cycle_000007,defrost,adaptive_offline,offline,0,insufficient_data,,,,,,,,,,
frost_cycle_000007,defrost,wavelet_offline,offline,0,insufficient_data,,,,,,,,,,
frost_cycle_000007,defrost,wavelet_monotonic_offline,constrained,0,insufficient_data,,,,,,,,,,
frost_cycle_000007,defrost,nearly_isotonic_offline,constrained,0,insufficient_data,,,,,,,,,,
frost_cycle_000007,defrost,robust_monotone_offline,constrained,0,insufficient_data,,,,,,,,,,
frost_cycle_000008,recovery,median_centered_60s,offline,17,available,0.794117647058834,0.20588235294116597,0.07767309377738855,0.9223269062226115,2.1133317600000057,0.7184412381265998,0.4846051072245329,6.448421620649378,0.25185185185185016,-20.0
frost_cycle_000008,recovery,ewma_tau30s,online,17,available,0.35301495118309717,0.6469850488169029,0.29019027921134866,0.7098097207886513,2.2865029998033934,0.9464377385232703,5.881951479658513,40.01963365138354,0.43895793106642206,-30.0
frost_cycle_000008,recovery,median30s_ewma30s,online,17,available,0.3205319118123139,0.6794680881876861,0.17773479831847394,0.8222652016815261,2.4352797107851556,0.9559063389518706,7.585626352435708,49.01001036107274,0.5851067405517354,-30.0
frost_cycle_000008,recovery,savgol_70s,offline,17,available,1.3935574229692202,-0.39355742296922025,0.21501867618213044,0.7849813238178696,2.031077312698425,0.8121576091000199,0.4994322550313405,7.122300309638301,0.5987301587301607,-30.0
frost_cycle_000008,recovery,adaptive_offline,offline,17,available,0.16017851747964984,0.8398214825203502,0.031781776506382295,0.9682182234936177,2.055216312071531,0.6268745180250922,0.8750763358388581,23.733914934073752,0.1281290855167817,-20.0
frost_cycle_000008,recovery,wavelet_offline,offline,17,available,1.3813765245942473,-0.3813765245942473,0.7763739149408596,0.2236260850591404,1.962103296743983,0.9171895971384835,0.0020269361210493225,0.18657161143283443,0.9035671704958845,0.0
frost_cycle_000008,recovery,wavelet_monotonic_offline,constrained,17,available,1.3813765245942473,-0.3813765245942473,0.7763739149408596,0.2236260850591404,1.962103296743983,0.9171895971384835,0.0020269361210493225,0.18657161143283443,0.9035671704958845,0.0
frost_cycle_000008,recovery,nearly_isotonic_offline,constrained,17,available,1.3813765245942473,-0.3813765245942473,0.7763739149408596,0.2236260850591404,1.962103296743983,0.9171895971384835,0.0020269361210493225,0.18657161143283443,0.9035671704958845,0.0
frost_cycle_000008,recovery,robust_monotone_offline,constrained,17,available,1.3813765245942473,-0.3813765245942473,0.7763739149408596,0.2236260850591404,1.962103296743983,0.9171895971384835,0.0020269361210493225,0.18657161143283443,0.9035671704958845,0.0
frost_cycle_000008,frost_development,median_centered_60s,offline,1005,available,0.5,0.5,0.48606378628867547,0.5139362137113246,-0.8506114999999994,0.565809137935719,0.01667620015029657,0.0758982436619903,0.3473684210526387,0.0
frost_cycle_000008,frost_development,ewma_tau30s,online,1005,available,0.709429616834016,0.29057038316598405,0.3183526288580075,0.6816473711419925,-0.8371731472167179,0.555138022833323,0.15135556681336718,0.6202322531464993,0.513855369130228,10.0
frost_cycle_000008,frost_development,median30s_ewma30s,online,1005,available,0.6463545975327416,0.3536454024672584,0.2882099654847886,0.7117900345152114,-0.835062999999991,0.5553732430427,0.21658061636084117,0.812234683776188,0.4581956735809014,20.0
frost_cycle_000008,frost_development,savgol_70s,offline,1005,available,0.9857142857141664,0.014285714285833584,0.48613031146764263,0.5138696885323574,-0.8486023238095166,0.5645478970312543,0.004001906201102785,0.03390929128108619,0.7650236702868223,0.0
frost_cycle_000008,frost_development,adaptive_offline,offline,1005,available,0.4638394995899119,0.5361605004100881,0.14408436683778988,0.8559156331622101,-0.8412308594304747,0.5518869968542405,0.008635971070218363,0.06836671353986798,0.16078663058420795,0.0
frost_cycle_000008,frost_development,wavelet_offline,offline,1005,available,0.9645274286903521,0.03547257130964787,0.8137147234312823,0.18628527656871774,-0.850298159449653,0.5657216202033845,0.0001292295499859882,0.027002753524981972,0.8540695765894303,0.0
frost_cycle_000008,frost_development,wavelet_monotonic_offline,constrained,1005,available,0.0,1.0,0.13198191922691987,0.8680180807730802,-0.8436979344870918,0.5737918080577475,0.006495548512238781,0.3432178249292989,0.032883108684722925,0.0
frost_cycle_000008,frost_development,nearly_isotonic_offline,constrained,1005,available,6.323830348265026e-11,0.9999999999367617,0.7820010480103781,0.21799895198962194,-0.8489658384615479,0.5646011688855713,0.0007189776671598322,0.03701780104967691,0.3159565580617873,0.0
frost_cycle_000008,frost_development,robust_monotone_offline,constrained,1005,available,0.0,1.0,0.1349397377746513,0.8650602622253487,-0.8444832857191917,0.6050925734034993,0.06782006749755652,0.1913879636523886,0.07301978082174983,-10.0
frost_cycle_000008,defrost_preparation,median_centered_60s,offline,1,insufficient_data,,,,,-2.0879676499999995,0.0,,,,
frost_cycle_000008,defrost_preparation,ewma_tau30s,online,1,insufficient_data,,,,,-2.0879676499999995,0.0,,,,
frost_cycle_000008,defrost_preparation,median30s_ewma30s,online,1,insufficient_data,,,,,-2.0879676499999995,0.0,,,,
frost_cycle_000008,defrost_preparation,savgol_70s,offline,1,insufficient_data,,,,,-2.0879676499999995,0.0,,,,
frost_cycle_000008,defrost_preparation,adaptive_offline,offline,1,insufficient_data,,,,,-2.0879676499999995,0.0,,,,
frost_cycle_000008,defrost_preparation,wavelet_offline,offline,1,insufficient_data,,,,,-2.0879676499999995,0.0,,,,
frost_cycle_000008,defrost_preparation,wavelet_monotonic_offline,constrained,1,insufficient_data,,,,,-2.0879676499999995,0.0,,,,
frost_cycle_000008,defrost_preparation,nearly_isotonic_offline,constrained,1,insufficient_data,,,,,-2.0879676499999995,0.0,,,,
frost_cycle_000008,defrost_preparation,robust_monotone_offline,constrained,1,insufficient_data,,,,,-2.0879676499999995,0.0,,,,
frost_cycle_000008,defrost,median_centered_60s,offline,0,insufficient_data,,,,,,,,,,
frost_cycle_000008,defrost,ewma_tau30s,online,0,insufficient_data,,,,,,,,,,
frost_cycle_000008,defrost,median30s_ewma30s,online,0,insufficient_data,,,,,,,,,,
frost_cycle_000008,defrost,savgol_70s,offline,0,insufficient_data,,,,,,,,,,
frost_cycle_000008,defrost,adaptive_offline,offline,0,insufficient_data,,,,,,,,,,
frost_cycle_000008,defrost,wavelet_offline,offline,0,insufficient_data,,,,,,,,,,
frost_cycle_000008,defrost,wavelet_monotonic_offline,constrained,0,insufficient_data,,,,,,,,,,
frost_cycle_000008,defrost,nearly_isotonic_offline,constrained,0,insufficient_data,,,,,,,,,,
frost_cycle_000008,defrost,robust_monotone_offline,constrained,0,insufficient_data,,,,,,,,,,
frost_cycle_000009,recovery,median_centered_60s,offline,18,available,1.1363636363636513,-0.13636363636365134,0.2451808284593981,0.7548191715406019,1.9865467950000042,2.7803828662272374,3.7423257183182566,2.699889607317455,0.164758549831205,-40.0
frost_cycle_000009,recovery,ewma_tau30s,online,18,available,1.533232242993546,-0.5332322429935461,0.40987546001661934,0.5901245399833807,2.506507321111226,3.9705614170724486,13.256243588149633,46.09811125633082,0.5924810798417542,-40.0
frost_cycle_000009,recovery,median30s_ewma30s,online,18,available,1.3352364149799067,-0.33523641497990675,0.3580193141672955,0.6419806858327045,2.6494930768038705,4.060480733430219,17.71292819246149,53.82374665425967,0.5552938059284187,-40.0
frost_cycle_000009,recovery,savgol_70s,offline,18,available,1.533189033189052,-0.5331890331890521,0.656662974054707,0.34333702594529303,1.9823752936508021,3.76850028442119,0.3700306850081957,4.1756069720121864,1.02729026441047,10.0
frost_cycle_000009,recovery,adaptive_offline,offline,18,available,0.13692439668349482,0.8630756033165052,0.02078055262281717,0.9792194473771828,2.2013968486265028,2.457298366202939,0.38970017778033156,45.35664428350285,0.05474615026536289,-40.0
frost_cycle_000009,recovery,wavelet_offline,offline,18,available,1.0592829478493644,-0.05928294784936439,0.9691901809205993,0.030809819079400724,1.8171275066146495,3.914211401557732,0.005675391051105352,0.9459943363728742,0.9927273215451158,0.0
frost_cycle_000009,recovery,wavelet_monotonic_offline,constrained,18,available,1.0592829478493644,-0.05928294784936439,0.9691901809205993,0.030809819079400724,1.8171275066146495,3.914211401557732,0.005675391051105352,0.9459943363728742,0.9927273215451158,0.0
frost_cycle_000009,recovery,nearly_isotonic_offline,constrained,18,available,1.0592829478493644,-0.05928294784936439,0.9691901809205993,0.030809819079400724,1.8171275066146495,3.914211401557732,0.005675391051105352,0.9459943363728742,0.9927273215451158,0.0
frost_cycle_000009,recovery,robust_monotone_offline,constrained,18,available,1.0592829478493644,-0.05928294784936439,0.9691901809205993,0.030809819079400724,1.8171275066146495,3.914211401557732,0.005675391051105352,0.9459943363728742,0.9927273215451158,0.0
frost_cycle_000009,frost_development,median_centered_60s,offline,185,available,0.7500000000000888,0.24999999999991118,0.6706983441324659,0.3293016558675341,-0.6112450000000003,1.0179889605837116,0.057366105770630546,6.676833037959071,0.6811688311688309,-10.0
frost_cycle_000009,frost_development,ewma_tau30s,online,185,available,2.103448457361701,-1.1034484573617012,0.3621260116314989,0.6378739883685012,-0.5952333144663342,0.9851900856151882,0.10773304003147526,23.64428939525357,0.5654957334501248,10.0
frost_cycle_000009,frost_development,median30s_ewma30s,online,185,available,1.9468436802629856,-0.9468436802629856,0.3587071677165911,0.6412928322834088,-0.5886590788166899,0.9747872862098361,0.15412592147034068,23.03338912648749,0.5652643330848701,20.0
frost_cycle_000009,frost_development,savgol_70s,offline,185,available,2.014814814814868,-1.014814814814868,0.6367604877324085,0.36323951226759155,-0.620825387301597,1.0241815624378807,0.00012821288018491288,4.574867081568508,0.7848182505325394,0.0
frost_cycle_000009,frost_development,adaptive_offline,offline,185,available,0.499300110797007,0.500699889202993,0.12026583458554665,0.8797341654144534,-0.6178635837812427,1.0143511524389448,0.06201467753663713,100.0,0.1961897001072508,10.0
frost_cycle_000009,frost_development,wavelet_offline,offline,185,available,2.2303116598307446,-1.2303116598307446,0.7706163662592714,0.22938363374072857,-0.5991076703722191,1.0103331592255649,0.006743852710854082,5.79688889335693,0.614937938891081,0.0
frost_cycle_000009,frost_development,wavelet_monotonic_offline,constrained,185,available,0.0,1.0,0.04484186505806261,0.9551581349419374,-0.5432161411808405,1.0801638275178416,0.021847168003026513,100.0,0.0,-120.0
frost_cycle_000009,frost_development,nearly_isotonic_offline,constrained,185,available,0.0001474946400570363,0.999852505359943,0.9495560355171547,0.05044396448284527,-0.6122066701587361,1.0203433507042303,0.00024726769726958866,6.213164076989484,0.7168350168349986,0.0
frost_cycle_000009,frost_development,robust_monotone_offline,constrained,185,available,0.0,1.0,0.11379552168156981,0.8862044783184302,-0.5350393708625454,1.1684983632149197,0.9052819893509167,100.0,0.0,-120.0
frost_cycle_000010,recovery,median_centered_60s,offline,16,available,,,,,0.0,0.6526207245241357,,,,
frost_cycle_000010,recovery,ewma_tau30s,online,16,available,,,,,0.0,0.6526207245241357,,,,
frost_cycle_000010,recovery,median30s_ewma30s,online,16,available,,,,,0.0,0.6526207245241357,,,,
frost_cycle_000010,recovery,savgol_70s,offline,16,available,,,,,0.0,0.6526207245241357,,,,
frost_cycle_000010,recovery,adaptive_offline,offline,16,available,,,,,0.0,0.6526207245241357,,,,
frost_cycle_000010,recovery,wavelet_offline,offline,16,available,,,,,0.0,0.6526207245241357,,,,
frost_cycle_000010,recovery,wavelet_monotonic_offline,constrained,16,available,,,,,0.0,0.6526207245241357,,,,
frost_cycle_000010,recovery,nearly_isotonic_offline,constrained,16,available,,,,,0.0,0.6526207245241357,,,,
frost_cycle_000010,recovery,robust_monotone_offline,constrained,16,available,,,,,0.0,0.6526207245241357,,,,
frost_cycle_000010,frost_development,median_centered_60s,offline,417,available,0.3250000000001066,0.6749999999998935,0.5997150444879591,0.4002849555120409,-0.004206529999983388,0.9160228613464119,0.02396514663107028,,0.41539923954372654,0.0
frost_cycle_000010,frost_development,ewma_tau30s,online,417,available,0.6956212743994213,0.30437872560057866,0.7482828273257801,0.2517171726742199,0.0,0.654590526503874,0.7062929262650566,,0.3885544439015551,20.0
frost_cycle_000010,frost_development,median30s_ewma30s,online,417,available,0.5676280227279192,0.43237197727208077,0.7485674341257188,0.2514325658742812,0.0,0.6048421883966215,1.0878301319684063,,0.323685823447375,30.0
frost_cycle_000010,frost_development,savgol_70s,offline,417,available,0.9404761904763786,0.05952380952362135,1.0611708191524978,-0.06117081915249778,-0.020625757142854084,0.8799792470481385,0.00036444672286917824,,0.548463999034343,0.0
frost_cycle_000010,frost_development,adaptive_offline,offline,417,available,0.6491798818898568,0.35082011811014324,1.1357983043477045,-0.13579830434770446,-0.012697976695781321,0.8020353990986457,0.30489362361701994,,0.21921184466608334,0.0
frost_cycle_000010,frost_development,wavelet_offline,offline,417,available,1.0164777613885976,-0.016477761388597578,0.8590324295324826,0.1409675704675174,-0.02485190842481977,0.8937675056103059,0.0039033471598318974,,0.8018442172324192,0.0
frost_cycle_000010,frost_development,wavelet_monotonic_offline,constrained,417,available,0.0,1.0,0.0,1.0,-1.595326560128087,3.398604987330803,0.10467368687440701,,0.0,50.0
frost_cycle_000010,frost_development,nearly_isotonic_offline,constrained,417,available,0.0018200486922823565,0.9981799513077176,0.7408843313237884,0.2591156686762116,-0.02034750000000507,0.892568462921968,1.2345352600211544e-05,,0.7480988593155967,0.0
frost_cycle_000010,frost_development,robust_monotone_offline,constrained,417,available,0.0,1.0,0.023301019148847895,0.9766989808511521,-0.39142157017129975,3.4230923894135374,19.028405758460295,,0.0,-120.0
frost_cycle_000010,defrost_preparation,median_centered_60s,offline,3,insufficient_data,0.0,1.0,0.0,1.0,-3.106895740000013,2.199719582973461,1.8531364582301104,100.0,0.0,
frost_cycle_000010,defrost_preparation,ewma_tau30s,online,3,insufficient_data,0.6419499800556063,0.35805001994439367,0.4238875503732679,0.576112449626732,-1.885926386782276,1.7400771487342268,21.156417205084484,100.0,0.4194833853768036,
frost_cycle_000010,defrost_preparation,median30s_ewma30s,online,3,insufficient_data,0.4627093347409089,0.5372906652590911,0.24280879493271643,0.7571912050672835,-1.6444110633911437,1.9371933564721453,26.27532164920413,100.0,0.238367505979192,
frost_cycle_000010,defrost_preparation,savgol_70s,offline,3,insufficient_data,1.0,0.0,1.0,0.0,-2.2472794299999883,1.0110380425730434,0.0,0.0,1.0,
frost_cycle_000010,defrost_preparation,adaptive_offline,offline,3,insufficient_data,0.0,1.0,0.0,1.0,-3.106895740000013,2.199719582973461,1.8531364582301104,100.0,0.0,
frost_cycle_000010,defrost_preparation,wavelet_offline,offline,3,insufficient_data,1.0,0.0,1.0,0.0,-2.2472794299999883,1.0110380425730434,0.0,0.0,1.0,
frost_cycle_000010,defrost_preparation,wavelet_monotonic_offline,constrained,3,insufficient_data,1.0,0.0,1.0,0.0,-2.2472794299999883,1.0110380425730434,0.0,0.0,1.0,
frost_cycle_000010,defrost_preparation,nearly_isotonic_offline,constrained,3,insufficient_data,1.0,0.0,1.0,0.0,-2.2472794299999883,1.0110380425730434,0.0,0.0,1.0,
frost_cycle_000010,defrost_preparation,robust_monotone_offline,constrained,3,insufficient_data,1.0,0.0,1.0,0.0,-2.2472794299999883,1.0110380425730434,0.0,0.0,1.0,
frost_cycle_000010,defrost,median_centered_60s,offline,1,insufficient_data,,,,,1.3428667500000193,0.0,,,,
frost_cycle_000010,defrost,ewma_tau30s,online,1,insufficient_data,,,,,1.3428667500000193,0.0,,,,
frost_cycle_000010,defrost,median30s_ewma30s,online,1,insufficient_data,,,,,1.3428667500000193,0.0,,,,
frost_cycle_000010,defrost,savgol_70s,offline,1,insufficient_data,,,,,1.3428667500000193,0.0,,,,
frost_cycle_000010,defrost,adaptive_offline,offline,1,insufficient_data,,,,,1.3428667500000193,0.0,,,,
frost_cycle_000010,defrost,wavelet_offline,offline,1,insufficient_data,,,,,1.3428667500000193,0.0,,,,
frost_cycle_000010,defrost,wavelet_monotonic_offline,constrained,1,insufficient_data,,,,,1.3428667500000193,0.0,,,,
frost_cycle_000010,defrost,nearly_isotonic_offline,constrained,1,insufficient_data,,,,,1.3428667500000193,0.0,,,,
frost_cycle_000010,defrost,robust_monotone_offline,constrained,1,insufficient_data,,,,,1.3428667500000193,0.0,,,,
frost_cycle_000011,recovery,median_centered_60s,offline,18,available,0.4558359621450977,0.5441640378549023,0.10724905157387489,0.8927509484261251,1.8142344100000147,1.0805875737144206,0.3838903670834311,28.85514018691591,0.34927866362946175,-10.0
frost_cycle_000011,recovery,ewma_tau30s,online,18,available,0.9616297468576237,0.0383702531423763,0.3047107485302118,0.6952892514697881,1.8345504736318845,1.9239047774167881,5.420798360442051,39.16267262452068,0.740673681032919,10.0
frost_cycle_000011,recovery,median30s_ewma30s,online,18,available,0.9497208932878277,0.05027910671217228,0.23309995446698226,0.7669000455330177,1.891257597671495,1.994913675853094,6.268663281835719,28.179580301863677,0.8715267636833198,20.0
frost_cycle_000011,recovery,savgol_70s,offline,18,available,1.2351659906864816,-0.23516599068648159,0.3152733050566686,0.6847266949433314,1.8100720633333451,1.5292178393603895,0.9381835325818599,23.785417593829933,0.9955165057670761,0.0
frost_cycle_000011,recovery,adaptive_offline,offline,18,available,0.11102848449884238,0.8889715155011576,0.04833137176213493,0.951668628237865,1.8612775473652308,1.104860813835466,0.06993174884835703,43.98094670283192,0.24133929364871232,-10.0
frost_cycle_000011,recovery,wavelet_offline,offline,18,available,1.0,0.0,1.0,0.0,1.7542387300000102,1.7548998196127066,0.0,0.0,1.0,0.0
frost_cycle_000011,recovery,wavelet_monotonic_offline,constrained,18,available,1.0,0.0,1.0,0.0,1.7542387300000102,1.7548998196127066,0.0,0.0,1.0,0.0
frost_cycle_000011,recovery,nearly_isotonic_offline,constrained,18,available,1.0,0.0,1.0,0.0,1.7542387300000102,1.7548998196127066,0.0,0.0,1.0,0.0
frost_cycle_000011,recovery,robust_monotone_offline,constrained,18,available,1.0,0.0,1.0,0.0,1.7542387300000102,1.7548998196127066,0.0,0.0,1.0,0.0
frost_cycle_000011,frost_development,median_centered_60s,offline,1172,available,0.5499999999996004,0.45000000000039964,0.502991560306145,0.497008439693855,-0.6063731300000033,0.5910452198985726,0.10943521680138589,0.5389975276942524,0.4558232931726938,-10.0
frost_cycle_000011,frost_development,ewma_tau30s,online,1172,available,1.5114630486835094,-0.5114630486835094,0.34411981659294694,0.6558801834070531,-0.5973091817786953,0.5873764574148551,0.0613497750820042,1.1842979479534723,0.31168360180283605,10.0
frost_cycle_000011,frost_development,median30s_ewma30s,online,1172,available,1.169279239464647,-0.16927923946464696,0.33315559149430607,0.6668444085056939,-0.5987376776821072,0.5921296409417506,0.05216581736402783,1.1341587911838902,0.2790796007075104,20.0
frost_cycle_000011,frost_development,savgol_70s,offline,1172,available,2.632275132274318,-1.632275132274318,0.49544949051450987,0.5045505094854901,-0.6027384914285729,0.5910889362776629,0.005376835504793027,0.18882267987030335,0.44991394148021097,0.0
frost_cycle_000011,frost_development,adaptive_offline,offline,1172,available,0.7070555225425627,0.29294447745743735,0.16062605864030455,0.8393739413596955,-0.5924940910132008,0.5821857134608115,0.16761913887303392,0.0787659468316921,0.1280569900195642,0.0
frost_cycle_000011,frost_development,wavelet_offline,offline,1172,available,1.635331306088248,-0.635331306088248,0.746117153717352,0.253882846282648,-0.6004241500438856,0.5917353191746791,0.00018795649249351846,0.24025255487757827,0.6112871122330689,0.0
frost_cycle_000011,frost_development,wavelet_monotonic_offline,constrained,1172,available,0.0,1.0,0.11781805650549684,0.8821819434945032,-0.5723929273093695,0.650709563939025,0.04529526379488784,9.948991066377955,0.007806677204389,0.0
frost_cycle_000011,frost_development,nearly_isotonic_offline,constrained,1172,available,9.663381206334135e-11,0.9999999999033662,0.8069982615953335,0.1930017384046665,-0.603220218650788,0.5917560014820172,0.0005442259401541467,0.13256214186145415,0.5732797858099127,0.0
frost_cycle_000011,frost_development,robust_monotone_offline,constrained,1172,available,0.0,1.0,0.08689063306926263,0.9131093669307374,-0.7018849811697687,0.6205240421544226,1.8227945198264865,2.117064331561229,0.035347578092899595,0.0
frost_cycle_000011,defrost_preparation,median_centered_60s,offline,1,insufficient_data,,,,,-1.5885513600000012,0.0,,,,
frost_cycle_000011,defrost_preparation,ewma_tau30s,online,1,insufficient_data,,,,,-1.5885513600000012,0.0,,,,
frost_cycle_000011,defrost_preparation,median30s_ewma30s,online,1,insufficient_data,,,,,-1.5885513600000012,0.0,,,,
frost_cycle_000011,defrost_preparation,savgol_70s,offline,1,insufficient_data,,,,,-1.5885513600000012,0.0,,,,
frost_cycle_000011,defrost_preparation,adaptive_offline,offline,1,insufficient_data,,,,,-1.5885513600000012,0.0,,,,
frost_cycle_000011,defrost_preparation,wavelet_offline,offline,1,insufficient_data,,,,,-1.5885513600000012,0.0,,,,
frost_cycle_000011,defrost_preparation,wavelet_monotonic_offline,constrained,1,insufficient_data,,,,,-1.5885513600000012,0.0,,,,
frost_cycle_000011,defrost_preparation,nearly_isotonic_offline,constrained,1,insufficient_data,,,,,-1.5885513600000012,0.0,,,,
frost_cycle_000011,defrost_preparation,robust_monotone_offline,constrained,1,insufficient_data,,,,,-1.5885513600000012,0.0,,,,
frost_cycle_000011,defrost,median_centered_60s,offline,0,insufficient_data,,,,,,,,,,
frost_cycle_000011,defrost,ewma_tau30s,online,0,insufficient_data,,,,,,,,,,
frost_cycle_000011,defrost,median30s_ewma30s,online,0,insufficient_data,,,,,,,,,,
frost_cycle_000011,defrost,savgol_70s,offline,0,insufficient_data,,,,,,,,,,
frost_cycle_000011,defrost,adaptive_offline,offline,0,insufficient_data,,,,,,,,,,
frost_cycle_000011,defrost,wavelet_offline,offline,0,insufficient_data,,,,,,,,,,
frost_cycle_000011,defrost,wavelet_monotonic_offline,constrained,0,insufficient_data,,,,,,,,,,
frost_cycle_000011,defrost,nearly_isotonic_offline,constrained,0,insufficient_data,,,,,,,,,,
frost_cycle_000011,defrost,robust_monotone_offline,constrained,0,insufficient_data,,,,,,,,,,
frost_cycle_000012,recovery,median_centered_60s,offline,17,available,0.8253968253967995,0.17460317460320052,0.04071968828787521,0.9592803117121248,2.027381199999996,1.884974791988124,1.2374441867893453,10.142482406369515,0.10310590631364601,50.0
frost_cycle_000012,recovery,ewma_tau30s,online,17,available,1.4911135431313596,-0.4911135431313596,0.3121513224974139,0.687848677502586,2.0818485132257774,3.2242894314533803,10.027421119693921,18.488588864801745,0.8258828194109867,50.0
frost_cycle_000012,recovery,median30s_ewma30s,online,17,available,1.2233824217376716,-0.22338242173767164,0.26025034852541107,0.7397496514745889,2.1229212237265713,3.339866848732833,12.70741297215365,21.660820117805077,0.6651951728707562,50.0
frost_cycle_000012,recovery,savgol_70s,offline,17,available,1.6290837322582807,-0.6290837322582807,0.730259650961004,0.269740349038996,1.6418080819047676,2.943400604177435,0.1587434881898908,0.7011303175022519,1.1258898263989936,0.0
frost_cycle_000012,recovery,adaptive_offline,offline,17,available,0.2131178111125335,0.7868821888874665,0.008129634389070158,0.9918703656109299,2.097292490201406,1.8907949212989221,0.6142463505583962,14.197326168333504,0.027879470257166625,50.0
frost_cycle_000012,recovery,wavelet_offline,offline,17,available,1.0,0.0,1.0,0.0,1.7029033199999972,3.0278803682245097,0.0,0.0,1.0,0.0
frost_cycle_000012,recovery,wavelet_monotonic_offline,constrained,17,available,1.0,0.0,1.0,0.0,1.7029033199999972,3.0278803682245097,0.0,0.0,1.0,0.0
frost_cycle_000012,recovery,nearly_isotonic_offline,constrained,17,available,1.0,0.0,1.0,0.0,1.7029033199999972,3.0278803682245097,0.0,0.0,1.0,0.0
frost_cycle_000012,recovery,robust_monotone_offline,constrained,17,available,1.0,0.0,1.0,0.0,1.7029033199999972,3.0278803682245097,0.0,0.0,1.0,0.0
frost_cycle_000012,frost_development,median_centered_60s,offline,1029,available,0.5,0.5,0.2860639345730247,0.7139360654269753,-0.8017283000000148,0.5318640694257205,0.16820120726604612,0.15552615147720103,0.2634069400630935,0.0
frost_cycle_000012,frost_development,ewma_tau30s,online,1029,available,0.8394922693597962,0.16050773064020385,0.25552134876135585,0.7444786512386441,-0.7955916177775975,0.5258401737541891,0.15503798716661063,0.5997469750397539,0.345326242325555,10.0
frost_cycle_000012,frost_development,median30s_ewma30s,online,1029,available,0.7480351166927308,0.2519648833072692,0.21888831895452907,0.7811116810454709,-0.7971531700477925,0.5246767782570215,0.15229967367218025,0.6763409413348133,0.29384668968163696,20.0
frost_cycle_000012,frost_development,savgol_70s,offline,1029,available,1.1732804232802478,-0.17328042328024784,0.4095955159665907,0.5904044840334093,-0.8028851999999924,0.5369747549266254,0.010514667003777666,0.14221927583032795,0.4953682840118204,0.0
frost_cycle_000012,frost_development,adaptive_offline,offline,1029,available,0.4838324461888133,0.5161675538111867,0.06758388386783144,0.9324161161321686,-0.8014259642264965,0.5154920809368799,0.19203749534073317,0.2062635021709103,0.08085356300853565,10.0
frost_cycle_000012,frost_development,wavelet_offline,offline,1029,available,0.9604367437508298,0.03956325624917023,0.8518812937788414,0.14811870622115864,-0.8004669514943727,0.5401180249775583,0.004376493972612568,0.03103467022484155,0.6757360560607035,0.0
frost_cycle_000012,frost_development,wavelet_monotonic_offline,constrained,1029,available,0.0,1.0,0.15928245862299076,0.8407175413770093,-0.8536968031644738,0.5705962333818212,0.01779047092123404,0.35315149722878664,0.014870709974361674,-100.0
frost_cycle_000012,frost_development,nearly_isotonic_offline,constrained,1029,available,3.5752635420116408e-09,0.9999999964247365,0.8530877831728312,0.14691221682716882,-0.8011393866777867,0.5380228449272708,0.0038328037654140074,0.07795852009651613,0.3861198738170366,0.0
frost_cycle_000012,frost_development,robust_monotone_offline,constrained,1029,available,0.0,1.0,0.07997413860907257,0.9200258613909275,-0.8635209599197937,0.6033297959752659,0.1623847689416176,0.6661430801754928,0.048718026917116165,-120.0
frost_cycle_000012,defrost,median_centered_60s,offline,0,insufficient_data,,,,,,,,,,
frost_cycle_000012,defrost,ewma_tau30s,online,0,insufficient_data,,,,,,,,,,
frost_cycle_000012,defrost,median30s_ewma30s,online,0,insufficient_data,,,,,,,,,,
frost_cycle_000012,defrost,savgol_70s,offline,0,insufficient_data,,,,,,,,,,
frost_cycle_000012,defrost,adaptive_offline,offline,0,insufficient_data,,,,,,,,,,
frost_cycle_000012,defrost,wavelet_offline,offline,0,insufficient_data,,,,,,,,,,
frost_cycle_000012,defrost,wavelet_monotonic_offline,constrained,0,insufficient_data,,,,,,,,,,
frost_cycle_000012,defrost,nearly_isotonic_offline,constrained,0,insufficient_data,,,,,,,,,,
frost_cycle_000012,defrost,robust_monotone_offline,constrained,0,insufficient_data,,,,,,,,,,
frost_cycle_000013,recovery,median_centered_60s,offline,16,available,0.802660753880259,0.19733924611974096,0.06389743779895428,0.9361025622010457,1.8218459374999858,0.5500680253349091,0.5965277143792542,12.646628506891808,0.14681512169860225,-30.0
frost_cycle_000013,recovery,ewma_tau30s,online,16,available,0.9015858325196909,0.09841416748030907,0.30749399138556993,0.6925060086144301,1.9114923783015723,0.846734268842465,7.122461358414303,26.255169562995835,0.6655131477679758,-40.0
frost_cycle_000013,recovery,median30s_ewma30s,online,16,available,0.8154468068175336,0.18455319318246644,0.2554481881834725,0.7445518118165275,2.0004610057018866,0.9714519112147932,9.112865433954962,29.892419295485638,0.5010590011931365,-30.0
frost_cycle_000013,recovery,savgol_70s,offline,16,available,1.210299862738824,-0.21029986273882395,0.3917112063409667,0.6082887936590333,1.7665947636904873,0.43686779876928455,0.028424637308250053,0.9039111935742481,0.7349263889916396,10.0
frost_cycle_000013,recovery,adaptive_offline,offline,16,available,0.01137218034070692,0.988627819659293,0.006824865264014967,0.9931751347359851,1.7484285687281789,0.5988645940276729,0.06909041950311812,16.59564005974404,0.018573698288527712,-30.0
frost_cycle_000013,recovery,wavelet_offline,offline,16,available,1.0,0.0,1.0,0.0,1.7357973749999704,0.6575877248315247,0.0,0.0,1.0,0.0
frost_cycle_000013,recovery,wavelet_monotonic_offline,constrained,16,available,1.0,0.0,1.0,0.0,1.7357973749999704,0.6575877248315247,0.0,0.0,1.0,0.0
frost_cycle_000013,recovery,nearly_isotonic_offline,constrained,16,available,1.0,0.0,1.0,0.0,1.7357973749999704,0.6575877248315247,0.0,0.0,1.0,0.0
frost_cycle_000013,recovery,robust_monotone_offline,constrained,16,available,1.0,0.0,1.0,0.0,1.7357973749999704,0.6575877248315247,0.0,0.0,1.0,0.0
frost_cycle_000013,frost_development,median_centered_60s,offline,964,available,0.5555555555554679,0.4444444444445321,0.6847111726046364,0.31528882739536357,-0.6542552499999896,0.5241238890740405,0.06815446214494542,0.19295175389101765,0.4999999999999975,0.0
frost_cycle_000013,frost_development,ewma_tau30s,online,964,available,0.9004395825781896,0.09956041742181043,0.459348808428665,0.540651191571335,-0.6702457105079471,0.528975002760822,0.07051246085558284,0.7693685388546139,0.3162808438991308,10.0
frost_cycle_000013,frost_development,median30s_ewma30s,online,964,available,0.7645050384277755,0.2354949615722245,0.4125943602237309,0.587405639776269,-0.6708468340476497,0.53256936074742,0.08028295240474369,0.9699564153287509,0.29146598235631954,20.0
frost_cycle_000013,frost_development,savgol_70s,offline,964,available,1.2063492063490215,-0.20634920634902154,0.754920854540366,0.24507914545963405,-0.643983635714295,0.5257200144543911,0.00012910128849024692,0.024712407063082774,0.485149110149117,0.0
frost_cycle_000013,frost_development,adaptive_offline,offline,962,available,0.5565413466122522,0.4434586533877478,0.24250649157904788,0.7574935084209521,-0.675214153938871,0.5198896533412544,0.3231412713179594,0.35726258073907946,0.12147194352205026,0.0
frost_cycle_000013,frost_development,wavelet_offline,offline,964,available,1.11096428775825,-0.11096428775824996,0.8894801652047986,0.11051983479520144,-0.651122859955942,0.5262478126920827,0.00033646276983279814,0.0227482404681685,0.6060606060606074,0.0
frost_cycle_000013,frost_development,wavelet_monotonic_offline,constrained,964,available,0.0,1.0,0.4089337614400001,0.5910662385599998,-0.756701899794944,0.6340129273259552,0.013568333266615704,3.190832977145539,0.0298822706493074,0.0
frost_cycle_000013,frost_development,nearly_isotonic_offline,constrained,964,available,5.978984517360956e-06,0.9999940210154826,0.8988815865329186,0.10111841346708139,-0.6517520000000196,0.5252152898197744,0.0013618932902796097,0.03326777414461,0.3548681257014539,0.0
frost_cycle_000013,frost_development,robust_monotone_offline,constrained,964,available,0.0,1.0,0.1935625582853911,0.806437441714609,-0.753087523229047,0.6538621678037125,0.3856793554568077,3.072693575471014,0.06527574850180726,0.0
frost_cycle_000013,defrost_preparation,median_centered_60s,offline,1,insufficient_data,,,,,-1.6574721799999854,0.0,,,,
frost_cycle_000013,defrost_preparation,ewma_tau30s,online,1,insufficient_data,,,,,-1.6574721799999854,0.0,,,,
frost_cycle_000013,defrost_preparation,median30s_ewma30s,online,1,insufficient_data,,,,,-1.6574721799999854,0.0,,,,
frost_cycle_000013,defrost_preparation,savgol_70s,offline,1,insufficient_data,,,,,-1.6574721799999854,0.0,,,,
frost_cycle_000013,defrost_preparation,adaptive_offline,offline,1,insufficient_data,,,,,-1.6574721799999854,0.0,,,,
frost_cycle_000013,defrost_preparation,wavelet_offline,offline,1,insufficient_data,,,,,-1.6574721799999854,0.0,,,,
frost_cycle_000013,defrost_preparation,wavelet_monotonic_offline,constrained,1,insufficient_data,,,,,-1.6574721799999854,0.0,,,,
frost_cycle_000013,defrost_preparation,nearly_isotonic_offline,constrained,1,insufficient_data,,,,,-1.6574721799999854,0.0,,,,
frost_cycle_000013,defrost_preparation,robust_monotone_offline,constrained,1,insufficient_data,,,,,-1.6574721799999854,0.0,,,,
frost_cycle_000013,defrost,median_centered_60s,offline,0,insufficient_data,,,,,,,,,,
frost_cycle_000013,defrost,ewma_tau30s,online,0,insufficient_data,,,,,,,,,,
frost_cycle_000013,defrost,median30s_ewma30s,online,0,insufficient_data,,,,,,,,,,
frost_cycle_000013,defrost,savgol_70s,offline,0,insufficient_data,,,,,,,,,,
frost_cycle_000013,defrost,adaptive_offline,offline,0,insufficient_data,,,,,,,,,,
frost_cycle_000013,defrost,wavelet_offline,offline,0,insufficient_data,,,,,,,,,,
frost_cycle_000013,defrost,wavelet_monotonic_offline,constrained,0,insufficient_data,,,,,,,,,,
frost_cycle_000013,defrost,nearly_isotonic_offline,constrained,0,insufficient_data,,,,,,,,,,
frost_cycle_000013,defrost,robust_monotone_offline,constrained,0,insufficient_data,,,,,,,,,,
frost_cycle_000014,recovery,median_centered_60s,offline,19,available,0.6487068965517264,0.3512931034482736,0.21062052505966533,0.7893794749403347,1.7490010000000051,2.643047526007251,2.3977416928185575,4.109957020057319,0.19515033947623683,0.0
frost_cycle_000014,recovery,ewma_tau30s,online,19,available,1.3700407690450802,-0.3700407690450802,0.41493944961517315,0.5850605503848268,2.2680549659684246,3.502381465200356,9.158539597488094,41.18946641359095,0.6021851134940439,10.0
frost_cycle_000014,recovery,median30s_ewma30s,online,19,available,1.1001696116556026,-0.10016961165560256,0.34738009213526905,0.652619907864731,2.219724957053569,3.6092736179120424,12.22481697101215,47.255041926916675,0.54863444926661,20.0
frost_cycle_000014,recovery,savgol_70s,offline,19,available,1.2224958949097091,-0.2224958949097091,0.6480559168060072,0.35194408319399284,1.796047763809531,3.3613070706672,0.33410368775074817,5.029250238778621,0.9782411897833739,10.0
frost_cycle_000014,recovery,adaptive_offline,offline,19,available,0.2590842679679278,0.7409157320320723,0.032941741140418784,0.9670582588595812,1.8131001416632753,2.453986619118498,0.7908029658189425,26.947554610268277,0.0865608766249356,60.0
frost_cycle_000014,recovery,wavelet_offline,offline,19,available,1.1759375693701737,-0.17593756937017369,0.9418628606762308,0.05813713932376918,1.7522004278119985,3.46664529827938,0.004618565471670821,1.812383601484423,1.0493498112259507,0.0
frost_cycle_000014,recovery,wavelet_monotonic_offline,constrained,19,available,1.1759375693701737,-0.17593756937017369,0.9418628606762308,0.05813713932376918,1.7522004278119985,3.46664529827938,0.004618565471670821,1.812383601484423,1.0493498112259507,0.0
frost_cycle_000014,recovery,nearly_isotonic_offline,constrained,19,available,1.1759375693701737,-0.17593756937017369,0.9418628606762308,0.05813713932376918,1.7522004278119985,3.46664529827938,0.004618565471670821,1.812383601484423,1.0493498112259507,0.0
frost_cycle_000014,recovery,robust_monotone_offline,constrained,19,available,1.1759375693701737,-0.17593756937017369,0.9418628606762308,0.05813713932376918,1.7522004278119985,3.46664529827938,0.004618565471670821,1.812383601484423,1.0493498112259507,0.0
frost_cycle_000014,frost_development,median_centered_60s,offline,1062,available,0.5999999999999289,0.4000000000000711,0.4611090435429852,0.5388909564570148,-0.7513300500000004,0.562474331197893,0.07047642561320917,0.15620016108708118,0.4478468899521516,-10.0
frost_cycle_000014,frost_development,ewma_tau30s,online,1062,available,0.9725258611851729,0.027474138814827076,0.3235530782478682,0.6764469217521318,-0.7518305147110318,0.5528097072488796,0.15303824663346696,0.4990652126016954,0.38529355018369926,10.0
frost_cycle_000014,frost_development,median30s_ewma30s,online,1062,available,0.9492834508307916,0.050716549169208425,0.30368841235710037,0.6963115876428996,-0.7534546152090631,0.5506571773311674,0.2085586739760423,0.6779511807052151,0.35298189994413265,20.0
frost_cycle_000014,frost_development,savgol_70s,offline,1062,available,1.1026455026452329,-0.10264550264523287,0.49665940064153796,0.5033405993584621,-0.7522772520634864,0.5631335295291549,0.002154292859822375,0.022454906091833694,0.5955798587377544,0.0
frost_cycle_000014,frost_development,adaptive_offline,offline,1062,available,0.7786831183296377,0.22131688167036234,0.1435045704354701,0.85649542956453,-0.7582021517293123,0.5632521532846947,0.039656024680854864,0.12286648813517764,0.11851972408301323,0.0
frost_cycle_000014,frost_development,wavelet_offline,offline,1062,available,1.0380925291893537,-0.038092529189353685,0.944188317053786,0.05581168294621397,-0.7517030326695755,0.5632976760486608,0.0012159070323670444,0.016955098335428603,0.8824224961386095,0.0
frost_cycle_000014,frost_development,wavelet_monotonic_offline,constrained,1062,available,0.0,1.0,0.2935712003800821,0.7064287996199179,-0.748888010286171,0.595468471837717,0.003523455504490972,0.44013479926166343,0.02833467928286722,0.0
frost_cycle_000014,frost_development,nearly_isotonic_offline,constrained,1062,available,8.921689715889185e-05,0.9999107831028411,0.7437662820989919,0.25623371790100813,-0.7518623328022054,0.5625137370901561,0.00011217066885455092,0.024041475458390187,0.4478468899521516,0.0
frost_cycle_000014,frost_development,robust_monotone_offline,constrained,1062,available,0.0,1.0,0.1666084357392417,0.8333915642607583,-0.7502194491442455,0.6594726627475145,0.32398434257532427,0.2662842798473356,0.08156114805914032,-120.0
frost_cycle_000015,recovery,median_centered_60s,offline,103,available,0.17164750957854097,0.828352490421459,1.335589711131788,-0.33558971113178804,1.0272366000000055,1.3588385420681652,1.0003771353176978,,0.5856374807987764,0.0
frost_cycle_000015,recovery,ewma_tau30s,online,105,available,0.8269716328312241,0.1730283671687759,0.7564891901257905,0.24351080987420948,0.9839904770812304,0.7448481207814938,4.361745490409532,,0.5009750969849962,20.0
frost_cycle_000015,recovery,median30s_ewma30s,online,105,available,0.5883713882028725,0.4116286117971275,0.7564891901257905,0.24351080987420948,0.9644653394265115,0.6753489479529173,6.014719537213666,,0.451223005825275,30.0
frost_cycle_000015,recovery,savgol_70s,offline,105,available,0.8173690932311248,0.18263090676887517,1.2320682266936844,-0.23206822669368443,1.021539349784586,1.2593110440571187,0.03734456285168426,,0.783007826786639,0.0
frost_cycle_000015,recovery,adaptive_offline,offline,84,available,0.5877547374918864,0.41224526250811355,0.13424816691354058,0.8657518330864594,1.313082235571457,0.917869791311272,0.8184748909531321,,0.9878835000815593,20.0
frost_cycle_000015,recovery,wavelet_offline,offline,105,available,0.756434034608966,0.24356596539103403,0.9642268937245989,0.03577310627540109,1.04688435205775,1.2834692853984402,0.009652004266157763,,0.8468390296362626,0.0
frost_cycle_000015,recovery,wavelet_monotonic_offline,constrained,105,available,0.756434034608966,0.24356596539103403,0.9642268937245989,0.03577310627540109,1.04688435205775,1.2834692853984402,0.009652004266157763,,0.8468390296362626,0.0
frost_cycle_000015,recovery,nearly_isotonic_offline,constrained,105,available,0.756434034608966,0.24356596539103403,0.9642268937245989,0.03577310627540109,1.04688435205775,1.2834692853984402,0.009652004266157763,,0.8468390296362626,0.0
frost_cycle_000015,recovery,robust_monotone_offline,constrained,105,available,0.756434034608966,0.24356596539103403,0.9642268937245989,0.03577310627540109,1.04688435205775,1.2834692853984402,0.009652004266157763,,0.8468390296362626,0.0
frost_cycle_000015,frost_development,median_centered_60s,offline,1109,available,0.500000000000074,0.49999999999992595,0.558585259830076,0.441414740169924,-0.6740079999999944,0.5168853823528248,0.47128697080705595,0.8622161875768648,0.49426229508196445,0.0
frost_cycle_000015,frost_development,ewma_tau30s,online,1109,available,0.8063139720386895,0.19368602796131051,0.32560411068660067,0.6743958893133993,-0.6479576982784057,0.5015466288936826,0.13789416857204082,0.3010966195635374,0.4428310731517137,10.0
frost_cycle_000015,frost_development,median30s_ewma30s,online,1109,available,0.7909592003924549,0.20904079960754507,0.2974084226897626,0.7025915773102374,-0.6404044027509084,0.500137066354265,0.14538409352547055,0.40434073955627414,0.4040585896076061,20.0
frost_cycle_000015,frost_development,savgol_70s,offline,1109,available,0.9653880070538827,0.034611992946117276,0.49947309490877906,0.5005269050912209,-0.6672522761904682,0.5121172649087143,0.07098749350430285,0.7257339375035858,0.6891491022638481,0.0
frost_cycle_000015,frost_development,adaptive_offline,offline,1109,available,0.6057601320481536,0.3942398679518464,0.07938638838724292,0.9206136116127571,-0.647078628240787,0.4969891733500169,0.7435709307613864,3.1730113563267515,0.12712888777566192,0.0
frost_cycle_000015,frost_development,wavelet_offline,offline,1109,available,0.9044361429145661,0.09556385708543391,0.9313397596329752,0.06866024036702478,-0.6645812435662464,0.5136219275022517,0.006829760017551108,0.13237913154641795,0.9158206537760207,0.0
frost_cycle_000015,frost_development,wavelet_monotonic_offline,constrained,1109,available,0.0,1.0,0.29832389173865176,0.7016761082613483,-0.6524827249893876,0.5107798287953761,1.325050930593198,4.567277875747759,0.03555535861227042,0.0
frost_cycle_000015,frost_development,nearly_isotonic_offline,constrained,1109,available,8.300034733585415e-07,0.9999991699965266,0.7705986959098954,0.22940130409010462,-0.6654810999999983,0.5120239038520668,0.06590351335597977,0.21243464968580061,0.4948477751756339,0.0
frost_cycle_000015,frost_development,robust_monotone_offline,constrained,1109,available,0.0,1.0,0.15250042063005922,0.8474995793699408,-0.6659623463785511,0.5242571647446942,1.496786674506869,5.360905372292116,0.09668846752823265,0.0
frost_cycle_000015,defrost_preparation,median_centered_60s,offline,2,insufficient_data,,,0.0,1.0,-2.8016167071428515,1.1318506071428547,0.0,100.0,0.0,
frost_cycle_000015,defrost_preparation,ewma_tau30s,online,2,insufficient_data,,,0.2834686894262111,0.7165313105737889,-2.630365723915716,1.1995996239157192,4.592410384208524,100.0,0.2834686894262111,
frost_cycle_000015,defrost_preparation,median30s_ewma30s,online,2,insufficient_data,,,0.14173434471310556,0.8582656552868945,-2.5964912155292836,1.165725115529287,5.500817688752148,100.0,0.14173434471310556,
frost_cycle_000015,defrost_preparation,savgol_70s,offline,2,insufficient_data,,,1.0,0.0,-2.8016167071428515,1.3708506071428546,0.0,0.0,1.0,
frost_cycle_000015,defrost_preparation,adaptive_offline,offline,2,insufficient_data,,,0.0,1.0,-2.8016167071428515,1.1318506071428547,0.0,100.0,0.0,
frost_cycle_000015,defrost_preparation,wavelet_offline,offline,2,insufficient_data,,,1.0,0.0,-2.8016167071428515,1.3708506071428546,0.0,0.0,1.0,
frost_cycle_000015,defrost_preparation,wavelet_monotonic_offline,constrained,2,insufficient_data,,,1.0,0.0,-2.8016167071428515,1.3708506071428546,0.0,0.0,1.0,
frost_cycle_000015,defrost_preparation,nearly_isotonic_offline,constrained,2,insufficient_data,,,1.0,0.0,-2.8016167071428515,1.3708506071428546,0.0,0.0,1.0,
frost_cycle_000015,defrost_preparation,robust_monotone_offline,constrained,2,insufficient_data,,,1.0,0.0,-2.8016167071428515,1.3708506071428546,0.0,0.0,1.0,
frost_cycle_000015,defrost,median_centered_60s,offline,1,insufficient_data,,,,,1.3838251999999929,0.0,,,,
frost_cycle_000015,defrost,ewma_tau30s,online,1,insufficient_data,,,,,1.3838251999999929,0.0,,,,
frost_cycle_000015,defrost,median30s_ewma30s,online,1,insufficient_data,,,,,1.3838251999999929,0.0,,,,
frost_cycle_000015,defrost,savgol_70s,offline,1,insufficient_data,,,,,1.3838251999999929,0.0,,,,
frost_cycle_000015,defrost,adaptive_offline,offline,1,insufficient_data,,,,,1.3838251999999929,0.0,,,,
frost_cycle_000015,defrost,wavelet_offline,offline,1,insufficient_data,,,,,1.3838251999999929,0.0,,,,
frost_cycle_000015,defrost,wavelet_monotonic_offline,constrained,1,insufficient_data,,,,,1.3838251999999929,0.0,,,,
frost_cycle_000015,defrost,nearly_isotonic_offline,constrained,1,insufficient_data,,,,,1.3838251999999929,0.0,,,,
frost_cycle_000015,defrost,robust_monotone_offline,constrained,1,insufficient_data,,,,,1.3838251999999929,0.0,,,,
frost_cycle_000016,recovery,median_centered_60s,offline,24,available,0.3280141843971682,0.6719858156028318,0.08025817195226218,0.9197418280477379,1.986945555000005,0.8588672296553476,0.2737696979671442,11.762394908462323,0.6421275096865061,-20.0
frost_cycle_000016,recovery,ewma_tau30s,online,24,available,0.8565135762252136,0.14348642377478638,0.3124465834802681,0.6875534165197319,2.050824933558238,1.6386043530815577,4.956644569364516,18.91828075138805,0.9321559038415667,-30.0
frost_cycle_000016,recovery,median30s_ewma30s,online,24,available,0.7179112385052581,0.28208876149474194,0.2526600242179077,0.7473399757820923,2.046527353075743,1.7018105066780826,5.688476128919271,17.496556869749202,1.9746566283197011,-30.0
frost_cycle_000016,recovery,savgol_70s,offline,24,available,0.7011144883485606,0.2988855116514394,0.3148514819439039,0.6851485180560961,1.9847514104761972,1.2855421990733658,0.7257572147321251,10.220397579948969,2.0191969003170085,10.0
frost_cycle_000016,recovery,adaptive_offline,offline,24,available,0.11751992850592433,0.8824800714940757,0.012444013483250428,0.9875559865167496,1.892897710459239,0.8498959146769041,1.4209312144942376,1.6679502475206336,0.15339387299719803,10.0
frost_cycle_000016,recovery,wavelet_offline,offline,24,available,1.0,0.0,1.0,0.0,1.8972278874999988,1.528605275542437,0.0,0.0,1.0,0.0
frost_cycle_000016,recovery,wavelet_monotonic_offline,constrained,24,available,1.0,0.0,1.0,0.0,1.8972278874999988,1.528605275542437,0.0,0.0,1.0,0.0
frost_cycle_000016,recovery,nearly_isotonic_offline,constrained,24,available,1.0,0.0,1.0,0.0,1.8972278874999988,1.528605275542437,0.0,0.0,1.0,0.0
frost_cycle_000016,recovery,robust_monotone_offline,constrained,24,available,1.0,0.0,1.0,0.0,1.8972278874999988,1.528605275542437,0.0,0.0,1.0,0.0
frost_cycle_000016,frost_development,median_centered_60s,offline,82,available,0.0,1.0,0.3125878055633583,0.6874121944366417,-0.5037900000000031,0.6407989394851046,0.03030565621184743,59.73097940311033,0.08306709265175666,0.0
frost_cycle_000016,frost_development,ewma_tau30s,online,82,available,0.3493876771097323,0.6506123228902677,0.24355776190560247,0.7564422380943976,-0.5036619378519767,0.6291227477511778,0.05264511157131763,15.403894581113908,0.16055552583799665,0.0
frost_cycle_000016,frost_development,median30s_ewma30s,online,82,available,0.34052922193713203,0.6594707780628679,0.11747158653489369,0.8825284134651064,-0.5012290234471397,0.6266900504088417,0.04915016941656084,14.234337022295584,0.13350953534669488,0.0
frost_cycle_000016,frost_development,savgol_70s,offline,82,available,0.5714285714306777,0.4285714285693223,0.35447022304285475,0.6455297769571453,-0.507096142857149,0.6419594345150874,0.008454309757864103,36.36982325507368,0.21474212688269292,0.0
frost_cycle_000016,frost_development,adaptive_offline,offline,82,available,0.17526576191411555,0.8247342380858844,0.007984028681223235,0.9920159713187767,-0.5072408327326556,0.6295251205097211,0.10983690947307348,4.0361684411129986,0.009600590037117598,0.0
frost_cycle_000016,frost_development,wavelet_offline,offline,82,available,0.5740958776510163,0.42590412234898367,1.0,0.0,-0.5018978070378193,0.6422525094167254,0.0003430714823255499,0.0,1.0,0.0
frost_cycle_000016,frost_development,wavelet_monotonic_offline,constrained,82,available,0.0,1.0,0.0,1.0,-0.5359153581782392,0.7140403041713271,0.056620920223725855,100.0,0.0,
frost_cycle_000016,frost_development,nearly_isotonic_offline,constrained,82,available,1.9645265147972133e-05,0.999980354734852,0.21122520257046112,0.7887747974295389,-0.5098117066003924,0.6440866609143405,0.02954359497399036,54.96006725646503,0.04552715654030024,0.0
frost_cycle_000016,frost_development,robust_monotone_offline,constrained,82,available,0.0,1.0,0.0,1.0,-0.5239951998059302,0.7140403041713271,0.11659825817711769,100.0,0.0,-120.0
frost_cycle_000016,defrost_preparation,median_centered_60s,offline,3,insufficient_data,0.0,1.0,0.0,1.0,-1.8721236999999986,1.2841631694341022,0.10236062598270713,100.0,0.0,
frost_cycle_000016,defrost_preparation,ewma_tau30s,online,3,insufficient_data,11.81700443178665,-10.81700443178665,0.48110600352674643,0.5188939964732535,-0.6481236999999975,1.1973302874581615,15.551817064337865,100.0,0.4634193033893624,
frost_cycle_000016,defrost_preparation,median30s_ewma30s,online,3,insufficient_data,5.766767871180247,-4.766767871180247,0.23812425867620268,0.7618757413237973,-0.6481236999999975,1.2076300472419665,19.46638712765152,100.0,0.22949825850871236,
frost_cycle_000016,defrost_preparation,savgol_70s,offline,3,insufficient_data,1.0,0.0,1.0,0.0,-1.6333407555555635,1.2332502002926595,0.0,0.0,1.0,
frost_cycle_000016,defrost_preparation,adaptive_offline,offline,3,insufficient_data,0.0,1.0,0.0,1.0,-1.8721236999999986,1.2841631694341022,0.10236062598270713,100.0,0.0,
frost_cycle_000016,defrost_preparation,wavelet_offline,offline,3,insufficient_data,1.0,0.0,1.0,0.0,-1.6333407555555635,1.2332502002926595,0.0,0.0,1.0,
frost_cycle_000016,defrost_preparation,wavelet_monotonic_offline,constrained,3,insufficient_data,1.0,0.0,1.0,0.0,-1.6333407555555635,1.2332502002926595,0.0,0.0,1.0,
frost_cycle_000016,defrost_preparation,nearly_isotonic_offline,constrained,3,insufficient_data,1.0,0.0,1.0,0.0,-1.6333407555555635,1.2332502002926595,0.0,0.0,1.0,
frost_cycle_000016,defrost_preparation,robust_monotone_offline,constrained,3,insufficient_data,1.0,0.0,1.0,0.0,-1.6333407555555635,1.2332502002926595,0.0,0.0,1.0,
frost_cycle_000016,defrost,median_centered_60s,offline,0,insufficient_data,,,,,,,,,,
frost_cycle_000016,defrost,ewma_tau30s,online,0,insufficient_data,,,,,,,,,,
frost_cycle_000016,defrost,median30s_ewma30s,online,0,insufficient_data,,,,,,,,,,
frost_cycle_000016,defrost,savgol_70s,offline,0,insufficient_data,,,,,,,,,,
frost_cycle_000016,defrost,adaptive_offline,offline,0,insufficient_data,,,,,,,,,,
frost_cycle_000016,defrost,wavelet_offline,offline,0,insufficient_data,,,,,,,,,,
frost_cycle_000016,defrost,wavelet_monotonic_offline,constrained,0,insufficient_data,,,,,,,,,,
frost_cycle_000016,defrost,nearly_isotonic_offline,constrained,0,insufficient_data,,,,,,,,,,
frost_cycle_000016,defrost,robust_monotone_offline,constrained,0,insufficient_data,,,,,,,,,,
frost_cycle_000017,recovery,median_centered_60s,offline,17,available,0.24999999999999603,0.750000000000004,0.12966014418125751,0.8703398558187425,1.495535949999982,1.0462628070860605,0.8566653673311152,5.2996781979083005,0.4364844903988212,-10.0
frost_cycle_000017,recovery,ewma_tau30s,online,17,available,0.2792718716189767,0.7207281283810233,0.3153896221030246,0.6846103778969754,1.7207398129081035,1.2863067600754632,2.851373801093475,46.66752613961751,0.9533870448851126,-30.0
frost_cycle_000017,recovery,median30s_ewma30s,online,17,available,0.19459600839493463,0.8054039916050654,0.2571473298791385,0.7428526701208615,1.8204828077487258,1.262698911084561,3.7906414642694766,58.214239976588125,0.5637276322476944,-30.0
frost_cycle_000017,recovery,savgol_70s,offline,17,available,0.8352465986395695,0.16475340136043048,1.0,0.0,1.508665761428552,1.353136630288565,0.022893054870070234,1.046814542391343,0.8981149328268988,0.0
frost_cycle_000017,recovery,adaptive_offline,offline,17,available,0.027751658872516505,0.9722483411274835,0.0359788583820968,0.9640211416179032,1.4951636518846572,1.0292871008493105,0.9404374056783716,7.179924075900869,0.15392039081692618,-10.0
frost_cycle_000017,recovery,wavelet_offline,offline,17,available,0.8444856690502014,0.1555143309497986,1.0,0.0,1.5448655231967168,1.3451070883757177,0.004405578465503194,0.9128391981656823,0.9750884646429198,0.0
frost_cycle_000017,recovery,wavelet_monotonic_offline,constrained,17,available,0.8444856690502014,0.1555143309497986,1.0,0.0,1.5448655231967168,1.3451070883757177,0.004405578465503194,0.9128391981656823,0.9750884646429198,0.0
frost_cycle_000017,recovery,nearly_isotonic_offline,constrained,17,available,0.8444856690502014,0.1555143309497986,1.0,0.0,1.5448655231967168,1.3451070883757177,0.004405578465503194,0.9128391981656823,0.9750884646429198,0.0
frost_cycle_000017,recovery,robust_monotone_offline,constrained,17,available,0.8444856690502014,0.1555143309497986,1.0,0.0,1.5448655231967168,1.3451070883757177,0.004405578465503194,0.9128391981656823,0.9750884646429198,0.0
frost_cycle_000017,frost_development,median_centered_60s,offline,879,available,0.4999999999999112,0.5000000000000888,0.5907699234579,0.4092300765421,-0.7500149999999879,0.5469135247875411,0.015855992037985493,0.008541691845684162,0.6256944444444508,0.0
frost_cycle_000017,frost_development,ewma_tau30s,online,879,available,1.2101357080148292,-0.21013570801482917,0.3645759966095259,0.6354240033904741,-0.7319346857957454,0.5454884125842492,0.148529488097486,0.9573098751122513,0.5227687331902522,10.0
frost_cycle_000017,frost_development,median30s_ewma30s,online,879,available,1.1405832190885221,-0.14058321908852212,0.3279216879816356,0.6720783120183644,-0.732242230141126,0.5489648266391953,0.19913979547370228,1.2129627328691126,0.4890411029716072,20.0
frost_cycle_000017,frost_development,savgol_70s,offline,879,available,1.0571428571428012,-0.05714285714280121,0.4845114813147216,0.5154885186852785,-0.7492530952380863,0.5491442476972718,0.0004444255230824196,0.062377802722140024,0.7366402116402225,0.0
frost_cycle_000017,frost_development,adaptive_offline,offline,879,available,0.9363169606596977,0.06368303934030228,0.12013413053606492,0.8798658694639351,-0.7222727585894857,0.5193762513090994,0.013869277914290155,0.3004976042013164,0.16130228262844834,0.0
frost_cycle_000017,frost_development,wavelet_offline,offline,879,available,1.2169841538652453,-0.21698415386524528,0.9057869208338386,0.0942130791661614,-0.7472873792451269,0.5488607118574331,0.005357888076568374,0.06715773552980765,0.7248363451093663,0.0
frost_cycle_000017,frost_development,wavelet_monotonic_offline,constrained,879,available,0.0,1.0,0.2797704800165795,0.7202295199834206,-0.7209105994120009,0.5402477060807848,0.01796829578303405,0.5325604364125005,0.0,0.0
frost_cycle_000017,frost_development,nearly_isotonic_offline,constrained,879,available,1.04805053524617e-11,0.9999999999895195,0.8963980189103962,0.10360198108960383,-0.7483483333305836,0.5489370591835906,0.0016111994574480389,0.11613621822905015,0.6013888888889973,0.0
frost_cycle_000017,frost_development,robust_monotone_offline,constrained,879,available,0.0,1.0,0.20691517948392427,0.7930848205160758,-0.7377198749746094,0.5718335327457966,0.07706180979128179,0.2921437458264543,0.03219032643514946,0.0
frost_cycle_000017,defrost_preparation,median_centered_60s,offline,1,insufficient_data,,,,,-2.1239904200000157,0.0,,,,
frost_cycle_000017,defrost_preparation,ewma_tau30s,online,1,insufficient_data,,,,,-2.1239904200000157,0.0,,,,
frost_cycle_000017,defrost_preparation,median30s_ewma30s,online,1,insufficient_data,,,,,-2.1239904200000157,0.0,,,,
frost_cycle_000017,defrost_preparation,savgol_70s,offline,1,insufficient_data,,,,,-2.1239904200000157,0.0,,,,
frost_cycle_000017,defrost_preparation,adaptive_offline,offline,1,insufficient_data,,,,,-2.1239904200000157,0.0,,,,
frost_cycle_000017,defrost_preparation,wavelet_offline,offline,1,insufficient_data,,,,,-2.1239904200000157,0.0,,,,
frost_cycle_000017,defrost_preparation,wavelet_monotonic_offline,constrained,1,insufficient_data,,,,,-2.1239904200000157,0.0,,,,
frost_cycle_000017,defrost_preparation,nearly_isotonic_offline,constrained,1,insufficient_data,,,,,-2.1239904200000157,0.0,,,,
frost_cycle_000017,defrost_preparation,robust_monotone_offline,constrained,1,insufficient_data,,,,,-2.1239904200000157,0.0,,,,
frost_cycle_000017,defrost,median_centered_60s,offline,0,insufficient_data,,,,,,,,,,
frost_cycle_000017,defrost,ewma_tau30s,online,0,insufficient_data,,,,,,,,,,
frost_cycle_000017,defrost,median30s_ewma30s,online,0,insufficient_data,,,,,,,,,,
frost_cycle_000017,defrost,savgol_70s,offline,0,insufficient_data,,,,,,,,,,
frost_cycle_000017,defrost,adaptive_offline,offline,0,insufficient_data,,,,,,,,,,
frost_cycle_000017,defrost,wavelet_offline,offline,0,insufficient_data,,,,,,,,,,
frost_cycle_000017,defrost,wavelet_monotonic_offline,constrained,0,insufficient_data,,,,,,,,,,
frost_cycle_000017,defrost,nearly_isotonic_offline,constrained,0,insufficient_data,,,,,,,,,,
frost_cycle_000017,defrost,robust_monotone_offline,constrained,0,insufficient_data,,,,,,,,,,
frost_cycle_000018,recovery,median_centered_60s,offline,17,available,1.036111111111121,-0.036111111111120975,0.08037779900244049,0.9196222009975595,2.1573359999999893,0.7108163067360341,0.4619063580287124,7.443316543975244,0.26491935483870965,-20.0
frost_cycle_000018,recovery,ewma_tau30s,online,17,available,0.3178648060211665,0.6821351939788335,0.29398059700337,0.70601940299663,2.3518111983587406,1.0577970807520134,5.5895733049693845,41.18126293240529,0.4255478380428809,-30.0
frost_cycle_000018,recovery,median30s_ewma30s,online,17,available,0.25600628006869336,0.7439937199313067,0.18952254115482903,0.810477458845171,2.4771732658417376,1.064639539371866,7.064953823233647,48.63055897547556,0.5686166737320331,-30.0
frost_cycle_000018,recovery,savgol_70s,offline,17,available,1.628453850676081,-0.6284538506760811,0.20867128555762732,0.7913287144423726,2.278323862433851,0.8728602409418407,0.49851119752425,9.82116197118239,0.583275729646697,10.0
frost_cycle_000018,recovery,adaptive_offline,offline,17,available,0.30209500727019606,0.697904992729804,0.033254497717573654,0.9667455022824264,2.1961840818420235,0.68634121397942,0.41348451005400083,19.857589326363946,0.12420448118538559,-30.0
frost_cycle_000018,recovery,wavelet_offline,offline,17,available,1.1606679516794962,-0.1606679516794962,0.7869299713726897,0.21307002862731028,1.9050058303657922,1.0603985451836735,0.01769773388554022,0.2977003418617112,1.0810210901789616,0.0
frost_cycle_000018,recovery,wavelet_monotonic_offline,constrained,17,available,1.1606679516794962,-0.1606679516794962,0.7869299713726897,0.21307002862731028,1.9050058303657922,1.0603985451836735,0.01769773388554022,0.2977003418617112,1.0810210901789616,0.0
frost_cycle_000018,recovery,nearly_isotonic_offline,constrained,17,available,1.1606679516794962,-0.1606679516794962,0.7869299713726897,0.21307002862731028,1.9050058303657922,1.0603985451836735,0.01769773388554022,0.2977003418617112,1.0810210901789616,0.0
frost_cycle_000018,recovery,robust_monotone_offline,constrained,17,available,1.1606679516794962,-0.1606679516794962,0.7869299713726897,0.21307002862731028,1.9050058303657922,1.0603985451836735,0.01769773388554022,0.2977003418617112,1.0810210901789616,0.0
frost_cycle_000018,frost_development,median_centered_60s,offline,1062,available,0.833333333333136,0.16666666666686403,0.5841641445611565,0.4158358554388435,-0.8017870000000089,0.5906718862575838,0.10325750250957966,0.2973578477579001,0.4166666666666728,0.0
frost_cycle_000018,frost_development,ewma_tau30s,online,1062,available,1.1464812713209918,-0.14648127132099176,0.3479048083676561,0.6520951916323439,-0.7882818354356358,0.5788595527942226,0.18133454886323935,1.1807220266829308,0.4590038363485491,10.0
frost_cycle_000018,frost_development,median30s_ewma30s,online,1062,available,1.0993194152342558,-0.0993194152342558,0.33744231072033143,0.6625576892796685,-0.7875121186372112,0.5768889231209249,0.23012441551937507,1.4093393917044015,0.4251998684263641,20.0
frost_cycle_000018,frost_development,savgol_70s,offline,1062,available,1.3412698412688708,-0.34126984126887083,0.5317884200739844,0.4682115799260156,-0.7977252523809595,0.5893861401566916,0.004180818715534462,0.10521634838120439,0.6439484126984147,0.0
frost_cycle_000018,frost_development,adaptive_offline,offline,1062,available,0.8654324851838966,0.1345675148161034,0.13295895699743565,0.8670410430025643,-0.7866014343196521,0.5675610361993066,0.008103294983121822,0.8209407915679592,0.14833712454108686,0.0
frost_cycle_000018,frost_development,wavelet_offline,offline,1062,available,1.2708913380369908,-0.27089133803699084,0.9209228400188167,0.07907715998118325,-0.7978708871633358,0.5916643159156726,0.004293209008340321,0.08211457217738756,0.8452716284669669,0.0
frost_cycle_000018,frost_development,wavelet_monotonic_offline,constrained,1062,available,0.0,1.0,0.189623666728773,0.810376333271227,-0.7936863238563769,0.593414459635633,0.016875742558268535,1.3086237415081605,0.0,0.0
frost_cycle_000018,frost_development,nearly_isotonic_offline,constrained,1062,available,9.066726539922491e-05,0.9999093327346008,0.8336077977568124,0.16639220224318763,-0.7981933774469434,0.5901268575160287,0.004394923599496316,0.13599036595958386,0.49848251028807855,0.0
frost_cycle_000018,frost_development,robust_monotone_offline,constrained,1062,available,0.0,1.0,0.1704115558219764,0.8295884441780236,-0.8063096925263817,0.6406160951550279,0.045231585239448924,0.05232337152744857,0.05007546033179306,-10.0
frost_cycle_000018,defrost_preparation,median_centered_60s,offline,1,insufficient_data,,,,,-1.4916619800000124,0.0,,,,
frost_cycle_000018,defrost_preparation,ewma_tau30s,online,1,insufficient_data,,,,,-1.4916619800000124,0.0,,,,
frost_cycle_000018,defrost_preparation,median30s_ewma30s,online,1,insufficient_data,,,,,-1.4916619800000124,0.0,,,,
frost_cycle_000018,defrost_preparation,savgol_70s,offline,1,insufficient_data,,,,,-1.4916619800000124,0.0,,,,
frost_cycle_000018,defrost_preparation,adaptive_offline,offline,1,insufficient_data,,,,,-1.4916619800000124,0.0,,,,
frost_cycle_000018,defrost_preparation,wavelet_offline,offline,1,insufficient_data,,,,,-1.4916619800000124,0.0,,,,
frost_cycle_000018,defrost_preparation,wavelet_monotonic_offline,constrained,1,insufficient_data,,,,,-1.4916619800000124,0.0,,,,
frost_cycle_000018,defrost_preparation,nearly_isotonic_offline,constrained,1,insufficient_data,,,,,-1.4916619800000124,0.0,,,,
frost_cycle_000018,defrost_preparation,robust_monotone_offline,constrained,1,insufficient_data,,,,,-1.4916619800000124,0.0,,,,
frost_cycle_000018,defrost,median_centered_60s,offline,0,insufficient_data,,,,,,,,,,
frost_cycle_000018,defrost,ewma_tau30s,online,0,insufficient_data,,,,,,,,,,
frost_cycle_000018,defrost,median30s_ewma30s,online,0,insufficient_data,,,,,,,,,,
frost_cycle_000018,defrost,savgol_70s,offline,0,insufficient_data,,,,,,,,,,
frost_cycle_000018,defrost,adaptive_offline,offline,0,insufficient_data,,,,,,,,,,
frost_cycle_000018,defrost,wavelet_offline,offline,0,insufficient_data,,,,,,,,,,
frost_cycle_000018,defrost,wavelet_monotonic_offline,constrained,0,insufficient_data,,,,,,,,,,
frost_cycle_000018,defrost,nearly_isotonic_offline,constrained,0,insufficient_data,,,,,,,,,,
frost_cycle_000018,defrost,robust_monotone_offline,constrained,0,insufficient_data,,,,,,,,,,
frost_cycle_000019,recovery,median_centered_60s,offline,18,available,2.1654676258993333,-1.1654676258993333,0.0775625642783686,0.9224374357216314,2.1034626733333406,2.4721074563671053,1.892378298110459,4.840835787407094,0.1472402340661079,-30.0
frost_cycle_000019,recovery,ewma_tau30s,online,18,available,2.6281972456273133,-1.6281972456273133,0.3714821556976209,0.6285178443023791,2.416774386898733,3.595724676558789,11.02627770912847,42.28167989558463,0.6293778908074993,-40.0
frost_cycle_000019,recovery,median30s_ewma30s,online,18,available,2.415256480529028,-1.415256480529028,0.2769857073069976,0.7230142926930023,2.624747440087494,3.630865763905485,14.480563930737029,50.04981832277882,0.5821538536641356,-40.0
frost_cycle_000019,recovery,savgol_70s,offline,18,available,5.420178143199704,-4.420178143199704,0.5738417067203987,0.4261582932796013,1.9805631352380986,3.3186699337532426,0.6332331064393993,2.8880274589160875,0.8308066544663035,10.0
frost_cycle_000019,recovery,adaptive_offline,offline,18,available,0.372347982989589,0.627652017010411,0.026461214652290992,0.973538785347709,2.168432398272272,2.3738746173545366,0.4480077301462189,21.899268758124606,0.06806621312223139,-30.0
frost_cycle_000019,recovery,wavelet_offline,offline,18,available,2.293038862277518,-1.293038862277518,1.0377659123562133,-0.037765912356213294,2.036934394372317,3.447442021109096,0.013427650662488196,2.201783257628465,0.8686259580035471,0.0
frost_cycle_000019,recovery,wavelet_monotonic_offline,constrained,18,available,2.293038862277518,-1.293038862277518,1.0377659123562133,-0.037765912356213294,2.036934394372317,3.447442021109096,0.013427650662488196,2.201783257628465,0.8686259580035471,0.0
frost_cycle_000019,recovery,nearly_isotonic_offline,constrained,18,available,2.293038862277518,-1.293038862277518,1.0377659123562133,-0.037765912356213294,2.036934394372317,3.447442021109096,0.013427650662488196,2.201783257628465,0.8686259580035471,0.0
frost_cycle_000019,recovery,robust_monotone_offline,constrained,18,available,2.293038862277518,-1.293038862277518,1.0377659123562133,-0.037765912356213294,2.036934394372317,3.447442021109096,0.013427650662488196,2.201783257628465,0.8686259580035471,0.0
frost_cycle_000019,frost_development,median_centered_60s,offline,431,available,0.49315068493131686,0.5068493150686831,0.5332442748091587,0.4667557251908413,-0.5385564999999932,0.7718056802111029,0.012994502164244318,0.4058393303023101,0.4741666666666705,-10.0
frost_cycle_000019,frost_development,ewma_tau30s,online,431,available,1.174628557635154,-0.17462855763515406,0.3895284222569704,0.6104715777430296,-0.5342109169660709,0.7645409472569572,0.10795772405638036,3.1866366696988377,0.41417002176333634,10.0
frost_cycle_000019,frost_development,median30s_ewma30s,online,431,available,1.1002479958464924,-0.10024799584649235,0.38947524292458224,0.6105247570754178,-0.5309620421508869,0.7631037892818069,0.15744477899580409,4.136599271488998,0.36012469866194624,30.0
frost_cycle_000019,frost_development,savgol_70s,offline,431,available,1.315068493150446,-0.31506849315044594,0.6091639403853156,0.3908360596146844,-0.5309910261904669,0.7670683727819014,0.0015631374209108765,0.1975976669467647,0.5591732804232906,0.0
frost_cycle_000019,frost_development,adaptive_offline,offline,431,available,0.682618051658339,0.317381948341661,0.17737598938503019,0.8226240106149698,-0.5444566141045639,0.7817528839967179,0.04605040409170989,3.1630819199605478,0.22472542221421424,-10.0
frost_cycle_000019,frost_development,wavelet_offline,offline,431,available,1.3111402796667826,-0.3111402796667826,0.8759397180297009,0.12406028197029906,-0.5328607971169195,0.7672854551511856,0.0019541407738031353,0.33906750031186855,0.78065611952197,0.0
frost_cycle_000019,frost_development,wavelet_monotonic_offline,constrained,431,available,0.0,1.0,0.36502250848306367,0.6349774915169364,-0.5348958533612418,0.8175236379077992,0.011413781053721815,3.589839651487862,0.018583455355498532,-120.0
frost_cycle_000019,frost_development,nearly_isotonic_offline,constrained,431,available,2.4723967165808234e-09,0.9999999975276033,0.6339185750636182,0.36608142493638185,-0.5410580000003575,0.7711537117273362,0.0,0.47751632062472177,0.5013095238095099,0.0
frost_cycle_000019,frost_development,robust_monotone_offline,constrained,431,available,0.0,1.0,0.23359148674426192,0.7664085132557381,-0.5332985024517019,0.8734758942526806,0.3893332532538659,3.7290361727532124,0.14798928675127432,-120.0
frost_cycle_000020,recovery,median_centered_60s,offline,206,available,,,2.179358925837651,-1.1793589258376511,0.6025706100000006,1.094429047562221,0.8810591427493047,,0.4542317471848922,0.0
frost_cycle_000020,recovery,ewma_tau30s,online,206,available,,,1.3212785120231183,-0.3212785120231183,0.5337987750000045,0.762591823991961,3.103987256913633,,0.42583649165550536,20.0
frost_cycle_000020,recovery,median30s_ewma30s,online,206,available,,,1.3213130331498348,-0.32131303314983484,0.34366761,0.8043946177062531,4.245431803068546,,0.3823529817593395,30.0
frost_cycle_000020,recovery,savgol_70s,offline,206,available,,,2.041400412952025,-1.041400412952025,0.5337987750000045,1.044953236409595,0.00542896651404606,,0.6815076193935625,0.0
frost_cycle_000020,recovery,adaptive_offline,offline,206,available,,,0.9097877604942995,0.09021223950570045,0.6213899412655328,0.9095692428779427,0.03482779106408834,,0.49471054206712795,0.0
frost_cycle_000020,recovery,wavelet_offline,offline,206,available,,,1.3730385418727817,-0.37303854187278174,0.6011654316770028,0.9808938640384468,0.060119266709800306,,0.5796876491865266,0.0
frost_cycle_000020,recovery,wavelet_monotonic_offline,constrained,206,available,,,1.3730385418727817,-0.37303854187278174,0.6011654316770028,0.9808938640384468,0.060119266709800306,,0.5796876491865266,0.0
frost_cycle_000020,recovery,nearly_isotonic_offline,constrained,206,available,,,1.3730385418727817,-0.37303854187278174,0.6011654316770028,0.9808938640384468,0.060119266709800306,,0.5796876491865266,0.0
frost_cycle_000020,recovery,robust_monotone_offline,constrained,206,available,,,1.3730385418727817,-0.37303854187278174,0.6011654316770028,0.9808938640384468,0.060119266709800306,,0.5796876491865266,0.0
frost_cycle_000020,frost_development,median_centered_60s,offline,1092,available,0.5000000000001269,0.4999999999998731,0.6079586656997777,0.39204133430022226,-0.3712076999999834,0.37339099586639923,0.05795650599950335,0.1287039910833881,0.5335195530726269,0.0
frost_cycle_000020,frost_development,ewma_tau30s,online,1092,available,1.3979190067867966,-0.3979190067867966,0.32542063298564783,0.6745793670143522,-0.35838046826800607,0.35523764269716596,0.1560267761268475,0.4326774914805838,0.38666296340904505,10.0
frost_cycle_000020,frost_development,median30s_ewma30s,online,1092,available,1.3231582348081068,-0.3231582348081068,0.32315455849416724,0.6768454415058327,-0.3603387503530624,0.3560414195685717,0.20454648624268867,0.5595725422737888,0.3623212837193436,20.0
frost_cycle_000020,frost_development,savgol_70s,offline,1092,available,1.6734693877550322,-0.6734693877550322,0.49618953616415656,0.5038104638358434,-0.3695030006802713,0.3719096756936778,0.00019860198023661523,0.010256682156247827,0.6171854216546903,0.0
frost_cycle_000020,frost_development,adaptive_offline,offline,1092,available,0.7029188723455271,0.2970811276544729,0.06018884646502218,0.9398111535349778,-0.3648128592803097,0.33567899480120356,0.04661356587360618,0.06595955705578388,0.08798383390896414,0.0
frost_cycle_000020,frost_development,wavelet_offline,offline,1092,available,1.5462028473225191,-0.5462028473225191,0.8646519753532866,0.13534802464671336,-0.3725354314610443,0.3710480053467765,0.0008053197693167023,0.014411210325366252,0.7222193326328491,0.0
frost_cycle_000020,frost_development,wavelet_monotonic_offline,constrained,1092,available,0.0,1.0,0.30269145175513545,0.6973085482448645,-0.35911796364562054,0.3238012224911537,0.00401522108597003,0.0630633995485939,0.0,0.0
frost_cycle_000020,frost_development,nearly_isotonic_offline,constrained,1092,available,2.137972338849687e-10,0.9999999997862028,0.8608925549915387,0.13910744500846128,-0.368026050000001,0.3708722189165742,6.458473844282475e-05,0.013701594336242268,0.5530726256983144,0.0
frost_cycle_000020,frost_development,robust_monotone_offline,constrained,1092,available,0.0,1.0,0.17812297598845672,0.8218770240115433,-0.37574324201742026,0.3394389065883186,0.32605216083492317,0.7767422361905941,0.050088818635884914,0.0
frost_cycle_000020,defrost_preparation,median_centered_60s,offline,2,insufficient_data,,,0.0,1.0,-2.658730199999991,1.290149639999992,0.0,100.0,0.0,
frost_cycle_000020,defrost_preparation,ewma_tau30s,online,2,insufficient_data,,,0.2834686894262107,0.7165313105737894,-2.386448301981951,1.397867741981952,7.0466329714813645,100.0,0.2834686894262107,
frost_cycle_000020,defrost_preparation,median30s_ewma30s,online,2,insufficient_data,,,0.14173434471310534,0.8582656552868947,-2.332589250990971,1.344008690990972,8.44050075075104,100.0,0.14173434471310534,
frost_cycle_000020,defrost_preparation,savgol_70s,offline,2,insufficient_data,,,1.0,0.0,-2.658730199999991,1.670149639999992,0.0,0.0,1.0,
frost_cycle_000020,defrost_preparation,adaptive_offline,offline,2,insufficient_data,,,0.0,1.0,-2.658730199999991,1.290149639999992,0.0,100.0,0.0,
frost_cycle_000020,defrost_preparation,wavelet_offline,offline,2,insufficient_data,,,1.0,0.0,-2.658730199999991,1.670149639999992,0.0,0.0,1.0,
frost_cycle_000020,defrost_preparation,wavelet_monotonic_offline,constrained,2,insufficient_data,,,1.0,0.0,-2.658730199999991,1.670149639999992,0.0,0.0,1.0,
frost_cycle_000020,defrost_preparation,nearly_isotonic_offline,constrained,2,insufficient_data,,,1.0,0.0,-2.658730199999991,1.670149639999992,0.0,0.0,1.0,
frost_cycle_000020,defrost_preparation,robust_monotone_offline,constrained,2,insufficient_data,,,1.0,0.0,-2.658730199999991,1.670149639999992,0.0,0.0,1.0,
frost_cycle_000020,defrost,median_centered_60s,offline,1,insufficient_data,,,,,2.522170299999978,0.0,,,,
frost_cycle_000020,defrost,ewma_tau30s,online,1,insufficient_data,,,,,2.522170299999978,0.0,,,,
frost_cycle_000020,defrost,median30s_ewma30s,online,1,insufficient_data,,,,,2.522170299999978,0.0,,,,
frost_cycle_000020,defrost,savgol_70s,offline,1,insufficient_data,,,,,2.522170299999978,0.0,,,,
frost_cycle_000020,defrost,adaptive_offline,offline,1,insufficient_data,,,,,2.522170299999978,0.0,,,,
frost_cycle_000020,defrost,wavelet_offline,offline,1,insufficient_data,,,,,2.522170299999978,0.0,,,,
frost_cycle_000020,defrost,wavelet_monotonic_offline,constrained,1,insufficient_data,,,,,2.522170299999978,0.0,,,,
frost_cycle_000020,defrost,nearly_isotonic_offline,constrained,1,insufficient_data,,,,,2.522170299999978,0.0,,,,
frost_cycle_000020,defrost,robust_monotone_offline,constrained,1,insufficient_data,,,,,2.522170299999978,0.0,,,,
frost_cycle_000021,recovery,median_centered_60s,offline,19,available,0.5792079207920793,0.4207920792079207,0.09595643217225115,0.9040435678277489,1.9826209800000063,2.319293269737505,2.0969205414514134,5.634425721993793,0.11138844515441983,-30.0
frost_cycle_000021,recovery,ewma_tau30s,online,19,available,1.639542046067168,-0.6395420460671679,0.3668516262865406,0.6331483737134593,2.343884143859456,3.6514010694882737,11.62817530126837,43.97736706102393,0.6031095741340722,-30.0
frost_cycle_000021,recovery,median30s_ewma30s,online,19,available,1.7820278711817532,-0.7820278711817532,0.2652426635767277,0.7347573364232722,2.4927039789474135,3.7434190433188173,15.461657568841341,51.59829507015814,0.56847577840628,-30.0
frost_cycle_000021,recovery,savgol_70s,offline,19,available,1.1712635549268862,-0.17126355492688616,0.5598231706195539,0.4401768293804461,1.9667253885714455,3.27176798805597,0.7297830896520571,2.606611615502165,0.8039898067853309,10.0
frost_cycle_000021,recovery,adaptive_offline,offline,19,available,0.11372866103311877,0.8862713389668813,0.013884020326052848,0.9861159796739472,2.1132245555846296,2.1673082060162248,0.4408043892700312,38.3000526315611,0.03665170508286619,-30.0
frost_cycle_000021,recovery,wavelet_offline,offline,19,available,0.7608616289751976,0.2391383710248024,1.042155530773638,-0.042155530773638095,1.9598333816809541,3.440602360470953,0.08885094705968333,1.5457933964716535,0.7846124918247708,0.0
frost_cycle_000021,recovery,wavelet_monotonic_offline,constrained,19,available,0.7608616289751976,0.2391383710248024,1.042155530773638,-0.042155530773638095,1.9598333816809541,3.440602360470953,0.08885094705968333,1.5457933964716535,0.7846124918247708,0.0
frost_cycle_000021,recovery,nearly_isotonic_offline,constrained,19,available,0.7608616289751976,0.2391383710248024,1.042155530773638,-0.042155530773638095,1.9598333816809541,3.440602360470953,0.08885094705968333,1.5457933964716535,0.7846124918247708,0.0
frost_cycle_000021,recovery,robust_monotone_offline,constrained,19,available,0.7608616289751976,0.2391383710248024,1.042155530773638,-0.042155530773638095,1.9598333816809541,3.440602360470953,0.08885094705968333,1.5457933964716535,0.7846124918247708,0.0
frost_cycle_000021,frost_development,median_centered_60s,offline,977,available,0.5555555555555775,0.44444444444442255,0.3794916739702021,0.6205083260297979,-0.4548213900000011,0.6201869205481197,0.08999594095486309,0.20783760707534177,0.3257142857142952,0.0
frost_cycle_000021,frost_development,ewma_tau30s,online,977,available,0.8091306541505952,0.19086934584940485,0.248195128353334,0.751804871646666,-0.4400611579398652,0.605342211939432,0.1511422675237036,0.4640136724693714,0.4096756091547129,10.0
frost_cycle_000021,frost_development,median30s_ewma30s,online,977,available,0.7425168876530165,0.2574831123469835,0.21628859425177702,0.783711405748223,-0.43681599767550705,0.6080814488074333,0.18848716391531606,0.55142375624681,0.33906074420779203,20.0
frost_cycle_000021,frost_development,savgol_70s,offline,977,available,1.0317460317466929,-0.03174603174669288,0.3391309489030792,0.6608690510969208,-0.4536239911111082,0.6150434128984601,0.004881196581383144,0.009297771358978711,0.5832955404383982,0.0
frost_cycle_000021,frost_development,adaptive_offline,offline,977,available,0.5851688201261693,0.41483117987383067,0.10420414578395733,0.8957958542160427,-0.4493395341022972,0.6106997392635483,0.026454529887907082,0.03081505672485456,0.1623377709218382,0.0
frost_cycle_000021,frost_development,wavelet_offline,offline,977,available,0.9604800685364615,0.039519931463538494,0.9071026183276006,0.09289738167239936,-0.45234496737590213,0.6160520596643939,0.00015761931052245387,0.008976321386250607,0.614321714503844,0.0
frost_cycle_000021,frost_development,wavelet_monotonic_offline,constrained,977,available,0.0,1.0,0.24877173543534462,0.7512282645646554,-0.4151708672758878,0.622531077052578,0.015648329459763348,0.22051703648896365,0.015051106682374872,0.0
frost_cycle_000021,frost_development,nearly_isotonic_offline,constrained,977,available,3.410472793064153e-06,0.9999965895272069,0.7126059012562088,0.2873940987437912,-0.4451688191842904,0.6145794813313205,0.002250188719456435,0.02805477246008918,0.31571428571430193,0.0
frost_cycle_000021,frost_development,robust_monotone_offline,constrained,977,available,0.0,1.0,0.13373510380453338,0.8662648961954666,-0.4228442121056504,0.6517853706833242,0.0331284777407365,0.117136176774441,0.08370595723513516,-10.0
frost_cycle_000021,defrost_preparation,median_centered_60s,offline,1,insufficient_data,,,,,-2.796216959999993,0.0,,,,
frost_cycle_000021,defrost_preparation,ewma_tau30s,online,1,insufficient_data,,,,,-2.796216959999993,0.0,,,,
frost_cycle_000021,defrost_preparation,median30s_ewma30s,online,1,insufficient_data,,,,,-2.796216959999993,0.0,,,,
frost_cycle_000021,defrost_preparation,savgol_70s,offline,1,insufficient_data,,,,,-2.796216959999993,0.0,,,,
frost_cycle_000021,defrost_preparation,adaptive_offline,offline,1,insufficient_data,,,,,-2.796216959999993,0.0,,,,
frost_cycle_000021,defrost_preparation,wavelet_offline,offline,1,insufficient_data,,,,,-2.796216959999993,0.0,,,,
frost_cycle_000021,defrost_preparation,wavelet_monotonic_offline,constrained,1,insufficient_data,,,,,-2.796216959999993,0.0,,,,
frost_cycle_000021,defrost_preparation,nearly_isotonic_offline,constrained,1,insufficient_data,,,,,-2.796216959999993,0.0,,,,
frost_cycle_000021,defrost_preparation,robust_monotone_offline,constrained,1,insufficient_data,,,,,-2.796216959999993,0.0,,,,
frost_cycle_000021,defrost,median_centered_60s,offline,0,insufficient_data,,,,,,,,,,
frost_cycle_000021,defrost,ewma_tau30s,online,0,insufficient_data,,,,,,,,,,
frost_cycle_000021,defrost,median30s_ewma30s,online,0,insufficient_data,,,,,,,,,,
frost_cycle_000021,defrost,savgol_70s,offline,0,insufficient_data,,,,,,,,,,
frost_cycle_000021,defrost,adaptive_offline,offline,0,insufficient_data,,,,,,,,,,
frost_cycle_000021,defrost,wavelet_offline,offline,0,insufficient_data,,,,,,,,,,
frost_cycle_000021,defrost,wavelet_monotonic_offline,constrained,0,insufficient_data,,,,,,,,,,
frost_cycle_000021,defrost,nearly_isotonic_offline,constrained,0,insufficient_data,,,,,,,,,,
frost_cycle_000021,defrost,robust_monotone_offline,constrained,0,insufficient_data,,,,,,,,,,
frost_cycle_000022,recovery,median_centered_60s,offline,18,available,0.9703703703703547,0.029629629629645327,0.07576833830563012,0.9242316616943699,2.0988930800000003,2.5190402079576617,1.6764609450087162,4.049781249865552,0.13508428657435256,-30.0
frost_cycle_000022,recovery,ewma_tau30s,online,18,available,1.1988846047106747,-0.1988846047106747,0.40178330910425464,0.5982166908957454,2.5894582335822567,3.4351996243497402,9.786863565399193,43.23784029857219,0.5294526025325039,-40.0
frost_cycle_000022,recovery,median30s_ewma30s,online,18,available,1.0883805738550432,-0.08838057385504317,0.29892462947017445,0.7010753705298256,2.7742449498140487,3.4630050855370063,13.011342926796218,51.861834159939114,0.49645898090999196,-40.0
frost_cycle_000022,recovery,savgol_70s,offline,18,available,1.8876190476189911,-0.8876190476189911,0.6068349355179873,0.3931650644820127,2.0692422825926045,3.246772535950091,0.5821643989527979,5.0137793021432815,0.7132440774824824,10.0
frost_cycle_000022,recovery,adaptive_offline,offline,18,available,0.1970075261638675,0.8029924738361325,0.03357848919340186,0.9664215108065981,2.139172905020118,2.4497361147381933,0.5060262546438046,17.27388099330972,0.07081277129773106,-40.0
frost_cycle_000022,recovery,wavelet_offline,offline,18,available,1.3103720100463923,-0.31037201004639225,1.0608721377555759,-0.06087213775557587,2.041419713275456,3.394766949884621,0.007919779971368111,1.7851709294049471,0.8961925921254131,0.0
frost_cycle_000022,recovery,wavelet_monotonic_offline,constrained,18,available,1.3103720100463923,-0.31037201004639225,1.0608721377555759,-0.06087213775557587,2.041419713275456,3.394766949884621,0.007919779971368111,1.7851709294049471,0.8961925921254131,0.0
frost_cycle_000022,recovery,nearly_isotonic_offline,constrained,18,available,1.3103720100463923,-0.31037201004639225,1.0608721377555759,-0.06087213775557587,2.041419713275456,3.394766949884621,0.007919779971368111,1.7851709294049471,0.8961925921254131,0.0
frost_cycle_000022,recovery,robust_monotone_offline,constrained,18,available,1.3103720100463923,-0.31037201004639225,1.0608721377555759,-0.06087213775557587,2.041419713275456,3.394766949884621,0.007919779971368111,1.7851709294049471,0.8961925921254131,0.0
frost_cycle_000022,frost_development,median_centered_60s,offline,327,available,0.4062500000000139,0.5937499999999861,1.0137555982085746,-0.013755598208574638,0.8612255299999974,0.8732191617960802,0.09268886884940881,0.5357241772241937,0.5012650221378945,0.0
frost_cycle_000022,frost_development,ewma_tau30s,online,327,available,1.2937946637462154,-0.29379466374621543,1.0289754675361842,-0.028975467536184185,0.817048228250076,0.7632459931132524,0.7382053498667134,1.503541355957801,0.3724039287546763,0.0
frost_cycle_000022,frost_development,median30s_ewma30s,online,327,available,1.1822537599424001,-0.18225375994240012,1.0329083652253743,-0.032908365225374325,0.7862911812698945,0.7841564236651404,1.057258057350576,2.465376940018561,0.3472903789427086,10.0
frost_cycle_000022,frost_development,savgol_70s,offline,327,available,2.10367063492085,-1.1036706349208498,2.007129147244315,-1.007129147244315,0.8468654692063571,0.8635994418533721,0.00034325579841587334,2.211151724252173,0.7101421213646792,0.0
frost_cycle_000022,frost_development,adaptive_offline,offline,327,available,1.105949381042509,-0.10594938104250895,0.7823665772545232,0.2176334227454768,0.8724289738218212,0.8950486328902466,0.053645574492639785,2.5865080855829623,0.5909637763553106,0.0
frost_cycle_000022,frost_development,wavelet_offline,offline,327,available,1.401192238446718,-0.4011922384467179,0.9546273398683917,0.045372660131608344,0.84493962294464,0.8508815932049419,0.21478554409728162,1.524150622029895,0.583065625800556,0.0
frost_cycle_000022,frost_development,wavelet_monotonic_offline,constrained,327,available,0.0,1.0,0.04426313529092655,0.9557368647090735,0.22638870106052966,1.8408797623859834,17.80531940208427,75.39530852563932,0.0,120.0
frost_cycle_000022,frost_development,nearly_isotonic_offline,constrained,327,available,2.6816090206621424e-05,0.9999731839097934,0.8845969280761303,0.11540307192386967,0.8364416249999977,0.8524049873923266,0.013807607483640584,0.15689164202421108,0.7561669829222017,0.0
frost_cycle_000022,frost_development,robust_monotone_offline,constrained,327,available,0.0,1.0,0.04020507893665042,0.9597949210633496,0.8590789590980066,1.9027846492855647,26.9746324672693,100.0,0.0,-120.0
frost_cycle_000023,recovery,median_centered_60s,offline,131,available,,,1.8898970015387315,-0.8898970015387315,0.7385895999999912,1.175752686957135,0.9808755337690733,,0.43004866180048634,-10.0
frost_cycle_000023,recovery,ewma_tau30s,online,131,available,,,1.1825105001483103,-0.18251050014831027,0.7203315730855921,0.6316291468176582,4.250652738053672,,0.37047691188389387,20.0
frost_cycle_000023,recovery,median30s_ewma30s,online,131,available,,,1.1800034230054584,-0.18000342300545835,0.5497102799999986,0.588687528874865,5.801706962618145,,0.35678565879748486,30.0
frost_cycle_000023,recovery,savgol_70s,offline,131,available,,,1.6841684176339127,-0.6841684176339127,0.7580603890476452,1.0649331077071549,0.00442360435270503,,0.5323170630782733,0.0
frost_cycle_000023,recovery,adaptive_offline,offline,131,available,,,0.9004720850778019,0.09952791492219815,0.797956749692025,0.9143895629957444,0.006098484191754739,,0.5899335826066955,0.0
frost_cycle_000023,recovery,wavelet_offline,offline,131,available,,,1.0028074120853006,-0.0028074120853005535,0.6897127488581329,1.1181275739801801,0.0006230266756084123,,0.9635514782948991,0.0
frost_cycle_000023,recovery,wavelet_monotonic_offline,constrained,131,available,,,1.0028074120853006,-0.0028074120853005535,0.6897127488581329,1.1181275739801801,0.0006230266756084123,,0.9635514782948991,0.0
frost_cycle_000023,recovery,nearly_isotonic_offline,constrained,131,available,,,1.0028074120853006,-0.0028074120853005535,0.6897127488581329,1.1181275739801801,0.0006230266756084123,,0.9635514782948991,0.0
frost_cycle_000023,recovery,robust_monotone_offline,constrained,131,available,,,1.0028074120853006,-0.0028074120853005535,0.6897127488581329,1.1181275739801801,0.0006230266756084123,,0.9635514782948991,0.0
frost_cycle_000023,frost_development,median_centered_60s,offline,298,available,0.49999999999983347,0.5000000000001665,0.2614303959131566,0.7385696040868435,-0.0491874499999998,0.6304395289770505,0.0020009334524787696,0.06286514077581583,0.19759036144578002,0.0
frost_cycle_000023,frost_development,ewma_tau30s,online,298,available,0.8932266440140564,0.10677335598594362,0.16719249734406136,0.8328075026559386,-0.05401774495959266,0.6235434824183348,0.1299296712898924,1.8354673583076544,0.28318741537942754,10.0
frost_cycle_000023,frost_development,median30s_ewma30s,online,298,available,0.7872934211811587,0.21270657881884125,0.12360296023470191,0.876397039765298,-0.06370589956369743,0.6325681032322074,0.20997541784603008,2.424166700257418,0.23156565203256033,20.0
frost_cycle_000023,frost_development,savgol_70s,offline,298,available,1.0595238095234407,-0.05952380952344072,0.24781105290136723,0.7521889470986327,-0.054604118571409455,0.6263000086117099,0.0029561369783469306,0.26662212984212097,0.49215273793587194,0.0
frost_cycle_000023,frost_development,adaptive_offline,offline,298,available,0.48028591889093647,0.5197140811090635,0.03163323268701367,0.9683667673129863,-0.08093711009757865,0.6334299561130077,0.02313293077740628,0.11503620234820447,0.09855586345013227,0.0
frost_cycle_000023,frost_development,wavelet_offline,offline,298,available,0.9617020006121934,0.03829799938780665,0.916286391850588,0.08371360814941198,-0.04403805041177877,0.6249576060194497,0.007317827507937779,0.06934762243708499,0.6857886368583247,0.0
frost_cycle_000023,frost_development,wavelet_monotonic_offline,constrained,298,available,0.0,1.0,0.1687539075211807,0.8312460924788193,-0.047493540508774856,0.6245935719755474,0.009012283199374612,0.4126071834333506,0.015700407913986327,0.0
frost_cycle_000023,frost_development,nearly_isotonic_offline,constrained,298,available,3.7177470657559536e-05,0.9999628225293424,0.7210940824987163,0.2789059175012837,-0.04932243222222121,0.6260799142288769,0.0008375015579334987,0.24057739485334878,0.2518072289156552,0.0
frost_cycle_000023,frost_development,robust_monotone_offline,constrained,298,available,0.0,1.0,0.08257350792153278,0.9174264920784672,-0.04808997802861725,0.6303110508883744,0.05171906748317018,0.8377646250120946,0.105426528743485,0.0
frost_cycle_000023,defrost_preparation,median_centered_60s,offline,3,insufficient_data,0.0,1.0,0.0,1.0,-2.867043080000003,2.0879746496935527,2.093658339233344,100.0,0.0,
frost_cycle_000023,defrost_preparation,ewma_tau30s,online,3,insufficient_data,0.44950861048332735,0.5504913895166726,0.4079160599623152,0.5920839400376847,-1.373043080000003,1.557642467352367,18.61987735030276,100.0,0.4068491878485792,
frost_cycle_000023,defrost_preparation,median30s_ewma30s,online,3,insufficient_data,0.3664886499547698,0.6335113500452302,0.24294910197726038,0.7570508980227396,-1.373043080000003,1.7804433673457967,23.07711770462833,100.0,0.23978024368341344,
frost_cycle_000023,defrost_preparation,savgol_70s,offline,3,insufficient_data,1.0,0.0,1.0,0.0,-1.373043080000003,1.2600472480041685,0.0,0.0,1.0,
frost_cycle_000023,defrost_preparation,adaptive_offline,offline,3,insufficient_data,0.0,1.0,0.0,1.0,-2.867043080000003,2.0879746496935527,2.093658339233344,100.0,0.0,
frost_cycle_000023,defrost_preparation,wavelet_offline,offline,3,insufficient_data,1.0,0.0,1.0,0.0,-1.373043080000003,1.2600472480041685,0.0,0.0,1.0,
frost_cycle_000023,defrost_preparation,wavelet_monotonic_offline,constrained,3,insufficient_data,1.0,0.0,1.0,0.0,-1.373043080000003,1.2600472480041685,0.0,0.0,1.0,
frost_cycle_000023,defrost_preparation,nearly_isotonic_offline,constrained,3,insufficient_data,1.0,0.0,1.0,0.0,-1.373043080000003,1.2600472480041685,0.0,0.0,1.0,
frost_cycle_000023,defrost_preparation,robust_monotone_offline,constrained,3,insufficient_data,1.0,0.0,1.0,0.0,-1.373043080000003,1.2600472480041685,0.0,0.0,1.0,
frost_cycle_000023,defrost,median_centered_60s,offline,0,insufficient_data,,,,,,,,,,
frost_cycle_000023,defrost,ewma_tau30s,online,0,insufficient_data,,,,,,,,,,
frost_cycle_000023,defrost,median30s_ewma30s,online,0,insufficient_data,,,,,,,,,,
frost_cycle_000023,defrost,savgol_70s,offline,0,insufficient_data,,,,,,,,,,
frost_cycle_000023,defrost,adaptive_offline,offline,0,insufficient_data,,,,,,,,,,
frost_cycle_000023,defrost,wavelet_offline,offline,0,insufficient_data,,,,,,,,,,
frost_cycle_000023,defrost,wavelet_monotonic_offline,constrained,0,insufficient_data,,,,,,,,,,
frost_cycle_000023,defrost,nearly_isotonic_offline,constrained,0,insufficient_data,,,,,,,,,,
frost_cycle_000023,defrost,robust_monotone_offline,constrained,0,insufficient_data,,,,,,,,,,
frost_cycle_000024,recovery,median_centered_60s,offline,17,available,0.7743362831858348,0.2256637168141652,0.03483965014577274,0.9651603498542273,1.5734194499999878,1.42215069202787,0.8370057877583097,10.846510039903555,0.14076553022380256,-10.0
frost_cycle_000024,recovery,ewma_tau30s,online,17,available,1.4932987844303889,-0.4932987844303889,0.3120329429232907,0.6879670570767094,2.197260213761778,2.509190402677659,9.397911616700435,19.23510094713627,0.9227923615658964,-30.0
frost_cycle_000024,recovery,median30s_ewma30s,online,17,available,1.3783946074375155,-0.3783946074375155,0.2614366421293237,0.7385633578706763,2.268714300812614,2.595589328071055,11.739342749016348,19.80495676643547,0.7639397969454413,-30.0
frost_cycle_000024,recovery,savgol_70s,offline,17,available,1.6375895490938945,-0.6375895490938945,0.4223796817239523,0.5776203182760478,1.70741944999999,2.146820828785381,0.8445524387638361,3.2898326733554044,1.0731118215953972,10.0
frost_cycle_000024,recovery,adaptive_offline,offline,17,available,0.015969670972981652,0.9840303290270184,0.008494180958684832,0.9915058190413152,1.6669712589875711,1.4655404038062585,0.06074477968561796,16.262609556211984,0.03573598261301427,-10.0
frost_cycle_000024,recovery,wavelet_offline,offline,17,available,1.0,0.0,1.0,0.0,1.757419449999988,2.413717425362928,0.0,0.0,1.0,0.0
frost_cycle_000024,recovery,wavelet_monotonic_offline,constrained,17,available,1.0,0.0,1.0,0.0,1.757419449999988,2.413717425362928,0.0,0.0,1.0,0.0
frost_cycle_000024,recovery,nearly_isotonic_offline,constrained,17,available,1.0,0.0,1.0,0.0,1.757419449999988,2.413717425362928,0.0,0.0,1.0,0.0
frost_cycle_000024,recovery,robust_monotone_offline,constrained,17,available,1.0,0.0,1.0,0.0,1.757419449999988,2.413717425362928,0.0,0.0,1.0,0.0
frost_cycle_000024,frost_development,median_centered_60s,offline,1080,available,0.4285714285714648,0.5714285714285352,0.42692024566839015,0.5730797543316098,-0.7055209999999938,0.4736449073415102,0.060420485662841646,0.18765540072320225,0.37394957983193894,0.0
frost_cycle_000024,frost_development,ewma_tau30s,online,1080,available,0.7736430923841825,0.2263569076158175,0.27563026465979906,0.724369735340201,-0.6901314605269679,0.46669210347848256,0.16617126466927903,0.607490673345814,0.39629055245228856,10.0
frost_cycle_000024,frost_development,median30s_ewma30s,online,1080,available,0.7016178024714669,0.2983821975285331,0.25304752433573285,0.7469524756642671,-0.6904626833148944,0.4690668927894574,0.22061553619061952,0.7646302800009986,0.337193505447082,20.0
frost_cycle_000024,frost_development,savgol_70s,offline,1080,available,0.9319727891157321,0.06802721088426789,0.4151375174810354,0.5848624825189646,-0.6982375128571365,0.4707283724114286,0.0014971252956717,0.06517782420468585,0.5920368147258894,0.0
frost_cycle_000024,frost_development,adaptive_offline,offline,1080,available,0.41756038667319645,0.5824396133268035,0.13475624803876599,0.865243751961234,-0.6933616360732655,0.4603454904548415,0.06779941005605077,0.1855041419576697,0.12553825060767,0.0
frost_cycle_000024,frost_development,wavelet_offline,offline,1080,available,0.9630844562170328,0.03691554378296724,0.7994981307800396,0.20050186921996038,-0.7024139649592465,0.473326309282143,0.0020720833410244857,0.04733494172367687,0.6747470886565421,0.0
frost_cycle_000024,frost_development,wavelet_monotonic_offline,constrained,1080,available,0.0,1.0,0.23568028067663188,0.7643197193233682,-0.6921017197115531,0.4891166850231217,0.008816233830992323,0.21078169135936228,0.006019479132392001,0.0
frost_cycle_000024,frost_development,nearly_isotonic_offline,constrained,1080,available,2.275291256990849e-06,0.999997724708743,0.7634040893459485,0.2365959106540515,-0.6988423728571183,0.4708418366202503,0.00039427337401188537,0.05969530454904054,0.32773109243699156,0.0
frost_cycle_000024,frost_development,robust_monotone_offline,constrained,1080,available,0.0,1.0,0.1427646704117793,0.8572353295882207,-0.6969400938895904,0.5222940770348029,0.04512065129327865,0.2952664809896712,0.07579502666030798,-10.0
frost_cycle_000024,defrost_preparation,median_centered_60s,offline,1,insufficient_data,,,,,-0.8790504799999916,0.0,,,,
frost_cycle_000024,defrost_preparation,ewma_tau30s,online,1,insufficient_data,,,,,-0.8790504799999916,0.0,,,,
frost_cycle_000024,defrost_preparation,median30s_ewma30s,online,1,insufficient_data,,,,,-0.8790504799999916,0.0,,,,
frost_cycle_000024,defrost_preparation,savgol_70s,offline,1,insufficient_data,,,,,-0.8790504799999916,0.0,,,,
frost_cycle_000024,defrost_preparation,adaptive_offline,offline,1,insufficient_data,,,,,-0.8790504799999916,0.0,,,,
frost_cycle_000024,defrost_preparation,wavelet_offline,offline,1,insufficient_data,,,,,-0.8790504799999916,0.0,,,,
frost_cycle_000024,defrost_preparation,wavelet_monotonic_offline,constrained,1,insufficient_data,,,,,-0.8790504799999916,0.0,,,,
frost_cycle_000024,defrost_preparation,nearly_isotonic_offline,constrained,1,insufficient_data,,,,,-0.8790504799999916,0.0,,,,
frost_cycle_000024,defrost_preparation,robust_monotone_offline,constrained,1,insufficient_data,,,,,-0.8790504799999916,0.0,,,,
frost_cycle_000024,defrost,median_centered_60s,offline,0,insufficient_data,,,,,,,,,,
frost_cycle_000024,defrost,ewma_tau30s,online,0,insufficient_data,,,,,,,,,,
frost_cycle_000024,defrost,median30s_ewma30s,online,0,insufficient_data,,,,,,,,,,
frost_cycle_000024,defrost,savgol_70s,offline,0,insufficient_data,,,,,,,,,,
frost_cycle_000024,defrost,adaptive_offline,offline,0,insufficient_data,,,,,,,,,,
frost_cycle_000024,defrost,wavelet_offline,offline,0,insufficient_data,,,,,,,,,,
frost_cycle_000024,defrost,wavelet_monotonic_offline,constrained,0,insufficient_data,,,,,,,,,,
frost_cycle_000024,defrost,nearly_isotonic_offline,constrained,0,insufficient_data,,,,,,,,,,
frost_cycle_000024,defrost,robust_monotone_offline,constrained,0,insufficient_data,,,,,,,,,,
frost_cycle_000025,recovery,median_centered_60s,offline,16,available,1.1383647798742091,-0.13836477987420914,0.0485561025504891,0.9514438974495109,2.173843700000001,0.7298129522540641,0.15527007889943908,12.104380977421332,0.13213038416763798,-20.0
frost_cycle_000025,recovery,ewma_tau30s,online,16,available,0.6925729926192513,0.3074270073807487,0.28314170931122523,0.7168582906887748,2.4129326455968814,1.0511413003025054,4.094829046513642,26.090878465928775,0.28427236647715637,-30.0
frost_cycle_000025,recovery,median30s_ewma30s,online,16,available,0.7691038397346078,0.23089616026539217,0.15438215161846058,0.8456178483815394,2.5100864534786242,1.0913828331201434,5.181082268184269,28.978073423201817,0.41822131296201126,-30.0
frost_cycle_000025,recovery,savgol_70s,offline,16,available,1.6618748128182084,-0.6618748128182084,0.4250419820315249,0.5749580179684751,2.081245072857152,0.9333991991991629,0.3218548596861892,6.285582823526643,0.7851554964244152,0.0
frost_cycle_000025,recovery,adaptive_offline,offline,16,available,0.05096260251232244,0.9490373974876776,0.010693223882201099,0.9893067761177989,2.2754922997252125,0.7557866723890978,0.5352835806752563,20.9443606337999,0.02939647180142269,50.0
frost_cycle_000025,recovery,wavelet_offline,offline,16,available,1.0,0.0,1.0,0.0,2.0338024499999903,1.0520511913376087,0.0,0.0,1.0,0.0
frost_cycle_000025,recovery,wavelet_monotonic_offline,constrained,16,available,1.0,0.0,1.0,0.0,2.0338024499999903,1.0520511913376087,0.0,0.0,1.0,0.0
frost_cycle_000025,recovery,nearly_isotonic_offline,constrained,16,available,1.0,0.0,1.0,0.0,2.0338024499999903,1.0520511913376087,0.0,0.0,1.0,0.0
frost_cycle_000025,recovery,robust_monotone_offline,constrained,16,available,1.0,0.0,1.0,0.0,2.0338024499999903,1.0520511913376087,0.0,0.0,1.0,0.0
frost_cycle_000025,frost_development,median_centered_60s,offline,470,available,0.25,0.75,0.49331483771768475,0.5066851622823152,-0.5769612388888881,0.7586515739024096,0.0062178774930786995,0.055663554370658286,0.4697368421052519,0.0
frost_cycle_000025,frost_development,ewma_tau30s,online,470,available,0.38803259722285016,0.6119674027771498,0.3144446508253602,0.6855553491746398,-0.5760964257562236,0.7659929633492453,0.03654033721245198,0.12517960275438453,0.5482008646510413,0.0
frost_cycle_000025,frost_development,median30s_ewma30s,online,470,available,0.29687126508965606,0.7031287349103439,0.29026168835571553,0.7097383116442845,-0.5759451534697515,0.7703219546005629,0.06813706920657513,0.18391486094738485,0.4506614713365107,0.0
frost_cycle_000025,frost_development,savgol_70s,offline,470,available,0.44708994708991967,0.5529100529100803,0.4629050425754696,0.5370949574245304,-0.5766895642857048,0.7604253832335598,0.015406868113940968,0.0023469168305170836,0.8109649122806905,0.0
frost_cycle_000025,frost_development,adaptive_offline,offline,470,available,0.3369271505716774,0.6630728494283227,0.12263375345199448,0.8773662465480055,-0.5730899109371315,0.7604090093946007,0.05372654973294353,0.18406337402210474,0.2666736031219239,0.0
frost_cycle_000025,frost_development,wavelet_offline,offline,470,available,0.4337726883339834,0.5662273116660166,0.8263863355282932,0.17361366447170679,-0.5769719474495987,0.7620520018807252,0.004494579826336921,0.003339792677626299,1.008836292539547,0.0
frost_cycle_000025,frost_development,wavelet_monotonic_offline,constrained,470,available,0.0,1.0,0.08269317908336551,0.9173068209166345,-0.5773244042329413,0.8088067369537187,0.07431701714946444,0.47203149993526466,0.0036164588746375285,0.0
frost_cycle_000025,frost_development,nearly_isotonic_offline,constrained,470,available,0.0015757312861185938,0.9984242687138815,0.6843043531548443,0.3156956468451557,-0.577338526806489,0.7615028340788078,0.0037253394740153953,0.037538781243911766,0.22880116959062716,0.0
frost_cycle_000025,frost_development,robust_monotone_offline,constrained,470,available,0.0,1.0,0.7403959559066641,0.25960404409333593,-0.5763939675966774,0.8451388435274041,0.2301444102984868,0.488636794019003,0.03935304216557004,0.0
frost_cycle_000025,defrost_preparation,median_centered_60s,offline,1,insufficient_data,,,,,-3.382223200000004,0.0,,,,
frost_cycle_000025,defrost_preparation,ewma_tau30s,online,1,insufficient_data,,,,,-3.382223200000004,0.0,,,,
frost_cycle_000025,defrost_preparation,median30s_ewma30s,online,1,insufficient_data,,,,,-3.382223200000004,0.0,,,,
frost_cycle_000025,defrost_preparation,savgol_70s,offline,1,insufficient_data,,,,,-3.382223200000004,0.0,,,,
frost_cycle_000025,defrost_preparation,adaptive_offline,offline,1,insufficient_data,,,,,-3.382223200000004,0.0,,,,
frost_cycle_000025,defrost_preparation,wavelet_offline,offline,1,insufficient_data,,,,,-3.382223200000004,0.0,,,,
frost_cycle_000025,defrost_preparation,wavelet_monotonic_offline,constrained,1,insufficient_data,,,,,-3.382223200000004,0.0,,,,
frost_cycle_000025,defrost_preparation,nearly_isotonic_offline,constrained,1,insufficient_data,,,,,-3.382223200000004,0.0,,,,
frost_cycle_000025,defrost_preparation,robust_monotone_offline,constrained,1,insufficient_data,,,,,-3.382223200000004,0.0,,,,
frost_cycle_000025,defrost,median_centered_60s,offline,0,insufficient_data,,,,,,,,,,
frost_cycle_000025,defrost,ewma_tau30s,online,0,insufficient_data,,,,,,,,,,
frost_cycle_000025,defrost,median30s_ewma30s,online,0,insufficient_data,,,,,,,,,,
frost_cycle_000025,defrost,savgol_70s,offline,0,insufficient_data,,,,,,,,,,
frost_cycle_000025,defrost,adaptive_offline,offline,0,insufficient_data,,,,,,,,,,
frost_cycle_000025,defrost,wavelet_offline,offline,0,insufficient_data,,,,,,,,,,
frost_cycle_000025,defrost,wavelet_monotonic_offline,constrained,0,insufficient_data,,,,,,,,,,
frost_cycle_000025,defrost,nearly_isotonic_offline,constrained,0,insufficient_data,,,,,,,,,,
frost_cycle_000025,defrost,robust_monotone_offline,constrained,0,insufficient_data,,,,,,,,,,
frost_cycle_000026,recovery,median_centered_60s,offline,18,available,1.3762376237623546,-0.3762376237623546,0.0715620094478296,0.9284379905521704,2.1394437000000033,0.8970845196257062,0.908886031991566,8.636812873978103,0.3291614938093486,-20.0
frost_cycle_000026,recovery,ewma_tau30s,online,18,available,0.7286798747410782,0.2713201252589218,0.30465372539557084,0.6953462746044292,2.462327318607936,1.693084314275783,8.311391237998105,42.339317341305,0.7066129590777386,-30.0
frost_cycle_000026,recovery,median30s_ewma30s,online,18,available,0.6908883837161635,0.30911161628383654,0.24617421869248013,0.7538257813075199,2.5472381507202995,1.7307873294485185,9.825271256002065,46.936487862651184,0.9400196822549248,-30.0
frost_cycle_000026,recovery,savgol_70s,offline,18,available,1.9797789302739293,-0.9797789302739293,0.30877496765389323,0.6912250323461068,2.0791507803174625,1.3886732407386426,0.8390105243193936,10.823566484400748,1.0171363381442915,10.0
frost_cycle_000026,recovery,adaptive_offline,offline,18,available,0.16468400742936745,0.8353159925706326,0.014204005070357085,0.9857959949296429,2.2316948816987288,0.8577781950554662,0.1753706279705759,18.161875200738038,0.07613282867686506,-30.0
frost_cycle_000026,recovery,wavelet_offline,offline,18,available,1.651599797765825,-0.651599797765825,0.8599437518096746,0.14005624819032536,2.0499685418241587,1.6120160534368455,0.027653325709515727,0.5056865942392703,1.1698275875045643,0.0
frost_cycle_000026,recovery,wavelet_monotonic_offline,constrained,18,available,1.651599797765825,-0.651599797765825,0.8599437518096746,0.14005624819032536,2.0499685418241587,1.6120160534368455,0.027653325709515727,0.5056865942392703,1.1698275875045643,0.0
frost_cycle_000026,recovery,nearly_isotonic_offline,constrained,18,available,1.651599797765825,-0.651599797765825,0.8599437518096746,0.14005624819032536,2.0499685418241587,1.6120160534368455,0.027653325709515727,0.5056865942392703,1.1698275875045643,0.0
frost_cycle_000026,recovery,robust_monotone_offline,constrained,18,available,1.651599797765825,-0.651599797765825,0.8599437518096746,0.14005624819032536,2.0499685418241587,1.6120160534368455,0.027653325709515727,0.5056865942392703,1.1698275875045643,0.0
frost_cycle_000026,frost_development,median_centered_60s,offline,898,available,0.542168674698634,0.45783132530136605,0.3989256432004515,0.6010743567995485,-0.6997625505555556,0.6077312089673128,0.04765395921076531,0.16396658781621157,0.448461538461543,-10.0
frost_cycle_000026,frost_development,ewma_tau30s,online,898,available,0.8173192022351103,0.18268079776488966,0.2834161682303579,0.716583831769642,-0.6791937155877199,0.5875746689157235,0.12518867412166892,0.7869825043806252,0.4052981708571647,10.0
frost_cycle_000026,frost_development,median30s_ewma30s,online,898,available,0.7122590073462022,0.2877409926537978,0.26571941918904435,0.7342805808109556,-0.6737891790293884,0.5857671921663042,0.1636789937111438,0.9760196427856727,0.3439314401089888,20.0
frost_cycle_000026,frost_development,savgol_70s,offline,898,available,1.00688468158348,-0.00688468158347999,0.47524357023932745,0.5247564297606726,-0.6945761047618948,0.6008454976646881,0.005031624735578538,0.058659301656574674,0.6453479853480102,0.0
frost_cycle_000026,frost_development,adaptive_offline,offline,898,available,0.483351502647568,0.516648497352432,0.1476293680843895,0.8523706319156105,-0.681585736950221,0.5964565776984296,0.025000446522606152,0.052912181139833134,0.11583242456814177,0.0
frost_cycle_000026,frost_development,wavelet_offline,offline,898,available,0.9244147883035702,0.07558521169642984,0.7010381702195776,0.2989618297804224,-0.6958612508955415,0.602102993932966,0.004812022079792473,0.042282146738426445,0.6983244584892868,0.0
frost_cycle_000026,frost_development,wavelet_monotonic_offline,constrained,898,available,0.0,1.0,0.34664025166078277,0.6533597483392173,-0.681818671627203,0.6219202592510884,0.008662770295556255,0.39689779662525193,0.03127325390134849,0.0
frost_cycle_000026,frost_development,nearly_isotonic_offline,constrained,898,available,1.599038973521093e-08,0.9999999840096102,0.8046366977664614,0.1953633022335386,-0.691835369999998,0.600239911428585,0.0017238152638580835,0.08318708870171598,0.3960683760683723,0.0
frost_cycle_000026,frost_development,robust_monotone_offline,constrained,898,available,0.0,1.0,0.1494544237752782,0.8505455762247218,-0.6884446487641052,0.668710600318293,0.1526779245934407,0.01636431345632179,0.10940301814547918,-60.0
frost_cycle_000026,defrost_preparation,median_centered_60s,offline,1,insufficient_data,,,,,-2.1787514000000145,0.0,,,,
frost_cycle_000026,defrost_preparation,ewma_tau30s,online,1,insufficient_data,,,,,-2.1787514000000145,0.0,,,,
frost_cycle_000026,defrost_preparation,median30s_ewma30s,online,1,insufficient_data,,,,,-2.1787514000000145,0.0,,,,
frost_cycle_000026,defrost_preparation,savgol_70s,offline,1,insufficient_data,,,,,-2.1787514000000145,0.0,,,,
frost_cycle_000026,defrost_preparation,adaptive_offline,offline,1,insufficient_data,,,,,-2.1787514000000145,0.0,,,,
frost_cycle_000026,defrost_preparation,wavelet_offline,offline,1,insufficient_data,,,,,-2.1787514000000145,0.0,,,,
frost_cycle_000026,defrost_preparation,wavelet_monotonic_offline,constrained,1,insufficient_data,,,,,-2.1787514000000145,0.0,,,,
frost_cycle_000026,defrost_preparation,nearly_isotonic_offline,constrained,1,insufficient_data,,,,,-2.1787514000000145,0.0,,,,
frost_cycle_000026,defrost_preparation,robust_monotone_offline,constrained,1,insufficient_data,,,,,-2.1787514000000145,0.0,,,,
frost_cycle_000026,defrost,median_centered_60s,offline,0,insufficient_data,,,,,,,,,,
frost_cycle_000026,defrost,ewma_tau30s,online,0,insufficient_data,,,,,,,,,,
frost_cycle_000026,defrost,median30s_ewma30s,online,0,insufficient_data,,,,,,,,,,
frost_cycle_000026,defrost,savgol_70s,offline,0,insufficient_data,,,,,,,,,,
frost_cycle_000026,defrost,adaptive_offline,offline,0,insufficient_data,,,,,,,,,,
frost_cycle_000026,defrost,wavelet_offline,offline,0,insufficient_data,,,,,,,,,,
frost_cycle_000026,defrost,wavelet_monotonic_offline,constrained,0,insufficient_data,,,,,,,,,,
frost_cycle_000026,defrost,nearly_isotonic_offline,constrained,0,insufficient_data,,,,,,,,,,
frost_cycle_000026,defrost,robust_monotone_offline,constrained,0,insufficient_data,,,,,,,,,,
frost_cycle_000027,recovery,median_centered_60s,offline,17,available,1.0131578947368465,-0.013157894736846476,0.22489632701421794,0.7751036729857821,2.0372626400000033,1.3917799229823322,0.7946433725203464,3.1404603140460576,0.44612794612794376,0.0
frost_cycle_000027,recovery,ewma_tau30s,online,17,available,0.9422136963566606,0.057786303643339365,0.28786949612331336,0.7121305038766866,1.9469182933976663,1.4084940452282113,0.6863704417130239,13.416375772671532,0.37824644380251665,0.0
frost_cycle_000027,recovery,median30s_ewma30s,online,17,available,1.0756814297612494,-0.07568142976124936,0.1801305590244391,0.8198694409755609,2.0376968279428906,1.3764475413314756,1.164647080318748,18.763218478254508,0.38028641358834014,0.0
frost_cycle_000027,recovery,savgol_70s,offline,17,available,1.6516290726816882,-0.6516290726816882,0.34870326487625153,0.6512967351237484,1.9566547028571648,1.4240591486518719,0.32122906307567095,1.577400157740947,0.5070813959702828,0.0
frost_cycle_000027,recovery,adaptive_offline,offline,17,available,0.17045632216382384,0.8295436778361762,0.07259497404271578,0.9274050259572842,2.0872308792612584,1.3769446778409054,0.9996212746720974,16.91833007281836,0.16191839944287598,0.0
frost_cycle_000027,recovery,wavelet_offline,offline,17,available,1.539202891651286,-0.5392028916512861,0.7880953871635459,0.21190461283645412,1.7850909123772478,1.5092085019511525,0.018617614554150022,0.05045237492106647,0.9371812371563488,0.0
frost_cycle_000027,recovery,wavelet_monotonic_offline,constrained,17,available,1.539202891651286,-0.5392028916512861,0.7880953871635459,0.21190461283645412,1.7850909123772478,1.5092085019511525,0.018617614554150022,0.05045237492106647,0.9371812371563488,0.0
frost_cycle_000027,recovery,nearly_isotonic_offline,constrained,17,available,1.539202891651286,-0.5392028916512861,0.7880953871635459,0.21190461283645412,1.7850909123772478,1.5092085019511525,0.018617614554150022,0.05045237492106647,0.9371812371563488,0.0
frost_cycle_000027,recovery,robust_monotone_offline,constrained,17,available,1.539202891651286,-0.5392028916512861,0.7880953871635459,0.21190461283645412,1.7850909123772478,1.5092085019511525,0.018617614554150022,0.05045237492106647,0.9371812371563488,0.0
frost_cycle_000027,frost_development,median_centered_60s,offline,895,available,0.6249999999997363,0.3750000000002637,0.4086021505376357,0.5913978494623643,-0.815583999999987,0.6339409464607821,0.06213328725004819,0.19755459447914533,0.4537037037036967,-10.0
frost_cycle_000027,frost_development,ewma_tau30s,online,895,available,0.8683447273466212,0.13165527265337884,0.27502891356007014,0.7249710864399299,-0.7837882296923748,0.6138976057849276,0.14806778365977644,0.6753009227051923,0.5139114121830409,10.0
frost_cycle_000027,frost_development,median30s_ewma30s,online,895,available,0.7841193063794966,0.21588069362050344,0.24987391693428598,0.750126083065714,-0.7768207494279826,0.6125195542184485,0.2058005247377682,0.8960345214920643,0.446860847231229,20.0
frost_cycle_000027,frost_development,savgol_70s,offline,895,available,1.1041666666671592,-0.10416666666715924,0.39115646258503634,0.6088435374149637,-0.8022266238095153,0.6281536227604749,0.0021289946837999224,0.03593918863270287,0.7697432882618115,0.0
frost_cycle_000027,frost_development,adaptive_offline,offline,895,available,0.4676355639536901,0.5323644360463099,0.14653241648873236,0.8534675835112676,-0.7899271350016654,0.626206107678869,0.005450354624451818,0.1241971848774473,0.20173672360266823,0.0
frost_cycle_000027,frost_development,wavelet_offline,offline,895,available,1.0152293821139537,-0.015229382113953749,0.7532769510310534,0.2467230489689466,-0.8099106277322146,0.6316681810309398,0.0018422510550561307,0.0436745791507882,0.7904551554080206,0.0
frost_cycle_000027,frost_development,wavelet_monotonic_offline,constrained,895,available,0.0,1.0,0.16980300479224952,0.8301969952077505,-0.8146219668708641,0.6561539474922512,0.01081114403786623,0.1257418562764959,0.041250583113558136,-10.0
frost_cycle_000027,frost_development,nearly_isotonic_offline,constrained,895,available,3.376732227166414e-08,0.9999999662326777,0.7890937019969405,0.2109062980030595,-0.8139583333333338,0.6316641168563336,0.002526421005742819,0.0453839444632389,0.3650792731140693,0.0
frost_cycle_000027,frost_development,robust_monotone_offline,constrained,895,available,0.0,1.0,0.13137372703097452,0.8686262729690255,-0.8260516250601126,0.7002776754415374,0.12253083567220263,0.3237915897577798,0.11971738995919463,-20.0
frost_cycle_000027,defrost_preparation,median_centered_60s,offline,1,insufficient_data,,,,,-2.772024811111115,0.0,,,,
frost_cycle_000027,defrost_preparation,ewma_tau30s,online,1,insufficient_data,,,,,-2.772024811111115,0.0,,,,
frost_cycle_000027,defrost_preparation,median30s_ewma30s,online,1,insufficient_data,,,,,-2.772024811111115,0.0,,,,
frost_cycle_000027,defrost_preparation,savgol_70s,offline,1,insufficient_data,,,,,-2.772024811111115,0.0,,,,
frost_cycle_000027,defrost_preparation,adaptive_offline,offline,1,insufficient_data,,,,,-2.772024811111115,0.0,,,,
frost_cycle_000027,defrost_preparation,wavelet_offline,offline,1,insufficient_data,,,,,-2.772024811111115,0.0,,,,
frost_cycle_000027,defrost_preparation,wavelet_monotonic_offline,constrained,1,insufficient_data,,,,,-2.772024811111115,0.0,,,,
frost_cycle_000027,defrost_preparation,nearly_isotonic_offline,constrained,1,insufficient_data,,,,,-2.772024811111115,0.0,,,,
frost_cycle_000027,defrost_preparation,robust_monotone_offline,constrained,1,insufficient_data,,,,,-2.772024811111115,0.0,,,,
frost_cycle_000027,defrost,median_centered_60s,offline,0,insufficient_data,,,,,,,,,,
frost_cycle_000027,defrost,ewma_tau30s,online,0,insufficient_data,,,,,,,,,,
frost_cycle_000027,defrost,median30s_ewma30s,online,0,insufficient_data,,,,,,,,,,
frost_cycle_000027,defrost,savgol_70s,offline,0,insufficient_data,,,,,,,,,,
frost_cycle_000027,defrost,adaptive_offline,offline,0,insufficient_data,,,,,,,,,,
frost_cycle_000027,defrost,wavelet_offline,offline,0,insufficient_data,,,,,,,,,,
frost_cycle_000027,defrost,wavelet_monotonic_offline,constrained,0,insufficient_data,,,,,,,,,,
frost_cycle_000027,defrost,nearly_isotonic_offline,constrained,0,insufficient_data,,,,,,,,,,
frost_cycle_000027,defrost,robust_monotone_offline,constrained,0,insufficient_data,,,,,,,,,,
frost_cycle_000028,recovery,median_centered_60s,offline,18,available,1.3133333333333521,-0.3133333333333521,0.22463100162462993,0.7753689983753701,2.2168884700000095,2.7941292905170707,2.0362647696144505,7.193887059700543,0.22583373610439836,0.0
frost_cycle_000028,recovery,ewma_tau30s,online,18,available,0.7309384911534829,0.26906150884651714,0.31736929934513664,0.6826307006548633,2.351980831633275,3.4089587589256074,7.855437582463763,43.85073354432845,0.4510746757037747,-40.0
frost_cycle_000028,recovery,median30s_ewma30s,online,18,available,0.9786959657628196,0.021304034237180414,0.24438636371067876,0.7556136362893212,2.5720128406640477,3.4143880297881983,11.459314794707366,51.86583133702845,0.5684928461851552,-40.0
frost_cycle_000028,recovery,savgol_70s,offline,18,available,2.648253968254024,-1.648253968254024,0.4369645264459124,0.5630354735540877,2.077575849523813,3.3433227275953987,0.08062082513213537,8.304514988991173,1.0457778084650877,0.0
frost_cycle_000028,recovery,adaptive_offline,offline,18,available,0.22044324626305184,0.7795567537369481,0.02416065722342233,0.9758393427765777,2.281675804678647,2.5607940887652023,0.7138973662801121,25.157523937300507,0.10087416031628955,-40.0
frost_cycle_000028,recovery,wavelet_offline,offline,18,available,2.5698342412114887,-1.5698342412114887,0.7078831761632834,0.29211682383671655,2.1470675572623152,3.426221815160481,0.02320636540837832,5.095442141997085,1.4252139660502836,0.0
frost_cycle_000028,recovery,wavelet_monotonic_offline,constrained,18,available,2.5698342412114887,-1.5698342412114887,0.7078831761632834,0.29211682383671655,2.1470675572623152,3.426221815160481,0.02320636540837832,5.095442141997085,1.4252139660502836,0.0
frost_cycle_000028,recovery,nearly_isotonic_offline,constrained,18,available,2.5698342412114887,-1.5698342412114887,0.7078831761632834,0.29211682383671655,2.1470675572623152,3.426221815160481,0.02320636540837832,5.095442141997085,1.4252139660502836,0.0
frost_cycle_000028,recovery,robust_monotone_offline,constrained,18,available,2.5698342412114887,-1.5698342412114887,0.7078831761632834,0.29211682383671655,2.1470675572623152,3.426221815160481,0.02320636540837832,5.095442141997085,1.4252139660502836,0.0
frost_cycle_000028,frost_development,median_centered_60s,offline,729,available,0.5000000000000444,0.4999999999999556,0.47034705830929213,0.5296529416907079,-0.6242900700000087,0.6662803046442084,0.030429709219184198,0.3479133691078215,0.4212962962962963,0.0
frost_cycle_000028,frost_development,ewma_tau30s,online,729,available,0.9023912935231965,0.09760870647680353,0.2717304102103675,0.7282695897896325,-0.6076330912030397,0.6454054609783225,0.13793820770526616,1.108955034465668,0.30427798352365226,10.0
frost_cycle_000028,frost_development,median30s_ewma30s,online,729,available,0.8155556803711504,0.18444431962884955,0.26253177249908016,0.7374682275009199,-0.6065713496193936,0.6523480803289876,0.22376324578987963,1.4945489668546519,0.27482187075564807,20.0
frost_cycle_000028,frost_development,savgol_70s,offline,729,available,1.1547619047620412,-0.1547619047620412,0.3932869589832615,0.6067130410167385,-0.6234378571428483,0.6550712950264922,0.002889946675556801,0.10608625954392574,0.45378086419753155,0.0
frost_cycle_000028,frost_development,adaptive_offline,offline,729,available,0.35553787617565474,0.6444621238243453,0.08050433282494342,0.9194956671750566,-0.6224705312490242,0.6704115520473929,0.011831534943580548,0.020956455707280965,0.08011970571802328,0.0
frost_cycle_000028,frost_development,wavelet_offline,offline,729,available,0.9624023991763048,0.03759760082369523,0.9137801242935197,0.08621987570648026,-0.6234344714638693,0.6557219566344045,0.002200590306046747,0.07333980997064747,0.760681340183414,0.0
frost_cycle_000028,frost_development,wavelet_monotonic_offline,constrained,729,available,0.0,1.0,0.20133023697653485,0.7986697630234652,-0.6142677533968923,0.6884101955829549,0.003496973388624395,0.6937471375227314,0.034870387040948206,0.0
frost_cycle_000028,frost_development,nearly_isotonic_offline,constrained,729,available,7.283063041541828e-12,0.9999999999927169,0.830177463064955,0.169822536935045,-0.621271000000001,0.6553922395709287,1.6544388155489335e-14,0.0837740802223709,0.40555555555555095,0.0
frost_cycle_000028,frost_development,robust_monotone_offline,constrained,729,available,0.0,1.0,0.10935320861970718,0.8906467913802928,-0.6179898839431708,0.7216286849421722,0.03331643152824353,0.4202279545051032,0.0586856249940419,-120.0
frost_cycle_000029,recovery,median_centered_60s,offline,12,available,,,,,0.014953679999999017,0.9663707265812093,,,,
frost_cycle_000029,recovery,ewma_tau30s,online,12,available,,,,,0.014953679999999017,0.9663707265812093,,,,
frost_cycle_000029,recovery,median30s_ewma30s,online,12,available,,,,,0.014953679999999017,0.9663707265812093,,,,
frost_cycle_000029,recovery,savgol_70s,offline,12,available,,,,,0.014953679999999017,0.9663707265812093,,,,
frost_cycle_000029,recovery,adaptive_offline,offline,12,available,,,,,0.014953679999999017,0.9663707265812093,,,,
frost_cycle_000029,recovery,wavelet_offline,offline,12,available,,,,,0.014953679999999017,0.9663707265812093,,,,
frost_cycle_000029,recovery,wavelet_monotonic_offline,constrained,12,available,,,,,0.014953679999999017,0.9663707265812093,,,,
frost_cycle_000029,recovery,nearly_isotonic_offline,constrained,12,available,,,,,0.014953679999999017,0.9663707265812093,,,,
frost_cycle_000029,recovery,robust_monotone_offline,constrained,12,available,,,,,0.014953679999999017,0.9663707265812093,,,,
frost_cycle_000029,frost_development,median_centered_60s,offline,539,available,0.1666666666665803,0.8333333333334196,0.5602373116230736,0.43976268837692645,-0.15672049999997384,0.921065384898997,0.11974315286613273,,0.3656182987848428,0.0
frost_cycle_000029,frost_development,ewma_tau30s,online,539,available,0.6196500266166288,0.3803499733833712,0.8045936132336663,0.1954063867663337,-0.15094816972010872,0.72990162645161,0.5002137933887661,,0.3750374624815552,20.0
frost_cycle_000029,frost_development,median30s_ewma30s,online,539,available,0.5140950637316234,0.4859049362683766,0.8055583587037397,0.1944416412962603,-0.1469246756842787,0.7056239845145993,0.687641175684182,,0.32824173753247154,30.0
frost_cycle_000029,frost_development,savgol_70s,offline,539,available,0.8571428571428465,0.14285714285715345,0.8307855534384241,0.16921444656157592,-0.1445681771428644,0.8777354289567142,0.004050444466821638,,0.5761636240549717,0.0
frost_cycle_000029,frost_development,adaptive_offline,offline,539,available,0.5089509600990823,0.49104903990091775,0.8851875661059752,0.11481243389402485,-0.16797955867425252,0.8450297058056819,0.09108342974043694,,0.19291903033429963,0.0
frost_cycle_000029,frost_development,wavelet_offline,offline,539,available,1.0666901718431336,-0.06669017184313364,0.7013818466377187,0.29861815336228126,-0.151313550440749,0.889057992659206,0.0019892261887670946,,0.7647886211706713,0.0
frost_cycle_000029,frost_development,wavelet_monotonic_offline,constrained,539,available,0.0,1.0,0.0,1.0,-0.7003723962577926,2.355712141078243,0.4638984587294721,,0.0,
frost_cycle_000029,frost_development,nearly_isotonic_offline,constrained,539,available,4.1874466856959313e-05,0.999958125533143,0.7384808591720903,0.2615191408279097,-0.14742532000000708,0.8889426096522997,0.0003150336610398863,,0.4104519100945144,0.0
frost_cycle_000029,frost_development,robust_monotone_offline,constrained,539,available,0.0,1.0,0.11270359519928574,0.8872964048007143,-0.14187745835590793,2.6809607789961265,11.720142191739157,,0.021236999631912442,-120.0
frost_cycle_000029,defrost_preparation,median_centered_60s,offline,2,insufficient_data,,,0.0,1.0,-1.4935946911111118,0.7073044200000047,0.0,100.0,0.0,
frost_cycle_000029,defrost_preparation,ewma_tau30s,online,2,insufficient_data,,,0.2834686894262109,0.7165313105737892,-1.2015285674622285,0.822849407462233,4.9207580011418335,100.0,0.2834686894262109,
frost_cycle_000029,defrost_preparation,median30s_ewma30s,online,2,insufficient_data,,,0.14173434471310545,0.8582656552868946,-1.1437560737311143,0.7650769137311189,5.89411450418859,100.0,0.14173434471310545,
frost_cycle_000029,defrost_preparation,savgol_70s,offline,2,insufficient_data,,,1.0,0.0,-1.4935946911111113,1.1149155311111159,0.0,0.0,1.0,
frost_cycle_000029,defrost_preparation,adaptive_offline,offline,2,insufficient_data,,,0.0,1.0,-1.4935946911111118,0.7073044200000047,0.0,100.0,0.0,
frost_cycle_000029,defrost_preparation,wavelet_offline,offline,2,insufficient_data,,,1.0,0.0,-1.4935946911111113,1.1149155311111159,0.0,0.0,1.0,
frost_cycle_000029,defrost_preparation,wavelet_monotonic_offline,constrained,2,insufficient_data,,,1.0,0.0,-1.4935946911111113,1.1149155311111159,0.0,0.0,1.0,
frost_cycle_000029,defrost_preparation,nearly_isotonic_offline,constrained,2,insufficient_data,,,1.0,0.0,-1.4935946911111113,1.1149155311111159,0.0,0.0,1.0,
frost_cycle_000029,defrost_preparation,robust_monotone_offline,constrained,2,insufficient_data,,,1.0,0.0,-1.4935946911111113,1.1149155311111159,0.0,0.0,1.0,
frost_cycle_000029,defrost,median_centered_60s,offline,1,insufficient_data,,,,,1.3775975999999903,0.0,,,,
frost_cycle_000029,defrost,ewma_tau30s,online,1,insufficient_data,,,,,1.3775975999999903,0.0,,,,
frost_cycle_000029,defrost,median30s_ewma30s,online,1,insufficient_data,,,,,1.3775975999999903,0.0,,,,
frost_cycle_000029,defrost,savgol_70s,offline,1,insufficient_data,,,,,1.3775975999999903,0.0,,,,
frost_cycle_000029,defrost,adaptive_offline,offline,1,insufficient_data,,,,,1.3775975999999903,0.0,,,,
frost_cycle_000029,defrost,wavelet_offline,offline,1,insufficient_data,,,,,1.3775975999999903,0.0,,,,
frost_cycle_000029,defrost,wavelet_monotonic_offline,constrained,1,insufficient_data,,,,,1.3775975999999903,0.0,,,,
frost_cycle_000029,defrost,nearly_isotonic_offline,constrained,1,insufficient_data,,,,,1.3775975999999903,0.0,,,,
frost_cycle_000029,defrost,robust_monotone_offline,constrained,1,insufficient_data,,,,,1.3775975999999903,0.0,,,,
frost_cycle_000030,recovery,median_centered_60s,offline,18,available,0.20952380952380606,0.7904761904761939,0.03637752440569332,0.9636224755943067,1.8849861399999948,1.2906597039488783,1.2040200571949855,12.464668571754585,0.12391573729863688,-30.0
frost_cycle_000030,recovery,ewma_tau30s,online,18,available,0.7909349138345063,0.20906508616549369,0.3157373552218203,0.6842626447781797,2.223266718229997,2.281647367383622,8.453651147742246,59.506044866535035,0.6976337841290293,-30.0
frost_cycle_000030,recovery,median30s_ewma30s,online,18,available,0.7248500247232424,0.27514997527675755,0.26195760361561105,0.738042396384389,2.315143596727207,2.345355395925443,10.814996475223015,70.02340861338472,0.6450389076196092,-30.0
frost_cycle_000030,recovery,savgol_70s,offline,18,available,0.9023431594860245,0.0976568405139755,0.42975232346459696,0.570247676535403,1.8542181785714327,1.9611418319184795,0.7683927170084832,11.126760459030992,0.8701097539387453,10.0
frost_cycle_000030,recovery,adaptive_offline,offline,18,available,0.01568479218371083,0.9843152078162891,0.007433199814699263,0.9925668001853007,1.9875554879207047,1.2321403472651302,0.4976850555739827,31.916149652181158,0.027389171788100228,-30.0
frost_cycle_000030,recovery,wavelet_offline,offline,18,available,0.6499058574617473,0.35009414253825266,0.9526448519383952,0.04735514806160479,1.8287911379013129,2.154052617532632,0.006481504720084922,2.4346018498283857,1.007186448631943,0.0
frost_cycle_000030,recovery,wavelet_monotonic_offline,constrained,18,available,0.6499058574617473,0.35009414253825266,0.9526448519383952,0.04735514806160479,1.8287911379013129,2.154052617532632,0.006481504720084922,2.4346018498283857,1.007186448631943,0.0
frost_cycle_000030,recovery,nearly_isotonic_offline,constrained,18,available,0.6499058574617473,0.35009414253825266,0.9526448519383952,0.04735514806160479,1.8287911379013129,2.154052617532632,0.006481504720084922,2.4346018498283857,1.007186448631943,0.0
frost_cycle_000030,recovery,robust_monotone_offline,constrained,18,available,0.6499058574617473,0.35009414253825266,0.9526448519383952,0.04735514806160479,1.8287911379013129,2.154052617532632,0.006481504720084922,2.4346018498283857,1.007186448631943,0.0
frost_cycle_000030,frost_development,median_centered_60s,offline,294,available,0.21428571428555115,0.7857142857144488,0.39899265380017557,0.6010073461998244,-0.282583500000003,0.7364279137247747,0.006775862420533515,0.5463559077920425,0.46703296703296127,0.0
frost_cycle_000030,frost_development,ewma_tau30s,online,294,available,0.3256645549534793,0.6743354450465207,0.2713029031356724,0.7286970968643276,-0.28331798130523644,0.7357023606749936,0.024297356302086594,1.2664397673260097,0.3376193489505369,10.0
frost_cycle_000030,frost_development,median30s_ewma30s,online,294,available,0.25140605416110134,0.7485939458388986,0.222463192389701,0.777536807610299,-0.28479234123443575,0.7400411444708628,0.0506886812858605,1.8033035857393354,0.317619811816138,20.0
frost_cycle_000030,frost_development,savgol_70s,offline,294,available,0.5306122448978271,0.4693877551021729,0.43906793397317306,0.5609320660268269,-0.2817078117724785,0.7328041057734398,0.010666890612947719,0.6482948081846863,0.49402097021144326,0.0
frost_cycle_000030,frost_development,adaptive_offline,offline,294,available,0.11860974044249194,0.881390259557508,0.09487152038980676,0.9051284796101933,-0.28467965623356406,0.7358471070219693,0.02649101788228901,1.647799780942886,0.14344407299803905,10.0
frost_cycle_000030,frost_development,wavelet_offline,offline,294,available,0.4674433962102494,0.5325566037897507,0.538444054848402,0.46155594515159803,-0.28021551894730967,0.7306350181016991,0.004675570954497467,0.5413464999361985,0.42599060892257407,0.0
frost_cycle_000030,frost_development,wavelet_monotonic_offline,constrained,294,available,0.0,1.0,0.160868076296513,0.839131923703487,-0.28943296742343305,0.7554622777510732,0.06358076900743811,1.8632292184494224,0.0,0.0
frost_cycle_000030,frost_development,nearly_isotonic_offline,constrained,294,available,0.004708530056771402,0.9952914699432286,0.627664883307993,0.37233511669200703,-0.2811009457550324,0.732826744915435,0.0012181547427691072,0.42024916581369615,0.5359177859177771,0.0
frost_cycle_000030,frost_development,robust_monotone_offline,constrained,294,available,0.0,1.0,0.1810409372369147,0.8189590627630853,-0.2889736916439438,0.7794163578870085,0.12176002079634783,1.8920506994613266,0.0,-20.0
frost_cycle_000030,defrost_preparation,median_centered_60s,offline,3,insufficient_data,0.0,1.0,0.0,1.0,-1.5326409199999906,1.2163297969571585,1.2705356727323451,100.0,0.0,
frost_cycle_000030,defrost_preparation,ewma_tau30s,online,3,insufficient_data,1.0832773191214022,-0.08327731912140224,0.44415336859672616,0.5558466314032738,-0.5786126403864982,1.2369842744961945,14.23348967909503,100.0,0.4322632531546187,
frost_cycle_000030,defrost_preparation,median30s_ewma30s,online,3,insufficient_data,0.39990431484759653,0.6000956851524035,0.19360170058088572,0.8063982994191143,-0.45764091999999135,1.2355258877622826,17.9381413867932,100.0,0.18976369404455418,
frost_cycle_000030,defrost_preparation,savgol_70s,offline,3,insufficient_data,1.0,0.0,1.0,0.0,-2.0964202500000013,1.2412428670858011,0.0,0.0,1.0,
frost_cycle_000030,defrost_preparation,adaptive_offline,offline,3,insufficient_data,0.0,1.0,0.0,1.0,-1.5326409199999906,1.2163297969571585,1.2705356727323451,100.0,0.0,
frost_cycle_000030,defrost_preparation,wavelet_offline,offline,3,insufficient_data,1.0,0.0,1.0,0.0,-2.0964202500000013,1.2412428670858011,0.0,0.0,1.0,
frost_cycle_000030,defrost_preparation,wavelet_monotonic_offline,constrained,3,insufficient_data,1.0,0.0,1.0,0.0,-2.0964202500000013,1.2412428670858011,0.0,0.0,1.0,
frost_cycle_000030,defrost_preparation,nearly_isotonic_offline,constrained,3,insufficient_data,1.0,0.0,1.0,0.0,-2.0964202500000013,1.2412428670858011,0.0,0.0,1.0,
frost_cycle_000030,defrost_preparation,robust_monotone_offline,constrained,3,insufficient_data,1.0,0.0,1.0,0.0,-2.0964202500000013,1.2412428670858011,0.0,0.0,1.0,
frost_cycle_000030,defrost,median_centered_60s,offline,0,insufficient_data,,,,,,,,,,
frost_cycle_000030,defrost,ewma_tau30s,online,0,insufficient_data,,,,,,,,,,
frost_cycle_000030,defrost,median30s_ewma30s,online,0,insufficient_data,,,,,,,,,,
frost_cycle_000030,defrost,savgol_70s,offline,0,insufficient_data,,,,,,,,,,
frost_cycle_000030,defrost,adaptive_offline,offline,0,insufficient_data,,,,,,,,,,
frost_cycle_000030,defrost,wavelet_offline,offline,0,insufficient_data,,,,,,,,,,
frost_cycle_000030,defrost,wavelet_monotonic_offline,constrained,0,insufficient_data,,,,,,,,,,
frost_cycle_000030,defrost,nearly_isotonic_offline,constrained,0,insufficient_data,,,,,,,,,,
frost_cycle_000030,defrost,robust_monotone_offline,constrained,0,insufficient_data,,,,,,,,,,
frost_cycle_000031,recovery,median_centered_60s,offline,17,available,0.1683594952292993,0.8316405047707007,0.04734793288646498,0.952652067113535,1.8473858300000074,0.5413388874969995,0.10702296642695988,21.550423233362967,0.13000635727908508,-30.0
frost_cycle_000031,recovery,ewma_tau30s,online,17,available,0.19998183038857767,0.8000181696114224,0.2754194491224522,0.7245805508775478,2.055514427725769,0.7518125159478741,3.9279258893168674,58.666216129613744,0.2267902772255062,-30.0
frost_cycle_000031,recovery,median30s_ewma30s,online,17,available,0.189021864053141,0.810978135946859,0.15057964445045038,0.8494203555495496,2.1259997978935745,0.7571156964645663,5.117863486997208,65.40389021626886,0.3349026597434085,-30.0
frost_cycle_000031,recovery,savgol_70s,offline,17,available,0.44258306585173546,0.5574169341482645,0.14793546378957947,0.8520645362104206,1.7965230685714353,0.6148808902135527,0.49847287953123265,20.979687558744615,0.38879302515666136,-40.0
frost_cycle_000031,recovery,adaptive_offline,offline,17,available,0.009582768187719304,0.9904172318122807,0.016403792945130797,0.9835962070548692,1.8878656550016562,0.5180347163407454,0.3483929109396292,28.04252054323857,0.04994724012397694,-30.0
frost_cycle_000031,recovery,wavelet_offline,offline,17,available,0.3180601522436274,0.6819398477563726,0.6595642184049809,0.3404357815950191,1.8286018666582287,0.8071817211193608,0.0056262835363201655,1.6990421995667533,0.8888233794444034,0.0
frost_cycle_000031,recovery,wavelet_monotonic_offline,constrained,17,available,0.3180601522436274,0.6819398477563726,0.6595642184049809,0.3404357815950191,1.8286018666582287,0.8071817211193608,0.0056262835363201655,1.6990421995667533,0.8888233794444034,0.0
frost_cycle_000031,recovery,nearly_isotonic_offline,constrained,17,available,0.3180601522436274,0.6819398477563726,0.6595642184049809,0.3404357815950191,1.8286018666582287,0.8071817211193608,0.0056262835363201655,1.6990421995667533,0.8888233794444034,0.0
frost_cycle_000031,recovery,robust_monotone_offline,constrained,17,available,0.3180601522436274,0.6819398477563726,0.6595642184049809,0.3404357815950191,1.8286018666582287,0.8071817211193608,0.0056262835363201655,1.6990421995667533,0.8888233794444034,0.0
frost_cycle_000031,frost_development,median_centered_60s,offline,384,available,0.28571428571423135,0.7142857142857686,0.3169456066945607,0.6830543933054394,-0.3109983999999941,0.5896956111442282,0.0211390437385851,0.5316487823806909,0.3629570158102792,-10.0
frost_cycle_000031,frost_development,ewma_tau30s,online,384,available,0.9347199535521825,0.06528004644781749,0.25013188412286774,0.7498681158771323,-0.3100845878271281,0.5936776275039735,0.04235103907703727,2.1858230534971814,0.29087764386169257,10.0
frost_cycle_000031,frost_development,median30s_ewma30s,online,384,available,0.7292501976323428,0.2707498023676572,0.2093462279293366,0.7906537720706635,-0.30975883019741124,0.5967766688612817,0.06291222757990343,2.111721906246131,0.2351265756498919,20.0
frost_cycle_000031,frost_development,savgol_70s,offline,384,available,0.9595616024177586,0.04043839758224144,0.34760586538829596,0.652394134611704,-0.3116336761904672,0.591889176386554,0.005778937383484237,0.8426467121570377,0.41251999811782275,0.0
frost_cycle_000031,frost_development,adaptive_offline,offline,384,available,0.30570609663802306,0.6942939033619769,0.0760968692638788,0.9239031307361212,-0.3215531205430584,0.5982688436773564,0.026377928776564096,1.6009114588027802,0.12813568057585042,0.0
frost_cycle_000031,frost_development,wavelet_offline,offline,384,available,0.8301621249894753,0.16983787501052472,0.6977568718032154,0.30224312819678456,-0.30635607287131705,0.5881690266216122,0.0031767762494070984,0.8029184140024246,0.5511136230043099,0.0
frost_cycle_000031,frost_development,wavelet_monotonic_offline,constrained,384,available,0.0,1.0,0.13823034934277112,0.8617696506572289,-0.337912230883743,0.6204428789115484,0.014036072376511508,1.7761685351395335,0.0,0.0
frost_cycle_000031,frost_development,nearly_isotonic_offline,constrained,384,available,4.866636871269812e-06,0.9999951333631287,0.6119563839229041,0.3880436160770959,-0.31528312963625016,0.5945616286979175,0.0016887909987791548,0.9151879563490849,0.3974802253973852,0.0
frost_cycle_000031,frost_development,robust_monotone_offline,constrained,384,available,0.0,1.0,0.13092908681132193,0.869070913188678,-0.33781883846861627,0.6558046430471735,0.22813508392830725,1.2101286289320867,0.026504508979884316,-90.0
frost_cycle_000031,defrost_preparation,median_centered_60s,offline,2,insufficient_data,,,0.0,1.0,-2.425005360000001,0.6947423999999938,0.0,100.0,0.0,
frost_cycle_000031,defrost_preparation,ewma_tau30s,online,2,insufficient_data,,,0.2834686894262105,0.7165313105737895,-1.8446149984352318,0.46513276156476335,12.031309319336012,100.0,0.2834686894262105,
frost_cycle_000031,defrost_preparation,median30s_ewma30s,online,2,insufficient_data,,,0.14173434471310553,0.8582656552868945,-1.7298101792176168,0.5799375807823783,14.41117704772771,100.0,0.14173434471310553,
frost_cycle_000031,defrost_preparation,savgol_70s,offline,2,insufficient_data,,,1.0,0.0,-2.425005360000001,0.11525760000000584,0.0,0.0,1.0,
frost_cycle_000031,defrost_preparation,adaptive_offline,offline,2,insufficient_data,,,0.0,1.0,-2.425005360000001,0.6947423999999938,0.0,100.0,0.0,
frost_cycle_000031,defrost_preparation,wavelet_offline,offline,2,insufficient_data,,,1.0,0.0,-2.425005360000001,0.11525760000000584,0.0,0.0,1.0,
frost_cycle_000031,defrost_preparation,wavelet_monotonic_offline,constrained,2,insufficient_data,,,1.0,0.0,-2.425005360000001,0.11525760000000584,0.0,0.0,1.0,
frost_cycle_000031,defrost_preparation,nearly_isotonic_offline,constrained,2,insufficient_data,,,1.0,0.0,-2.425005360000001,0.11525760000000584,0.0,0.0,1.0,
frost_cycle_000031,defrost_preparation,robust_monotone_offline,constrained,2,insufficient_data,,,1.0,0.0,-2.425005360000001,0.11525760000000584,0.0,0.0,1.0,
frost_cycle_000031,defrost,median_centered_60s,offline,0,insufficient_data,,,,,,,,,,
frost_cycle_000031,defrost,ewma_tau30s,online,0,insufficient_data,,,,,,,,,,
frost_cycle_000031,defrost,median30s_ewma30s,online,0,insufficient_data,,,,,,,,,,
frost_cycle_000031,defrost,savgol_70s,offline,0,insufficient_data,,,,,,,,,,
frost_cycle_000031,defrost,adaptive_offline,offline,0,insufficient_data,,,,,,,,,,
frost_cycle_000031,defrost,wavelet_offline,offline,0,insufficient_data,,,,,,,,,,
frost_cycle_000031,defrost,wavelet_monotonic_offline,constrained,0,insufficient_data,,,,,,,,,,
frost_cycle_000031,defrost,nearly_isotonic_offline,constrained,0,insufficient_data,,,,,,,,,,
frost_cycle_000031,defrost,robust_monotone_offline,constrained,0,insufficient_data,,,,,,,,,,
frost_cycle_000032,recovery,median_centered_60s,offline,17,available,0.43204488778054934,0.5679551122194506,0.04978120207951536,0.9502187979204846,1.7607205800000063,0.5974358588043567,0.30047457702299357,14.342748404910296,0.12296983758700558,-30.0
frost_cycle_000032,recovery,ewma_tau30s,online,17,available,0.33599565254713964,0.6640043474528603,0.2783935079092507,0.7216064920907492,2.042233590668184,0.8877442215743095,4.852684765683935,58.47163359964185,0.2306083440794959,-30.0
frost_cycle_000032,recovery,median30s_ewma30s,online,17,available,0.42116072157328716,0.5788392784267129,0.15288938261131682,0.8471106173886832,2.0047147737248077,0.9445773061670508,6.168900526610533,64.26258559713209,0.36872903600434775,-30.0
frost_cycle_000032,recovery,savgol_70s,offline,17,available,0.8494834342714973,0.1505165657285027,0.18324823041133806,0.8167517695886619,1.8868799473015745,0.703893491524362,0.5752137726459631,18.385663470270423,0.43805472691783487,-30.0
frost_cycle_000032,recovery,adaptive_offline,offline,17,available,0.020010284182913247,0.9799897158170867,0.010802336745669725,0.9891976632543302,1.8279573120496435,0.5052783062676477,0.4036577047739716,29.632414480365775,0.033429770007405685,-30.0
frost_cycle_000032,recovery,wavelet_offline,offline,17,available,0.994296169153435,0.005703830846565006,0.7242560487093194,0.27574395129068063,1.7055220684999144,0.8660255314479032,0.001940523587642225,3.43101149530783,0.5398706702212436,0.0
frost_cycle_000032,recovery,wavelet_monotonic_offline,constrained,17,available,0.994296169153435,0.005703830846565006,0.7242560487093194,0.27574395129068063,1.7055220684999144,0.8660255314479032,0.001940523587642225,3.43101149530783,0.5398706702212436,0.0
frost_cycle_000032,recovery,nearly_isotonic_offline,constrained,17,available,0.994296169153435,0.005703830846565006,0.7242560487093194,0.27574395129068063,1.7055220684999144,0.8660255314479032,0.001940523587642225,3.43101149530783,0.5398706702212436,0.0
frost_cycle_000032,recovery,robust_monotone_offline,constrained,17,available,0.994296169153435,0.005703830846565006,0.7242560487093194,0.27574395129068063,1.7055220684999144,0.8660255314479032,0.001940523587642225,3.43101149530783,0.5398706702212436,0.0
frost_cycle_000032,frost_development,median_centered_60s,offline,899,available,0.4999999999999445,0.5000000000000555,0.4714151241222113,0.5285848758777887,-0.2651847999999877,0.4740351501647118,0.03778759941945529,0.3176957239305289,0.4041666666666705,-10.0
frost_cycle_000032,frost_development,ewma_tau30s,online,899,available,0.7622573561574801,0.23774264384251986,0.2581777892674261,0.7418222107325738,-0.2493652154139232,0.45933453581655576,0.15597651378132169,0.925305998267085,0.37561860641888617,10.0
frost_cycle_000032,frost_development,median30s_ewma30s,online,899,available,0.6812971171224474,0.31870288287755255,0.25028778765722004,0.74971221234278,-0.250762394449505,0.4639603143274945,0.20032490303904063,0.9969837049287644,0.31659827906359755,20.0
frost_cycle_000032,frost_development,savgol_70s,offline,899,available,0.9265873015873997,0.07341269841260034,0.4008128699613409,0.5991871300386591,-0.26737991999999,0.46881745879962783,0.0031950029897328865,0.10022784782728494,0.5413614163614168,0.0
frost_cycle_000032,frost_development,adaptive_offline,offline,899,available,0.7086313125168602,0.2913686874831398,0.06093655727406586,0.9390634427259341,-0.22443865101651017,0.44549278181575624,0.005820946363566089,0.09701254172715143,0.12222673572664351,0.0
frost_cycle_000032,frost_development,wavelet_offline,offline,899,available,0.9319443685124599,0.06805563148754012,0.7707241888953208,0.2292758111046792,-0.26271719554584116,0.4682545874121318,0.0022907319809560987,0.13471883537114607,0.5112453330027388,0.0
frost_cycle_000032,frost_development,wavelet_monotonic_offline,constrained,899,available,0.0,1.0,0.19640103046600638,0.8035989695339936,-0.19690210075389292,0.447200031530165,0.0016219462128915243,0.10052367288084622,0.0,0.0
frost_cycle_000032,frost_development,nearly_isotonic_offline,constrained,899,available,1.8139207358380799e-06,0.9999981860792642,0.787314625169398,0.21268537483060201,-0.2634474999999874,0.46804996517734726,0.0010116900058455126,0.09084549199301448,0.43012820512821986,0.0
frost_cycle_000032,frost_development,robust_monotone_offline,constrained,899,available,0.0,1.0,0.12692361724959117,0.8730763827504089,-0.2291357713071065,0.46543089690227396,0.09330099843579111,0.8707825988393628,0.0592939232796587,0.0
frost_cycle_000032,defrost_preparation,median_centered_60s,offline,1,insufficient_data,,,,,-0.07814619999999284,0.0,,,,
frost_cycle_000032,defrost_preparation,ewma_tau30s,online,1,insufficient_data,,,,,-0.07814619999999284,0.0,,,,
frost_cycle_000032,defrost_preparation,median30s_ewma30s,online,1,insufficient_data,,,,,-0.07814619999999284,0.0,,,,
frost_cycle_000032,defrost_preparation,savgol_70s,offline,1,insufficient_data,,,,,-0.07814619999999284,0.0,,,,
frost_cycle_000032,defrost_preparation,adaptive_offline,offline,1,insufficient_data,,,,,-0.07814619999999284,0.0,,,,
frost_cycle_000032,defrost_preparation,wavelet_offline,offline,1,insufficient_data,,,,,-0.07814619999999284,0.0,,,,
frost_cycle_000032,defrost_preparation,wavelet_monotonic_offline,constrained,1,insufficient_data,,,,,-0.07814619999999284,0.0,,,,
frost_cycle_000032,defrost_preparation,nearly_isotonic_offline,constrained,1,insufficient_data,,,,,-0.07814619999999284,0.0,,,,
frost_cycle_000032,defrost_preparation,robust_monotone_offline,constrained,1,insufficient_data,,,,,-0.07814619999999284,0.0,,,,
frost_cycle_000032,defrost,median_centered_60s,offline,1,insufficient_data,,,,,-1.2753152399999896,0.0,,,,
frost_cycle_000032,defrost,ewma_tau30s,online,1,insufficient_data,,,,,-1.2753152399999896,0.0,,,,
frost_cycle_000032,defrost,median30s_ewma30s,online,1,insufficient_data,,,,,-1.2753152399999896,0.0,,,,
frost_cycle_000032,defrost,savgol_70s,offline,1,insufficient_data,,,,,-1.2753152399999896,0.0,,,,
frost_cycle_000032,defrost,adaptive_offline,offline,1,insufficient_data,,,,,-1.2753152399999896,0.0,,,,
frost_cycle_000032,defrost,wavelet_offline,offline,1,insufficient_data,,,,,-1.2753152399999896,0.0,,,,
frost_cycle_000032,defrost,wavelet_monotonic_offline,constrained,1,insufficient_data,,,,,-1.2753152399999896,0.0,,,,
frost_cycle_000032,defrost,nearly_isotonic_offline,constrained,1,insufficient_data,,,,,-1.2753152399999896,0.0,,,,
frost_cycle_000032,defrost,robust_monotone_offline,constrained,1,insufficient_data,,,,,-1.2753152399999896,0.0,,,,
frost_cycle_000033,recovery,median_centered_60s,offline,16,available,3.937499999999925,-2.937499999999925,0.07481828857386297,0.925181711426137,1.988252559999995,0.8004566958109578,0.5906084405154723,2.6557270862571447,0.3433420365535248,-20.0
frost_cycle_000033,recovery,ewma_tau30s,online,16,available,1.5867492413502406,-0.5867492413502406,0.28336748245285015,0.7166325175471498,2.31820982477304,1.0774274773135355,3.9802954528899077,34.46102518365687,0.3162408802852534,-20.0
frost_cycle_000033,recovery,median30s_ewma30s,online,16,available,1.6870958820728352,-0.6870958820728352,0.1459194970952787,0.8540805029047213,2.4620831897331894,1.113215575137628,5.244286119516338,43.435021549565185,0.31511388251159195,10.0
frost_cycle_000033,recovery,savgol_70s,offline,16,available,2.267857142857074,-1.267857142857074,0.9816788246202854,0.01832117537971456,1.779590007619066,1.0909724641810399,0.23177481841205436,2.476956452449489,0.4271149713148969,0.0
frost_cycle_000033,recovery,adaptive_offline,offline,16,available,2.5824856497309088,-1.5824856497309088,0.055344096356044786,0.9446559036439552,1.9988668129625724,0.8047288048085235,0.43016596966540066,4.3676922450320195,0.263670555050009,-20.0
frost_cycle_000033,recovery,wavelet_offline,offline,16,available,1.1649357450973097,-0.16493574509730968,0.9987552301822917,0.0012447698177082689,1.9084028350645807,1.0567598644251421,0.01271959215419479,0.0947729774526364,0.9719371810173635,0.0
frost_cycle_000033,recovery,wavelet_monotonic_offline,constrained,16,available,1.1649357450973097,-0.16493574509730968,0.9987552301822917,0.0012447698177082689,1.9084028350645807,1.0567598644251421,0.01271959215419479,0.0947729774526364,0.9719371810173635,0.0
frost_cycle_000033,recovery,nearly_isotonic_offline,constrained,16,available,1.1649357450973097,-0.16493574509730968,0.9987552301822917,0.0012447698177082689,1.9084028350645807,1.0567598644251421,0.01271959215419479,0.0947729774526364,0.9719371810173635,0.0
frost_cycle_000033,recovery,robust_monotone_offline,constrained,16,available,1.1649357450973097,-0.16493574509730968,0.9987552301822917,0.0012447698177082689,1.9084028350645807,1.0567598644251421,0.01271959215419479,0.0947729774526364,0.9719371810173635,0.0
frost_cycle_000033,frost_development,median_centered_60s,offline,917,available,0.16666666666686403,0.833333333333136,0.5771921641791049,0.4228078358208951,-0.08168615999999229,0.46567744415465473,0.004084674570137517,0.024463147280018978,0.4750000000000063,0.0
frost_cycle_000033,frost_development,ewma_tau30s,online,917,available,0.5933881129832024,0.4066118870167976,0.2938299183260954,0.7061700816739046,-0.08422769051279566,0.4527732266824019,0.10787743579739355,0.5851543937767479,0.42747740930429895,10.0
frost_cycle_000033,frost_development,median30s_ewma30s,online,917,available,0.49692040923463915,0.5030795907653609,0.28212912809679835,0.7178708719032016,-0.08545362238878607,0.45430791634813744,0.17691043233806103,0.8361662821824575,0.36338510772502514,20.0
frost_cycle_000033,frost_development,savgol_70s,offline,917,available,0.7460317460316145,0.2539682539683855,0.4575559701492535,0.5424440298507465,-0.08217086751321556,0.46263362542654257,0.0013669085544812261,0.01590216611978994,0.5928571428571544,0.0
frost_cycle_000033,frost_development,adaptive_offline,offline,917,available,0.401639068940958,0.598360931059042,0.13403372208940462,0.8659662779105954,-0.10520841084232657,0.460434424491901,0.03928490938862418,0.16685048309832376,0.18858065911412863,0.0
frost_cycle_000033,frost_development,wavelet_offline,offline,917,available,0.7086308266018221,0.2913691733981779,0.6934476973558268,0.3065523026441732,-0.08708164213418712,0.46184427091048263,0.005932022946888178,0.012285665884414685,0.7047316155829662,0.0
frost_cycle_000033,frost_development,wavelet_monotonic_offline,constrained,917,available,0.0,1.0,0.30133036412641806,0.698669635873582,-0.09115978161264593,0.4762444686272762,0.00015179552184917317,0.292813545262418,0.0,0.0
frost_cycle_000033,frost_development,nearly_isotonic_offline,constrained,917,available,2.602768371199598e-07,0.9999997397231629,0.7388059701424237,0.26119402985757634,-0.08065349999999949,0.46255731312232157,0.0009360498647110999,0.026555185167616076,0.22000000000003642,0.0
frost_cycle_000033,frost_development,robust_monotone_offline,constrained,917,available,0.0,1.0,0.15330658331798094,0.846693416682019,-0.08986239791364348,0.5064370836545345,0.004005026951890819,0.36738482756952606,0.014040026301794515,-10.0
frost_cycle_000033,defrost_preparation,median_centered_60s,offline,1,insufficient_data,,,,,-0.7296790000000097,0.0,,,,
frost_cycle_000033,defrost_preparation,ewma_tau30s,online,1,insufficient_data,,,,,-0.7296790000000097,0.0,,,,
frost_cycle_000033,defrost_preparation,median30s_ewma30s,online,1,insufficient_data,,,,,-0.7296790000000097,0.0,,,,
frost_cycle_000033,defrost_preparation,savgol_70s,offline,1,insufficient_data,,,,,-0.7296790000000097,0.0,,,,
frost_cycle_000033,defrost_preparation,adaptive_offline,offline,1,insufficient_data,,,,,-0.7296790000000097,0.0,,,,
frost_cycle_000033,defrost_preparation,wavelet_offline,offline,1,insufficient_data,,,,,-0.7296790000000097,0.0,,,,
frost_cycle_000033,defrost_preparation,wavelet_monotonic_offline,constrained,1,insufficient_data,,,,,-0.7296790000000097,0.0,,,,
frost_cycle_000033,defrost_preparation,nearly_isotonic_offline,constrained,1,insufficient_data,,,,,-0.7296790000000097,0.0,,,,
frost_cycle_000033,defrost_preparation,robust_monotone_offline,constrained,1,insufficient_data,,,,,-0.7296790000000097,0.0,,,,
frost_cycle_000033,defrost,median_centered_60s,offline,0,insufficient_data,,,,,,,,,,
frost_cycle_000033,defrost,ewma_tau30s,online,0,insufficient_data,,,,,,,,,,
frost_cycle_000033,defrost,median30s_ewma30s,online,0,insufficient_data,,,,,,,,,,
frost_cycle_000033,defrost,savgol_70s,offline,0,insufficient_data,,,,,,,,,,
frost_cycle_000033,defrost,adaptive_offline,offline,0,insufficient_data,,,,,,,,,,
frost_cycle_000033,defrost,wavelet_offline,offline,0,insufficient_data,,,,,,,,,,
frost_cycle_000033,defrost,wavelet_monotonic_offline,constrained,0,insufficient_data,,,,,,,,,,
frost_cycle_000033,defrost,nearly_isotonic_offline,constrained,0,insufficient_data,,,,,,,,,,
frost_cycle_000033,defrost,robust_monotone_offline,constrained,0,insufficient_data,,,,,,,,,,
frost_cycle_000034,recovery,median_centered_60s,offline,17,available,1.202020202020211,-0.2020202020202111,0.06838101248071828,0.9316189875192817,1.9694696000000338,1.0622914016171814,0.5847913424093191,7.077230638471053,0.24006932218309848,-20.0
frost_cycle_000034,recovery,ewma_tau30s,online,17,available,0.2109375713876364,0.7890624286123635,0.292051552482843,0.707948447517157,2.3414858643816814,1.4864051816966426,6.628562638429418,43.650205696055814,0.3875417697640532,-30.0
frost_cycle_000034,recovery,median30s_ewma30s,online,17,available,0.29290675046803205,0.707093249531968,0.18352328674515436,0.8164767132548456,2.498085826653197,1.5190188891714074,8.311676464062746,51.10502246434816,0.5532431319440494,-30.0
frost_cycle_000034,recovery,savgol_70s,offline,17,available,2.359011359011378,-1.3590113590113782,0.21438125482745862,0.7856187451725414,1.9262791238095662,1.2699344298451913,0.6148401992584631,10.100847724373905,0.5921099513749163,-30.0
frost_cycle_000034,recovery,adaptive_offline,offline,17,available,0.20267027625303086,0.7973297237469692,0.02902148326880748,0.9709785167311925,2.1770913206603613,1.0216617515292568,0.7731003834460898,23.025839244870152,0.10893141587835083,-30.0
frost_cycle_000034,recovery,wavelet_offline,offline,17,available,2.6929141400255876,-1.6929141400255876,0.7955951636802711,0.20440483631972894,1.9844871975742056,1.3196059420054196,0.0011886302935130567,0.21525057229315508,0.8859473632575122,0.0
frost_cycle_000034,recovery,wavelet_monotonic_offline,constrained,17,available,2.6929141400255876,-1.6929141400255876,0.7955951636802711,0.20440483631972894,1.9844871975742056,1.3196059420054196,0.0011886302935130567,0.21525057229315508,0.8859473632575122,0.0
frost_cycle_000034,recovery,nearly_isotonic_offline,constrained,17,available,2.6929141400255876,-1.6929141400255876,0.7955951636802711,0.20440483631972894,1.9844871975742056,1.3196059420054196,0.0011886302935130567,0.21525057229315508,0.8859473632575122,0.0
frost_cycle_000034,recovery,robust_monotone_offline,constrained,17,available,2.6929141400255876,-1.6929141400255876,0.7955951636802711,0.20440483631972894,1.9844871975742056,1.3196059420054196,0.0011886302935130567,0.21525057229315508,0.8859473632575122,0.0
frost_cycle_000034,frost_development,median_centered_60s,offline,902,available,0.24999999999988898,0.750000000000111,0.4152759257430091,0.5847240742569909,-0.18847700000000467,0.4505967734122163,0.195434931604426,0.1700603454406741,0.27536231884058354,0.0
frost_cycle_000034,frost_development,ewma_tau30s,online,903,available,0.6173569227762701,0.3826430772237299,0.2772793921936327,0.7227206078063673,-0.1838106000000117,0.4446006716364638,0.09922390725953492,0.42758525490015536,0.30984742679283983,10.0
frost_cycle_000034,frost_development,median30s_ewma30s,online,903,available,0.4868437225485337,0.5131562774514663,0.25965369642674885,0.7403463035732512,-0.1838106000000117,0.4509094413822035,0.13152289912096504,0.49964835138339625,0.26267644292178705,20.0
frost_cycle_000034,frost_development,savgol_70s,offline,903,available,0.7261904761904603,0.2738095238095397,0.44784670090873013,0.5521532990912699,-0.1886868000000046,0.4450967385595317,0.0007764603484123746,0.032456429090246215,0.4838509316770159,0.0
frost_cycle_000034,frost_development,adaptive_offline,offline,903,available,0.3565182763975276,0.6434817236024724,0.08757616026478232,0.9124238397352177,-0.18288272343347867,0.44885533431395785,0.0016088198234039748,0.004564327469365437,0.07360084119504225,0.0
frost_cycle_000034,frost_development,wavelet_offline,offline,903,available,0.7046492325486152,0.2953507674513848,0.8336519939703806,0.1663480060296194,-0.18381060000000993,0.44451444081624814,0.001281657299583462,0.03565871605094389,0.5660303406000262,0.0
frost_cycle_000034,frost_development,wavelet_monotonic_offline,constrained,903,available,0.0,1.0,0.23753798659389763,0.7624620134061024,-0.17410099911858268,0.44245954724288317,0.006016125186301822,0.1878839052733557,0.0,0.0
frost_cycle_000034,frost_development,nearly_isotonic_offline,constrained,903,available,2.735589532676687e-10,0.999999999726441,0.6747826945871637,0.32521730541283633,-0.18771180001986654,0.4442972133108988,0.0032885860660802537,0.03473887926902569,0.2894412860153152,0.0
frost_cycle_000034,frost_development,robust_monotone_offline,constrained,903,available,0.0,1.0,0.11373478980191858,0.8862652101980815,-0.19176198200464878,0.44953706004210403,0.21916707992228815,0.7439009988670255,0.04760177975438458,0.0
frost_cycle_000034,defrost_preparation,median_centered_60s,offline,1,insufficient_data,,,,,-1.0528056799999979,0.0,,,,
frost_cycle_000034,defrost_preparation,ewma_tau30s,online,1,insufficient_data,,,,,-1.0528056799999979,0.0,,,,
frost_cycle_000034,defrost_preparation,median30s_ewma30s,online,1,insufficient_data,,,,,-1.0528056799999979,0.0,,,,
frost_cycle_000034,defrost_preparation,savgol_70s,offline,1,insufficient_data,,,,,-1.0528056799999979,0.0,,,,
frost_cycle_000034,defrost_preparation,adaptive_offline,offline,1,insufficient_data,,,,,-1.0528056799999979,0.0,,,,
frost_cycle_000034,defrost_preparation,wavelet_offline,offline,1,insufficient_data,,,,,-1.0528056799999979,0.0,,,,
frost_cycle_000034,defrost_preparation,wavelet_monotonic_offline,constrained,1,insufficient_data,,,,,-1.0528056799999979,0.0,,,,
frost_cycle_000034,defrost_preparation,nearly_isotonic_offline,constrained,1,insufficient_data,,,,,-1.0528056799999979,0.0,,,,
frost_cycle_000034,defrost_preparation,robust_monotone_offline,constrained,1,insufficient_data,,,,,-1.0528056799999979,0.0,,,,
frost_cycle_000034,defrost,median_centered_60s,offline,0,insufficient_data,,,,,,,,,,
frost_cycle_000034,defrost,ewma_tau30s,online,0,insufficient_data,,,,,,,,,,
frost_cycle_000034,defrost,median30s_ewma30s,online,0,insufficient_data,,,,,,,,,,
frost_cycle_000034,defrost,savgol_70s,offline,0,insufficient_data,,,,,,,,,,
frost_cycle_000034,defrost,adaptive_offline,offline,0,insufficient_data,,,,,,,,,,
frost_cycle_000034,defrost,wavelet_offline,offline,0,insufficient_data,,,,,,,,,,
frost_cycle_000034,defrost,wavelet_monotonic_offline,constrained,0,insufficient_data,,,,,,,,,,
frost_cycle_000034,defrost,nearly_isotonic_offline,constrained,0,insufficient_data,,,,,,,,,,
frost_cycle_000034,defrost,robust_monotone_offline,constrained,0,insufficient_data,,,,,,,,,,
frost_cycle_000035,recovery,median_centered_60s,offline,18,available,2.091269841269738,-1.091269841269738,0.1319448401618328,0.8680551598381672,2.027669715000006,2.8967193105356777,2.0630155607962704,4.292059068685375,0.15438729198184592,-30.0
frost_cycle_000035,recovery,ewma_tau30s,online,18,available,2.4080519186745675,-1.4080519186745675,0.4230885261666342,0.5769114738333658,2.43960646740442,3.976743161407703,10.66755756339587,42.84727201195591,0.5766441944903995,-40.0
frost_cycle_000035,recovery,median30s_ewma30s,online,18,available,1.7126556903990533,-0.7126556903990533,0.3391039677567846,0.6608960322432154,2.6513061077635904,4.022922449193056,14.156805570188128,51.81782777908314,0.5355693357052285,-40.0
frost_cycle_000035,recovery,savgol_70s,offline,18,available,4.914210128495656,-3.9142101284956556,0.6758403002206064,0.32415969977939363,2.03029291849207,3.6959586577361887,0.4752961141410291,3.3708214627844244,0.8077155824508283,0.0
frost_cycle_000035,recovery,adaptive_offline,offline,18,available,0.2969963006065222,0.7030036993934778,0.03312104325064024,0.9668789567493598,2.393155286511101,2.6958735542134207,0.8744263101670011,18.06021184470134,0.07013289553830335,-40.0
frost_cycle_000035,recovery,wavelet_offline,offline,18,available,3.530252051667839,-2.530252051667839,1.0892441091112224,-0.08924410911122238,1.997686550567333,3.809319729075072,0.012858146425444198,2.0808426724722104,0.8351342526633103,0.0
frost_cycle_000035,recovery,wavelet_monotonic_offline,constrained,18,available,3.530252051667839,-2.530252051667839,1.0892441091112224,-0.08924410911122238,1.997686550567333,3.809319729075072,0.012858146425444198,2.0808426724722104,0.8351342526633103,0.0
frost_cycle_000035,recovery,nearly_isotonic_offline,constrained,18,available,3.530252051667839,-2.530252051667839,1.0892441091112224,-0.08924410911122238,1.997686550567333,3.809319729075072,0.012858146425444198,2.0808426724722104,0.8351342526633103,0.0
frost_cycle_000035,recovery,robust_monotone_offline,constrained,18,available,3.530252051667839,-2.530252051667839,1.0892441091112224,-0.08924410911122238,1.997686550567333,3.809319729075072,0.012858146425444198,2.0808426724722104,0.8351342526633103,0.0
frost_cycle_000035,frost_development,median_centered_60s,offline,743,available,0.499999999999889,0.500000000000111,0.5974204591440553,0.4025795408559447,0.018045850000017793,0.5026180260268978,0.019401637413558572,0.1230068535278156,0.5769689737470015,-10.0
frost_cycle_000035,frost_development,ewma_tau30s,online,743,available,0.7465494057845853,0.2534505942154147,0.4213544842688369,0.5786455157311631,0.025708417997476474,0.5009867266116228,0.10560926261350488,0.5414935090604701,0.4309088263223667,10.0
frost_cycle_000035,frost_development,median30s_ewma30s,online,743,available,0.711233310155133,0.288766689844867,0.3942951501544059,0.6057048498455941,0.027249468371238983,0.5029302013203762,0.1431439303149585,0.6874519119799527,0.39188931688076595,20.0
frost_cycle_000035,frost_development,savgol_70s,offline,743,available,0.7857142857141906,0.21428571428580945,0.5111306939242811,0.4888693060757189,0.01877728000001433,0.4997524318287285,0.0007546002518460436,0.018145525586661486,0.6629162404818765,0.0
frost_cycle_000035,frost_development,adaptive_offline,offline,743,available,0.5972399801786208,0.4027600198213792,0.3013236562070943,0.6986763437929058,0.02228978547519933,0.5064269296355417,0.024462505383917053,0.09289558220843121,0.14338388294079277,0.0
frost_cycle_000035,frost_development,wavelet_offline,offline,743,available,0.7622584049102024,0.23774159508979764,0.8775565128616598,0.12244348713834019,0.020060937973187087,0.5000649770872942,8.393718177218966e-05,0.01826808289985999,0.800431630605111,0.0
frost_cycle_000035,frost_development,wavelet_monotonic_offline,constrained,743,available,0.0,1.0,0.45834872282915273,0.5416512771708473,0.028062769374795238,0.50602094707814,0.00106166636877718,0.1373406797657002,0.0,0.0
frost_cycle_000035,frost_development,nearly_isotonic_offline,constrained,743,available,0.005560775513057603,0.9944392244869424,0.7249483216852163,0.2750516783147837,0.01735273030812845,0.4997713243273292,0.0001680274428436616,0.0264733860773273,0.3341288782816445,0.0
frost_cycle_000035,frost_development,robust_monotone_offline,constrained,743,available,0.0,1.0,0.3782929106903624,0.6217070893096376,0.02804252659229256,0.5252359577052755,0.07106846097724516,0.5306014661586916,0.0,0.0
frost_cycle_000036,recovery,median_centered_60s,offline,35,available,0.47412553905127447,0.5258744609487256,0.8641116226396515,0.13588837736034853,1.4166553599999947,1.8121510284763596,2.1650459768252683,,0.9409389197375003,0.0
frost_cycle_000036,recovery,ewma_tau30s,online,35,available,0.504890632048951,0.495109367951049,0.4561986685400156,0.5438013314599843,1.3055390399191964,0.7153721594992408,10.954953748912464,,2.3804656941783544,20.0
frost_cycle_000036,recovery,median30s_ewma30s,online,35,available,0.4916110058399628,0.5083889941600372,0.4561986685400156,0.5438013314599843,0.9677399400000011,0.7078037239899823,15.376543440070911,,2.3809727265981233,30.0
frost_cycle_000036,recovery,savgol_70s,offline,35,available,0.7492299267575016,0.25077007324249845,0.6607122634375895,0.3392877365624105,1.4435982533333331,1.59313409278242,0.21653940390298793,,3.5092305473426006,0.0
frost_cycle_000036,recovery,adaptive_offline,offline,35,available,2.006494017980722,-1.0064940179807218,0.16536805732072118,0.8346319426792788,1.5391416067120725,1.0085745410101874,0.14918356511921643,,1.5923399136501963,0.0
frost_cycle_000036,recovery,wavelet_offline,offline,35,available,0.5999406919851465,0.40005930801485345,0.9984598145775525,0.0015401854224474931,1.3235379051004204,1.7033719228726043,0.002605186839921728,,1.0545579727629384,0.0
frost_cycle_000036,recovery,wavelet_monotonic_offline,constrained,35,available,0.5999406919851465,0.40005930801485345,0.9984598145775525,0.0015401854224474931,1.3235379051004204,1.7033719228726043,0.002605186839921728,,1.0545579727629384,0.0
frost_cycle_000036,recovery,nearly_isotonic_offline,constrained,35,available,0.5999406919851465,0.40005930801485345,0.9984598145775525,0.0015401854224474931,1.3235379051004204,1.7033719228726043,0.002605186839921728,,1.0545579727629384,0.0
frost_cycle_000036,recovery,robust_monotone_offline,constrained,35,available,0.5999406919851465,0.40005930801485345,0.9984598145775525,0.0015401854224474931,1.3235379051004204,1.7033719228726043,0.002605186839921728,,1.0545579727629384,0.0
frost_cycle_000036,frost_development,median_centered_60s,offline,1126,available,0.2888888888888849,0.711111111111115,0.7160937916333624,0.2839062083666376,-0.21917770000001058,0.48447252341246555,0.02140631328462383,0.1588513558871575,0.6818181818181789,-10.0
frost_cycle_000036,frost_development,ewma_tau30s,online,1126,available,0.4539001655115464,0.5460998344884536,0.4496624994132934,0.5503375005867066,-0.2146141784858231,0.4780650120184972,0.04457933438162009,0.5157718206387931,0.5369304917059509,10.0
frost_cycle_000036,frost_development,median30s_ewma30s,online,1126,available,0.3786007166264625,0.6213992833735376,0.4431636883846563,0.5568363116153436,-0.21497204131133207,0.47710284924649,0.05624221885851389,0.6427705919653245,0.5039295577968447,20.0
frost_cycle_000036,frost_development,savgol_70s,offline,1126,available,0.619047619047509,0.38095238095249095,0.6170428736375987,0.3829571263624013,-0.21659312857142687,0.482448840913977,0.00025592728829967247,0.024906072710462617,0.8678787878788099,0.0
frost_cycle_000036,frost_development,adaptive_offline,offline,1126,available,0.28231967472424135,0.7176803252757586,0.26265303172693627,0.7373469682730638,-0.2122854299610175,0.48038882059616966,0.020513703201377007,0.1259917947129364,0.24217875738655045,0.0
frost_cycle_000036,frost_development,wavelet_offline,offline,1126,available,0.5539817144458717,0.44601828555412826,0.8664869099129369,0.13351309008706314,-0.21705488375375026,0.48258112897969696,0.00045278827138573005,0.005096290510050297,0.7957350037391021,0.0
frost_cycle_000036,frost_development,wavelet_monotonic_offline,constrained,1126,available,0.0,1.0,0.48175601489908504,0.518243985100915,-0.1931062113704325,0.48815539772644484,0.001546336083929102,0.17399586840580833,0.0,-40.0
frost_cycle_000036,frost_development,nearly_isotonic_offline,constrained,1126,available,5.215520459956807e-07,0.999999478447954,0.8170921596050924,0.1829078403949076,-0.21635574844360095,0.4815457050115451,0.0015316891617457014,0.03920373085307972,0.28212121212859603,0.0
frost_cycle_000036,frost_development,robust_monotone_offline,constrained,1126,available,0.0,1.0,0.323941054630879,0.676058945369121,-0.194483618770799,0.5110375598495995,0.09322771912620048,0.03611761326877795,0.006752559638692348,-40.0
frost_cycle_000036,defrost,median_centered_60s,offline,0,insufficient_data,,,,,,,,,,
frost_cycle_000036,defrost,ewma_tau30s,online,0,insufficient_data,,,,,,,,,,
frost_cycle_000036,defrost,median30s_ewma30s,online,0,insufficient_data,,,,,,,,,,
frost_cycle_000036,defrost,savgol_70s,offline,0,insufficient_data,,,,,,,,,,
frost_cycle_000036,defrost,adaptive_offline,offline,0,insufficient_data,,,,,,,,,,
frost_cycle_000036,defrost,wavelet_offline,offline,0,insufficient_data,,,,,,,,,,
frost_cycle_000036,defrost,wavelet_monotonic_offline,constrained,0,insufficient_data,,,,,,,,,,
frost_cycle_000036,defrost,nearly_isotonic_offline,constrained,0,insufficient_data,,,,,,,,,,
frost_cycle_000036,defrost,robust_monotone_offline,constrained,0,insufficient_data,,,,,,,,,,
frost_cycle_000037,recovery,median_centered_60s,offline,18,available,1.082702020202017,-0.082702020202017,0.2656330196749352,0.7343669803250648,1.9596400288888747,1.3754923733634024,0.545880616642988,7.12049516244877,0.3744537815126038,-20.0
frost_cycle_000037,recovery,ewma_tau30s,online,18,available,0.9283893949611833,0.07161060503881667,0.30175183556132484,0.6982481644386751,2.0954238944359256,1.4531753347600798,3.0165457512795237,28.403057106704328,0.33992600358385816,10.0
frost_cycle_000037,recovery,median30s_ewma30s,online,18,available,0.8115032011788116,0.18849679882118842,0.2076852045252271,0.7923147954747729,2.2446660597003167,1.4462677648172833,4.240171601669307,38.769438032342215,0.311914093379752,20.0
frost_cycle_000037,recovery,savgol_70s,offline,18,available,1.5247414622414923,-0.5247414622414923,0.27613276847665275,0.7238672315233472,1.8597670130158668,1.3944097608590558,0.21030825612571835,4.027218644440249,0.4184500466853427,0.0
frost_cycle_000037,recovery,adaptive_offline,offline,18,available,0.071306275153262,0.928693724846738,0.06448976959361054,0.9355102304063895,2.1140695173422612,1.3307987303735003,0.8176436972849678,9.951912842209161,0.10089848388340632,-30.0
frost_cycle_000037,recovery,wavelet_offline,offline,18,available,1.2620941031910622,-0.2620941031910622,0.9856624639857013,0.014337536014298657,1.877582114060131,1.4458808636628762,0.015077139645853437,0.08979456824041214,0.8113731200257216,0.0
frost_cycle_000037,recovery,wavelet_monotonic_offline,constrained,18,available,1.2620941031910622,-0.2620941031910622,0.9856624639857013,0.014337536014298657,1.877582114060131,1.4458808636628762,0.015077139645853437,0.08979456824041214,0.8113731200257216,0.0
frost_cycle_000037,recovery,nearly_isotonic_offline,constrained,18,available,1.2620941031910622,-0.2620941031910622,0.9856624639857013,0.014337536014298657,1.877582114060131,1.4458808636628762,0.015077139645853437,0.08979456824041214,0.8113731200257216,0.0
frost_cycle_000037,recovery,robust_monotone_offline,constrained,18,available,1.2620941031910622,-0.2620941031910622,0.9856624639857013,0.014337536014298657,1.877582114060131,1.4458808636628762,0.015077139645853437,0.08979456824041214,0.8113731200257216,0.0
frost_cycle_000037,frost_development,median_centered_60s,offline,902,available,0.4999999999999112,0.5000000000000888,0.5665947694796465,0.4334052305203535,-0.1302456950000015,0.47456108692246574,0.04480579254427371,0.3322553463555253,0.48166666666666075,0.0
frost_cycle_000037,frost_development,ewma_tau30s,online,902,available,0.9078872596326641,0.09211274036733585,0.3490387643912634,0.6509612356087366,-0.11695220695041719,0.4666931942167031,0.09568591570171048,0.6993992241454372,0.446677633694045,10.0
frost_cycle_000037,frost_development,median30s_ewma30s,online,902,available,0.819898684321014,0.18010131567898602,0.3385622635901643,0.6614377364098357,-0.10933974122331858,0.46634542021165853,0.12530792218689404,0.8686712508167413,0.38742634653479996,20.0
frost_cycle_000037,frost_development,savgol_70s,offline,902,available,1.1619047619046334,-0.16190476190463343,0.5484968994338122,0.4515031005661878,-0.13070749047618602,0.47367417968421516,0.002193106798529751,0.036867989684938304,0.6542857142857047,0.0
frost_cycle_000037,frost_development,adaptive_offline,offline,902,available,0.4160932901271597,0.5839067098728403,0.09876112716992132,0.9012388728300786,-0.1353982941965901,0.46409282436479804,0.11445400214118046,0.6525707646838667,0.10486501662560103,0.0
frost_cycle_000037,frost_development,wavelet_offline,offline,902,available,0.9909061440545697,0.00909385594543033,0.7907845498134219,0.20921545018657806,-0.12516705325099364,0.4716273154933574,0.0003469534695746625,0.03568507135753007,0.7248567071391372,0.0
frost_cycle_000037,frost_development,wavelet_monotonic_offline,constrained,902,available,0.0,1.0,0.23152731529628146,0.7684726847037185,-0.13059991233548374,0.4839507027108136,0.0009230589470226944,0.11395625111421662,0.0,0.0
frost_cycle_000037,frost_development,nearly_isotonic_offline,constrained,902,available,3.666796448698129e-05,0.999963332035513,0.8862901051496372,0.11370989485036276,-0.13503802333283632,0.47445757193911575,0.002989789861891027,0.07249726731004784,0.421666666666684,0.0
frost_cycle_000037,frost_development,robust_monotone_offline,constrained,902,available,0.0,1.0,0.1345625936596236,0.8654374063403764,-0.1517460886164521,0.5065934933793318,0.12203681245123864,1.3307115055983572,0.09973841211774123,-10.0
frost_cycle_000037,defrost_preparation,median_centered_60s,offline,0,insufficient_data,,,,,,,,,,
frost_cycle_000037,defrost_preparation,ewma_tau30s,online,0,insufficient_data,,,,,,,,,,
frost_cycle_000037,defrost_preparation,median30s_ewma30s,online,0,insufficient_data,,,,,,,,,,
frost_cycle_000037,defrost_preparation,savgol_70s,offline,0,insufficient_data,,,,,,,,,,
frost_cycle_000037,defrost_preparation,adaptive_offline,offline,0,insufficient_data,,,,,,,,,,
frost_cycle_000037,defrost_preparation,wavelet_offline,offline,0,insufficient_data,,,,,,,,,,
frost_cycle_000037,defrost_preparation,wavelet_monotonic_offline,constrained,0,insufficient_data,,,,,,,,,,
frost_cycle_000037,defrost_preparation,nearly_isotonic_offline,constrained,0,insufficient_data,,,,,,,,,,
frost_cycle_000037,defrost_preparation,robust_monotone_offline,constrained,0,insufficient_data,,,,,,,,,,
frost_cycle_000037,defrost,median_centered_60s,offline,0,insufficient_data,,,,,,,,,,
frost_cycle_000037,defrost,ewma_tau30s,online,0,insufficient_data,,,,,,,,,,
frost_cycle_000037,defrost,median30s_ewma30s,online,0,insufficient_data,,,,,,,,,,
frost_cycle_000037,defrost,savgol_70s,offline,0,insufficient_data,,,,,,,,,,
frost_cycle_000037,defrost,adaptive_offline,offline,0,insufficient_data,,,,,,,,,,
frost_cycle_000037,defrost,wavelet_offline,offline,0,insufficient_data,,,,,,,,,,
frost_cycle_000037,defrost,wavelet_monotonic_offline,constrained,0,insufficient_data,,,,,,,,,,
frost_cycle_000037,defrost,nearly_isotonic_offline,constrained,0,insufficient_data,,,,,,,,,,
frost_cycle_000037,defrost,robust_monotone_offline,constrained,0,insufficient_data,,,,,,,,,,
frost_cycle_000038,recovery,median_centered_60s,offline,17,available,1.285714285714275,-0.28571428571427493,0.08818183524849937,0.9118181647515007,2.0180332000000085,0.9807457855735697,1.4343123971245217,0.21298120440869903,0.34607645875251525,-20.0
frost_cycle_000038,recovery,ewma_tau30s,online,17,available,0.32318354538134253,0.6768164546186575,0.3008980417667228,0.6991019582332771,2.443548665279012,1.4978403539993623,7.789337641945371,46.75590355139911,0.7019245516512714,-30.0
frost_cycle_000038,recovery,median30s_ewma30s,online,17,available,0.16512000082033423,0.8348799991796658,0.24672739600073587,0.7532726039992641,2.6107211038589853,1.4825224636084922,9.462691051722462,55.815000725247856,0.7576823347374618,-30.0
frost_cycle_000038,recovery,savgol_70s,offline,17,available,1.6476190476190036,-0.6476190476190036,0.2949532929633182,0.7050467070366818,2.119295104761922,1.2818222013740905,0.7750966418336291,9.52062607459094,0.8148449781581857,0.0
frost_cycle_000038,recovery,adaptive_offline,offline,17,available,0.1596401634143593,0.8403598365856407,0.02444972980515205,0.975550270194848,2.195762001408826,0.9443877968897905,0.5252063874657901,24.336542498766985,0.1050625580412085,-30.0
frost_cycle_000038,recovery,wavelet_offline,offline,17,available,0.864183960440163,0.135816039559837,0.9696016382681606,0.030398361731839407,1.9415750331517057,1.5345018950308653,0.007181689208727714,0.11418573317606644,1.046322794242415,0.0
frost_cycle_000038,recovery,wavelet_monotonic_offline,constrained,17,available,0.864183960440163,0.135816039559837,0.9696016382681606,0.030398361731839407,1.9415750331517057,1.5345018950308653,0.007181689208727714,0.11418573317606644,1.046322794242415,0.0
frost_cycle_000038,recovery,nearly_isotonic_offline,constrained,17,available,0.864183960440163,0.135816039559837,0.9696016382681606,0.030398361731839407,1.9415750331517057,1.5345018950308653,0.007181689208727714,0.11418573317606644,1.046322794242415,0.0
frost_cycle_000038,recovery,robust_monotone_offline,constrained,17,available,0.864183960440163,0.135816039559837,0.9696016382681606,0.030398361731839407,1.9415750331517057,1.5345018950308653,0.007181689208727714,0.11418573317606644,1.046322794242415,0.0
frost_cycle_000038,frost_development,median_centered_60s,offline,79,available,0.4473684210526331,0.5526315789473669,0.6868814177904238,0.3131185822095762,1.245012,0.43449560219047434,0.037419708960721984,20.275414717141622,0.36669075144508495,0.0
frost_cycle_000038,frost_development,ewma_tau30s,online,79,available,0.4663668180822642,0.5336331819177358,0.36342309734181477,0.6365769026581852,1.1962944704556886,0.4634266494465381,0.004533450420837279,8.295293867935609,0.33823287951765274,10.0
frost_cycle_000038,frost_development,median30s_ewma30s,online,79,available,0.4216878893025812,0.5783121106974187,0.32598509939872095,0.674014900601279,1.1717902384915746,0.4809142513056359,0.07342148939622634,10.587132027956434,0.24745983173434602,20.0
frost_cycle_000038,frost_development,savgol_70s,offline,79,available,0.5714285714285955,0.4285714285714045,0.5089126159350725,0.49108738406492747,1.2491809447618936,0.4486492858326339,0.04289282974877963,8.106403556747726,0.5104482062574549,0.0
frost_cycle_000038,frost_development,adaptive_offline,offline,79,available,0.0989868640793545,0.9010131359206455,0.20742682667163415,0.7925731733283659,1.219944139732834,0.3991191160016509,0.3092191577095648,24.86530192246014,0.22349386062289128,0.0
frost_cycle_000038,frost_development,wavelet_offline,offline,79,available,0.46401868154014925,0.5359813184598508,0.6049514084749443,0.39504859152505567,1.303739209773445,0.442255872878672,0.0016861342495441748,9.880678490869007,0.45039087758938406,0.0
frost_cycle_000038,frost_development,wavelet_monotonic_offline,constrained,79,available,0.0,1.0,0.2956255698296197,0.7043744301703803,1.0129028511695681,0.7248896999945686,0.0034924935282747882,88.73677426462937,0.11179438610723412,-30.0
frost_cycle_000038,frost_development,nearly_isotonic_offline,constrained,79,available,0.44561404798012394,0.5543859520198761,0.8494061769732957,0.15059382302670432,1.27183858604542,0.44541203074183544,0.009530020038965062,7.594108591389979,0.6497471099564894,0.0
frost_cycle_000038,frost_development,robust_monotone_offline,constrained,79,available,0.0,1.0,0.1291344130736065,0.8708655869263935,1.1432140833635493,0.7304880222959835,1.354648904049962,88.11323006084788,0.16172453145615268,-100.0
frost_cycle_000038,defrost,median_centered_60s,offline,0,insufficient_data,,,,,,,,,,
frost_cycle_000038,defrost,ewma_tau30s,online,0,insufficient_data,,,,,,,,,,
frost_cycle_000038,defrost,median30s_ewma30s,online,0,insufficient_data,,,,,,,,,,
frost_cycle_000038,defrost,savgol_70s,offline,0,insufficient_data,,,,,,,,,,
frost_cycle_000038,defrost,adaptive_offline,offline,0,insufficient_data,,,,,,,,,,
frost_cycle_000038,defrost,wavelet_offline,offline,0,insufficient_data,,,,,,,,,,
frost_cycle_000038,defrost,wavelet_monotonic_offline,constrained,0,insufficient_data,,,,,,,,,,
frost_cycle_000038,defrost,nearly_isotonic_offline,constrained,0,insufficient_data,,,,,,,,,,
frost_cycle_000038,defrost,robust_monotone_offline,constrained,0,insufficient_data,,,,,,,,,,
frost_cycle_000039,recovery,median_centered_60s,offline,18,available,0.4925373134328465,0.5074626865671534,0.09927925381571534,0.9007207461842847,1.6061408249999882,0.9310875354702294,1.4354124651491664,0.3886507826781707,0.5009615384615379,-20.0
frost_cycle_000039,recovery,ewma_tau30s,online,18,available,0.35056252435969326,0.6494374756403067,0.3096608137928711,0.6903391862071289,2.034997494807116,1.7067947237185999,9.117415496411823,36.378139699960165,0.9124517237933276,-30.0
frost_cycle_000039,recovery,median30s_ewma30s,online,18,available,0.3358587261051438,0.6641412738948562,0.2652711303863322,0.7347288696136678,2.25058504574504,1.6942816574225907,11.252335069647353,44.433129675658314,1.0583953988439039,-30.0
frost_cycle_000039,recovery,savgol_70s,offline,18,available,1.582089552238821,-0.582089552238821,0.34456237657198646,0.6554376234280135,1.6381294028571292,1.4263642073249294,0.7634183603781061,4.78055824385215,1.1628296703296501,0.0
frost_cycle_000039,recovery,adaptive_offline,offline,18,available,0.07921196127004229,0.9207880387299577,0.031039283230925214,0.9689607167690748,1.7668092570533602,0.8781868842248161,1.0409316104843194,3.1043945306685146,0.18525926400590997,-30.0
frost_cycle_000039,recovery,wavelet_offline,offline,18,available,1.2384935227028004,-0.23849352270280044,0.9237625279598028,0.07623747204019715,1.6317463932744523,1.6039836051885787,0.01265156509409581,0.058930027345370145,1.0870261468524027,0.0
frost_cycle_000039,recovery,wavelet_monotonic_offline,constrained,18,available,1.2384935227028004,-0.23849352270280044,0.9237625279598028,0.07623747204019715,1.6317463932744523,1.6039836051885787,0.01265156509409581,0.058930027345370145,1.0870261468524027,0.0
frost_cycle_000039,recovery,nearly_isotonic_offline,constrained,18,available,1.2384935227028004,-0.23849352270280044,0.9237625279598028,0.07623747204019715,1.6317463932744523,1.6039836051885787,0.01265156509409581,0.058930027345370145,1.0870261468524027,0.0
frost_cycle_000039,recovery,robust_monotone_offline,constrained,18,available,1.2384935227028004,-0.23849352270280044,0.9237625279598028,0.07623747204019715,1.6317463932744523,1.6039836051885787,0.01265156509409581,0.058930027345370145,1.0870261468524027,0.0
frost_cycle_000039,frost_development,median_centered_60s,offline,903,available,0.49999999999982236,0.5000000000001776,0.49084654850746595,0.509153451492534,-0.24418880000000254,0.47380648281606585,0.037628598285664394,0.0626754754353413,0.49083333333332063,0.0
frost_cycle_000039,frost_development,ewma_tau30s,online,903,available,1.109844564990152,-0.10984456499015205,0.3237621360450434,0.6762378639549567,-0.24575651293961887,0.4672894618219284,0.08786466939448391,0.9502868906588793,0.41866844755510696,10.0
frost_cycle_000039,frost_development,median30s_ewma30s,online,903,available,1.0614280037430153,-0.06142800374301527,0.3027028928914467,0.6972971071085533,-0.24356925345971714,0.46558578706756015,0.10419578995327661,1.1256075735022555,0.4093490093142788,20.0
frost_cycle_000039,frost_development,savgol_70s,offline,903,available,1.3523809523806936,-0.35238095238069356,0.5037368958777574,0.4962631041222426,-0.24178599999999406,0.47463796986377116,0.0072369150615941595,0.14543328841584546,0.6742063492063363,0.0
frost_cycle_000039,frost_development,adaptive_offline,offline,903,available,0.782650800115958,0.217349199884042,0.08584476166694001,0.91415523833306,-0.2503052607784273,0.4599308886662999,0.07135681735297898,0.10929730102949779,0.13798353922527118,0.0
frost_cycle_000039,frost_development,wavelet_offline,offline,903,available,1.259970701621674,-0.2599707016216739,0.8714721447589232,0.1285278552410768,-0.24249967172693498,0.4748772832181478,0.004893561993442011,0.1484823889218372,0.7495476613685071,0.0
frost_cycle_000039,frost_development,wavelet_monotonic_offline,constrained,903,available,0.0,1.0,0.2130803215077882,0.7869196784922118,-0.25658108072732677,0.46586728303568675,0.014658199602872533,0.2688827209559399,0.0,0.0
frost_cycle_000039,frost_development,nearly_isotonic_offline,constrained,903,available,1.7405010765966843e-07,0.9999998259498923,0.8067863805970132,0.19321361940298676,-0.24195537667282618,0.4744499730605063,0.00018008132823019984,0.09426890996642412,0.6111114606877911,0.0
frost_cycle_000039,frost_development,robust_monotone_offline,constrained,903,available,0.0,1.0,0.12935859464273244,0.8706414053572675,-0.2600720371890066,0.4944905421285172,0.038496625251055655,0.8643854233030317,0.056898651053417675,0.0
frost_cycle_000039,defrost_preparation,median_centered_60s,offline,1,insufficient_data,,,,,-2.4235388700000104,0.0,,,,
frost_cycle_000039,defrost_preparation,ewma_tau30s,online,1,insufficient_data,,,,,-2.4235388700000104,0.0,,,,
frost_cycle_000039,defrost_preparation,median30s_ewma30s,online,1,insufficient_data,,,,,-2.4235388700000104,0.0,,,,
frost_cycle_000039,defrost_preparation,savgol_70s,offline,1,insufficient_data,,,,,-2.4235388700000104,0.0,,,,
frost_cycle_000039,defrost_preparation,adaptive_offline,offline,1,insufficient_data,,,,,-2.4235388700000104,0.0,,,,
frost_cycle_000039,defrost_preparation,wavelet_offline,offline,1,insufficient_data,,,,,-2.4235388700000104,0.0,,,,
frost_cycle_000039,defrost_preparation,wavelet_monotonic_offline,constrained,1,insufficient_data,,,,,-2.4235388700000104,0.0,,,,
frost_cycle_000039,defrost_preparation,nearly_isotonic_offline,constrained,1,insufficient_data,,,,,-2.4235388700000104,0.0,,,,
frost_cycle_000039,defrost_preparation,robust_monotone_offline,constrained,1,insufficient_data,,,,,-2.4235388700000104,0.0,,,,
frost_cycle_000039,defrost,median_centered_60s,offline,0,insufficient_data,,,,,,,,,,
frost_cycle_000039,defrost,ewma_tau30s,online,0,insufficient_data,,,,,,,,,,
frost_cycle_000039,defrost,median30s_ewma30s,online,0,insufficient_data,,,,,,,,,,
frost_cycle_000039,defrost,savgol_70s,offline,0,insufficient_data,,,,,,,,,,
frost_cycle_000039,defrost,adaptive_offline,offline,0,insufficient_data,,,,,,,,,,
frost_cycle_000039,defrost,wavelet_offline,offline,0,insufficient_data,,,,,,,,,,
frost_cycle_000039,defrost,wavelet_monotonic_offline,constrained,0,insufficient_data,,,,,,,,,,
frost_cycle_000039,defrost,nearly_isotonic_offline,constrained,0,insufficient_data,,,,,,,,,,
frost_cycle_000039,defrost,robust_monotone_offline,constrained,0,insufficient_data,,,,,,,,,,
frost_cycle_000040,recovery,median_centered_60s,offline,17,available,0.7934210526315779,0.20657894736842208,0.13691435632925003,0.8630856436707499,2.078716439999983,0.6942906335658134,0.2505316268178778,4.214828791550102,0.3301174496644296,-20.0
frost_cycle_000040,recovery,ewma_tau30s,online,17,available,0.49631033160960203,0.503689668390398,0.2778669828954643,0.7221330171045357,2.3330888824237306,0.8257372853351658,4.723521471287999,36.14556506851051,0.2998234447134127,0.0
frost_cycle_000040,recovery,median30s_ewma30s,online,17,available,0.513201492379364,0.48679850762063603,0.15139147832311342,0.8486085216768866,2.4147549828329655,0.846274147223276,6.29163186371047,44.733743216968286,0.3542249005537002,-20.0
frost_cycle_000040,recovery,savgol_70s,offline,17,available,1.225219298245616,-0.22521929824561604,0.15370395955502386,0.8462960404449762,2.1436820484656005,0.7098628544964887,0.4307331595567918,7.16983636379926,0.4369606903163943,-20.0
frost_cycle_000040,recovery,adaptive_offline,offline,17,available,0.1590831060495734,0.8409168939504266,0.049412562269434294,0.9505874377305658,2.1508052088637806,0.6959412414287411,0.5080298452740427,12.597806231498712,0.15402114368329264,-20.0
frost_cycle_000040,recovery,wavelet_offline,offline,17,available,1.5896114307579678,-0.5896114307579678,0.7545557146828666,0.24544428531713336,1.9208115620840367,0.826539617893961,0.019119516103245558,0.27391711132876484,0.6719326623775147,0.0
frost_cycle_000040,recovery,wavelet_monotonic_offline,constrained,17,available,1.5896114307579678,-0.5896114307579678,0.7545557146828666,0.24544428531713336,1.9208115620840367,0.826539617893961,0.019119516103245558,0.27391711132876484,0.6719326623775147,0.0
frost_cycle_000040,recovery,nearly_isotonic_offline,constrained,17,available,1.5896114307579678,-0.5896114307579678,0.7545557146828666,0.24544428531713336,1.9208115620840367,0.826539617893961,0.019119516103245558,0.27391711132876484,0.6719326623775147,0.0
frost_cycle_000040,recovery,robust_monotone_offline,constrained,17,available,1.5896114307579678,-0.5896114307579678,0.7545557146828666,0.24544428531713336,1.9208115620840367,0.826539617893961,0.019119516103245558,0.27391711132876484,0.6719326623775147,0.0
frost_cycle_000040,frost_development,median_centered_60s,offline,891,available,0.4999999999995559,0.5000000000004441,0.6714915040906213,0.3285084959093787,-0.033366099999992294,0.44610313787371475,0.006435217974592548,0.0034194429457569805,0.4954545454545459,0.0
frost_cycle_000040,frost_development,ewma_tau30s,online,891,available,0.9784225475239002,0.021577452476099768,0.4545938817478086,0.5454061182521914,-0.022621689258724764,0.43811608078698927,0.07752525297595922,0.6123396447947567,0.3896170421134623,10.0
frost_cycle_000040,frost_development,median30s_ewma30s,online,891,available,0.7726559809640627,0.22734401903593726,0.43991523742318855,0.5600847625768115,-0.01875366877207707,0.4394866936941574,0.11332579649864165,0.8266523760618658,0.35117507224187405,30.0
frost_cycle_000040,frost_development,savgol_70s,offline,891,available,1.1190476190472014,-0.1190476190472014,0.6548792791712837,0.34512072082871625,-0.03583006666666755,0.4447738403742278,0.0002368711384077895,0.019091426177451718,0.5761904761904723,0.0
frost_cycle_000040,frost_development,adaptive_offline,offline,891,available,0.7435997140790865,0.25640028592091346,0.20459102133672374,0.7954089786632763,-0.009397098188761888,0.43840709101369907,0.07185838216865435,0.895088745967312,0.1387710767659202,0.0
frost_cycle_000040,frost_development,wavelet_offline,offline,891,available,1.215933707246746,-0.215933707246746,0.6762300206986104,0.3237699793013896,-0.035271633715702855,0.44490757459951297,0.0025988113488303864,0.05589678825971217,0.6936019790316074,0.0
frost_cycle_000040,frost_development,wavelet_monotonic_offline,constrained,891,available,0.0,1.0,0.37248316781583674,0.6275168321841633,0.015020353055190228,0.46004535190025647,0.02763607428712298,0.502929020260202,0.0,0.0
frost_cycle_000040,frost_development,nearly_isotonic_offline,constrained,891,available,7.068756691095272e-08,0.9999999293124331,0.8385614063301259,0.16143859366987412,-0.029560699999996665,0.4426162311990228,0.001018332804138257,0.032607925069603444,0.46072565164896984,0.0
frost_cycle_000040,frost_development,robust_monotone_offline,constrained,891,available,0.0,1.0,0.2773858222342711,0.7226141777657289,0.006497205601553091,0.5009592908206558,0.11611482184917896,0.09248426189154844,0.0481320903054649,-30.0
frost_cycle_000040,defrost_preparation,median_centered_60s,offline,1,insufficient_data,,,,,0.2211668999999965,0.0,,,,
frost_cycle_000040,defrost_preparation,ewma_tau30s,online,1,insufficient_data,,,,,0.2211668999999965,0.0,,,,
frost_cycle_000040,defrost_preparation,median30s_ewma30s,online,1,insufficient_data,,,,,0.2211668999999965,0.0,,,,
frost_cycle_000040,defrost_preparation,savgol_70s,offline,1,insufficient_data,,,,,0.2211668999999965,0.0,,,,
frost_cycle_000040,defrost_preparation,adaptive_offline,offline,1,insufficient_data,,,,,0.2211668999999965,0.0,,,,
frost_cycle_000040,defrost_preparation,wavelet_offline,offline,1,insufficient_data,,,,,0.2211668999999965,0.0,,,,
frost_cycle_000040,defrost_preparation,wavelet_monotonic_offline,constrained,1,insufficient_data,,,,,0.2211668999999965,0.0,,,,
frost_cycle_000040,defrost_preparation,nearly_isotonic_offline,constrained,1,insufficient_data,,,,,0.2211668999999965,0.0,,,,
frost_cycle_000040,defrost_preparation,robust_monotone_offline,constrained,1,insufficient_data,,,,,0.2211668999999965,0.0,,,,
frost_cycle_000040,defrost,median_centered_60s,offline,0,insufficient_data,,,,,,,,,,
frost_cycle_000040,defrost,ewma_tau30s,online,0,insufficient_data,,,,,,,,,,
frost_cycle_000040,defrost,median30s_ewma30s,online,0,insufficient_data,,,,,,,,,,
frost_cycle_000040,defrost,savgol_70s,offline,0,insufficient_data,,,,,,,,,,
frost_cycle_000040,defrost,adaptive_offline,offline,0,insufficient_data,,,,,,,,,,
frost_cycle_000040,defrost,wavelet_offline,offline,0,insufficient_data,,,,,,,,,,
frost_cycle_000040,defrost,wavelet_monotonic_offline,constrained,0,insufficient_data,,,,,,,,,,
frost_cycle_000040,defrost,nearly_isotonic_offline,constrained,0,insufficient_data,,,,,,,,,,
frost_cycle_000040,defrost,robust_monotone_offline,constrained,0,insufficient_data,,,,,,,,,,
frost_cycle_000041,recovery,median_centered_60s,offline,18,available,2.4473684210525106,-1.4473684210525106,0.14210404802216445,0.8578959519778355,2.1298477644444493,2.786728674256434,3.2714039421841346,3.9118834289508277,0.14112802595457938,-10.0
frost_cycle_000041,recovery,ewma_tau30s,online,18,available,3.8278265059671663,-2.8278265059671663,0.3959080586276563,0.6040919413723437,2.6719006896640645,4.403903906505709,15.113000005181146,45.09731250374018,0.6965779383630405,-40.0
frost_cycle_000041,recovery,median30s_ewma30s,online,18,available,3.8760991764330686,-2.8760991764330686,0.3224590310624393,0.6775409689375607,2.898235939534186,4.510160974513191,19.78689101219246,53.51289491280522,0.6402235865431182,-40.0
frost_cycle_000041,recovery,savgol_70s,offline,18,available,7.103174603174255,-6.103174603174255,0.6502053145407775,0.34979468545922254,2.1109622328042343,3.966313139870512,0.6839642786249467,1.8630137091951822,0.954882527006307,10.0
frost_cycle_000041,recovery,adaptive_offline,offline,18,available,0.31478785847269336,0.6852121415273067,0.017226685135794003,0.982773314864206,2.5956097573863857,2.489330993358688,0.1357581288671514,38.113961264638085,0.04429179743684069,-40.0
frost_cycle_000041,recovery,wavelet_offline,offline,18,available,3.5284853951795334,-2.5284853951795334,1.0406793921322748,-0.04067939213227478,2.077493527223047,4.1283185881645235,0.015831873358639587,1.3444403766654143,0.9217711387724135,0.0
frost_cycle_000041,recovery,wavelet_monotonic_offline,constrained,18,available,3.5284853951795334,-2.5284853951795334,1.0406793921322748,-0.04067939213227478,2.077493527223047,4.1283185881645235,0.015831873358639587,1.3444403766654143,0.9217711387724135,0.0
frost_cycle_000041,recovery,nearly_isotonic_offline,constrained,18,available,3.5284853951795334,-2.5284853951795334,1.0406793921322748,-0.04067939213227478,2.077493527223047,4.1283185881645235,0.015831873358639587,1.3444403766654143,0.9217711387724135,0.0
frost_cycle_000041,recovery,robust_monotone_offline,constrained,18,available,3.5284853951795334,-2.5284853951795334,1.0406793921322748,-0.04067939213227478,2.077493527223047,4.1283185881645235,0.015831873358639587,1.3444403766654143,0.9217711387724135,0.0
frost_cycle_000041,frost_development,median_centered_60s,offline,806,available,0.17307692307686395,0.826923076923136,0.41423647932131524,0.5857635206786848,0.19919005500000742,0.48649177902947355,0.01296112512235802,0.007284948127941131,0.47916666666666324,0.0
frost_cycle_000041,frost_development,ewma_tau30s,online,806,available,0.35034959199587495,0.649650408004125,0.3761472717017938,0.6238527282982063,0.19416313745185887,0.48978504498722,0.08085710787889402,0.6327031068320496,0.7381390559437365,20.0
frost_cycle_000041,frost_development,median30s_ewma30s,online,806,available,0.28449383101013,0.7155061689898701,0.33697656269626813,0.6630234373037318,0.19383185909371692,0.4936125128029007,0.1161573228167685,0.8327605523269747,0.7075067873265776,30.0
frost_cycle_000041,frost_development,savgol_70s,offline,806,available,0.503663003663314,0.49633699633668604,0.46816138968843174,0.5318386103115682,0.20010524785716166,0.4868005144207807,0.0003544214559474964,0.04794196366561705,1.0409171075837937,0.0
frost_cycle_000041,frost_development,adaptive_offline,offline,806,available,0.19703750621721938,0.8029624937827806,0.1807116273129324,0.8192883726870677,0.1952879674873591,0.4881770394963224,0.02249201028094884,0.658608973562288,0.2052586364676477,0.0
frost_cycle_000041,frost_development,wavelet_offline,offline,806,available,0.3122749106790102,0.6877250893209899,0.871114253768967,0.128885746231033,0.1996515218719579,0.4868235246511698,0.0010136679485328638,0.027932927960251902,0.9648346496833392,0.0
frost_cycle_000041,frost_development,wavelet_monotonic_offline,constrained,806,available,0.0,1.0,0.21330833844698488,0.7866916615530151,0.21490817450698874,0.5112841287382048,0.0054078783940305014,0.539392708242075,0.0,0.0
frost_cycle_000041,frost_development,nearly_isotonic_offline,constrained,806,available,0.0010067391056187793,0.9989932608943812,0.6193001060445379,0.3806998939554621,0.19706102510561596,0.4864126326579471,6.191906069960276e-05,0.03629295793114152,0.358333333333345,0.0
frost_cycle_000041,frost_development,robust_monotone_offline,constrained,806,available,0.0,1.0,0.1917274484633291,0.8082725515366709,0.2142504718398266,0.5506878873086412,0.24710661982108817,0.4172297727641408,0.0,-10.0
frost_cycle_000042,recovery,median_centered_60s,offline,43,available,,,0.8238074461896472,0.17619255381035281,0.679184999999999,1.6955149314855436,2.373905786418338,,0.9870801033591652,0.0
frost_cycle_000042,recovery,ewma_tau30s,online,43,available,,,0.40154593104480074,0.5984540689551993,0.679184999999999,0.585063935225252,13.102745892790857,,2.7982221338654716,10.0
frost_cycle_000042,recovery,median30s_ewma30s,online,43,available,,,0.40154593104480074,0.5984540689551993,0.25781456250000256,0.6617185554494657,18.395029971396323,,2.83412099505882,20.0
frost_cycle_000042,recovery,savgol_70s,offline,43,available,,,0.5822949191311222,0.4177050808688778,0.679184999999999,1.4825174070685965,0.010442965564008913,,3.1538903244329495,0.0
frost_cycle_000042,recovery,adaptive_offline,offline,43,available,,,0.2893833374133583,0.7106166625866417,0.7259155053540649,1.1376199989056661,1.1180874263312621,,4.136571618905281,0.0
frost_cycle_000042,recovery,wavelet_offline,offline,43,available,,,0.9998344158846633,0.00016558411533673656,0.6762805373669787,1.5904288813245204,0.0003635888094781466,,0.9990653967613853,0.0
frost_cycle_000042,recovery,wavelet_monotonic_offline,constrained,43,available,,,0.9998344158846633,0.00016558411533673656,0.6762805373669787,1.5904288813245204,0.0003635888094781466,,0.9990653967613853,0.0
frost_cycle_000042,recovery,nearly_isotonic_offline,constrained,43,available,,,0.9998344158846633,0.00016558411533673656,0.6762805373669787,1.5904288813245204,0.0003635888094781466,,0.9990653967613853,0.0
frost_cycle_000042,recovery,robust_monotone_offline,constrained,43,available,,,0.9998344158846633,0.00016558411533673656,0.6762805373669787,1.5904288813245204,0.0003635888094781466,,0.9990653967613853,0.0
frost_cycle_000042,frost_development,median_centered_60s,offline,385,available,0.4166666666666605,0.5833333333333395,0.4261957720238792,0.5738042279761209,-0.49425070000000204,0.6965217654776578,0.010308139065159346,21.777476255088196,0.3396036278132354,0.0
frost_cycle_000042,frost_development,ewma_tau30s,online,385,available,1.1966486793397717,-0.1966486793397717,0.23885808089933394,0.7611419191006661,-0.5008953444822222,0.6520873454959386,0.0876749393048985,33.71904961711087,0.292918161824984,10.0
frost_cycle_000042,frost_development,median30s_ewma30s,online,385,available,0.8407626337538844,0.15923736624611562,0.2190180886482035,0.7809819113517965,-0.4940186454671016,0.6388924808784104,0.15666282274975238,44.74347711860174,0.25917625585054044,20.0
frost_cycle_000042,frost_development,savgol_70s,offline,385,available,1.8511904761908748,-0.8511904761908748,0.3212049695738524,0.6787950304261476,-0.504724142857139,0.6957067041504705,0.0026658472041237637,3.4502810622175812,0.520258489690808,0.0
frost_cycle_000042,frost_development,adaptive_offline,offline,385,available,0.5979003267117708,0.40209967328822915,0.13055568126865968,0.8694443187313403,-0.48800797781053795,0.6804084512779195,0.04659507805335263,52.538063215115386,0.17648238292898574,0.0
frost_cycle_000042,frost_development,wavelet_offline,offline,385,available,1.5287020213667015,-0.5287020213667015,0.8333524442671112,0.1666475557328888,-0.5039193317152257,0.6972719353175691,0.0014210182907611246,20.320790945735766,0.6120453315398442,0.0
frost_cycle_000042,frost_development,wavelet_monotonic_offline,constrained,385,available,0.0,1.0,0.049881841357840545,0.9501181586421594,-0.6753570802178661,1.1068015365920352,0.026406796729684167,100.0,0.0,-120.0
frost_cycle_000042,frost_development,nearly_isotonic_offline,constrained,385,available,3.7007434154178697e-13,0.99999999999963,0.8582278240371082,0.14177217596289182,-0.5084379163636399,0.7016062664142269,0.0008203173730509892,10.176390773405814,0.5049426555976868,0.0
frost_cycle_000042,frost_development,robust_monotone_offline,constrained,385,available,0.0,1.0,0.04992454150166922,0.9500754584983307,-0.606781883825219,1.1677060370859969,1.2706388095405075,100.0,0.009048252611384077,-120.0
frost_cycle_000043,recovery,median_centered_60s,offline,9,available,,,,,-1.145570309999999,3.526145491106174,,,,
frost_cycle_000043,recovery,ewma_tau30s,online,9,available,,,,,-1.145570309999999,3.526145491106174,,,,
frost_cycle_000043,recovery,median30s_ewma30s,online,9,available,,,,,-1.145570309999999,3.526145491106174,,,,
frost_cycle_000043,recovery,savgol_70s,offline,9,available,,,,,-1.145570309999999,3.526145491106174,,,,
frost_cycle_000043,recovery,adaptive_offline,offline,9,available,,,,,-1.145570309999999,3.526145491106174,,,,
frost_cycle_000043,recovery,wavelet_offline,offline,9,available,,,,,-1.145570309999999,3.526145491106174,,,,
frost_cycle_000043,recovery,wavelet_monotonic_offline,constrained,9,available,,,,,-1.145570309999999,3.526145491106174,,,,
frost_cycle_000043,recovery,nearly_isotonic_offline,constrained,9,available,,,,,-1.145570309999999,3.526145491106174,,,,
frost_cycle_000043,recovery,robust_monotone_offline,constrained,9,available,,,,,-1.145570309999999,3.526145491106174,,,,
frost_cycle_000043,frost_development,median_centered_60s,offline,953,available,0.49999999999980965,0.5000000000001903,0.5122907949790799,0.4877092050209201,-0.8053657599999982,0.6874230525456844,0.01921182210462464,,0.3044247787610561,0.0
frost_cycle_000043,frost_development,ewma_tau30s,online,953,available,0.7219852393314931,0.27801476066850694,0.330123633941561,0.669876366058439,-0.7990959623061071,0.6240922647972831,0.19502005096433658,,0.41162168102350677,10.0
frost_cycle_000043,frost_development,median30s_ewma30s,online,953,available,0.5989411508217709,0.4010588491782291,0.3011167178151953,0.6988832821848048,-0.8001235457196207,0.6145746905015894,0.2802747879209349,,0.357770395782888,20.0
frost_cycle_000043,frost_development,savgol_70s,offline,953,available,0.8911564625850457,0.10884353741495434,0.5510434281354792,0.44895657186452076,-0.8018794623809233,0.6773064078264578,0.005592493945013977,,0.6103666245259164,0.0
frost_cycle_000043,frost_development,adaptive_offline,offline,953,available,0.6113784614247023,0.3886215385752977,0.16245577519986523,0.8375442248001348,-0.8166351707029582,0.6675942094390059,0.03647441469174094,,0.11940439529509338,0.0
frost_cycle_000043,frost_development,wavelet_offline,offline,953,available,0.8926976007441346,0.10730239925586538,0.6151569081140372,0.3848430918859628,-0.804042612171699,0.6813510993960078,0.0032601408772146116,,0.7958814468316985,0.0
frost_cycle_000043,frost_development,wavelet_monotonic_offline,constrained,953,available,0.0,1.0,0.11054561445880164,0.8894543855411984,-0.9161551082678869,1.2922223184582073,0.011172564874688873,,0.02767858806085014,-120.0
frost_cycle_000043,frost_development,nearly_isotonic_offline,constrained,953,available,2.0497184013580778e-05,0.9999795028159865,0.932437506705296,0.06756249329470398,-0.8053096913378202,0.6829400840952624,0.0010460943141781165,,0.43775811205705173,0.0
frost_cycle_000043,frost_development,robust_monotone_offline,constrained,953,available,0.0,1.0,0.08152764096853785,0.9184723590314622,-0.8054934418513575,1.3998875042943246,2.969592578384808,,0.0612591457665229,-120.0
frost_cycle_000043,defrost_preparation,median_centered_60s,offline,1,insufficient_data,,,,,-4.233459519999997,0.0,,,,
frost_cycle_000043,defrost_preparation,ewma_tau30s,online,1,insufficient_data,,,,,-4.233459519999997,0.0,,,,
frost_cycle_000043,defrost_preparation,median30s_ewma30s,online,1,insufficient_data,,,,,-4.233459519999997,0.0,,,,
frost_cycle_000043,defrost_preparation,savgol_70s,offline,1,insufficient_data,,,,,-4.233459519999997,0.0,,,,
frost_cycle_000043,defrost_preparation,adaptive_offline,offline,1,insufficient_data,,,,,-4.233459519999997,0.0,,,,
frost_cycle_000043,defrost_preparation,wavelet_offline,offline,1,insufficient_data,,,,,-4.233459519999997,0.0,,,,
frost_cycle_000043,defrost_preparation,wavelet_monotonic_offline,constrained,1,insufficient_data,,,,,-4.233459519999997,0.0,,,,
frost_cycle_000043,defrost_preparation,nearly_isotonic_offline,constrained,1,insufficient_data,,,,,-4.233459519999997,0.0,,,,
frost_cycle_000043,defrost_preparation,robust_monotone_offline,constrained,1,insufficient_data,,,,,-4.233459519999997,0.0,,,,
frost_cycle_000043,defrost,median_centered_60s,offline,0,insufficient_data,,,,,,,,,,
frost_cycle_000043,defrost,ewma_tau30s,online,0,insufficient_data,,,,,,,,,,
frost_cycle_000043,defrost,median30s_ewma30s,online,0,insufficient_data,,,,,,,,,,
frost_cycle_000043,defrost,savgol_70s,offline,0,insufficient_data,,,,,,,,,,
frost_cycle_000043,defrost,adaptive_offline,offline,0,insufficient_data,,,,,,,,,,
frost_cycle_000043,defrost,wavelet_offline,offline,0,insufficient_data,,,,,,,,,,
frost_cycle_000043,defrost,wavelet_monotonic_offline,constrained,0,insufficient_data,,,,,,,,,,
frost_cycle_000043,defrost,nearly_isotonic_offline,constrained,0,insufficient_data,,,,,,,,,,
frost_cycle_000043,defrost,robust_monotone_offline,constrained,0,insufficient_data,,,,,,,,,,
frost_cycle_000044,recovery,median_centered_60s,offline,16,available,1.113305613305598,-0.11330561330559807,0.09786128047162182,0.9021387195283782,1.9616650550000037,0.7058220221825492,0.34904180905281684,5.997554724096312,0.22848244620611532,-20.0
frost_cycle_000044,recovery,ewma_tau30s,online,16,available,0.8861033882482535,0.11389661175174648,0.2929921411901935,0.7070078588098065,2.234951829262202,1.1659624249991383,5.348251495379029,34.48919330699864,0.47590859286300335,-30.0
frost_cycle_000044,recovery,median30s_ewma30s,online,16,available,0.8392919571594761,0.16070804284052387,0.1890993278837135,0.8109006721162865,2.2478496546310947,1.2074851168043275,6.847247981905946,43.587045692902834,0.6070234908025123,30.0
frost_cycle_000044,recovery,savgol_70s,offline,16,available,2.2268339768339205,-1.2268339768339205,1.0,0.0,1.877792801746037,1.1793193194979241,0.14006634642688653,1.8213657911084167,1.0,0.0
frost_cycle_000044,recovery,adaptive_offline,offline,16,available,0.2994297018861033,0.7005702981138967,0.09283946488186509,0.9071605351181349,1.9982443428621561,0.705754771078418,0.7351565214223829,20.18887655188355,0.08054343392248613,-20.0
frost_cycle_000044,recovery,wavelet_offline,offline,16,available,1.0,0.0,1.0,0.0,1.8306071599999938,1.180757571156479,0.0,0.0,1.0,0.0
frost_cycle_000044,recovery,wavelet_monotonic_offline,constrained,16,available,1.0,0.0,1.0,0.0,1.8306071599999938,1.180757571156479,0.0,0.0,1.0,0.0
frost_cycle_000044,recovery,nearly_isotonic_offline,constrained,16,available,1.0,0.0,1.0,0.0,1.8306071599999938,1.180757571156479,0.0,0.0,1.0,0.0
frost_cycle_000044,recovery,robust_monotone_offline,constrained,16,available,1.0,0.0,1.0,0.0,1.8306071599999938,1.180757571156479,0.0,0.0,1.0,0.0
frost_cycle_000044,frost_development,median_centered_60s,offline,903,available,0.47123015873017876,0.5287698412698212,0.510536773338953,0.489463226661047,-0.6153716000000093,0.7014501233332926,0.02436121326867371,0.24010284202233703,0.3485254691689005,0.0
frost_cycle_000044,frost_development,ewma_tau30s,online,903,available,0.9784796441641042,0.021520355835895844,0.27700042220632337,0.7229995777936766,-0.569052622272201,0.6728660494191611,0.11085855120193831,1.2268128199649553,0.3959198974082625,10.0
frost_cycle_000044,frost_development,median30s_ewma30s,online,903,available,0.8778794612954176,0.1221205387045824,0.2634276949958805,0.7365723050041195,-0.5698875519132596,0.6713302588521256,0.1377788025876541,1.370208738246737,0.3453471098726691,20.0
frost_cycle_000044,frost_development,savgol_70s,offline,903,available,1.054043839758167,-0.05404383975816707,0.42307613889936263,0.5769238611006373,-0.6030049142857159,0.6950595678320831,0.0025049523128347242,0.12757820725502314,0.608462653257112,0.0
frost_cycle_000044,frost_development,adaptive_offline,offline,903,available,0.7608927354629202,0.23910726453707976,0.08108427975791106,0.9189157202420889,-0.568123052714502,0.6598917580780869,0.0304155825979433,1.066909044450503,0.11720223488315695,0.0
frost_cycle_000044,frost_development,wavelet_offline,offline,903,available,1.016720749339908,-0.01672074933990797,0.7553548024359839,0.24464519756401615,-0.6154120850025517,0.7000451234015046,0.002788027210760572,0.16897202582696616,0.6999877144985854,0.0
frost_cycle_000044,frost_development,wavelet_monotonic_offline,constrained,903,available,0.0,1.0,0.24414822097872427,0.7558517790212758,-0.6104044621608145,0.7894770753371974,0.0055876892163468014,1.2143244975509389,0.0,0.0
frost_cycle_000044,frost_development,nearly_isotonic_offline,constrained,903,available,2.631306601179712e-07,0.9999997368693399,0.7970682264436239,0.20293177355637615,-0.6090234285685447,0.6980686378041867,0.00244145375548231,0.14792197291263048,0.5353589514350469,0.0
frost_cycle_000044,frost_development,robust_monotone_offline,constrained,903,available,0.0,1.0,0.12951165610096738,0.8704883438990326,-0.6398602252282153,0.8415564752742136,0.36544796942037083,1.4370521080770475,0.04417400783439868,-120.0
frost_cycle_000044,defrost_preparation,median_centered_60s,offline,1,insufficient_data,,,,,-3.8659232999999995,0.0,,,,
frost_cycle_000044,defrost_preparation,ewma_tau30s,online,1,insufficient_data,,,,,-3.8659232999999995,0.0,,,,
frost_cycle_000044,defrost_preparation,median30s_ewma30s,online,1,insufficient_data,,,,,-3.8659232999999995,0.0,,,,
frost_cycle_000044,defrost_preparation,savgol_70s,offline,1,insufficient_data,,,,,-3.8659232999999995,0.0,,,,
frost_cycle_000044,defrost_preparation,adaptive_offline,offline,1,insufficient_data,,,,,-3.8659232999999995,0.0,,,,
frost_cycle_000044,defrost_preparation,wavelet_offline,offline,1,insufficient_data,,,,,-3.8659232999999995,0.0,,,,
frost_cycle_000044,defrost_preparation,wavelet_monotonic_offline,constrained,1,insufficient_data,,,,,-3.8659232999999995,0.0,,,,
frost_cycle_000044,defrost_preparation,nearly_isotonic_offline,constrained,1,insufficient_data,,,,,-3.8659232999999995,0.0,,,,
frost_cycle_000044,defrost_preparation,robust_monotone_offline,constrained,1,insufficient_data,,,,,-3.8659232999999995,0.0,,,,
frost_cycle_000044,defrost,median_centered_60s,offline,1,insufficient_data,,,,,-2.365046199999991,0.0,,,,
frost_cycle_000044,defrost,ewma_tau30s,online,1,insufficient_data,,,,,-2.365046199999991,0.0,,,,
frost_cycle_000044,defrost,median30s_ewma30s,online,1,insufficient_data,,,,,-2.365046199999991,0.0,,,,
frost_cycle_000044,defrost,savgol_70s,offline,1,insufficient_data,,,,,-2.365046199999991,0.0,,,,
frost_cycle_000044,defrost,adaptive_offline,offline,1,insufficient_data,,,,,-2.365046199999991,0.0,,,,
frost_cycle_000044,defrost,wavelet_offline,offline,1,insufficient_data,,,,,-2.365046199999991,0.0,,,,
frost_cycle_000044,defrost,wavelet_monotonic_offline,constrained,1,insufficient_data,,,,,-2.365046199999991,0.0,,,,
frost_cycle_000044,defrost,nearly_isotonic_offline,constrained,1,insufficient_data,,,,,-2.365046199999991,0.0,,,,
frost_cycle_000044,defrost,robust_monotone_offline,constrained,1,insufficient_data,,,,,-2.365046199999991,0.0,,,,
frost_cycle_000045,recovery,median_centered_60s,offline,18,available,0.5934959349593488,0.4065040650406512,0.07819924955118454,0.9218007504488155,2.0915900400000003,0.9424840744598443,0.894163655607035,4.389219148080262,0.32279595129822525,-20.0
frost_cycle_000045,recovery,ewma_tau30s,online,18,available,0.2214641642926575,0.7785358357073425,0.29857919821168877,0.7014208017883112,2.4155108435239367,1.411611112664286,6.55044732721351,38.69146122751672,0.5224269931436232,-30.0
frost_cycle_000045,recovery,median30s_ewma30s,online,18,available,0.17305791865053638,0.8269420813494637,0.21913260541752252,0.7808673945824774,2.5292091211272427,1.4154683848669962,7.935092676408238,44.977642290337975,0.7269471277798228,-30.0
frost_cycle_000045,recovery,savgol_70s,offline,18,available,1.1507506344903895,-0.1507506344903895,0.2533401833159901,0.7466598166840099,2.0798916990476313,1.196482508767734,0.5716527881770795,8.350496642188363,0.7474066933506568,-30.0
frost_cycle_000045,recovery,adaptive_offline,offline,18,available,0.04472489240504131,0.9552751075949587,0.0365398647865731,0.9634601352134269,2.073315083487456,0.9731423779115385,0.7743770576941287,6.226858309259715,0.16268396274663074,-30.0
frost_cycle_000045,recovery,wavelet_offline,offline,18,available,0.8161246350799486,0.1838753649200514,0.9041839524452704,0.09581604755472961,1.9448346483904948,1.4345546318508866,0.004913841541252491,0.12838362550137739,0.9748531550022737,0.0
frost_cycle_000045,recovery,wavelet_monotonic_offline,constrained,18,available,0.8161246350799486,0.1838753649200514,0.9041839524452704,0.09581604755472961,1.9448346483904948,1.4345546318508866,0.004913841541252491,0.12838362550137739,0.9748531550022737,0.0
frost_cycle_000045,recovery,nearly_isotonic_offline,constrained,18,available,0.8161246350799486,0.1838753649200514,0.9041839524452704,0.09581604755472961,1.9448346483904948,1.4345546318508866,0.004913841541252491,0.12838362550137739,0.9748531550022737,0.0
frost_cycle_000045,recovery,robust_monotone_offline,constrained,18,available,0.8161246350799486,0.1838753649200514,0.9041839524452704,0.09581604755472961,1.9448346483904948,1.4345546318508866,0.004913841541252491,0.12838362550137739,0.9748531550022737,0.0
frost_cycle_000045,frost_development,median_centered_60s,offline,715,available,0.5156250000000191,0.4843749999999809,0.5357261548687263,0.4642738451312737,0.02014189999999605,0.5189200761832069,0.01727258114051568,0.2741216600614975,0.37806301050174645,-10.0
frost_cycle_000045,frost_development,ewma_tau30s,online,715,available,1.1469626860837179,-0.14696268608371788,0.2944776561481337,0.7055223438518663,0.04902673084996234,0.49234873070707635,0.09283153956330131,3.5502390504588353,0.3578035311259351,10.0
frost_cycle_000045,frost_development,median30s_ewma30s,online,715,available,0.9588672322531346,0.04113276774686536,0.28732441718181834,0.7126755828181817,0.05344272143044293,0.4912803954675583,0.13361950700866784,4.191993934893907,0.324725266879803,20.0
frost_cycle_000045,frost_development,savgol_70s,offline,715,available,1.4017857142862842,-0.4017857142862842,0.4355584041526221,0.5644415958473779,0.024825118518529976,0.5120679123029725,0.0013879804677543214,0.6644663878230739,0.4740234483525039,0.0
frost_cycle_000045,frost_development,adaptive_offline,offline,715,available,0.5625795289325713,0.43742047106742865,0.10207303813415718,0.8979269618658429,0.058724830935705796,0.48485679052543185,0.04301363717837371,3.690686518799586,0.07745809007857705,-10.0
frost_cycle_000045,frost_development,wavelet_offline,offline,715,available,1.1935170795342998,-0.19351707953429975,0.7314414032185184,0.26855859678148164,0.03479805420621318,0.5115647919362126,0.00013958783781526176,0.5946743748557366,0.5359509734363813,0.0
frost_cycle_000045,frost_development,wavelet_monotonic_offline,constrained,715,available,0.0,1.0,0.13589009218107337,0.8641099078189266,0.04367512656090078,0.5739716556652024,0.0014614754775243495,2.689431097626698,0.028780190161616946,-120.0
frost_cycle_000045,frost_development,nearly_isotonic_offline,constrained,715,available,6.391356333068638e-07,0.9999993608643667,0.8127838706103925,0.18721612938960752,0.019214439999998056,0.5132824550381653,0.004384584949481274,0.4440086222799827,0.3967327887981396,0.0
frost_cycle_000045,frost_development,robust_monotone_offline,constrained,715,available,0.0,1.0,0.11095767299870364,0.8890423270012964,0.06597250178976122,0.5906508067813361,0.29254402822738734,0.12057058765466129,0.057634577356642645,-120.0
frost_cycle_000045,defrost_preparation,median_centered_60s,offline,1,insufficient_data,,,,,-1.2273756800000015,0.0,,,,
frost_cycle_000045,defrost_preparation,ewma_tau30s,online,1,insufficient_data,,,,,-1.2273756800000015,0.0,,,,
frost_cycle_000045,defrost_preparation,median30s_ewma30s,online,1,insufficient_data,,,,,-1.2273756800000015,0.0,,,,
frost_cycle_000045,defrost_preparation,savgol_70s,offline,1,insufficient_data,,,,,-1.2273756800000015,0.0,,,,
frost_cycle_000045,defrost_preparation,adaptive_offline,offline,1,insufficient_data,,,,,-1.2273756800000015,0.0,,,,
frost_cycle_000045,defrost_preparation,wavelet_offline,offline,1,insufficient_data,,,,,-1.2273756800000015,0.0,,,,
frost_cycle_000045,defrost_preparation,wavelet_monotonic_offline,constrained,1,insufficient_data,,,,,-1.2273756800000015,0.0,,,,
frost_cycle_000045,defrost_preparation,nearly_isotonic_offline,constrained,1,insufficient_data,,,,,-1.2273756800000015,0.0,,,,
frost_cycle_000045,defrost_preparation,robust_monotone_offline,constrained,1,insufficient_data,,,,,-1.2273756800000015,0.0,,,,
frost_cycle_000045,defrost,median_centered_60s,offline,0,insufficient_data,,,,,,,,,,
frost_cycle_000045,defrost,ewma_tau30s,online,0,insufficient_data,,,,,,,,,,
frost_cycle_000045,defrost,median30s_ewma30s,online,0,insufficient_data,,,,,,,,,,
frost_cycle_000045,defrost,savgol_70s,offline,0,insufficient_data,,,,,,,,,,
frost_cycle_000045,defrost,adaptive_offline,offline,0,insufficient_data,,,,,,,,,,
frost_cycle_000045,defrost,wavelet_offline,offline,0,insufficient_data,,,,,,,,,,
frost_cycle_000045,defrost,wavelet_monotonic_offline,constrained,0,insufficient_data,,,,,,,,,,
frost_cycle_000045,defrost,nearly_isotonic_offline,constrained,0,insufficient_data,,,,,,,,,,
frost_cycle_000045,defrost,robust_monotone_offline,constrained,0,insufficient_data,,,,,,,,,,
frost_cycle_000046,recovery,median_centered_60s,offline,18,available,0.6951331496786171,0.30486685032138294,0.08660647103085024,0.9133935289691497,1.938151427777786,1.0024596073171623,0.8648806233942959,3.9361012472061416,0.3769714217953287,-20.0
frost_cycle_000046,recovery,ewma_tau30s,online,18,available,0.2691982461642675,0.7308017538357325,0.30102179155645914,0.6989782084435409,2.2823729569041884,1.482749786747662,6.768208042324826,37.37112745534155,0.5577525243392684,-30.0
frost_cycle_000046,recovery,median30s_ewma30s,online,18,available,0.1964113255379161,0.8035886744620839,0.21424485306504573,0.7857551469349543,2.409441493639884,1.5202859345927462,8.397138177944248,44.15812755065275,0.7623816658961338,-30.0
frost_cycle_000046,recovery,savgol_70s,offline,18,available,1.2615330797148223,-0.2615330797148223,0.2624326680760085,0.7375673319239915,1.9551099551851907,1.245683664112786,0.5932772457520391,7.117895972624964,0.7803470492904855,10.0
frost_cycle_000046,recovery,adaptive_offline,offline,18,available,0.1694461321990862,0.8305538678009138,0.031509494500463704,0.9684905054995363,2.022095102478512,0.9866542974465713,0.46311035579865173,18.960571616464904,0.1470166035787739,-30.0
frost_cycle_000046,recovery,wavelet_offline,offline,18,available,1.0019586667161637,-0.0019586667161637372,0.8408718507945236,0.15912814920547635,1.9335148921364906,1.3246670722335956,0.012453503547090045,0.2911856161154811,1.0851841671038607,0.0
frost_cycle_000046,recovery,wavelet_monotonic_offline,constrained,18,available,1.0019586667161637,-0.0019586667161637372,0.8408718507945236,0.15912814920547635,1.9335148921364906,1.3246670722335956,0.012453503547090045,0.2911856161154811,1.0851841671038607,0.0
frost_cycle_000046,recovery,nearly_isotonic_offline,constrained,18,available,1.0019586667161637,-0.0019586667161637372,0.8408718507945236,0.15912814920547635,1.9335148921364906,1.3246670722335956,0.012453503547090045,0.2911856161154811,1.0851841671038607,0.0
frost_cycle_000046,recovery,robust_monotone_offline,constrained,18,available,1.0019586667161637,-0.0019586667161637372,0.8408718507945236,0.15912814920547635,1.9335148921364906,1.3246670722335956,0.012453503547090045,0.2911856161154811,1.0851841671038607,0.0
frost_cycle_000046,frost_development,median_centered_60s,offline,721,available,0.5555555555555666,0.44444444444443343,0.541682673837879,0.45831732616212095,-0.22321948000000802,0.6233034598031023,0.11308501205969507,0.48534634567919,0.45834565710342634,0.0
frost_cycle_000046,frost_development,ewma_tau30s,online,721,available,1.3636990053313105,-0.3636990053313105,0.30496027583526053,0.6950397241647395,-0.22900060160813762,0.6016752512609376,0.07681715271789324,2.6590668222492755,0.3674849786599619,10.0
frost_cycle_000046,frost_development,median30s_ewma30s,online,721,available,1.1200603982275354,-0.12006039822753545,0.2920521142205647,0.7079478857794352,-0.23138441180932556,0.6004632422130819,0.08911463571058442,3.018465175943313,0.33541890992843976,20.0
frost_cycle_000046,frost_development,savgol_70s,offline,721,available,1.8783068783067038,-0.8783068783067038,0.42278038974158844,0.5772196102584115,-0.22223491269839446,0.6212352475283685,0.00013628744566557198,0.3808828891192597,0.5767383557978074,0.0
frost_cycle_000046,frost_development,adaptive_offline,offline,721,available,0.6144976096655528,0.3855023903344472,0.1112982475642847,0.8887017524357153,-0.22114857285995715,0.5978577202911713,0.12522643728178906,0.9149502291640252,0.09559521578153718,0.0
frost_cycle_000046,frost_development,wavelet_offline,offline,721,available,1.54063482362844,-0.54063482362844,0.7523602692485892,0.24763973075141077,-0.21491531917918216,0.6199076746612501,0.0023277972253224997,0.3711900275776234,0.5632086416310388,0.0
frost_cycle_000046,frost_development,wavelet_monotonic_offline,constrained,721,available,0.0,1.0,0.2590945778885055,0.7409054221114946,-0.22567773338192332,0.6722505208787409,0.04269003074953295,1.891494966095993,0.0,-120.0
frost_cycle_000046,frost_development,nearly_isotonic_offline,constrained,721,available,2.3813346356541116e-08,0.9999999761866536,0.8384710763120312,0.16152892368796878,-0.21881253333333728,0.6215241886035694,0.005449099405650846,0.26479766208395433,0.5283323474317323,0.0
frost_cycle_000046,frost_development,robust_monotone_offline,constrained,721,available,0.0,1.0,0.12158569375463775,0.8784143062453622,-0.21390744591535338,0.6865159332093865,0.08148108566167192,2.130849327159131,0.04546950818552379,-120.0
frost_cycle_000046,defrost_preparation,median_centered_60s,offline,1,insufficient_data,,,,,-2.4805354499999996,0.0,,,,
frost_cycle_000046,defrost_preparation,ewma_tau30s,online,1,insufficient_data,,,,,-2.4805354499999996,0.0,,,,
frost_cycle_000046,defrost_preparation,median30s_ewma30s,online,1,insufficient_data,,,,,-2.4805354499999996,0.0,,,,
frost_cycle_000046,defrost_preparation,savgol_70s,offline,1,insufficient_data,,,,,-2.4805354499999996,0.0,,,,
frost_cycle_000046,defrost_preparation,adaptive_offline,offline,1,insufficient_data,,,,,-2.4805354499999996,0.0,,,,
frost_cycle_000046,defrost_preparation,wavelet_offline,offline,1,insufficient_data,,,,,-2.4805354499999996,0.0,,,,
frost_cycle_000046,defrost_preparation,wavelet_monotonic_offline,constrained,1,insufficient_data,,,,,-2.4805354499999996,0.0,,,,
frost_cycle_000046,defrost_preparation,nearly_isotonic_offline,constrained,1,insufficient_data,,,,,-2.4805354499999996,0.0,,,,
frost_cycle_000046,defrost_preparation,robust_monotone_offline,constrained,1,insufficient_data,,,,,-2.4805354499999996,0.0,,,,
frost_cycle_000046,defrost,median_centered_60s,offline,0,insufficient_data,,,,,,,,,,
frost_cycle_000046,defrost,ewma_tau30s,online,0,insufficient_data,,,,,,,,,,
frost_cycle_000046,defrost,median30s_ewma30s,online,0,insufficient_data,,,,,,,,,,
frost_cycle_000046,defrost,savgol_70s,offline,0,insufficient_data,,,,,,,,,,
frost_cycle_000046,defrost,adaptive_offline,offline,0,insufficient_data,,,,,,,,,,
frost_cycle_000046,defrost,wavelet_offline,offline,0,insufficient_data,,,,,,,,,,
frost_cycle_000046,defrost,wavelet_monotonic_offline,constrained,0,insufficient_data,,,,,,,,,,
frost_cycle_000046,defrost,nearly_isotonic_offline,constrained,0,insufficient_data,,,,,,,,,,
frost_cycle_000046,defrost,robust_monotone_offline,constrained,0,insufficient_data,,,,,,,,,,
frost_cycle_000047,recovery,median_centered_60s,offline,18,available,0.5893805309734872,0.4106194690265128,0.05956923031154924,0.9404307696884507,1.8603045150000086,1.4277912506008141,1.64882270667523,2.2021606276500205,0.24818087318087323,-30.0
frost_cycle_000047,recovery,ewma_tau30s,online,18,available,1.1581891403886644,-0.15818914038866438,0.3126993519126048,0.6873006480873952,2.2793414617110717,2.394110159127445,10.184699640767011,40.31262867331464,0.8017418933292186,-30.0
frost_cycle_000047,recovery,median30s_ewma30s,online,18,available,0.657318352932882,0.342681647067118,0.2626033919906054,0.7373966080093945,2.4568259909423538,2.4339053072789985,12.750084875688591,47.86041939209602,0.8152826868393719,-30.0
frost_cycle_000047,recovery,savgol_70s,offline,18,available,2.0523809523810574,-1.0523809523810574,0.3948840787123656,0.6051159212876345,1.8835520689682697,2.0261410364487547,0.7863383736408686,4.232533166072037,1.0361969111969052,10.0
frost_cycle_000047,recovery,adaptive_offline,offline,18,available,0.1895012597401118,0.8104987402598882,0.026542800971517327,0.9734571990284827,2.1854197153061032,1.370459897696793,0.18203834721555842,17.82815267280875,0.12321928598701995,-30.0
frost_cycle_000047,recovery,wavelet_offline,offline,18,available,0.9347979701659869,0.06520202983401313,0.9217893602904811,0.07821063970951891,1.9287054380844126,2.179812403575431,0.006792085533297746,0.4159370914379594,1.2365260664993671,0.0
frost_cycle_000047,recovery,wavelet_monotonic_offline,constrained,18,available,0.9347979701659869,0.06520202983401313,0.9217893602904811,0.07821063970951891,1.9287054380844126,2.179812403575431,0.006792085533297746,0.4159370914379594,1.2365260664993671,0.0
frost_cycle_000047,recovery,nearly_isotonic_offline,constrained,18,available,0.9347979701659869,0.06520202983401313,0.9217893602904811,0.07821063970951891,1.9287054380844126,2.179812403575431,0.006792085533297746,0.4159370914379594,1.2365260664993671,0.0
frost_cycle_000047,recovery,robust_monotone_offline,constrained,18,available,0.9347979701659869,0.06520202983401313,0.9217893602904811,0.07821063970951891,1.9287054380844126,2.179812403575431,0.006792085533297746,0.4159370914379594,1.2365260664993671,0.0
frost_cycle_000047,frost_development,median_centered_60s,offline,716,available,0.5000000000000278,0.49999999999997224,0.5554705432287673,0.4445294567712327,-0.1858775649999953,0.6371909618817959,0.016751637107979764,0.006924794637120437,0.3116279069767444,0.0
frost_cycle_000047,frost_development,ewma_tau30s,online,716,available,1.0130159939416556,-0.013015993941655646,0.32099842802232875,0.6790015719776712,-0.1709482057723979,0.6180984675780203,0.13323727336199398,2.946437475541788,0.3498053478608794,10.0
frost_cycle_000047,frost_development,median30s_ewma30s,online,716,available,0.8525423691733222,0.14745763082667784,0.3107881695060323,0.6892118304939677,-0.16620930278038948,0.6196948583317516,0.20987728720420284,3.7927312724887696,0.30450822158067875,20.0
frost_cycle_000047,frost_development,savgol_70s,offline,716,available,1.187499999999941,-0.18749999999994094,0.4458365212955886,0.5541634787044114,-0.17604317190474905,0.631312122384967,0.003591921137182971,0.5024886650411662,0.4695459579180519,0.0
frost_cycle_000047,frost_development,adaptive_offline,offline,716,available,0.6814452185370417,0.31855478146295835,0.12732022249938815,0.8726797775006119,-0.1728957119758867,0.625340606113458,0.11721910693617697,3.580058634870859,0.15663786701720508,0.0
frost_cycle_000047,frost_development,wavelet_offline,offline,716,available,1.018271660641721,-0.018271660641721033,0.8708466187022289,0.1291533812977711,-0.18218165020424815,0.6328978296838844,0.00765026656295373,0.2240645627699522,0.5310683547103692,0.0
frost_cycle_000047,frost_development,wavelet_monotonic_offline,constrained,716,available,0.0,1.0,0.339318395049105,0.660681604950895,-0.19402012781981037,0.6923249285853689,0.0026417228847473244,2.576846354979208,0.009302325581394369,0.0
frost_cycle_000047,frost_development,nearly_isotonic_offline,constrained,716,available,6.872280522429331e-11,0.9999999999312772,0.8003060443764335,0.1996939556235665,-0.18513647734567096,0.6332449589678848,0.0016797329390322694,0.4596827691472715,0.4417571059431403,0.0
frost_cycle_000047,frost_development,robust_monotone_offline,constrained,716,available,0.0,1.0,0.13683357943517768,0.8631664205648223,-0.17540657668317516,0.715647892054082,0.4233016358912444,1.9808836156392866,0.036038496818010926,-20.0
frost_cycle_000047,defrost_preparation,median_centered_60s,offline,1,insufficient_data,,,,,-0.9844118000000028,0.0,,,,
frost_cycle_000047,defrost_preparation,ewma_tau30s,online,1,insufficient_data,,,,,-0.9844118000000028,0.0,,,,
frost_cycle_000047,defrost_preparation,median30s_ewma30s,online,1,insufficient_data,,,,,-0.9844118000000028,0.0,,,,
frost_cycle_000047,defrost_preparation,savgol_70s,offline,1,insufficient_data,,,,,-0.9844118000000028,0.0,,,,
frost_cycle_000047,defrost_preparation,adaptive_offline,offline,1,insufficient_data,,,,,-0.9844118000000028,0.0,,,,
frost_cycle_000047,defrost_preparation,wavelet_offline,offline,1,insufficient_data,,,,,-0.9844118000000028,0.0,,,,
frost_cycle_000047,defrost_preparation,wavelet_monotonic_offline,constrained,1,insufficient_data,,,,,-0.9844118000000028,0.0,,,,
frost_cycle_000047,defrost_preparation,nearly_isotonic_offline,constrained,1,insufficient_data,,,,,-0.9844118000000028,0.0,,,,
frost_cycle_000047,defrost_preparation,robust_monotone_offline,constrained,1,insufficient_data,,,,,-0.9844118000000028,0.0,,,,
frost_cycle_000047,defrost,median_centered_60s,offline,0,insufficient_data,,,,,,,,,,
frost_cycle_000047,defrost,ewma_tau30s,online,0,insufficient_data,,,,,,,,,,
frost_cycle_000047,defrost,median30s_ewma30s,online,0,insufficient_data,,,,,,,,,,
frost_cycle_000047,defrost,savgol_70s,offline,0,insufficient_data,,,,,,,,,,
frost_cycle_000047,defrost,adaptive_offline,offline,0,insufficient_data,,,,,,,,,,
frost_cycle_000047,defrost,wavelet_offline,offline,0,insufficient_data,,,,,,,,,,
frost_cycle_000047,defrost,wavelet_monotonic_offline,constrained,0,insufficient_data,,,,,,,,,,
frost_cycle_000047,defrost,nearly_isotonic_offline,constrained,0,insufficient_data,,,,,,,,,,
frost_cycle_000047,defrost,robust_monotone_offline,constrained,0,insufficient_data,,,,,,,,,,
frost_cycle_000048,recovery,median_centered_60s,offline,18,available,1.3157894736842357,-0.3157894736842357,0.19477376155830584,0.8052262384416942,2.0647199549999975,2.839496712208932,2.7202125043573715,2.1471617289042113,0.16202971862156224,-10.0
frost_cycle_000048,recovery,ewma_tau30s,online,18,available,1.8161833561273593,-0.8161833561273593,0.4338211481278036,0.5661788518721964,2.554672360938378,3.916903575363032,11.541359092419702,42.400162200982045,0.6233381435489949,-40.0
frost_cycle_000048,recovery,median30s_ewma30s,online,18,available,1.443050014857796,-0.44305001485779605,0.3675465595010837,0.6324534404989163,2.767630811382926,3.9587174090034916,15.26918325322158,51.524200264840694,0.5653854954036933,-40.0
frost_cycle_000048,recovery,savgol_70s,offline,18,available,3.168128654970694,-2.168128654970694,0.7166336084275736,0.2833663915724264,1.993168283333342,3.7037391077584236,0.4070156394221107,1.771626981488334,0.8989657197055205,0.0
frost_cycle_000048,recovery,adaptive_offline,offline,18,available,0.15483837179349658,0.8451616282065034,0.024647584012020378,0.9753524159879796,2.574635748218399,2.561344928408027,0.6988312186545522,39.23864810757481,0.0531801360300661,-30.0
frost_cycle_000048,recovery,wavelet_offline,offline,18,available,2.7495750832363623,-1.7495750832363623,1.086978081448026,-0.0869780814480261,2.0319752819299888,3.8068321996943917,0.013188040508001767,1.9680171119210734,0.8595515954171182,0.0
frost_cycle_000048,recovery,wavelet_monotonic_offline,constrained,18,available,2.7495750832363623,-1.7495750832363623,1.086978081448026,-0.0869780814480261,2.0319752819299888,3.8068321996943917,0.013188040508001767,1.9680171119210734,0.8595515954171182,0.0
frost_cycle_000048,recovery,nearly_isotonic_offline,constrained,18,available,2.7495750832363623,-1.7495750832363623,1.086978081448026,-0.0869780814480261,2.0319752819299888,3.8068321996943917,0.013188040508001767,1.9680171119210734,0.8595515954171182,0.0
frost_cycle_000048,recovery,robust_monotone_offline,constrained,18,available,2.7495750832363623,-1.7495750832363623,1.086978081448026,-0.0869780814480261,2.0319752819299888,3.8068321996943917,0.013188040508001767,1.9680171119210734,0.8595515954171182,0.0
frost_cycle_000048,frost_development,median_centered_60s,offline,363,available,0.40000000000002667,0.5999999999999733,0.44493337025604657,0.5550666297439535,-0.24481279999999206,0.6871101858613219,0.002015551264247796,38.37799128722329,0.3847167325428205,0.0
frost_cycle_000048,frost_development,ewma_tau30s,online,363,available,0.7737523815379685,0.22624761846203145,0.2949686500404221,0.705031349959578,-0.24546218003601883,0.6655487737888157,0.07524027963472948,29.038623345718502,0.41177773761491665,10.0
frost_cycle_000048,frost_development,median30s_ewma30s,online,363,available,0.7062536007247397,0.29374639927526025,0.26929588114545977,0.7307041188545402,-0.24180817369526064,0.6607082431733016,0.10767237601146333,32.09525657349121,0.33125252418224066,20.0
frost_cycle_000048,frost_development,savgol_70s,offline,363,available,1.007936507936535,-0.007936507936534998,0.4732019231975319,0.526798076802468,-0.24706676825396023,0.6813937152379322,0.004161603770526019,14.830191789080182,0.5250015684798258,0.0
frost_cycle_000048,frost_development,adaptive_offline,offline,363,available,0.41431359719917243,0.5856864028008275,0.1255677850629667,0.8744322149370333,-0.24119228766860168,0.6850719476653963,0.03433329331177305,99.99119057026292,0.14648677687694117,10.0
frost_cycle_000048,frost_development,wavelet_offline,offline,363,available,0.7669630920165875,0.23303690798341248,0.857600115608887,0.14239988439111295,-0.24274658279196615,0.6808278406210321,0.004745799014226149,14.064353847347826,0.8739334228967608,0.0
frost_cycle_000048,frost_development,wavelet_monotonic_offline,constrained,363,available,0.0,1.0,0.09328252259349658,0.9067174774065034,-0.3277922580425532,0.851535547682088,0.022567311633281895,100.0,0.0,-120.0
frost_cycle_000048,frost_development,nearly_isotonic_offline,constrained,363,available,3.891287292390444e-09,0.9999999961087127,0.7339497625914388,0.26605023740856115,-0.2518128000000015,0.6845056887879465,0.0,26.353165841140815,0.48208168642950106,0.0
frost_cycle_000048,frost_development,robust_monotone_offline,constrained,363,available,0.0,1.0,0.07835641778696456,0.9216435822130354,-0.266060116167103,0.8562571937115471,0.545143447432448,100.0,0.0,-120.0
frost_cycle_000049,recovery,median_centered_60s,offline,44,available,0.35714285714285327,0.6428571428571468,0.2436630703236714,0.7563369296763286,1.294758719999995,0.30382119735519786,0.7367438343511892,22.7837135431706,0.24007285974499187,10.0
frost_cycle_000049,recovery,ewma_tau30s,online,44,available,0.3817043613361996,0.6182956386638003,0.24568706044600946,0.7543129395539905,1.204385342187856,0.31808453006314297,0.8023919700969822,10.842595299195517,0.20031228510583388,10.0
frost_cycle_000049,recovery,median30s_ewma30s,online,44,available,0.21954449746934676,0.7804555025306532,0.17371611258072614,0.8262838874192738,1.1847523439267191,0.3093336371035461,0.5641241430648118,10.316330379436149,0.16111762370012675,10.0
frost_cycle_000049,recovery,savgol_70s,offline,44,available,0.5891156462585316,0.41088435374146837,0.40154190884725094,0.5984580911527491,1.2190356249999938,0.3347986769890324,0.08787736870717754,8.035513753101936,0.33289964437505365,0.0
frost_cycle_000049,recovery,adaptive_offline,offline,44,available,0.06762652351718466,0.9323734764828153,0.06948674454976873,0.9305132554502312,1.259325069148126,0.3001197619944034,0.7151305492160299,21.732613992786582,0.09598154435323852,10.0
frost_cycle_000049,recovery,wavelet_offline,offline,44,available,0.45481811265580646,0.5451818873441936,0.447015273668239,0.552984726331761,1.242003884749451,0.340271598603449,0.07395775364562054,7.88987797722142,0.31958245704793803,0.0
frost_cycle_000049,recovery,wavelet_monotonic_offline,constrained,44,available,0.45481811265580646,0.5451818873441936,0.447015273668239,0.552984726331761,1.242003884749451,0.340271598603449,0.07395775364562054,7.88987797722142,0.31958245704793803,0.0
frost_cycle_000049,recovery,nearly_isotonic_offline,constrained,44,available,0.45481811265580646,0.5451818873441936,0.447015273668239,0.552984726331761,1.242003884749451,0.340271598603449,0.07395775364562054,7.88987797722142,0.31958245704793803,0.0
frost_cycle_000049,recovery,robust_monotone_offline,constrained,44,available,0.45481811265580646,0.5451818873441936,0.447015273668239,0.552984726331761,1.242003884749451,0.340271598603449,0.07395775364562054,7.88987797722142,0.31958245704793803,0.0
frost_cycle_000049,frost_development,median_centered_60s,offline,757,available,0.4500000000000666,0.5499999999999334,0.3642756525949722,0.6357243474050278,0.0914824999999988,0.707071288710367,0.050019478484748865,0.19836690376029692,0.2579529737206109,0.0
frost_cycle_000049,frost_development,ewma_tau30s,online,757,available,0.7864159168821749,0.21358408311782506,0.20398581184288642,0.7960141881571136,0.12628337798431488,0.6804405426435278,0.1115108076308753,0.8015932460772386,0.2628626202988188,0.0
frost_cycle_000049,frost_development,median30s_ewma30s,online,757,available,0.6093425746237062,0.3906574253762938,0.1818554315282358,0.8181445684717642,0.13295788212856863,0.6850912426413032,0.2479312883000873,1.1501687868962833,0.2069641929396201,20.0
frost_cycle_000049,frost_development,savgol_70s,offline,757,available,1.1000000000001333,-0.10000000000013332,0.28714493236657285,0.7128550676334271,0.1090608333333476,0.6969718355609472,0.004535768462761282,0.21298575144433887,0.3579990779161012,0.0
frost_cycle_000049,frost_development,adaptive_offline,offline,757,available,0.5172541870340234,0.48274581296597663,0.03629980756782422,0.9637001924321758,0.10957411447090415,0.6982627563682428,0.06301332021068771,0.23950572526999914,0.06175938643192816,0.0
frost_cycle_000049,frost_development,wavelet_offline,offline,757,available,1.017637631974223,-0.017637631974223078,0.7332216197192388,0.2667783802807612,0.1002180768756844,0.6989707417059242,0.00011670420317227122,0.19779725757279853,0.7448872254546527,0.0
frost_cycle_000049,frost_development,wavelet_monotonic_offline,constrained,757,available,0.0,1.0,0.1639268853042964,0.8360731146957037,0.11386870484858136,0.7197462823782892,0.010564465932863597,0.3528620510965056,0.0,-10.0
frost_cycle_000049,frost_development,nearly_isotonic_offline,constrained,757,available,1.3322676295503347e-12,0.9999999999986677,0.8014702645595847,0.1985297354404153,0.10768999999999895,0.7004282807816865,0.0009044109996005424,0.12471783683892003,0.4464038727524281,0.0
frost_cycle_000049,frost_development,robust_monotone_offline,constrained,757,available,0.0,1.0,0.07820953755219726,0.9217904624478027,0.10320297693922686,0.7382440529472757,0.15795813577637188,0.07016497559782245,0.06743035646956662,-40.0
frost_cycle_000049,defrost_preparation,median_centered_60s,offline,1,insufficient_data,,,,,-2.616377470000007,0.0,,,,
frost_cycle_000049,defrost_preparation,ewma_tau30s,online,1,insufficient_data,,,,,-2.616377470000007,0.0,,,,
frost_cycle_000049,defrost_preparation,median30s_ewma30s,online,1,insufficient_data,,,,,-2.616377470000007,0.0,,,,
frost_cycle_000049,defrost_preparation,savgol_70s,offline,1,insufficient_data,,,,,-2.616377470000007,0.0,,,,
frost_cycle_000049,defrost_preparation,adaptive_offline,offline,1,insufficient_data,,,,,-2.616377470000007,0.0,,,,
frost_cycle_000049,defrost_preparation,wavelet_offline,offline,1,insufficient_data,,,,,-2.616377470000007,0.0,,,,
frost_cycle_000049,defrost_preparation,wavelet_monotonic_offline,constrained,1,insufficient_data,,,,,-2.616377470000007,0.0,,,,
frost_cycle_000049,defrost_preparation,nearly_isotonic_offline,constrained,1,insufficient_data,,,,,-2.616377470000007,0.0,,,,
frost_cycle_000049,defrost_preparation,robust_monotone_offline,constrained,1,insufficient_data,,,,,-2.616377470000007,0.0,,,,
frost_cycle_000049,defrost,median_centered_60s,offline,0,insufficient_data,,,,,,,,,,
frost_cycle_000049,defrost,ewma_tau30s,online,0,insufficient_data,,,,,,,,,,
frost_cycle_000049,defrost,median30s_ewma30s,online,0,insufficient_data,,,,,,,,,,
frost_cycle_000049,defrost,savgol_70s,offline,0,insufficient_data,,,,,,,,,,
frost_cycle_000049,defrost,adaptive_offline,offline,0,insufficient_data,,,,,,,,,,
frost_cycle_000049,defrost,wavelet_offline,offline,0,insufficient_data,,,,,,,,,,
frost_cycle_000049,defrost,wavelet_monotonic_offline,constrained,0,insufficient_data,,,,,,,,,,
frost_cycle_000049,defrost,nearly_isotonic_offline,constrained,0,insufficient_data,,,,,,,,,,
frost_cycle_000049,defrost,robust_monotone_offline,constrained,0,insufficient_data,,,,,,,,,,
frost_cycle_000050,recovery,median_centered_60s,offline,17,available,0.7654867256637122,0.23451327433628777,0.04431934584122274,0.9556806541587772,1.972700600000005,2.8714739035201124,0.3695598982498679,2.9991085452306834,0.6792313377679233,10.0
frost_cycle_000050,recovery,ewma_tau30s,online,17,available,0.6441938445241246,0.35580615547587535,0.286612162753075,0.713387837246925,2.2433529697890684,3.461679421756877,4.1809154042887435,23.026175799516654,0.6477426476558341,10.0
frost_cycle_000050,recovery,median30s_ewma30s,online,17,available,0.4651180151083922,0.5348819848916078,0.1458021992351085,0.8541978007648915,2.392018193117809,3.4818849855425893,5.57852275276887,32.748656204326885,0.6154372191130639,10.0
frost_cycle_000050,recovery,savgol_70s,offline,17,available,0.5341340075854151,0.46586599241458493,0.9989424019227444,0.0010575980772555837,2.0564700000000133,3.309244793569698,0.1567889827379784,1.1094670070763324,0.8539928905782599,0.0
frost_cycle_000050,recovery,adaptive_offline,offline,17,available,0.22512454432994372,0.7748754556700563,0.022364544571340347,0.9776354554286597,2.0634239972921007,2.8411608704022284,0.189176266327038,2.1385270566215913,0.37133910770112605,10.0
frost_cycle_000050,recovery,wavelet_offline,offline,17,available,0.9460959445024641,0.05390405549753585,1.000312767544071,-0.00031276754407105756,2.0495849746484094,3.31445622085255,0.02558545675256845,0.16377126961343694,0.9463337934821388,0.0
frost_cycle_000050,recovery,wavelet_monotonic_offline,constrained,17,available,0.9460959445024641,0.05390405549753585,1.000312767544071,-0.00031276754407105756,2.0495849746484094,3.31445622085255,0.02558545675256845,0.16377126961343694,0.9463337934821388,0.0
frost_cycle_000050,recovery,nearly_isotonic_offline,constrained,17,available,0.9460959445024641,0.05390405549753585,1.000312767544071,-0.00031276754407105756,2.0495849746484094,3.31445622085255,0.02558545675256845,0.16377126961343694,0.9463337934821388,0.0
frost_cycle_000050,recovery,robust_monotone_offline,constrained,17,available,0.9460959445024641,0.05390405549753585,1.000312767544071,-0.00031276754407105756,2.0495849746484094,3.31445622085255,0.02558545675256845,0.16377126961343694,0.9463337934821388,0.0
frost_cycle_000050,frost_development,median_centered_60s,offline,715,available,0.4500000000000666,0.5499999999999334,0.45518493306103885,0.5448150669389611,0.05242605000001088,0.7565736473829134,0.04126584207047399,0.9693512872171159,0.14069690992768316,-10.0
frost_cycle_000050,frost_development,ewma_tau30s,online,715,available,0.6772283375143431,0.3227716624856569,0.23932281762013707,0.7606771823798629,0.05824415360143753,0.7420610911371752,0.05312716503520629,3.2947949547455475,0.3042322835096039,10.0
frost_cycle_000050,frost_development,median30s_ewma30s,online,715,available,0.46499488674417017,0.5350051132558298,0.221996657839645,0.7780033421603549,0.06595903491279831,0.7468509227592626,0.0744450196896147,4.076159053996686,0.2547576059169505,20.0
frost_cycle_000050,frost_development,savgol_70s,offline,715,available,0.8238095238095174,0.17619047619048256,0.3196408311452553,0.6803591688547447,0.03736690476191118,0.7512148392875232,0.0017195618409835975,0.9139023428138937,0.4485144485144488,0.0
frost_cycle_000050,frost_development,adaptive_offline,offline,715,available,0.4115754543998938,0.5884245456001063,0.058996798621433005,0.941003201378567,0.05006448210744985,0.7352081051763837,0.04003499098008506,4.687683536508569,0.08723120999893265,-10.0
frost_cycle_000050,frost_development,wavelet_offline,offline,715,available,0.7562436562093156,0.24375634379068445,0.8035275861722966,0.19647241382770342,0.05263718584319399,0.7525510177035253,0.0026652519585597793,0.26806732865171956,0.38742055762413263,0.0
frost_cycle_000050,frost_development,wavelet_monotonic_offline,constrained,715,available,0.0,1.0,0.12220361079696591,0.877796389203034,0.021858453154124824,0.8338817570004147,0.01983523305293131,3.9380954187404913,0.0,0.0
frost_cycle_000050,frost_development,nearly_isotonic_offline,constrained,715,available,2.465968673704127e-06,0.9999975340313263,0.8408894939868422,0.1591105060131578,0.048006309999995445,0.7529047440550163,0.0005733997040308783,0.4170445068192776,0.3760683760683839,0.0
frost_cycle_000050,frost_development,robust_monotone_offline,constrained,715,available,0.0,1.0,0.12440195401886242,0.8755980459811376,0.06760013751195704,0.850368624885698,0.5005928268185432,0.13492576913869397,0.01827189559213218,-10.0
frost_cycle_000050,defrost_preparation,median_centered_60s,offline,1,insufficient_data,,,,,-1.471877690000011,0.0,,,,
frost_cycle_000050,defrost_preparation,ewma_tau30s,online,1,insufficient_data,,,,,-1.471877690000011,0.0,,,,
frost_cycle_000050,defrost_preparation,median30s_ewma30s,online,1,insufficient_data,,,,,-1.471877690000011,0.0,,,,
frost_cycle_000050,defrost_preparation,savgol_70s,offline,1,insufficient_data,,,,,-1.471877690000011,0.0,,,,
frost_cycle_000050,defrost_preparation,adaptive_offline,offline,1,insufficient_data,,,,,-1.471877690000011,0.0,,,,
frost_cycle_000050,defrost_preparation,wavelet_offline,offline,1,insufficient_data,,,,,-1.471877690000011,0.0,,,,
frost_cycle_000050,defrost_preparation,wavelet_monotonic_offline,constrained,1,insufficient_data,,,,,-1.471877690000011,0.0,,,,
frost_cycle_000050,defrost_preparation,nearly_isotonic_offline,constrained,1,insufficient_data,,,,,-1.471877690000011,0.0,,,,
frost_cycle_000050,defrost_preparation,robust_monotone_offline,constrained,1,insufficient_data,,,,,-1.471877690000011,0.0,,,,
frost_cycle_000050,defrost,median_centered_60s,offline,0,insufficient_data,,,,,,,,,,
frost_cycle_000050,defrost,ewma_tau30s,online,0,insufficient_data,,,,,,,,,,
frost_cycle_000050,defrost,median30s_ewma30s,online,0,insufficient_data,,,,,,,,,,
frost_cycle_000050,defrost,savgol_70s,offline,0,insufficient_data,,,,,,,,,,
frost_cycle_000050,defrost,adaptive_offline,offline,0,insufficient_data,,,,,,,,,,
frost_cycle_000050,defrost,wavelet_offline,offline,0,insufficient_data,,,,,,,,,,
frost_cycle_000050,defrost,wavelet_monotonic_offline,constrained,0,insufficient_data,,,,,,,,,,
frost_cycle_000050,defrost,nearly_isotonic_offline,constrained,0,insufficient_data,,,,,,,,,,
frost_cycle_000050,defrost,robust_monotone_offline,constrained,0,insufficient_data,,,,,,,,,,
frost_cycle_000051,recovery,median_centered_60s,offline,17,available,1.5227272727272598,-0.5227272727272598,0.05629641894129318,0.9437035810587068,1.9557050000000018,1.7675163803995886,2.090944459732581,2.790908176606618,0.283104395604396,-10.0
frost_cycle_000051,recovery,ewma_tau30s,online,17,available,1.485852333957012,-0.485852333957012,0.3154169692348338,0.6845830307651661,2.291922774190996,2.9942687123898954,7.400542190805079,31.86336256863555,1.1359212295763814,20.0
frost_cycle_000051,recovery,median30s_ewma30s,online,17,available,1.581667779386996,-0.581667779386996,0.2573676317730607,0.7426323682269393,2.3442340199993215,3.0622194069997763,9.352104088810712,40.52347732181112,0.6569732896991571,20.0
frost_cycle_000051,recovery,savgol_70s,offline,17,available,1.9231601731601464,-0.9231601731601464,1.0,0.0,2.0783658000000234,2.885509900936533,0.022774071719262084,0.36230322361190853,0.9706698063840924,0.0
frost_cycle_000051,recovery,adaptive_offline,offline,17,available,0.6359974148943485,0.36400258510565153,0.023306531452015344,0.9766934685479847,2.050498727375089,1.749458008821742,0.9936358375882927,14.420966964440382,0.13264215165009868,-30.0
frost_cycle_000051,recovery,wavelet_offline,offline,17,available,2.325952347999861,-1.325952347999861,1.0,0.0,2.081725522592474,2.886433986883757,0.015582051207926485,0.23008837196922405,0.973046971070541,0.0
frost_cycle_000051,recovery,wavelet_monotonic_offline,constrained,17,available,2.325952347999861,-1.325952347999861,1.0,0.0,2.081725522592474,2.886433986883757,0.015582051207926485,0.23008837196922405,0.973046971070541,0.0
frost_cycle_000051,recovery,nearly_isotonic_offline,constrained,17,available,2.325952347999861,-1.325952347999861,1.0,0.0,2.081725522592474,2.886433986883757,0.015582051207926485,0.23008837196922405,0.973046971070541,0.0
frost_cycle_000051,recovery,robust_monotone_offline,constrained,17,available,2.325952347999861,-1.325952347999861,1.0,0.0,2.081725522592474,2.886433986883757,0.015582051207926485,0.23008837196922405,0.973046971070541,0.0
frost_cycle_000051,frost_development,median_centered_60s,offline,722,available,0.4500000000001066,0.5499999999998935,0.4163863332387636,0.5836136667612364,-0.1379799999999971,0.7431134370171028,0.055007307528919254,0.7146716308528436,0.14067186562687198,0.0
frost_cycle_000051,frost_development,ewma_tau30s,online,722,available,0.8549415483988834,0.14505845160111663,0.25561424992824444,0.7443857500717556,-0.16239755334831907,0.7143579941115781,0.02262930874025958,2.4113123618718255,0.3215533435537776,0.0
frost_cycle_000051,frost_development,median30s_ewma30s,online,722,available,0.5918782890473052,0.4081217109526948,0.21948892099839631,0.7805110790016037,-0.15755821447872265,0.7246465621272221,0.04689493650574713,2.286971109650145,0.273357097863002,20.0
frost_cycle_000051,frost_development,savgol_70s,offline,722,available,1.142857142857384,-0.14285714285738393,0.3279215954204823,0.6720784045795176,-0.14814016190474932,0.7244440883512581,0.008996442100664517,0.9827023618694858,0.513925786271318,0.0
frost_cycle_000051,frost_development,adaptive_offline,offline,722,available,0.5083161445648033,0.49168385543519666,0.07496950585841265,0.9250304941415873,-0.1707654112192798,0.7075133657033147,0.007505749601083534,3.719478486689429,0.0799105889826966,0.0
frost_cycle_000051,frost_development,wavelet_offline,offline,722,available,1.0082817156108932,-0.008281715610893192,0.841767278356101,0.158232721643899,-0.11276819676197025,0.7219853936358923,0.006096783241041332,0.6774414408682933,0.5568058439801544,0.0
frost_cycle_000051,frost_development,wavelet_monotonic_offline,constrained,722,available,0.0,1.0,0.15416270938196877,0.8458372906180313,-0.23991646230647978,0.8086412286996612,0.03166775402601783,3.6257728932951516,0.0,0.0
frost_cycle_000051,frost_development,nearly_isotonic_offline,constrained,722,available,6.642547845105085e-07,0.9999993357452155,0.8257238006457819,0.17427619935421812,-0.1331673050062343,0.7258689346974165,0.0010677684584461914,0.4258588072653672,0.5556174479389475,0.0
frost_cycle_000051,frost_development,robust_monotone_offline,constrained,722,available,0.0,1.0,0.09516339832109036,0.9048366016789097,-0.2098266784418552,0.8581192121002029,0.8134122710047955,2.932810838135806,0.0,-10.0
frost_cycle_000051,defrost_preparation,median_centered_60s,offline,1,insufficient_data,,,,,-1.4036764000000064,0.0,,,,
frost_cycle_000051,defrost_preparation,ewma_tau30s,online,1,insufficient_data,,,,,-1.4036764000000064,0.0,,,,
frost_cycle_000051,defrost_preparation,median30s_ewma30s,online,1,insufficient_data,,,,,-1.4036764000000064,0.0,,,,
frost_cycle_000051,defrost_preparation,savgol_70s,offline,1,insufficient_data,,,,,-1.4036764000000064,0.0,,,,
frost_cycle_000051,defrost_preparation,adaptive_offline,offline,1,insufficient_data,,,,,-1.4036764000000064,0.0,,,,
frost_cycle_000051,defrost_preparation,wavelet_offline,offline,1,insufficient_data,,,,,-1.4036764000000064,0.0,,,,
frost_cycle_000051,defrost_preparation,wavelet_monotonic_offline,constrained,1,insufficient_data,,,,,-1.4036764000000064,0.0,,,,
frost_cycle_000051,defrost_preparation,nearly_isotonic_offline,constrained,1,insufficient_data,,,,,-1.4036764000000064,0.0,,,,
frost_cycle_000051,defrost_preparation,robust_monotone_offline,constrained,1,insufficient_data,,,,,-1.4036764000000064,0.0,,,,
frost_cycle_000051,defrost,median_centered_60s,offline,0,insufficient_data,,,,,,,,,,
frost_cycle_000051,defrost,ewma_tau30s,online,0,insufficient_data,,,,,,,,,,
frost_cycle_000051,defrost,median30s_ewma30s,online,0,insufficient_data,,,,,,,,,,
frost_cycle_000051,defrost,savgol_70s,offline,0,insufficient_data,,,,,,,,,,
frost_cycle_000051,defrost,adaptive_offline,offline,0,insufficient_data,,,,,,,,,,
frost_cycle_000051,defrost,wavelet_offline,offline,0,insufficient_data,,,,,,,,,,
frost_cycle_000051,defrost,wavelet_monotonic_offline,constrained,0,insufficient_data,,,,,,,,,,
frost_cycle_000051,defrost,nearly_isotonic_offline,constrained,0,insufficient_data,,,,,,,,,,
frost_cycle_000051,defrost,robust_monotone_offline,constrained,0,insufficient_data,,,,,,,,,,
frost_cycle_000052,recovery,median_centered_60s,offline,18,available,0.98636363636366,0.013636363636340021,0.08733931603201542,0.9126606839679846,1.9151130549999995,1.1532862536777095,0.5987249453428758,8.266572415959732,0.29123036649214684,-20.0
frost_cycle_000052,recovery,ewma_tau30s,online,18,available,0.24901827843912339,0.7509817215608766,0.30338627833470944,0.6966137216652906,2.4546984770747478,1.8046929686563662,8.2448489281586,38.53231554446992,0.5200996750221875,-30.0
frost_cycle_000052,recovery,median30s_ewma30s,online,18,available,0.35055155193190196,0.649448448068098,0.22596757274632195,0.774032427253678,2.545535219156683,1.8622388624755286,10.127437046229698,45.84657942768029,0.7136438815908682,-30.0
frost_cycle_000052,recovery,savgol_70s,offline,18,available,1.9415584415584553,-0.9415584415584553,0.29617823360243883,0.7038217663975612,1.9644582930952441,1.5202473660293028,0.7833988583000727,7.561468665380741,0.7908750934928938,10.0
frost_cycle_000052,recovery,adaptive_offline,offline,18,available,0.14539283330345604,0.854607166696544,0.025729439796209348,0.9742705602037907,1.9927662972420301,1.135391256977986,0.3068898116648953,11.563221705128978,0.11029241116002615,-30.0
frost_cycle_000052,recovery,wavelet_offline,offline,18,available,1.47136805095264,-0.4713680509526399,0.8121968915078915,0.18780310849210846,1.998421701754951,1.6289118354119587,0.07931907264102211,0.5176437860189392,1.0251537807718023,0.0
frost_cycle_000052,recovery,wavelet_monotonic_offline,constrained,18,available,1.47136805095264,-0.4713680509526399,0.8121968915078915,0.18780310849210846,1.998421701754951,1.6289118354119587,0.07931907264102211,0.5176437860189392,1.0251537807718023,0.0
frost_cycle_000052,recovery,nearly_isotonic_offline,constrained,18,available,1.47136805095264,-0.4713680509526399,0.8121968915078915,0.18780310849210846,1.998421701754951,1.6289118354119587,0.07931907264102211,0.5176437860189392,1.0251537807718023,0.0
frost_cycle_000052,recovery,robust_monotone_offline,constrained,18,available,1.47136805095264,-0.4713680509526399,0.8121968915078915,0.18780310849210846,1.998421701754951,1.6289118354119587,0.07931907264102211,0.5176437860189392,1.0251537807718023,0.0
frost_cycle_000052,frost_development,median_centered_60s,offline,718,available,0.4500000000000666,0.5499999999999334,0.5487179487179509,0.4512820512820491,0.26661354999999753,0.6102715708518301,0.06643810426180928,0.5344084140776515,0.23456790123457025,0.0
frost_cycle_000052,frost_development,ewma_tau30s,online,718,available,1.21936341044795,-0.21936341044795005,0.25907142953413087,0.7409285704658691,0.2905059944283086,0.5812973499864196,0.08314540442658881,5.84067514597931,0.2859785367797,10.0
frost_cycle_000052,frost_development,median30s_ewma30s,online,718,available,0.7400048328618885,0.25999516713811155,0.227852914375667,0.772147085624333,0.30045043457725606,0.5851006761909602,0.09196087035434314,6.7999097157246,0.23571519679089284,20.0
frost_cycle_000052,frost_development,savgol_70s,offline,718,available,1.5761904761906602,-0.5761904761906602,0.35604395604395545,0.6439560439560446,0.27300012857144296,0.5961139374035751,0.000662946653676169,1.505521917408913,0.3893298059964786,0.0
frost_cycle_000052,frost_development,adaptive_offline,offline,718,available,0.4734724651383881,0.5265275348616119,0.09387389981425251,0.9061261001857475,0.29823380390429266,0.5937442742921014,0.019199255117960355,6.100429472816778,0.07120233284013221,0.0
frost_cycle_000052,frost_development,wavelet_offline,offline,718,available,1.1344218432068593,-0.13442184320685935,0.8395866134895723,0.1604133865104277,0.27150236205308964,0.6011050775126575,0.0012168812474035815,0.4215485356365095,0.5912352298160858,0.0
frost_cycle_000052,frost_development,wavelet_monotonic_offline,constrained,718,available,0.0,1.0,0.16466650899062424,0.8353334910093757,0.28089479018404884,0.6513839291836894,0.016071055908940146,5.842007550936424,0.0,-120.0
frost_cycle_000052,frost_development,nearly_isotonic_offline,constrained,718,available,5.329070518201339e-12,0.9999999999946709,0.7987179487179551,0.2012820512820449,0.2717369333333366,0.5998220705397532,0.001328313600527578,0.7731337045160888,0.5370370370370372,0.0
frost_cycle_000052,frost_development,robust_monotone_offline,constrained,718,available,0.0,1.0,0.11896998022157833,0.8810300197784217,0.2849959578978849,0.6697863504815685,0.3856678409394905,2.9590788763893547,0.023159694732860784,-120.0
frost_cycle_000052,defrost_preparation,median_centered_60s,offline,1,insufficient_data,,,,,-1.9614859874999961,0.0,,,,
frost_cycle_000052,defrost_preparation,ewma_tau30s,online,1,insufficient_data,,,,,-1.9614859874999961,0.0,,,,
frost_cycle_000052,defrost_preparation,median30s_ewma30s,online,1,insufficient_data,,,,,-1.9614859874999961,0.0,,,,
frost_cycle_000052,defrost_preparation,savgol_70s,offline,1,insufficient_data,,,,,-1.9614859874999961,0.0,,,,
frost_cycle_000052,defrost_preparation,adaptive_offline,offline,1,insufficient_data,,,,,-1.9614859874999961,0.0,,,,
frost_cycle_000052,defrost_preparation,wavelet_offline,offline,1,insufficient_data,,,,,-1.9614859874999961,0.0,,,,
frost_cycle_000052,defrost_preparation,wavelet_monotonic_offline,constrained,1,insufficient_data,,,,,-1.9614859874999961,0.0,,,,
frost_cycle_000052,defrost_preparation,nearly_isotonic_offline,constrained,1,insufficient_data,,,,,-1.9614859874999961,0.0,,,,
frost_cycle_000052,defrost_preparation,robust_monotone_offline,constrained,1,insufficient_data,,,,,-1.9614859874999961,0.0,,,,
frost_cycle_000052,defrost,median_centered_60s,offline,0,insufficient_data,,,,,,,,,,
frost_cycle_000052,defrost,ewma_tau30s,online,0,insufficient_data,,,,,,,,,,
frost_cycle_000052,defrost,median30s_ewma30s,online,0,insufficient_data,,,,,,,,,,
frost_cycle_000052,defrost,savgol_70s,offline,0,insufficient_data,,,,,,,,,,
frost_cycle_000052,defrost,adaptive_offline,offline,0,insufficient_data,,,,,,,,,,
frost_cycle_000052,defrost,wavelet_offline,offline,0,insufficient_data,,,,,,,,,,
frost_cycle_000052,defrost,wavelet_monotonic_offline,constrained,0,insufficient_data,,,,,,,,,,
frost_cycle_000052,defrost,nearly_isotonic_offline,constrained,0,insufficient_data,,,,,,,,,,
frost_cycle_000052,defrost,robust_monotone_offline,constrained,0,insufficient_data,,,,,,,,,,
frost_cycle_000053,recovery,median_centered_60s,offline,16,available,0.6533864541832661,0.34661354581673387,0.07157853744433701,0.928421462555663,2.1026375999999884,0.949731401232141,0.007680530878310606,14.752119557407653,0.26558319957196347,-20.0
frost_cycle_000053,recovery,ewma_tau30s,online,16,available,0.21208167463179614,0.7879183253682038,0.29141662265042584,0.7085833773495742,2.2745591133903083,1.4641215473215343,5.998430965732775,30.411763611938575,0.47319617291526117,0.0
frost_cycle_000053,recovery,median30s_ewma30s,online,16,available,0.7857338746623607,0.21426612533763933,0.18339767039679192,0.8166023296032081,2.3057611590779183,1.5222218739338218,7.482464311541986,31.89361547112723,0.5926606931073983,-50.0
frost_cycle_000053,recovery,savgol_70s,offline,16,available,1.3373932840067724,-0.3373932840067724,0.22645207013572,0.77354792986428,2.0755191821428403,1.177045531464983,0.8822150358462079,12.988483567015518,0.6404303294351462,0.0
frost_cycle_000053,recovery,adaptive_offline,offline,16,available,0.06213458034959841,0.9378654196504016,0.02831053977665486,0.9716894602233451,2.2693373486800996,0.9773671455320884,0.03422671548508742,15.515017887730009,0.11148183056717677,-50.0
frost_cycle_000053,recovery,wavelet_offline,offline,16,available,1.0,0.0,1.0,0.0,2.0616375999999885,1.4268638278297154,0.0,0.0,1.0,0.0
frost_cycle_000053,recovery,wavelet_monotonic_offline,constrained,16,available,1.0,0.0,1.0,0.0,2.0616375999999885,1.4268638278297154,0.0,0.0,1.0,0.0
frost_cycle_000053,recovery,nearly_isotonic_offline,constrained,16,available,1.0,0.0,1.0,0.0,2.0616375999999885,1.4268638278297154,0.0,0.0,1.0,0.0
frost_cycle_000053,recovery,robust_monotone_offline,constrained,16,available,1.0,0.0,1.0,0.0,2.0616375999999885,1.4268638278297154,0.0,0.0,1.0,0.0
frost_cycle_000053,frost_development,median_centered_60s,offline,717,available,0.4500000000001066,0.5499999999998935,0.45723701780811765,0.5427629821918823,0.30312799999999385,0.8109926349373128,0.10155884697261787,0.37687793395325764,0.12430578242404623,0.0
frost_cycle_000053,frost_development,ewma_tau30s,online,717,available,0.7141841140313776,0.2858158859686224,0.24715623631016648,0.7528437636898335,0.31630783513790917,0.7951975862740394,0.09244343968522951,3.081090039681704,0.3438901101920062,10.0
frost_cycle_000053,frost_development,median30s_ewma30s,online,717,available,0.5599362834770586,0.4400637165229414,0.22065597043932322,0.7793440295606768,0.32261882477209625,0.8019869705058102,0.25393224273518566,4.339318607156581,0.2578597338749385,20.0
frost_cycle_000053,frost_development,savgol_70s,offline,717,available,0.8238095238096794,0.17619047619032058,0.33513311957692254,0.6648668804230775,0.30046133333333813,0.8043728156192701,0.01401728963981539,0.2174621856816438,0.47373251816243717,0.0
frost_cycle_000053,frost_development,adaptive_offline,offline,717,available,0.650855256606327,0.34914474339367296,0.08301315418917211,0.9169868458108279,0.34576287825896124,0.7935664043453554,0.042978416881228915,0.9915560825832339,0.10053107256742849,0.0
frost_cycle_000053,frost_development,wavelet_offline,offline,717,available,0.7399025119669529,0.2600974880330471,0.809057797323673,0.190942202676327,0.29658955426865585,0.8063408834125142,0.0039529473661222645,0.40315252347460473,0.5688155562606924,0.0
frost_cycle_000053,frost_development,wavelet_monotonic_offline,constrained,717,available,0.0,1.0,0.08091529538787466,0.9190847046121253,0.33456499958986186,0.8742791763861789,0.03276409175114041,1.6640441810797486,0.015426214279817356,-120.0
frost_cycle_000053,frost_development,nearly_isotonic_offline,constrained,717,available,3.064490305960176e-05,0.9999693550969404,0.791409928672005,0.208590071327995,0.3016062316005721,0.8075376191650945,0.0011852833168190483,0.25224862799033676,0.5464445170423624,0.0
frost_cycle_000053,frost_development,robust_monotone_offline,constrained,717,available,0.0,1.0,0.09338386464008867,0.9066161353599114,0.39979735500486413,0.9005860798061174,1.0241265772116517,0.13205383634015455,0.023343933674524843,-120.0
frost_cycle_000053,defrost_preparation,median_centered_60s,offline,2,insufficient_data,,,0.0,1.0,-2.292989449999994,1.4211220499999895,0.0,100.0,0.0,
frost_cycle_000053,defrost_preparation,ewma_tau30s,online,2,insufficient_data,,,0.2834686894262109,0.7165313105737892,-2.121738466772858,1.488871066772854,3.713160954621316,100.0,0.2834686894262109,
frost_cycle_000053,defrost_preparation,median30s_ewma30s,online,2,insufficient_data,,,0.14173434471310636,0.8582656552868937,-2.087863958386426,1.454996558386422,4.447647259617684,100.0,0.14173434471310636,
frost_cycle_000053,defrost_preparation,savgol_70s,offline,2,insufficient_data,,,1.0,0.0,-2.2929894499999937,1.6601220499999898,0.0,0.0,1.0,
frost_cycle_000053,defrost_preparation,adaptive_offline,offline,2,insufficient_data,,,0.0,1.0,-2.292989449999994,1.4211220499999895,0.0,100.0,0.0,
frost_cycle_000053,defrost_preparation,wavelet_offline,offline,2,insufficient_data,,,1.0,0.0,-2.2929894499999937,1.6601220499999898,0.0,0.0,1.0,
frost_cycle_000053,defrost_preparation,wavelet_monotonic_offline,constrained,2,insufficient_data,,,1.0,0.0,-2.2929894499999937,1.6601220499999898,0.0,0.0,1.0,
frost_cycle_000053,defrost_preparation,nearly_isotonic_offline,constrained,2,insufficient_data,,,1.0,0.0,-2.2929894499999937,1.6601220499999898,0.0,0.0,1.0,
frost_cycle_000053,defrost_preparation,robust_monotone_offline,constrained,2,insufficient_data,,,1.0,0.0,-2.2929894499999937,1.6601220499999898,0.0,0.0,1.0,
frost_cycle_000053,defrost,median_centered_60s,offline,0,insufficient_data,,,,,,,,,,
frost_cycle_000053,defrost,ewma_tau30s,online,0,insufficient_data,,,,,,,,,,
frost_cycle_000053,defrost,median30s_ewma30s,online,0,insufficient_data,,,,,,,,,,
frost_cycle_000053,defrost,savgol_70s,offline,0,insufficient_data,,,,,,,,,,
frost_cycle_000053,defrost,adaptive_offline,offline,0,insufficient_data,,,,,,,,,,
frost_cycle_000053,defrost,wavelet_offline,offline,0,insufficient_data,,,,,,,,,,
frost_cycle_000053,defrost,wavelet_monotonic_offline,constrained,0,insufficient_data,,,,,,,,,,
frost_cycle_000053,defrost,nearly_isotonic_offline,constrained,0,insufficient_data,,,,,,,,,,
frost_cycle_000053,defrost,robust_monotone_offline,constrained,0,insufficient_data,,,,,,,,,,
frost_cycle_000054,recovery,median_centered_60s,offline,18,available,0.9591836734693832,0.04081632653061684,0.060486541819714634,0.9395134581802853,2.3274011350000032,2.0465201943091733,1.8695286611603,1.6641631082381165,0.17119047619047628,-30.0
frost_cycle_000054,recovery,ewma_tau30s,online,18,available,1.105197081955394,-0.10519708195539401,0.3253092392750571,0.6746907607249428,2.5287983305867168,3.3141378549314915,12.418068106026777,39.75912157438435,0.6881470699919606,-30.0
frost_cycle_000054,recovery,median30s_ewma30s,online,18,available,1.05084871587147,-0.05084871587147011,0.26345484103160105,0.7365451589683989,2.665883591969178,3.4087281994805294,16.39408916076422,48.00281344455769,0.5685405005467025,-30.0
frost_cycle_000054,recovery,savgol_70s,offline,18,available,2.414965986394567,-1.414965986394567,0.4820880179614446,0.5179119820385554,2.174477249523827,2.8826289642682252,0.7809329116021531,0.9544866740776139,0.8501020408163219,10.0
frost_cycle_000054,recovery,adaptive_offline,offline,18,available,0.13913576767951877,0.8608642323204813,0.025448403279326032,0.9745515967206739,2.4204780259599894,1.9864257188346899,0.7512467203904496,11.376909416145105,0.08027805897380574,-30.0
frost_cycle_000054,recovery,wavelet_offline,offline,18,available,1.2787488285362636,-0.2787488285362636,0.9915177407077754,0.00848225929222457,2.147112311080516,3.057247925165792,0.036224922129227365,0.5162789638674442,0.8746823166410199,0.0
frost_cycle_000054,recovery,wavelet_monotonic_offline,constrained,18,available,1.2787488285362636,-0.2787488285362636,0.9915177407077754,0.00848225929222457,2.147112311080516,3.057247925165792,0.036224922129227365,0.5162789638674442,0.8746823166410199,0.0
frost_cycle_000054,recovery,nearly_isotonic_offline,constrained,18,available,1.2787488285362636,-0.2787488285362636,0.9915177407077754,0.00848225929222457,2.147112311080516,3.057247925165792,0.036224922129227365,0.5162789638674442,0.8746823166410199,0.0
frost_cycle_000054,recovery,robust_monotone_offline,constrained,18,available,1.2787488285362636,-0.2787488285362636,0.9915177407077754,0.00848225929222457,2.147112311080516,3.057247925165792,0.036224922129227365,0.5162789638674442,0.8746823166410199,0.0
frost_cycle_000054,frost_development,median_centered_60s,offline,723,available,0.5000000000000987,0.4999999999999013,0.6675942822384452,0.3324057177615548,-0.022676999999985625,0.660866699884559,0.03571695733666781,0.2612931862608776,0.3300733496332529,0.0
frost_cycle_000054,frost_development,ewma_tau30s,online,723,available,1.0932641958643647,-0.09326419586436474,0.3084406982822384,0.6915593017177616,0.003562184805469215,0.6338859133398239,0.1495382182023468,2.706768994851068,0.3144233624618607,10.0
frost_cycle_000054,frost_development,median30s_ewma30s,online,723,available,0.9037767571501706,0.09622324284982942,0.30397499674754386,0.6960250032524562,0.007588600196386075,0.6349846290891642,0.23518847487691003,3.341507170882685,0.27439634941263535,20.0
frost_cycle_000054,frost_development,savgol_70s,offline,723,available,1.2460317460317625,-0.24603174603176248,0.43567518248175247,0.5643248175182476,-0.008801280952369872,0.6534359845857085,0.002611416813398935,0.3146624540455628,0.4294196896362472,0.0
frost_cycle_000054,frost_development,adaptive_offline,offline,723,available,0.6542493442120988,0.3457506557879012,0.08811320645063185,0.9118867935493682,0.007180337362863831,0.6445603166837761,0.2160142568589027,3.852249028821513,0.10869501995235865,0.0
frost_cycle_000054,frost_development,wavelet_offline,offline,723,available,1.2557856777444518,-0.2557856777444518,0.8362242326606975,0.16377576733930255,-0.030230660498015816,0.656293515286693,0.002086152416863152,0.07796754512365964,0.35550997073017454,0.0
frost_cycle_000054,frost_development,wavelet_monotonic_offline,constrained,723,available,0.0,1.0,0.12157948458784809,0.8784205154121519,-0.049259558266999015,0.7055945071423098,0.013742098227672212,2.5285333646616883,0.015046327088369085,-120.0
frost_cycle_000054,frost_development,nearly_isotonic_offline,constrained,723,available,3.5926817076868705e-09,0.9999999964073183,0.9650800892132957,0.03491991078670431,-0.014785600000007726,0.6558949066717396,0.0008667755827509044,0.16559798282086635,0.4804400978150494,0.0
frost_cycle_000054,frost_development,robust_monotone_offline,constrained,723,available,0.0,1.0,0.12892141172140079,0.8710785882785992,-0.016837632360610755,0.732904153854032,0.1540697493157592,2.3418208570497843,0.026560052910309242,-120.0
frost_cycle_000054,defrost_preparation,median_centered_60s,offline,1,insufficient_data,,,,,-2.4023372799999922,0.0,,,,
frost_cycle_000054,defrost_preparation,ewma_tau30s,online,1,insufficient_data,,,,,-2.4023372799999922,0.0,,,,
frost_cycle_000054,defrost_preparation,median30s_ewma30s,online,1,insufficient_data,,,,,-2.4023372799999922,0.0,,,,
frost_cycle_000054,defrost_preparation,savgol_70s,offline,1,insufficient_data,,,,,-2.4023372799999922,0.0,,,,
frost_cycle_000054,defrost_preparation,adaptive_offline,offline,1,insufficient_data,,,,,-2.4023372799999922,0.0,,,,
frost_cycle_000054,defrost_preparation,wavelet_offline,offline,1,insufficient_data,,,,,-2.4023372799999922,0.0,,,,
frost_cycle_000054,defrost_preparation,wavelet_monotonic_offline,constrained,1,insufficient_data,,,,,-2.4023372799999922,0.0,,,,
frost_cycle_000054,defrost_preparation,nearly_isotonic_offline,constrained,1,insufficient_data,,,,,-2.4023372799999922,0.0,,,,
frost_cycle_000054,defrost_preparation,robust_monotone_offline,constrained,1,insufficient_data,,,,,-2.4023372799999922,0.0,,,,
frost_cycle_000054,defrost,median_centered_60s,offline,0,insufficient_data,,,,,,,,,,
frost_cycle_000054,defrost,ewma_tau30s,online,0,insufficient_data,,,,,,,,,,
frost_cycle_000054,defrost,median30s_ewma30s,online,0,insufficient_data,,,,,,,,,,
frost_cycle_000054,defrost,savgol_70s,offline,0,insufficient_data,,,,,,,,,,
frost_cycle_000054,defrost,adaptive_offline,offline,0,insufficient_data,,,,,,,,,,
frost_cycle_000054,defrost,wavelet_offline,offline,0,insufficient_data,,,,,,,,,,
frost_cycle_000054,defrost,wavelet_monotonic_offline,constrained,0,insufficient_data,,,,,,,,,,
frost_cycle_000054,defrost,nearly_isotonic_offline,constrained,0,insufficient_data,,,,,,,,,,
frost_cycle_000054,defrost,robust_monotone_offline,constrained,0,insufficient_data,,,,,,,,,,
frost_cycle_000055,recovery,median_centered_60s,offline,18,available,0.4111111111111076,0.5888888888888923,0.1101607191500956,0.8898392808499044,2.0310792099999873,2.393679670160412,0.6294226558338654,7.552504038772239,0.18365287588294707,-30.0
frost_cycle_000055,recovery,ewma_tau30s,online,18,available,0.6534281394368819,0.34657186056311806,0.18377619410642632,0.8162238058935737,2.209562020410476,2.3551150039623927,1.8410760304465363,31.966784061211122,0.21608252034238187,0.0
frost_cycle_000055,recovery,median30s_ewma30s,online,18,available,0.5645087331911373,0.43549126680886274,0.08388945072817718,0.9161105492718228,2.3298173058418974,2.323681386101297,2.7948243213282686,43.6680270853677,0.151860666432094,20.0
frost_cycle_000055,recovery,savgol_70s,offline,18,available,1.0530864197530923,-0.05308641975309225,0.17298344380883202,0.827016556191168,2.0398397123809513,2.445724133272777,0.13794599956591597,9.802570283185071,0.2080790607531278,0.0
frost_cycle_000055,recovery,adaptive_offline,offline,18,available,0.036985936749762256,0.9630140632502378,0.025054780026573818,0.9749452199734262,2.22956084231919,2.3497481000977114,0.019055360611257604,14.32831401730531,0.046067393381205,-30.0
frost_cycle_000055,recovery,wavelet_offline,offline,18,available,1.1844388712631977,-0.1844388712631977,0.658459594549034,0.341540405450966,1.9823309209199378,2.5080154797726544,0.012823399965796066,4.939101950567917,0.5828488930710402,0.0
frost_cycle_000055,recovery,wavelet_monotonic_offline,constrained,18,available,1.1844388712631977,-0.1844388712631977,0.658459594549034,0.341540405450966,1.9823309209199378,2.5080154797726544,0.012823399965796066,4.939101950567917,0.5828488930710402,0.0
frost_cycle_000055,recovery,nearly_isotonic_offline,constrained,18,available,1.1844388712631977,-0.1844388712631977,0.658459594549034,0.341540405450966,1.9823309209199378,2.5080154797726544,0.012823399965796066,4.939101950567917,0.5828488930710402,0.0
frost_cycle_000055,recovery,robust_monotone_offline,constrained,18,available,1.1844388712631977,-0.1844388712631977,0.658459594549034,0.341540405450966,1.9823309209199378,2.5080154797726544,0.012823399965796066,4.939101950567917,0.5828488930710402,0.0
frost_cycle_000055,frost_development,median_centered_60s,offline,426,available,0.40000000000008884,0.5999999999999112,0.4046524628858942,0.5953475371141058,0.2519102750000024,0.49699801256802606,0.042802467480940715,41.198313930148295,0.4570637119113627,-10.0
frost_cycle_000055,frost_development,ewma_tau30s,online,426,available,0.8424172528046765,0.1575827471953235,0.23742123320066474,0.7625787667993352,0.2618999279587282,0.4700478491178325,0.04888551993643544,46.61964992477212,0.3428387210447168,10.0
frost_cycle_000055,frost_development,median30s_ewma30s,online,426,available,0.752343384391357,0.24765661560864305,0.22990064746267416,0.7700993525373259,0.26260799840717874,0.46592134706442395,0.07176469259159389,54.630421906801544,0.32209164066862583,20.0
frost_cycle_000055,frost_development,savgol_70s,offline,426,available,1.0476190476192127,-0.04761904761921265,0.3832388287944535,0.6167611712055465,0.2554752123809614,0.48821137007646986,0.003369704717224868,20.53822331823458,0.509167655982063,0.0
frost_cycle_000055,frost_development,adaptive_offline,offline,426,available,0.4625609944450003,0.5374390055549997,0.0690609979271728,0.9309390020728272,0.26376027187124107,0.47422585943088724,0.052225250544774546,95.37047567405455,0.06777693483922644,0.0
frost_cycle_000055,frost_development,wavelet_offline,offline,426,available,0.857420206264964,0.14257979373503604,0.8452174291957167,0.15478257080428326,0.25965619783638205,0.48853040431087624,0.004538855050524757,15.79169017538447,0.7479018624173225,0.0
frost_cycle_000055,frost_development,wavelet_monotonic_offline,constrained,426,available,0.0,1.0,0.04018940706578818,0.9598105929342118,0.20277796092843392,0.659642345162667,0.016434423105919298,100.0,0.0,-120.0
frost_cycle_000055,frost_development,nearly_isotonic_offline,constrained,426,available,3.7649883211092455e-10,0.9999999996235012,0.7403476702190935,0.25965232978090647,0.2578947585714224,0.4886887390091611,1.1487603805746308e-14,18.687274187073264,0.34349030470914577,0.0
frost_cycle_000055,frost_development,robust_monotone_offline,constrained,426,available,0.0,1.0,0.06361316582297692,0.9363868341770231,0.2579558271188045,0.6768865164057931,0.9054733487970361,100.0,7.698801652330071e-05,-120.0
frost_cycle_000056,recovery,median_centered_60s,offline,98,available,0.4357966457023169,0.5642033542976831,0.32464374938125695,0.675356250618743,1.0066691950000024,1.1478969572354236,0.2982218551794798,,0.4476788432267879,0.0
frost_cycle_000056,recovery,ewma_tau30s,online,98,available,1.122038339902768,-0.12203833990276802,0.30662001752028445,0.6933799824797156,0.9296855214793651,1.174264223064071,0.3102839859845638,,0.48227960924000746,0.0
frost_cycle_000056,recovery,median30s_ewma30s,online,98,available,1.2251233071355667,-0.22512330713556672,0.2856666511355533,0.7143333488644468,0.918080037892903,1.1896037529199104,0.5342519933786469,,0.4469876523198178,0.0
frost_cycle_000056,recovery,savgol_70s,offline,98,available,0.9964061096136381,0.003593890386361931,0.4637774781002886,0.5362225218997114,0.9732168216402108,1.1495710544854192,0.03194601148416791,,0.6923425382329438,0.0
frost_cycle_000056,recovery,adaptive_offline,offline,98,available,1.3757699161069503,-0.3757699161069503,0.23198739848474106,0.768012601515259,1.0084596137902646,1.1469559665076325,0.27688829382956015,,0.40780454084331624,0.0
frost_cycle_000056,recovery,wavelet_offline,offline,98,available,1.0523969620097073,-0.05239696200970734,0.32577515347005837,0.6742248465299416,0.9930686286437553,1.1377650285555339,0.15172531584827703,,0.3890137326473698,0.0
frost_cycle_000056,recovery,wavelet_monotonic_offline,constrained,98,available,1.0523969620097073,-0.05239696200970734,0.32577515347005837,0.6742248465299416,0.9930686286437553,1.1377650285555339,0.15172531584827703,,0.3890137326473698,0.0
frost_cycle_000056,recovery,nearly_isotonic_offline,constrained,98,available,1.0523969620097073,-0.05239696200970734,0.32577515347005837,0.6742248465299416,0.9930686286437553,1.1377650285555339,0.15172531584827703,,0.3890137326473698,0.0
frost_cycle_000056,recovery,robust_monotone_offline,constrained,98,available,1.0523969620097073,-0.05239696200970734,0.32577515347005837,0.6742248465299416,0.9930686286437553,1.1377650285555339,0.15172531584827703,,0.3890137326473698,0.0
frost_cycle_000056,frost_development,median_centered_60s,offline,753,available,0.555555555555424,0.444444444444576,0.39183020098417043,0.6081697990158296,-0.14617769999999375,0.5407739684872398,0.005930244848717803,0.0345898089976198,0.22164338148236018,-10.0
frost_cycle_000056,frost_development,ewma_tau30s,online,753,available,0.8366365933652097,0.16336340663479032,0.22228397542209774,0.7777160245779022,-0.13567224374948772,0.5130461956486833,0.16548356928009691,0.9896522755143248,0.30825591143841613,10.0
frost_cycle_000056,frost_development,median30s_ewma30s,online,753,available,0.7188053633024363,0.2811946366975637,0.19668037436038083,0.8033196256396191,-0.1312105771753087,0.5182756981536242,0.23633318974043785,1.1296204487240955,0.24538428627946554,20.0
frost_cycle_000056,frost_development,savgol_70s,offline,753,available,1.1363903586125528,-0.13639035861255278,0.26180877283622306,0.7381912271637769,-0.14644829714285024,0.5266986844092035,0.005314349184441436,0.2565393035677967,0.45279253069923364,0.0
frost_cycle_000056,frost_development,adaptive_offline,offline,753,available,0.40306789627099043,0.5969321037290096,0.06764137332090928,0.9323586266790908,-0.1366122378178236,0.5292730745837857,0.06283706897666315,0.4028172781469226,0.06923075322933084,0.0
frost_cycle_000056,frost_development,wavelet_offline,offline,753,available,0.9732970518797625,0.026702948120237546,0.6517358463888828,0.3482641536111172,-0.14639303898027567,0.5274990628275188,9.360234797927616e-05,0.13979310544742837,0.7905742611293446,0.0
frost_cycle_000056,frost_development,wavelet_monotonic_offline,constrained,753,available,0.0,1.0,0.1886788729291668,0.8113211270708331,-0.16260668503622622,0.5463778007202894,0.006336962210472428,0.38088636834060013,0.015646520949645318,0.0
frost_cycle_000056,frost_development,nearly_isotonic_offline,constrained,753,available,6.804926992268868e-10,0.9999999993195073,0.8101025671429366,0.1898974328570634,-0.1498524999980022,0.5295533705535058,0.0012443680406835347,0.1145823184995456,0.42480332570315205,0.0
frost_cycle_000056,frost_development,robust_monotone_offline,constrained,753,available,0.0,1.0,0.08448925196566755,0.9155107480343324,-0.18941119358654923,0.5712864834501455,0.02855421478006026,0.39192563383606105,0.09834214461029356,0.0
frost_cycle_000056,defrost_preparation,median_centered_60s,offline,1,insufficient_data,,,,,-1.479352239999998,0.0,,,,
frost_cycle_000056,defrost_preparation,ewma_tau30s,online,1,insufficient_data,,,,,-1.479352239999998,0.0,,,,
frost_cycle_000056,defrost_preparation,median30s_ewma30s,online,1,insufficient_data,,,,,-1.479352239999998,0.0,,,,
frost_cycle_000056,defrost_preparation,savgol_70s,offline,1,insufficient_data,,,,,-1.479352239999998,0.0,,,,
frost_cycle_000056,defrost_preparation,adaptive_offline,offline,1,insufficient_data,,,,,-1.479352239999998,0.0,,,,
frost_cycle_000056,defrost_preparation,wavelet_offline,offline,1,insufficient_data,,,,,-1.479352239999998,0.0,,,,
frost_cycle_000056,defrost_preparation,wavelet_monotonic_offline,constrained,1,insufficient_data,,,,,-1.479352239999998,0.0,,,,
frost_cycle_000056,defrost_preparation,nearly_isotonic_offline,constrained,1,insufficient_data,,,,,-1.479352239999998,0.0,,,,
frost_cycle_000056,defrost_preparation,robust_monotone_offline,constrained,1,insufficient_data,,,,,-1.479352239999998,0.0,,,,
frost_cycle_000056,defrost,median_centered_60s,offline,0,insufficient_data,,,,,,,,,,
frost_cycle_000056,defrost,ewma_tau30s,online,0,insufficient_data,,,,,,,,,,
frost_cycle_000056,defrost,median30s_ewma30s,online,0,insufficient_data,,,,,,,,,,
frost_cycle_000056,defrost,savgol_70s,offline,0,insufficient_data,,,,,,,,,,
frost_cycle_000056,defrost,adaptive_offline,offline,0,insufficient_data,,,,,,,,,,
frost_cycle_000056,defrost,wavelet_offline,offline,0,insufficient_data,,,,,,,,,,
frost_cycle_000056,defrost,wavelet_monotonic_offline,constrained,0,insufficient_data,,,,,,,,,,
frost_cycle_000056,defrost,nearly_isotonic_offline,constrained,0,insufficient_data,,,,,,,,,,
frost_cycle_000056,defrost,robust_monotone_offline,constrained,0,insufficient_data,,,,,,,,,,
frost_cycle_000057,recovery,median_centered_60s,offline,16,available,1.2131147540983238,-0.2131147540983238,0.06691351958444479,0.9330864804155552,2.035024880000008,0.9452352371135786,0.48698934879331124,12.859803139132744,0.2810773480662984,-20.0
frost_cycle_000057,recovery,ewma_tau30s,online,16,available,1.5565562361204275,-0.5565562361204275,0.2996989807472105,0.7003010192527894,2.352292741053175,1.7104934754820817,8.093468583241613,31.577182755681534,0.8335848013655858,-30.0
frost_cycle_000057,recovery,median30s_ewma30s,online,16,available,1.7906516500693577,-0.7906516500693577,0.23711588539648373,0.7628841146035162,2.4013076043789625,1.757252439433863,9.827610708170829,37.681264133213574,0.8123609088824357,-30.0
frost_cycle_000057,recovery,savgol_70s,offline,16,available,2.8332552693207145,-1.8332552693207145,0.5823272029575561,0.41767279704244387,1.9617461792857105,1.5377006147082042,0.4961780208915569,6.565018558634078,1.3352249408050572,0.0
frost_cycle_000057,recovery,adaptive_offline,offline,16,available,0.08991488891587157,0.9100851110841284,0.017139666011192933,0.9828603339888071,2.0074422985050786,1.026123100405394,0.3114811292784826,16.554890269667663,0.08036182106893351,50.0
frost_cycle_000057,recovery,wavelet_offline,offline,16,available,1.0,0.0,1.0,0.0,1.8342502250000003,1.7013171496939254,0.0,0.0,1.0,0.0
frost_cycle_000057,recovery,wavelet_monotonic_offline,constrained,16,available,1.0,0.0,1.0,0.0,1.8342502250000003,1.7013171496939254,0.0,0.0,1.0,0.0
frost_cycle_000057,recovery,nearly_isotonic_offline,constrained,16,available,1.0,0.0,1.0,0.0,1.8342502250000003,1.7013171496939254,0.0,0.0,1.0,0.0
frost_cycle_000057,recovery,robust_monotone_offline,constrained,16,available,1.0,0.0,1.0,0.0,1.8342502250000003,1.7013171496939254,0.0,0.0,1.0,0.0
frost_cycle_000057,frost_development,median_centered_60s,offline,723,available,0.38888888888893275,0.6111111111110672,0.47583218248488063,0.5241678175151194,0.09185950000000265,0.6251493975993516,0.07153137966449603,1.2914563530622751,0.288478598358839,-10.0
frost_cycle_000057,frost_development,ewma_tau30s,online,723,available,0.754616309577513,0.24538369042248698,0.2654947318446302,0.7345052681553699,0.12591932701957376,0.5988554299976178,0.06294267828067907,4.520701702029693,0.41631365038624957,10.0
frost_cycle_000057,frost_development,median30s_ewma30s,online,723,available,0.6479400027593295,0.3520599972406705,0.22084227275922577,0.7791577272407743,0.14417308356927894,0.6028266049880981,0.17853380789171322,6.51649579094918,0.3401911364301186,20.0
frost_cycle_000057,frost_development,savgol_70s,offline,723,available,0.8068783068786745,0.19312169312132554,0.32754318610788025,0.6724568138921198,0.09505932571428755,0.6146325347670719,0.0063026681637117846,1.1750734261153675,0.6383793260040737,0.0
frost_cycle_000057,frost_development,adaptive_offline,offline,723,available,0.6880033778681169,0.31199662213188306,0.11344579889441732,0.8865542011055827,0.15099612570384124,0.5789102916154967,0.00418981161645124,3.581292974025258,0.12480894119122454,0.0
frost_cycle_000057,frost_development,wavelet_offline,offline,723,available,0.7705699331407666,0.2294300668592334,0.9644891881536388,0.03551081184636118,0.09629859236999305,0.620217017061523,0.0021227721325379895,0.35790055297113316,0.6027545877493989,0.0
frost_cycle_000057,frost_development,wavelet_monotonic_offline,constrained,723,available,0.0,1.0,0.12690947385868936,0.8730905261413107,0.21285039191826716,0.6615341421419406,0.04177186814766324,5.744725536762796,0.0,0.0
frost_cycle_000057,frost_development,nearly_isotonic_offline,constrained,723,available,1.1208811656617367e-09,0.9999999988791188,0.7728225153578466,0.22717748464215337,0.09225913333333935,0.6183341903084316,0.0022299216816414275,0.7989140781935562,0.4399488086587321,0.0
frost_cycle_000057,frost_development,robust_monotone_offline,constrained,723,available,0.0,1.0,0.10825977420523025,0.8917402257947697,0.26983272224322885,0.6865829603936956,0.9008554346180611,13.91342029989919,0.0,-10.0
frost_cycle_000057,defrost_preparation,median_centered_60s,offline,2,insufficient_data,,,0.0,1.0,-2.2758557799999926,1.2894994800000008,0.0,100.0,0.0,
frost_cycle_000057,defrost_preparation,ewma_tau30s,online,2,insufficient_data,,,0.2834686894262107,0.7165313105737894,-2.1716004743115067,1.3307441743115143,2.1489293144076176,100.0,0.2834686894262107,
frost_cycle_000057,defrost_preparation,median30s_ewma30s,online,2,insufficient_data,,,0.14173434471310686,0.8582656552868931,-2.15097812715575,1.3101218271557578,2.574000883113305,100.0,0.14173434471310686,
frost_cycle_000057,defrost_preparation,savgol_70s,offline,2,insufficient_data,,,1.0,0.0,-2.2758557799999926,1.43499948,0.0,0.0,1.0,
frost_cycle_000057,defrost_preparation,adaptive_offline,offline,2,insufficient_data,,,0.0,1.0,-2.2758557799999926,1.2894994800000008,0.0,100.0,0.0,
frost_cycle_000057,defrost_preparation,wavelet_offline,offline,2,insufficient_data,,,1.0,0.0,-2.2758557799999926,1.43499948,0.0,0.0,1.0,
frost_cycle_000057,defrost_preparation,wavelet_monotonic_offline,constrained,2,insufficient_data,,,1.0,0.0,-2.2758557799999926,1.43499948,0.0,0.0,1.0,
frost_cycle_000057,defrost_preparation,nearly_isotonic_offline,constrained,2,insufficient_data,,,1.0,0.0,-2.2758557799999926,1.43499948,0.0,0.0,1.0,
frost_cycle_000057,defrost_preparation,robust_monotone_offline,constrained,2,insufficient_data,,,1.0,0.0,-2.2758557799999926,1.43499948,0.0,0.0,1.0,
frost_cycle_000057,defrost,median_centered_60s,offline,1,insufficient_data,,,,,-0.6310970200000092,0.0,,,,
frost_cycle_000057,defrost,ewma_tau30s,online,1,insufficient_data,,,,,-0.6310970200000092,0.0,,,,
frost_cycle_000057,defrost,median30s_ewma30s,online,1,insufficient_data,,,,,-0.6310970200000092,0.0,,,,
frost_cycle_000057,defrost,savgol_70s,offline,1,insufficient_data,,,,,-0.6310970200000092,0.0,,,,
frost_cycle_000057,defrost,adaptive_offline,offline,1,insufficient_data,,,,,-0.6310970200000092,0.0,,,,
frost_cycle_000057,defrost,wavelet_offline,offline,1,insufficient_data,,,,,-0.6310970200000092,0.0,,,,
frost_cycle_000057,defrost,wavelet_monotonic_offline,constrained,1,insufficient_data,,,,,-0.6310970200000092,0.0,,,,
frost_cycle_000057,defrost,nearly_isotonic_offline,constrained,1,insufficient_data,,,,,-0.6310970200000092,0.0,,,,
frost_cycle_000057,defrost,robust_monotone_offline,constrained,1,insufficient_data,,,,,-0.6310970200000092,0.0,,,,
frost_cycle_000058,recovery,median_centered_60s,offline,18,available,0.4702439024390093,0.5297560975609907,0.056473873678174594,0.9435261263218254,2.1066352722222335,1.8008766809484256,1.7280949892296722,3.7970648176611723,0.17897241048812199,-30.0
frost_cycle_000058,recovery,ewma_tau30s,online,18,available,1.1405730684072866,-0.14057306840728656,0.3203663455261095,0.6796336544738906,2.3901055900643176,3.227110273378562,13.613625886840703,41.11796012874662,0.7388850937569869,-40.0
frost_cycle_000058,recovery,median30s_ewma30s,online,18,available,1.1114951670079491,-0.11149516700794915,0.2639578809435226,0.7360421190564774,2.5986270246835037,3.318047362463339,17.86246220323221,49.60186521733051,0.6169916989239863,-40.0
frost_cycle_000058,recovery,savgol_70s,offline,18,available,2.1774912891985685,-1.1774912891985685,0.47201167093640173,0.5279883290635983,2.0049549216931544,2.71436723314033,0.9903522668254141,1.7842617306367725,0.8984525521031945,10.0
frost_cycle_000058,recovery,adaptive_offline,offline,18,available,0.10463888771262395,0.895361112287376,0.021311671703795797,0.9786883282962042,2.210196964143099,1.754941937494465,0.4658685691057206,14.49047334987453,0.07433644298023823,-30.0
frost_cycle_000058,recovery,wavelet_offline,offline,18,available,1.0616752989826637,-0.06167529898266366,0.9732637552737712,0.02673624472622882,1.8792363478003735,2.940865042773108,0.020689675389801314,0.26542240757827457,0.963291853790704,0.0
frost_cycle_000058,recovery,wavelet_monotonic_offline,constrained,18,available,1.0616752989826637,-0.06167529898266366,0.9732637552737712,0.02673624472622882,1.8792363478003735,2.940865042773108,0.020689675389801314,0.26542240757827457,0.963291853790704,0.0
frost_cycle_000058,recovery,nearly_isotonic_offline,constrained,18,available,1.0616752989826637,-0.06167529898266366,0.9732637552737712,0.02673624472622882,1.8792363478003735,2.940865042773108,0.020689675389801314,0.26542240757827457,0.963291853790704,0.0
frost_cycle_000058,recovery,robust_monotone_offline,constrained,18,available,1.0616752989826637,-0.06167529898266366,0.9732637552737712,0.02673624472622882,1.8792363478003735,2.940865042773108,0.020689675389801314,0.26542240757827457,0.963291853790704,0.0
frost_cycle_000058,frost_development,median_centered_60s,offline,716,available,0.44444444444438963,0.5555555555556104,0.46984162391255996,0.53015837608744,0.2518439749999972,0.650435758239712,0.05459285265556512,1.8206017768914,0.20158426659382528,0.0
frost_cycle_000058,frost_development,ewma_tau30s,online,716,available,0.783634068698303,0.216365931301697,0.25540323695595707,0.7445967630440429,0.2989247487271611,0.6308580203727372,0.09520101297119549,6.8194443229271124,0.39795565818387973,10.0
frost_cycle_000058,frost_development,median30s_ewma30s,online,716,available,0.6114893223192517,0.3885106776807483,0.23070909857410732,0.7692909014258926,0.29114667023480933,0.6399656551885512,0.15709910499228977,8.705030049793896,0.31686975495703285,20.0
frost_cycle_000058,frost_development,savgol_70s,offline,716,available,0.9999999999997039,2.9609648066752925e-13,0.35167493423125845,0.6483250657687416,0.26777954809524385,0.63761091339171,0.00744259560003635,1.477229214340621,0.5775896081823454,0.0
frost_cycle_000058,frost_development,adaptive_offline,offline,716,available,0.7623148697424736,0.23768513025752636,0.07991394534677904,0.920086054653221,0.3903603661455204,0.6149129221188118,0.11833334795243336,9.741052594091842,0.11932274478580517,0.0
frost_cycle_000058,frost_development,wavelet_offline,offline,716,available,0.9464984225106363,0.05350157748936368,0.9567617236653169,0.043238276334683134,0.24772252625720714,0.6438949896243673,0.0031267711575536745,0.9400962559963317,0.462649571309329,0.0
frost_cycle_000058,frost_development,wavelet_monotonic_offline,constrained,716,available,0.0,1.0,0.07242421579193858,0.9275757842080614,0.43823472439664357,0.6938200024209513,0.010579748345810325,8.673342690174724,0.0,0.0
frost_cycle_000058,frost_development,nearly_isotonic_offline,constrained,716,available,1.4656591989449616e-07,0.9999998534340802,0.8348954679800787,0.16510453201992126,0.25028716111110993,0.6427887601574686,0.002012881670893246,0.9669644409331494,0.375717017208417,0.0
frost_cycle_000058,frost_development,robust_monotone_offline,constrained,716,available,0.0,1.0,0.09911460192665636,0.9008853980733437,0.42219663301769295,0.7068942408727379,0.8630734736131027,3.956304900779608,0.0,-20.0
frost_cycle_000058,defrost_preparation,median_centered_60s,offline,1,insufficient_data,,,,,-1.8930051200000095,0.0,,,,
frost_cycle_000058,defrost_preparation,ewma_tau30s,online,1,insufficient_data,,,,,-1.8930051200000095,0.0,,,,
frost_cycle_000058,defrost_preparation,median30s_ewma30s,online,1,insufficient_data,,,,,-1.8930051200000095,0.0,,,,
frost_cycle_000058,defrost_preparation,savgol_70s,offline,1,insufficient_data,,,,,-1.8930051200000095,0.0,,,,
frost_cycle_000058,defrost_preparation,adaptive_offline,offline,1,insufficient_data,,,,,-1.8930051200000095,0.0,,,,
frost_cycle_000058,defrost_preparation,wavelet_offline,offline,1,insufficient_data,,,,,-1.8930051200000095,0.0,,,,
frost_cycle_000058,defrost_preparation,wavelet_monotonic_offline,constrained,1,insufficient_data,,,,,-1.8930051200000095,0.0,,,,
frost_cycle_000058,defrost_preparation,nearly_isotonic_offline,constrained,1,insufficient_data,,,,,-1.8930051200000095,0.0,,,,
frost_cycle_000058,defrost_preparation,robust_monotone_offline,constrained,1,insufficient_data,,,,,-1.8930051200000095,0.0,,,,
frost_cycle_000058,defrost,median_centered_60s,offline,0,insufficient_data,,,,,,,,,,
frost_cycle_000058,defrost,ewma_tau30s,online,0,insufficient_data,,,,,,,,,,
frost_cycle_000058,defrost,median30s_ewma30s,online,0,insufficient_data,,,,,,,,,,
frost_cycle_000058,defrost,savgol_70s,offline,0,insufficient_data,,,,,,,,,,
frost_cycle_000058,defrost,adaptive_offline,offline,0,insufficient_data,,,,,,,,,,
frost_cycle_000058,defrost,wavelet_offline,offline,0,insufficient_data,,,,,,,,,,
frost_cycle_000058,defrost,wavelet_monotonic_offline,constrained,0,insufficient_data,,,,,,,,,,
frost_cycle_000058,defrost,nearly_isotonic_offline,constrained,0,insufficient_data,,,,,,,,,,
frost_cycle_000058,defrost,robust_monotone_offline,constrained,0,insufficient_data,,,,,,,,,,
frost_cycle_000059,recovery,median_centered_60s,offline,18,available,1.126760563380287,-0.12676056338028707,0.07431724109944808,0.925682758900552,1.9775047099999998,1.655068362976013,1.58075281485844,3.641178417742467,0.2045242392183713,-10.0
frost_cycle_000059,recovery,ewma_tau30s,online,18,available,1.1698005121776398,-0.1698005121776398,0.3159244655817295,0.6840755344182705,2.5401282957296987,2.7451163701115413,11.920760947530615,39.53854041321942,0.6981318338733018,-30.0
frost_cycle_000059,recovery,median30s_ewma30s,online,18,available,1.4883395995846964,-0.4883395995846964,0.26201480396032373,0.7379851960396763,2.7444529482936315,2.8016777988037327,15.4462823223349,48.583678838289366,0.6426236749555011,-30.0
frost_cycle_000059,recovery,savgol_70s,offline,18,available,3.5848423876593287,-2.5848423876593287,0.4311584050891211,0.5688415949108789,2.049338632142869,2.3526288612905555,0.9020236600014817,3.2633166276616055,0.8723718250757824,10.0
frost_cycle_000059,recovery,adaptive_offline,offline,18,available,0.16383922456274905,0.836160775437251,0.025505345845827202,0.9744946541541728,2.1677527218800843,1.5994509797577399,0.36112729716069125,14.549827785980249,0.09357467241960046,-30.0
frost_cycle_000059,recovery,wavelet_offline,offline,18,available,1.833423163517822,-0.833423163517822,0.9539285798138037,0.046071420186196255,2.038011001168655,2.518079894262839,0.006993329997034097,0.4140740156430645,1.0040675741261897,0.0
frost_cycle_000059,recovery,wavelet_monotonic_offline,constrained,18,available,1.833423163517822,-0.833423163517822,0.9539285798138037,0.046071420186196255,2.038011001168655,2.518079894262839,0.006993329997034097,0.4140740156430645,1.0040675741261897,0.0
frost_cycle_000059,recovery,nearly_isotonic_offline,constrained,18,available,1.833423163517822,-0.833423163517822,0.9539285798138037,0.046071420186196255,2.038011001168655,2.518079894262839,0.006993329997034097,0.4140740156430645,1.0040675741261897,0.0
frost_cycle_000059,recovery,robust_monotone_offline,constrained,18,available,1.833423163517822,-0.833423163517822,0.9539285798138037,0.046071420186196255,2.038011001168655,2.518079894262839,0.006993329997034097,0.4140740156430645,1.0040675741261897,0.0
frost_cycle_000059,frost_development,median_centered_60s,offline,723,available,0.4999999999999013,0.5000000000000987,0.4534520348837204,0.5465479651162797,0.09987689999999905,0.6737307178722627,0.0652046425989822,0.2738191755976484,0.17848619161268323,0.0
frost_cycle_000059,frost_development,ewma_tau30s,online,723,available,1.0654518707335263,-0.06545187073352632,0.24867197021183216,0.7513280297881678,0.12196848165581997,0.646539657361066,0.02361511051891731,2.7050543677675867,0.3200884074545464,10.0
frost_cycle_000059,frost_development,median30s_ewma30s,online,723,available,0.8603427017468086,0.1396572982531914,0.23186120522114562,0.7681387947788544,0.11804027728285771,0.6455740373099825,0.06971861389683937,2.8202682297758304,0.2820401675523668,20.0
frost_cycle_000059,frost_development,savgol_70s,offline,723,available,0.9303350970016906,0.06966490299830941,0.3305809339239571,0.6694190660760428,0.10314067571428875,0.6668325105592094,0.0068478492538985225,0.48054932932170646,0.4576007013784085,0.0
frost_cycle_000059,frost_development,adaptive_offline,offline,723,available,0.7796480675983573,0.22035193240164275,0.08016044933080821,0.9198395506691918,0.11309244001560081,0.6381407368008638,0.019676002943577606,1.5637920021009821,0.08698985628465009,0.0
frost_cycle_000059,frost_development,wavelet_offline,offline,723,available,1.0198692433516585,-0.019869243351658517,0.9042323155519223,0.0957676844480777,0.10319698817756251,0.6708616237956985,0.0027766851042785004,0.4909011770319279,0.4073118717272868,0.0
frost_cycle_000059,frost_development,wavelet_monotonic_offline,constrained,723,available,0.0,1.0,0.12464299481189868,0.8753570051881013,0.08712875932158148,0.6987268026940556,0.00690414665279159,1.8585047725429338,0.0,0.0
frost_cycle_000059,frost_development,nearly_isotonic_offline,constrained,723,available,1.4531092378748887e-09,0.9999999985468908,0.8133365608235876,0.18666343917641237,0.10915679999999295,0.6695628786338245,0.0020081487353642083,0.39835342545786484,0.45516535969997074,0.0
frost_cycle_000059,frost_development,robust_monotone_offline,constrained,723,available,0.0,1.0,0.11080862524907514,0.8891913747509248,0.10425402656008753,0.7644397471830563,0.5385271669219756,5.442177727553624,0.012228739354543796,-10.0
frost_cycle_000059,defrost_preparation,median_centered_60s,offline,1,insufficient_data,,,,,-0.7372676299999874,0.0,,,,
frost_cycle_000059,defrost_preparation,ewma_tau30s,online,1,insufficient_data,,,,,-0.7372676299999874,0.0,,,,
frost_cycle_000059,defrost_preparation,median30s_ewma30s,online,1,insufficient_data,,,,,-0.7372676299999874,0.0,,,,
frost_cycle_000059,defrost_preparation,savgol_70s,offline,1,insufficient_data,,,,,-0.7372676299999874,0.0,,,,
frost_cycle_000059,defrost_preparation,adaptive_offline,offline,1,insufficient_data,,,,,-0.7372676299999874,0.0,,,,
frost_cycle_000059,defrost_preparation,wavelet_offline,offline,1,insufficient_data,,,,,-0.7372676299999874,0.0,,,,
frost_cycle_000059,defrost_preparation,wavelet_monotonic_offline,constrained,1,insufficient_data,,,,,-0.7372676299999874,0.0,,,,
frost_cycle_000059,defrost_preparation,nearly_isotonic_offline,constrained,1,insufficient_data,,,,,-0.7372676299999874,0.0,,,,
frost_cycle_000059,defrost_preparation,robust_monotone_offline,constrained,1,insufficient_data,,,,,-0.7372676299999874,0.0,,,,
frost_cycle_000059,defrost,median_centered_60s,offline,1,insufficient_data,,,,,-0.2797137000000105,0.0,,,,
frost_cycle_000059,defrost,ewma_tau30s,online,1,insufficient_data,,,,,-0.2797137000000105,0.0,,,,
frost_cycle_000059,defrost,median30s_ewma30s,online,1,insufficient_data,,,,,-0.2797137000000105,0.0,,,,
frost_cycle_000059,defrost,savgol_70s,offline,1,insufficient_data,,,,,-0.2797137000000105,0.0,,,,
frost_cycle_000059,defrost,adaptive_offline,offline,1,insufficient_data,,,,,-0.2797137000000105,0.0,,,,
frost_cycle_000059,defrost,wavelet_offline,offline,1,insufficient_data,,,,,-0.2797137000000105,0.0,,,,
frost_cycle_000059,defrost,wavelet_monotonic_offline,constrained,1,insufficient_data,,,,,-0.2797137000000105,0.0,,,,
frost_cycle_000059,defrost,nearly_isotonic_offline,constrained,1,insufficient_data,,,,,-0.2797137000000105,0.0,,,,
frost_cycle_000059,defrost,robust_monotone_offline,constrained,1,insufficient_data,,,,,-0.2797137000000105,0.0,,,,
frost_cycle_000060,recovery,median_centered_60s,offline,16,available,2.2738095238095695,-1.2738095238095695,0.06188720173535796,0.938112798264642,1.8481733600000068,0.9215991973180119,2.5707931719112476,5.63999454743726,0.6742323097463291,-10.0
frost_cycle_000060,recovery,ewma_tau30s,online,16,available,1.4126165555448356,-0.41261655554483556,0.3078427379737999,0.6921572620262001,2.2179069900650012,1.8548825473050212,7.052348501901775,42.72526701072021,2.3464775361872805,20.0
frost_cycle_000060,recovery,median30s_ewma30s,online,16,available,1.7125465698030475,-0.7125465698030475,0.25795851910685097,0.742041480893149,2.290833537683117,1.893330082920809,8.909785902620502,52.32159657276021,1.6891987817423784,20.0
frost_cycle_000060,recovery,savgol_70s,offline,16,available,0.8769841269841215,0.12301587301587846,1.0,0.0,1.8502685980952505,1.876114098458796,0.017099799978584507,0.06718336189484352,1.0,0.0
frost_cycle_000060,recovery,adaptive_offline,offline,16,available,0.11265891557715758,0.8873410844228424,0.029637969637926368,0.9703620303620736,1.9516570838090863,0.9073318263694773,2.0403323738558967,0.8791922260465145,0.36402744695948835,-10.0
frost_cycle_000060,recovery,wavelet_offline,offline,16,available,1.0,0.0,1.0,0.0,1.8346733600000067,1.8792210826460995,0.0,0.0,1.0,0.0
frost_cycle_000060,recovery,wavelet_monotonic_offline,constrained,16,available,1.0,0.0,1.0,0.0,1.8346733600000067,1.8792210826460995,0.0,0.0,1.0,0.0
frost_cycle_000060,recovery,nearly_isotonic_offline,constrained,16,available,1.0,0.0,1.0,0.0,1.8346733600000067,1.8792210826460995,0.0,0.0,1.0,0.0
frost_cycle_000060,recovery,robust_monotone_offline,constrained,16,available,1.0,0.0,1.0,0.0,1.8346733600000067,1.8792210826460995,0.0,0.0,1.0,0.0
frost_cycle_000060,frost_development,median_centered_60s,offline,713,available,0.5,0.5,0.48205396908566805,0.517946030914332,-0.40759946000000724,0.6849206271108539,0.013060798660296667,0.26577764963994455,0.16072092159048845,0.0
frost_cycle_000060,frost_development,ewma_tau30s,online,713,available,0.9929006740029699,0.007099325997030115,0.2601851895296907,0.7398148104703093,-0.4044773139359834,0.6509406861609562,0.031219763329966916,1.8199416623815905,0.301391371020342,10.0
frost_cycle_000060,frost_development,median30s_ewma30s,online,713,available,0.7709268692190221,0.2290731307809779,0.2589900841784644,0.7410099158215355,-0.4039181710414739,0.6519737249260894,0.09189482928898414,2.3169354449378936,0.2469404843710051,20.0
frost_cycle_000060,frost_development,savgol_70s,offline,713,available,1.2830687830691079,-0.2830687830691079,0.42579562608380944,0.5742043739161906,-0.41057624666666026,0.6739636661849008,0.011279553323260154,0.3595185932327465,0.4757126931039991,0.0
frost_cycle_000060,frost_development,adaptive_offline,offline,713,available,0.641945521060755,0.358054478939245,0.10952181637445829,0.8904781836255418,-0.40800700663750744,0.6614867533484325,0.0391452750075852,0.704611565217799,0.06640401081481909,10.0
frost_cycle_000060,frost_development,wavelet_offline,offline,713,available,1.0280192483364472,-0.0280192483364472,0.9311474830735876,0.06885251692641237,-0.41288956238699415,0.6791418987263037,0.00546471563729004,0.19305590246272017,0.5504928072065379,0.0
frost_cycle_000060,frost_development,wavelet_monotonic_offline,constrained,713,available,0.0,1.0,0.26277819156939364,0.7372218084306064,-0.5108699406193273,0.8036571583082174,0.02318846095953506,1.3563914197999727,0.0,-120.0
frost_cycle_000060,frost_development,nearly_isotonic_offline,constrained,713,available,1.5975095024603884e-06,0.9999984024904975,0.8879355514802224,0.11206444851977759,-0.41531630329106317,0.6780485021903524,0.003264324535569242,0.2651251771663778,0.4738015607580861,0.0
frost_cycle_000060,frost_development,robust_monotone_offline,constrained,713,available,0.0,1.0,0.11630617048160118,0.8836938295183988,-0.439163848428088,0.7889638223434242,0.2708489835664868,0.3201523113734008,0.04174743051265496,-120.0
frost_cycle_000060,defrost_preparation,median_centered_60s,offline,2,insufficient_data,,,0.0,1.0,-2.9035619549999976,1.3879116450000022,0.0,100.0,0.0,
frost_cycle_000060,defrost_preparation,ewma_tau30s,online,2,insufficient_data,,,0.28346868942621056,0.7165313105737894,-2.803605837174954,1.4274555271749585,2.48739872651596,100.0,0.28346868942621056,
frost_cycle_000060,defrost_preparation,median30s_ewma30s,online,2,insufficient_data,,,0.14173434471310528,0.8582656552868947,-2.783833896087476,1.4076835860874803,2.979421647692457,100.0,0.14173434471310528,
frost_cycle_000060,defrost_preparation,savgol_70s,offline,2,insufficient_data,,,1.0,0.0,-2.9035619549999976,1.5274116450000021,0.0,0.0,1.0,
frost_cycle_000060,defrost_preparation,adaptive_offline,offline,2,insufficient_data,,,0.0,1.0,-2.9035619549999976,1.3879116450000022,0.0,100.0,0.0,
frost_cycle_000060,defrost_preparation,wavelet_offline,offline,2,insufficient_data,,,1.0,0.0,-2.9035619549999976,1.5274116450000021,0.0,0.0,1.0,
frost_cycle_000060,defrost_preparation,wavelet_monotonic_offline,constrained,2,insufficient_data,,,1.0,0.0,-2.9035619549999976,1.5274116450000021,0.0,0.0,1.0,
frost_cycle_000060,defrost_preparation,nearly_isotonic_offline,constrained,2,insufficient_data,,,1.0,0.0,-2.9035619549999976,1.5274116450000021,0.0,0.0,1.0,
frost_cycle_000060,defrost_preparation,robust_monotone_offline,constrained,2,insufficient_data,,,1.0,0.0,-2.9035619549999976,1.5274116450000021,0.0,0.0,1.0,
frost_cycle_000060,defrost,median_centered_60s,offline,1,insufficient_data,,,,,-2.2155614999999886,0.0,,,,
frost_cycle_000060,defrost,ewma_tau30s,online,1,insufficient_data,,,,,-2.2155614999999886,0.0,,,,
frost_cycle_000060,defrost,median30s_ewma30s,online,1,insufficient_data,,,,,-2.2155614999999886,0.0,,,,
frost_cycle_000060,defrost,savgol_70s,offline,1,insufficient_data,,,,,-2.2155614999999886,0.0,,,,
frost_cycle_000060,defrost,adaptive_offline,offline,1,insufficient_data,,,,,-2.2155614999999886,0.0,,,,
frost_cycle_000060,defrost,wavelet_offline,offline,1,insufficient_data,,,,,-2.2155614999999886,0.0,,,,
frost_cycle_000060,defrost,wavelet_monotonic_offline,constrained,1,insufficient_data,,,,,-2.2155614999999886,0.0,,,,
frost_cycle_000060,defrost,nearly_isotonic_offline,constrained,1,insufficient_data,,,,,-2.2155614999999886,0.0,,,,
frost_cycle_000060,defrost,robust_monotone_offline,constrained,1,insufficient_data,,,,,-2.2155614999999886,0.0,,,,
frost_cycle_000061,recovery,median_centered_60s,offline,75,available,0.09976247030878768,0.9002375296912123,0.1583495605211336,0.8416504394788664,1.3871393000000047,0.7294174176804256,0.4415945116140802,8.449597441270534,0.3499463135289902,-20.0
frost_cycle_000061,recovery,ewma_tau30s,online,75,available,0.4035903383037093,0.5964096616962907,0.4527473427379626,0.5472526572620374,1.2018908706192786,1.202806439888155,1.321969964830762,10.698609303248181,0.3831021478513991,30.0
frost_cycle_000061,recovery,median30s_ewma30s,online,75,available,0.3555657506191766,0.6444342493808234,0.3788753374265558,0.6211246625734441,1.1924756734060002,1.2473508022743844,1.7428416761944039,11.024820782122271,0.3402762377946306,20.0
frost_cycle_000061,recovery,savgol_70s,offline,75,available,0.5159484221241929,0.4840515778758071,0.4653656483625999,0.5346343516374001,1.3420240714285683,0.9350279307214375,0.22110085297556287,5.842090889516381,0.4682525479769563,0.0
frost_cycle_000061,recovery,adaptive_offline,offline,75,available,0.17139852939097186,0.8286014706090281,0.054975333424681444,0.9450246665753186,1.2685209913840403,0.7281420164535358,0.12678694653705677,5.6821653852813885,0.12398422633882898,-10.0
frost_cycle_000061,recovery,wavelet_offline,offline,75,available,0.40672199428032935,0.5932780057196707,0.7954771751518701,0.2045228248481299,1.3532469814571764,0.9721668994051077,0.0016358829535088547,2.77880988939435,0.5544627663436631,0.0
frost_cycle_000061,recovery,wavelet_monotonic_offline,constrained,75,available,0.40672199428032935,0.5932780057196707,0.7954771751518701,0.2045228248481299,1.3532469814571764,0.9721668994051077,0.0016358829535088547,2.77880988939435,0.5544627663436631,0.0
frost_cycle_000061,recovery,nearly_isotonic_offline,constrained,75,available,0.40672199428032935,0.5932780057196707,0.7954771751518701,0.2045228248481299,1.3532469814571764,0.9721668994051077,0.0016358829535088547,2.77880988939435,0.5544627663436631,0.0
frost_cycle_000061,recovery,robust_monotone_offline,constrained,75,available,0.40672199428032935,0.5932780057196707,0.7954771751518701,0.2045228248481299,1.3532469814571764,0.9721668994051077,0.0016358829535088547,2.77880988939435,0.5544627663436631,0.0
frost_cycle_000061,frost_development,median_centered_60s,offline,650,available,0.555555555555424,0.444444444444576,0.4935944127854662,0.5064055872145339,-0.8179952999999909,0.807193638858467,0.05875052680384509,0.08931978965803086,0.32348242811501376,-10.0
frost_cycle_000061,frost_development,ewma_tau30s,online,650,available,0.7813260836362308,0.2186739163637692,0.22235899643824397,0.777641003561756,-0.79283649090344,0.8095753800494551,0.2444679663879961,0.9959553681725584,0.6534541720989361,10.0
frost_cycle_000061,frost_development,median30s_ewma30s,online,650,available,0.6681554628079492,0.33184453719205076,0.20761087070837456,0.7923891292916254,-0.792769080131797,0.8210140660907548,0.34891889057927294,1.3952958194325862,0.5586864502171587,20.0
frost_cycle_000061,frost_development,savgol_70s,offline,650,available,0.8677248677248238,0.13227513227517618,0.33388013931310623,0.6661198606868938,-0.8039008128571461,0.8008903374755338,0.0047214707117568125,0.05805175675889023,1.0675490643541763,0.0
frost_cycle_000061,frost_development,adaptive_offline,offline,650,available,0.46563656622505917,0.5343634337749408,0.11124278424273369,0.8887572157572663,-0.7952404038863428,0.8017590838661314,0.13339617705584653,0.6545708613969924,0.14492253741130795,-10.0
frost_cycle_000061,frost_development,wavelet_offline,offline,650,available,0.9391780878930373,0.06082191210696275,0.7122899204883507,0.2877100795116493,-0.8005245065356434,0.802685283532763,0.003386840620247265,0.0023963154167756942,1.3344865044916598,0.0
frost_cycle_000061,frost_development,wavelet_monotonic_offline,constrained,650,available,0.0,1.0,0.1961125511754816,0.8038874488245185,-0.826587566836614,0.7981033138062398,0.014239861222037053,0.7338254399569131,0.026632448999313316,0.0
frost_cycle_000061,frost_development,nearly_isotonic_offline,constrained,650,available,0.11111111111074926,0.8888888888892508,0.8318265564077301,0.16817344359226993,-0.8063445011753276,0.8045867130213527,0.0011282780122457297,0.09462086776002768,0.5215654952076719,0.0
frost_cycle_000061,frost_development,robust_monotone_offline,constrained,650,available,0.0,1.0,0.11712187312625989,0.8828781268737401,-0.8361694834049849,0.8317412248791616,0.16170647402833482,1.13746809881141,0.10349222823792364,0.0
frost_cycle_000061,defrost_preparation,median_centered_60s,offline,1,insufficient_data,,,,,-1.5347066700000092,0.0,,,,
frost_cycle_000061,defrost_preparation,ewma_tau30s,online,1,insufficient_data,,,,,-1.5347066700000092,0.0,,,,
frost_cycle_000061,defrost_preparation,median30s_ewma30s,online,1,insufficient_data,,,,,-1.5347066700000092,0.0,,,,
frost_cycle_000061,defrost_preparation,savgol_70s,offline,1,insufficient_data,,,,,-1.5347066700000092,0.0,,,,
frost_cycle_000061,defrost_preparation,adaptive_offline,offline,1,insufficient_data,,,,,-1.5347066700000092,0.0,,,,
frost_cycle_000061,defrost_preparation,wavelet_offline,offline,1,insufficient_data,,,,,-1.5347066700000092,0.0,,,,
frost_cycle_000061,defrost_preparation,wavelet_monotonic_offline,constrained,1,insufficient_data,,,,,-1.5347066700000092,0.0,,,,
frost_cycle_000061,defrost_preparation,nearly_isotonic_offline,constrained,1,insufficient_data,,,,,-1.5347066700000092,0.0,,,,
frost_cycle_000061,defrost_preparation,robust_monotone_offline,constrained,1,insufficient_data,,,,,-1.5347066700000092,0.0,,,,
frost_cycle_000061,defrost,median_centered_60s,offline,0,insufficient_data,,,,,,,,,,
frost_cycle_000061,defrost,ewma_tau30s,online,0,insufficient_data,,,,,,,,,,
frost_cycle_000061,defrost,median30s_ewma30s,online,0,insufficient_data,,,,,,,,,,
frost_cycle_000061,defrost,savgol_70s,offline,0,insufficient_data,,,,,,,,,,
frost_cycle_000061,defrost,adaptive_offline,offline,0,insufficient_data,,,,,,,,,,
frost_cycle_000061,defrost,wavelet_offline,offline,0,insufficient_data,,,,,,,,,,
frost_cycle_000061,defrost,wavelet_monotonic_offline,constrained,0,insufficient_data,,,,,,,,,,
frost_cycle_000061,defrost,nearly_isotonic_offline,constrained,0,insufficient_data,,,,,,,,,,
frost_cycle_000061,defrost,robust_monotone_offline,constrained,0,insufficient_data,,,,,,,,,,
frost_cycle_000062,recovery,median_centered_60s,offline,78,available,0.30523255813953504,0.694767441860465,0.13498940492097544,0.8650105950790246,1.2768694599999852,1.4627323217084176,0.7008095168977574,1.6765026231130142,0.40983201581027606,-10.0
frost_cycle_000062,recovery,ewma_tau30s,online,78,available,0.3904535685149662,0.6095464314850338,0.41225447613459004,0.5877455238654099,1.142316079449564,2.288276513701224,2.533051948904354,8.741402523937952,0.6071856984216804,20.0
frost_cycle_000062,recovery,median30s_ewma30s,online,78,available,0.273923114794034,0.726076885205966,0.348344435660202,0.651655564339798,1.095034603641741,2.397752300174289,3.203275730257229,7.794744429416302,0.6425005155148125,30.0
frost_cycle_000062,recovery,savgol_70s,offline,78,available,0.4238648947951253,0.5761351052048747,0.6747243254916252,0.3252756745083748,1.3021995619047653,1.9582538813769077,0.1785699455972569,1.302011301977739,0.5878348704435661,0.0
frost_cycle_000062,recovery,adaptive_offline,offline,78,available,0.19676081402941162,0.8032391859705884,0.035477132579544164,0.9645228674204558,1.245569939008211,1.402374937928706,0.6247103166108363,5.207178256223348,0.23274008425656512,-20.0
frost_cycle_000062,recovery,wavelet_offline,offline,78,available,0.17581858395848243,0.8241814160415175,0.79757352640634,0.20242647359365995,1.250107092564397,1.9684497565452055,0.01923329328980948,1.8897697264735787,0.3622812539941129,0.0
frost_cycle_000062,recovery,wavelet_monotonic_offline,constrained,78,available,0.17581858395848243,0.8241814160415175,0.79757352640634,0.20242647359365995,1.250107092564397,1.9684497565452055,0.01923329328980948,1.8897697264735787,0.3622812539941129,0.0
frost_cycle_000062,recovery,nearly_isotonic_offline,constrained,78,available,0.17581858395848243,0.8241814160415175,0.79757352640634,0.20242647359365995,1.250107092564397,1.9684497565452055,0.01923329328980948,1.8897697264735787,0.3622812539941129,0.0
frost_cycle_000062,recovery,robust_monotone_offline,constrained,78,available,0.17581858395848243,0.8241814160415175,0.79757352640634,0.20242647359365995,1.250107092564397,1.9684497565452055,0.01923329328980948,1.8897697264735787,0.3622812539941129,0.0
frost_cycle_000062,frost_development,median_centered_60s,offline,239,available,0.47619047619038757,0.5238095238096124,0.42152301255230223,0.5784769874476978,-0.5115019999999904,0.4707602440543067,0.008971229946840482,7.140414500770848,0.29956140350877103,0.0
frost_cycle_000062,frost_development,ewma_tau30s,online,239,available,0.7270185641760515,0.2729814358239485,0.2814868658308809,0.7185131341691191,-0.5165196542225932,0.47587527819098874,0.02020513565839065,13.622396539639215,0.30627305303714397,10.0
frost_cycle_000062,frost_development,median30s_ewma30s,online,239,available,0.7122457240304697,0.2877542759695303,0.22216547573076476,0.7778345242692353,-0.5067780598380489,0.47590988204491136,0.029889246161694565,13.008367956049941,0.2496814267668373,20.0
frost_cycle_000062,frost_development,savgol_70s,offline,239,available,1.0486988446169878,-0.04869884461698781,0.39354566931375373,0.6064543306862462,-0.5210554114285744,0.47429768394910315,0.008073724220371059,4.019935523164331,0.5039786967418554,0.0
frost_cycle_000062,frost_development,adaptive_offline,offline,239,available,0.34960180667577534,0.6503981933242247,0.03763421707749219,0.9623657829225079,-0.4790424216256337,0.47379263699923885,0.03811280849858378,20.2917804564215,0.06223183617226414,-20.0
frost_cycle_000062,frost_development,wavelet_offline,offline,239,available,0.8255099663268316,0.1744900336731684,0.8051780650695669,0.1948219349304331,-0.508145345385218,0.4767347677011399,0.0034273203469426653,7.126493225106928,0.8198001290469248,0.0
frost_cycle_000062,frost_development,wavelet_monotonic_offline,constrained,239,available,0.0,1.0,0.23924912378857924,0.7607508762114208,-0.5190322962611607,0.49086886683297104,0.004272173459680787,24.652181191912554,0.0,0.0
frost_cycle_000062,frost_development,nearly_isotonic_offline,constrained,239,available,4.046329409100794e-09,0.9999999959536706,0.6586733612273413,0.3413266387726587,-0.5118832999999912,0.4762248597382743,0.003142226871316942,7.871336166420104,0.3909600389863412,0.0
frost_cycle_000062,frost_development,robust_monotone_offline,constrained,239,available,0.0,1.0,0.15195015477253285,0.8480498452274672,-0.5081185230124099,0.48619111731433334,0.07190744720264595,21.089045786246206,0.0,0.0
frost_cycle_000063,recovery,median_centered_60s,offline,115,available,0.1166666666666864,0.8833333333333135,0.7214411247803154,0.2785588752196846,1.1758059200000002,1.1888449345872307,1.0059215737525586,,0.40193351873924177,0.0
frost_cycle_000063,recovery,ewma_tau30s,online,115,available,0.8175158526847235,0.1824841473152765,0.4842584790590278,0.5157415209409721,1.0879333641799214,0.7764242781025409,2.752431889948148,,0.419317450900714,20.0
frost_cycle_000063,recovery,median30s_ewma30s,online,115,available,0.6985784710561099,0.30142152894389007,0.4842584790590278,0.5157415209409721,0.9345450530461585,0.7520100867870904,3.6777209021155133,,0.31919175902395597,30.0
frost_cycle_000063,recovery,savgol_70s,offline,115,available,0.936507936507874,0.063492063492126,0.5944979326388353,0.4055020673611647,1.139196420000007,1.06697376211722,0.23442413739992182,,0.7124694931607899,0.0
frost_cycle_000063,recovery,adaptive_offline,offline,115,available,0.9428711837950366,0.05712881620496335,0.07487167111544009,0.9251283288845599,1.2424931586116372,0.8660194735415714,3.8027804851591114,,0.5747810316747728,30.0
frost_cycle_000063,recovery,wavelet_offline,offline,115,available,1.0007759195117825,-0.0007759195117824635,0.7553398699759604,0.24466013002403963,1.134372406826322,1.1208809628146514,0.029988263976153336,,0.36051459140032904,0.0
frost_cycle_000063,recovery,wavelet_monotonic_offline,constrained,115,available,1.0007759195117825,-0.0007759195117824635,0.7553398699759604,0.24466013002403963,1.134372406826322,1.1208809628146514,0.029988263976153336,,0.36051459140032904,0.0
frost_cycle_000063,recovery,nearly_isotonic_offline,constrained,115,available,1.0007759195117825,-0.0007759195117824635,0.7553398699759604,0.24466013002403963,1.134372406826322,1.1208809628146514,0.029988263976153336,,0.36051459140032904,0.0
frost_cycle_000063,recovery,robust_monotone_offline,constrained,115,available,1.0007759195117825,-0.0007759195117824635,0.7553398699759604,0.24466013002403963,1.134372406826322,1.1208809628146514,0.029988263976153336,,0.36051459140032904,0.0
frost_cycle_000063,frost_development,median_centered_60s,offline,751,available,0.4375000000000902,0.5624999999999098,0.42922895647691284,0.5707710435230872,-0.12854760000000276,0.6203375841858364,0.030695926664035606,0.2066397343114954,0.3816568047337296,0.0
frost_cycle_000063,frost_development,ewma_tau30s,online,751,available,1.082883534363809,-0.08288353436380902,0.24988556133232104,0.750114438667679,-0.11428866303047958,0.5933766759925898,0.15088464656155184,0.9619945270180017,0.3176418970340439,10.0
frost_cycle_000063,frost_development,median30s_ewma30s,online,751,available,0.9742322739529343,0.025767726047065675,0.2232341304713439,0.7767658695286561,-0.10357446554373961,0.5958862114778208,0.2369208198701555,1.1839243147929048,0.28152130408662823,20.0
frost_cycle_000063,frost_development,savgol_70s,offline,751,available,1.501322751322752,-0.5013227513227521,0.3667684812098981,0.6332315187901019,-0.12383512645502925,0.6100208684832746,0.0025809399815001116,0.13288093020745192,0.5145111298957443,0.0
frost_cycle_000063,frost_development,adaptive_offline,offline,751,available,0.6772843521926081,0.3227156478073919,0.06307544672405108,0.9369245532759489,-0.13353625246101508,0.5884560587892455,0.07033566944183267,0.13592986294135284,0.08586921779782032,0.0
frost_cycle_000063,frost_development,wavelet_offline,offline,751,available,1.3157089184009918,-0.3157089184009918,0.7052028530873915,0.2947971469126085,-0.11389448658211077,0.6105625372971571,0.0004153048464144803,0.09151039931916431,0.6664512666136793,0.0
frost_cycle_000063,frost_development,wavelet_monotonic_offline,constrained,751,available,0.0,1.0,0.19876516493211602,0.801234835067884,-0.16829691934281943,0.6180095823265355,0.027848470588175318,0.19765983204607923,0.0,0.0
frost_cycle_000063,frost_development,nearly_isotonic_offline,constrained,751,available,1.673661209622422e-10,0.9999999998326339,0.7723936470530507,0.2276063529469493,-0.12672375396830127,0.6114066913398669,0.0020411683521557983,0.08688944452230675,0.5682226605303539,0.0
frost_cycle_000063,frost_development,robust_monotone_offline,constrained,751,available,0.0,1.0,0.11655064515734603,0.883449354842654,-0.15990588452545396,0.6399181550651885,0.036706949576529285,0.6167895669043498,0.09220685133339805,-20.0
frost_cycle_000063,defrost_preparation,median_centered_60s,offline,1,insufficient_data,,,,,-1.1890062700000028,0.0,,,,
frost_cycle_000063,defrost_preparation,ewma_tau30s,online,1,insufficient_data,,,,,-1.1890062700000028,0.0,,,,
frost_cycle_000063,defrost_preparation,median30s_ewma30s,online,1,insufficient_data,,,,,-1.1890062700000028,0.0,,,,
frost_cycle_000063,defrost_preparation,savgol_70s,offline,1,insufficient_data,,,,,-1.1890062700000028,0.0,,,,
frost_cycle_000063,defrost_preparation,adaptive_offline,offline,1,insufficient_data,,,,,-1.1890062700000028,0.0,,,,
frost_cycle_000063,defrost_preparation,wavelet_offline,offline,1,insufficient_data,,,,,-1.1890062700000028,0.0,,,,
frost_cycle_000063,defrost_preparation,wavelet_monotonic_offline,constrained,1,insufficient_data,,,,,-1.1890062700000028,0.0,,,,
frost_cycle_000063,defrost_preparation,nearly_isotonic_offline,constrained,1,insufficient_data,,,,,-1.1890062700000028,0.0,,,,
frost_cycle_000063,defrost_preparation,robust_monotone_offline,constrained,1,insufficient_data,,,,,-1.1890062700000028,0.0,,,,
frost_cycle_000063,defrost,median_centered_60s,offline,0,insufficient_data,,,,,,,,,,
frost_cycle_000063,defrost,ewma_tau30s,online,0,insufficient_data,,,,,,,,,,
frost_cycle_000063,defrost,median30s_ewma30s,online,0,insufficient_data,,,,,,,,,,
frost_cycle_000063,defrost,savgol_70s,offline,0,insufficient_data,,,,,,,,,,
frost_cycle_000063,defrost,adaptive_offline,offline,0,insufficient_data,,,,,,,,,,
frost_cycle_000063,defrost,wavelet_offline,offline,0,insufficient_data,,,,,,,,,,
frost_cycle_000063,defrost,wavelet_monotonic_offline,constrained,0,insufficient_data,,,,,,,,,,
frost_cycle_000063,defrost,nearly_isotonic_offline,constrained,0,insufficient_data,,,,,,,,,,
frost_cycle_000063,defrost,robust_monotone_offline,constrained,0,insufficient_data,,,,,,,,,,
frost_cycle_000064,recovery,median_centered_60s,offline,74,available,0.5333333333333357,0.46666666666666434,0.18899885801294355,0.8110011419870564,1.3956610899999942,0.6467315250122857,0.06302425207633955,4.720269522626106,0.43462469733656267,-10.0
frost_cycle_000064,recovery,ewma_tau30s,online,74,available,0.5812287833606454,0.41877121663935457,0.4619661952982667,0.5380338047017332,1.2615156049476877,0.9959756916296032,0.850418886270784,7.034745708684922,0.4410348839840754,20.0
frost_cycle_000064,recovery,median30s_ewma30s,online,74,available,0.49388715512442793,0.5061128448755721,0.37507891525663256,0.6249210847433675,1.1956240171423511,1.0681759854082082,0.9732379775942818,6.85815256554755,0.4246974028114495,30.0
frost_cycle_000064,recovery,savgol_70s,offline,74,available,0.7273015873015931,0.2726984126984069,0.49893716654280146,0.5010628334571985,1.374392933095245,0.769616482928433,0.14881938255212585,2.0315244372728225,0.5595270123115164,0.0
frost_cycle_000064,recovery,adaptive_offline,offline,74,available,0.07422362159539757,0.9257763784046025,0.07028138923268862,0.9297186107673114,1.4593098117799466,0.640972720470919,0.3404879607709689,9.852187025210156,0.21376994110632322,-20.0
frost_cycle_000064,recovery,wavelet_offline,offline,74,available,0.6118205250794895,0.3881794749205105,0.9718140675887141,0.028185932411285863,1.3548767159815602,0.8467381264366876,0.014121387605869765,0.3783547624676905,0.5815120650476859,0.0
frost_cycle_000064,recovery,wavelet_monotonic_offline,constrained,74,available,0.6118205250794895,0.3881794749205105,0.9718140675887141,0.028185932411285863,1.3548767159815602,0.8467381264366876,0.014121387605869765,0.3783547624676905,0.5815120650476859,0.0
frost_cycle_000064,recovery,nearly_isotonic_offline,constrained,74,available,0.6118205250794895,0.3881794749205105,0.9718140675887141,0.028185932411285863,1.3548767159815602,0.8467381264366876,0.014121387605869765,0.3783547624676905,0.5815120650476859,0.0
frost_cycle_000064,recovery,robust_monotone_offline,constrained,74,available,0.6118205250794895,0.3881794749205105,0.9718140675887141,0.028185932411285863,1.3548767159815602,0.8467381264366876,0.014121387605869765,0.3783547624676905,0.5815120650476859,0.0
frost_cycle_000064,frost_development,median_centered_60s,offline,656,available,0.4375000000001388,0.5624999999998612,0.4897240259740258,0.5102759740259741,-0.38121606000000163,0.6842938973705148,0.09372657221673358,0.24864313257218085,0.4314679643146796,0.0
frost_cycle_000064,frost_development,ewma_tau30s,online,656,available,1.0217651422304035,-0.02176514223040349,0.31743161716428875,0.6825683828357112,-0.36900893733550166,0.6892131945918125,0.2015195353551351,1.853708223692299,0.386077230276394,10.0
frost_cycle_000064,frost_development,median30s_ewma30s,online,656,available,0.9324457466952568,0.06755425330474318,0.2886090039708702,0.7113909960291298,-0.37007535223531196,0.6959807469079976,0.27036828793726975,2.246442897840338,0.3396741450416095,20.0
frost_cycle_000064,frost_development,savgol_70s,offline,656,available,1.2566137566138165,-0.25661375661381647,0.4384666391809282,0.5615333608190718,-0.38870474301586544,0.68910517975772,0.006831502234886376,0.28968967200650225,0.5677210056771831,0.0
frost_cycle_000064,frost_development,adaptive_offline,offline,656,available,0.7999075137445681,0.20009248625543186,0.1572155266838263,0.8427844733161737,-0.4047280480158695,0.6626214005798331,0.08635931282426429,0.6425441631406591,0.12087883323353009,0.0
frost_cycle_000064,frost_development,wavelet_offline,offline,656,available,1.0909573911397443,-0.09095739113974433,0.8846417669678818,0.11535823303211823,-0.37180361190482714,0.6887405803802661,0.005626296275386964,0.056635658563329735,0.8023477878702117,0.0
frost_cycle_000064,frost_development,wavelet_monotonic_offline,constrained,656,available,0.0,1.0,0.39027315386362443,0.6097268461363756,-0.4160965862450987,0.6587127207886934,0.005864699449898866,2.8784048628998398,0.0,0.0
frost_cycle_000064,frost_development,nearly_isotonic_offline,constrained,656,available,1.5372147998961611e-09,0.9999999984627852,0.9105844155844102,0.08941558441558983,-0.38095954166666557,0.6886027573036313,0.0024701518414008443,0.2562726660657735,0.6366585563665788,0.0
frost_cycle_000064,frost_development,robust_monotone_offline,constrained,656,available,0.0,1.0,0.14090619123098402,0.859093808769016,-0.44639305652398065,0.7109092116968315,0.2119040653274111,2.576723523067794,0.03543346966115315,0.0
frost_cycle_000064,defrost_preparation,median_centered_60s,offline,1,insufficient_data,,,,,-4.235621729999999,0.0,,,,
frost_cycle_000064,defrost_preparation,ewma_tau30s,online,1,insufficient_data,,,,,-4.235621729999999,0.0,,,,
frost_cycle_000064,defrost_preparation,median30s_ewma30s,online,1,insufficient_data,,,,,-4.235621729999999,0.0,,,,
frost_cycle_000064,defrost_preparation,savgol_70s,offline,1,insufficient_data,,,,,-4.235621729999999,0.0,,,,
frost_cycle_000064,defrost_preparation,adaptive_offline,offline,1,insufficient_data,,,,,-4.235621729999999,0.0,,,,
frost_cycle_000064,defrost_preparation,wavelet_offline,offline,1,insufficient_data,,,,,-4.235621729999999,0.0,,,,
frost_cycle_000064,defrost_preparation,wavelet_monotonic_offline,constrained,1,insufficient_data,,,,,-4.235621729999999,0.0,,,,
frost_cycle_000064,defrost_preparation,nearly_isotonic_offline,constrained,1,insufficient_data,,,,,-4.235621729999999,0.0,,,,
frost_cycle_000064,defrost_preparation,robust_monotone_offline,constrained,1,insufficient_data,,,,,-4.235621729999999,0.0,,,,
frost_cycle_000064,defrost,median_centered_60s,offline,0,insufficient_data,,,,,,,,,,
frost_cycle_000064,defrost,ewma_tau30s,online,0,insufficient_data,,,,,,,,,,
frost_cycle_000064,defrost,median30s_ewma30s,online,0,insufficient_data,,,,,,,,,,
frost_cycle_000064,defrost,savgol_70s,offline,0,insufficient_data,,,,,,,,,,
frost_cycle_000064,defrost,adaptive_offline,offline,0,insufficient_data,,,,,,,,,,
frost_cycle_000064,defrost,wavelet_offline,offline,0,insufficient_data,,,,,,,,,,
frost_cycle_000064,defrost,wavelet_monotonic_offline,constrained,0,insufficient_data,,,,,,,,,,
frost_cycle_000064,defrost,nearly_isotonic_offline,constrained,0,insufficient_data,,,,,,,,,,
frost_cycle_000064,defrost,robust_monotone_offline,constrained,0,insufficient_data,,,,,,,,,,
frost_cycle_000065,recovery,median_centered_60s,offline,76,available,0.3263888888888976,0.6736111111111024,0.23216110275130475,0.7678388972486953,1.4202797333333312,0.7765764203223536,0.08332710355352568,6.646422132805066,0.40595194424064607,-20.0
frost_cycle_000065,recovery,ewma_tau30s,online,76,available,0.45538376310391077,0.5446162368960892,0.24634776825302543,0.7536522317469746,1.261992297964682,0.8263075125893249,0.4648197495841517,8.939055287143072,0.37667656184862797,20.0
frost_cycle_000065,recovery,median30s_ewma30s,online,76,available,0.4204990883651625,0.5795009116348375,0.2034636077749535,0.7965363922250465,1.2026588894444976,0.8671335138088282,0.592490106378032,10.356349391926841,0.39091125135442223,30.0
frost_cycle_000065,recovery,savgol_70s,offline,76,available,0.5853835978836079,0.41461640211639206,0.23824889437756072,0.7617511056224393,1.408167543809514,0.7683066190489803,0.10572106882519683,3.667754949091248,0.532176920658214,0.0
frost_cycle_000065,recovery,adaptive_offline,offline,76,available,0.16830447234994603,0.831695527650054,0.05966878416068185,0.9403312158393181,1.335429879354297,0.7957768398860284,0.37717642374500787,21.36692778516042,0.14611473142772535,10.0
frost_cycle_000065,recovery,wavelet_offline,offline,76,available,0.40520081434222777,0.5947991856577722,0.6031015358614253,0.39689846413857466,1.393116982606267,0.7753101313093377,0.002803456862191114,3.798726945051014,0.4592368395269464,0.0
frost_cycle_000065,recovery,wavelet_monotonic_offline,constrained,76,available,0.40520081434222777,0.5947991856577722,0.6031015358614253,0.39689846413857466,1.393116982606267,0.7753101313093377,0.002803456862191114,3.798726945051014,0.4592368395269464,0.0
frost_cycle_000065,recovery,nearly_isotonic_offline,constrained,76,available,0.40520081434222777,0.5947991856577722,0.6031015358614253,0.39689846413857466,1.393116982606267,0.7753101313093377,0.002803456862191114,3.798726945051014,0.4592368395269464,0.0
frost_cycle_000065,recovery,robust_monotone_offline,constrained,76,available,0.40520081434222777,0.5947991856577722,0.6031015358614253,0.39689846413857466,1.393116982606267,0.7753101313093377,0.002803456862191114,3.798726945051014,0.4592368395269464,0.0
frost_cycle_000065,frost_development,median_centered_60s,offline,660,available,0.5,0.5,0.48001475833230756,0.5199852416676924,-0.5710497733333515,0.6133845859949055,0.1103592493956628,0.25563062440957923,0.3941391941391936,-10.0
frost_cycle_000065,frost_development,ewma_tau30s,online,660,available,1.1804350538411907,-0.18043505384119074,0.260236793689828,0.739763206310172,-0.5656639886546562,0.6068538183008297,0.16292625066199248,1.2929761744042658,0.3221585284586772,10.0
frost_cycle_000065,frost_development,median30s_ewma30s,online,660,available,1.0331393717878004,-0.033139371787800354,0.23105567952055134,0.7689443204794486,-0.5699549856447854,0.608400543852833,0.2094372999123505,1.587145198611226,0.27494298333170825,20.0
frost_cycle_000065,frost_development,savgol_70s,offline,660,available,1.5023809523812095,-0.5023809523812095,0.40890390100204344,0.5910960989979566,-0.5695962095238074,0.6168361663362808,0.0014849795404380424,0.21993516948226854,0.4809000523286224,0.0
frost_cycle_000065,frost_development,adaptive_offline,offline,660,available,0.5936033339008455,0.4063966660991545,0.07254425638538199,0.927455743614618,-0.5719692894841262,0.5918361214870947,0.1354424852331588,0.16337867082948407,0.08001185828309956,0.0
frost_cycle_000065,frost_development,wavelet_offline,offline,660,available,1.1157394573334312,-0.11573945733343116,0.8181726131738937,0.18182738682610633,-0.5748215717078073,0.6206432960415904,0.009532516052226995,0.0734984401733714,0.7230694269328038,0.0
frost_cycle_000065,frost_development,wavelet_monotonic_offline,constrained,660,available,0.0,1.0,0.2917184892006806,0.7082815107993194,-0.5742837384385076,0.5925477449612853,0.032937399251399664,0.8721543418569054,0.003682921955623415,0.0
frost_cycle_000065,frost_development,nearly_isotonic_offline,constrained,660,available,1.003719152237381e-06,0.9999989962808478,0.7735825851678725,0.22641741483212752,-0.5655474833333365,0.6178753917626992,0.003675045859615338,0.17685215364126944,0.49908424908424087,0.0
frost_cycle_000065,frost_development,robust_monotone_offline,constrained,660,available,0.0,1.0,0.14842832528752373,0.8515716747124763,-0.6182990600038449,0.6029154402255456,0.23750852679580997,0.6698714598761478,0.04097188069251104,0.0
frost_cycle_000065,defrost_preparation,median_centered_60s,offline,1,insufficient_data,,,,,-2.019730539999993,0.0,,,,
frost_cycle_000065,defrost_preparation,ewma_tau30s,online,1,insufficient_data,,,,,-2.019730539999993,0.0,,,,
frost_cycle_000065,defrost_preparation,median30s_ewma30s,online,1,insufficient_data,,,,,-2.019730539999993,0.0,,,,
frost_cycle_000065,defrost_preparation,savgol_70s,offline,1,insufficient_data,,,,,-2.019730539999993,0.0,,,,
frost_cycle_000065,defrost_preparation,adaptive_offline,offline,1,insufficient_data,,,,,-2.019730539999993,0.0,,,,
frost_cycle_000065,defrost_preparation,wavelet_offline,offline,1,insufficient_data,,,,,-2.019730539999993,0.0,,,,
frost_cycle_000065,defrost_preparation,wavelet_monotonic_offline,constrained,1,insufficient_data,,,,,-2.019730539999993,0.0,,,,
frost_cycle_000065,defrost_preparation,nearly_isotonic_offline,constrained,1,insufficient_data,,,,,-2.019730539999993,0.0,,,,
frost_cycle_000065,defrost_preparation,robust_monotone_offline,constrained,1,insufficient_data,,,,,-2.019730539999993,0.0,,,,
frost_cycle_000065,defrost,median_centered_60s,offline,0,insufficient_data,,,,,,,,,,
frost_cycle_000065,defrost,ewma_tau30s,online,0,insufficient_data,,,,,,,,,,
frost_cycle_000065,defrost,median30s_ewma30s,online,0,insufficient_data,,,,,,,,,,
frost_cycle_000065,defrost,savgol_70s,offline,0,insufficient_data,,,,,,,,,,
frost_cycle_000065,defrost,adaptive_offline,offline,0,insufficient_data,,,,,,,,,,
frost_cycle_000065,defrost,wavelet_offline,offline,0,insufficient_data,,,,,,,,,,
frost_cycle_000065,defrost,wavelet_monotonic_offline,constrained,0,insufficient_data,,,,,,,,,,
frost_cycle_000065,defrost,nearly_isotonic_offline,constrained,0,insufficient_data,,,,,,,,,,
frost_cycle_000065,defrost,robust_monotone_offline,constrained,0,insufficient_data,,,,,,,,,,
frost_cycle_000066,recovery,median_centered_60s,offline,76,available,0.2875399361022378,0.7124600638977622,0.20514008289083513,0.7948599171091648,1.2701809799999997,0.63231132505901,0.07265883509577382,1.7936369865343853,0.37060173380928135,0.0
frost_cycle_000066,recovery,ewma_tau30s,online,76,available,0.3373363735916873,0.6626636264083128,0.23082404119669267,0.7691759588033074,1.2691153386292147,0.693436497407721,0.5411440827093495,9.233855823468733,0.32048505466547733,10.0
frost_cycle_000066,recovery,median30s_ewma30s,online,76,available,0.2839383777901196,0.7160616222098803,0.17772045532012495,0.8222795446798751,1.2313403370519849,0.7347232602787991,0.6926381041261775,11.489897371502746,0.26841658793527257,20.0
frost_cycle_000066,recovery,savgol_70s,offline,76,available,0.46934428723565397,0.5306557127643461,0.23353485477579547,0.7664651452242045,1.224052719682549,0.6261388284262631,0.058061157189265335,2.6685415033829303,0.49587997701205155,0.0
frost_cycle_000066,recovery,adaptive_offline,offline,76,available,0.0893950740883822,0.9106049259116178,0.07480186436343075,0.9251981356365693,1.2573130497595808,0.6458524055961203,0.10279301925042997,6.027063121343317,0.16408402025209318,10.0
frost_cycle_000066,recovery,wavelet_offline,offline,76,available,0.3050105853857521,0.6949894146142479,0.4184059048820659,0.5815940951179341,1.2413122530740988,0.6268549667980172,0.02211225201248529,1.8041504403322677,0.42266281122542804,0.0
frost_cycle_000066,recovery,wavelet_monotonic_offline,constrained,76,available,0.3050105853857521,0.6949894146142479,0.4184059048820659,0.5815940951179341,1.2413122530740988,0.6268549667980172,0.02211225201248529,1.8041504403322677,0.42266281122542804,0.0
frost_cycle_000066,recovery,nearly_isotonic_offline,constrained,76,available,0.3050105853857521,0.6949894146142479,0.4184059048820659,0.5815940951179341,1.2413122530740988,0.6268549667980172,0.02211225201248529,1.8041504403322677,0.42266281122542804,0.0
frost_cycle_000066,recovery,robust_monotone_offline,constrained,76,available,0.3050105853857521,0.6949894146142479,0.4184059048820659,0.5815940951179341,1.2413122530740988,0.6268549667980172,0.02211225201248529,1.8041504403322677,0.42266281122542804,0.0
frost_cycle_000066,frost_development,median_centered_60s,offline,667,available,0.7142857142854968,0.2857142857145032,0.6068351114197352,0.39316488858026477,-0.6665783999999935,0.5906049356073768,0.013828595472213975,0.1392441308593346,0.36696811042360955,-10.0
frost_cycle_000066,frost_development,ewma_tau30s,online,667,available,1.4518288051000672,-0.4518288051000672,0.31923308252673527,0.6807669174732647,-0.6246742350014971,0.5642929752173748,0.19511688259913398,1.4980240411447132,0.4015398448140485,10.0
frost_cycle_000066,frost_development,median30s_ewma30s,online,667,available,1.2876348319423316,-0.28763483194233164,0.3060691970195569,0.6939308029804431,-0.6169768155197524,0.5685389129211577,0.2839395504423517,1.8958180510312923,0.37775576923332266,20.0
frost_cycle_000066,frost_development,savgol_70s,offline,667,available,1.5600907029469158,-0.5600907029469158,0.5011377949323801,0.4988622050676199,-0.6469060952380756,0.5751029320104611,0.00527775019117765,0.1512911698228033,0.656943405634509,0.0
frost_cycle_000066,frost_development,adaptive_offline,offline,667,available,1.0104356825974252,-0.010435682597425222,0.12571139435003742,0.8742886056499626,-0.669831567051455,0.566308112692014,0.017212965923889375,0.819833730981028,0.1369617943238925,0.0
frost_cycle_000066,frost_development,wavelet_offline,offline,667,available,1.4456204660230183,-0.4456204660230183,0.8996159430753637,0.10038405692463626,-0.6618961204900682,0.5810139034346352,0.004977353730102767,0.09757656675802988,0.7022369773511167,0.0
frost_cycle_000066,frost_development,wavelet_monotonic_offline,constrained,667,available,0.0,1.0,0.2658451036268368,0.7341548963731632,-0.6768014787614582,0.5902391774745828,0.007057702601615998,1.2081256584937212,0.0,0.0
frost_cycle_000066,frost_development,nearly_isotonic_offline,constrained,667,available,1.97312369617576e-06,0.9999980268763038,0.8699577046903617,0.1300422953096383,-0.6595191999999903,0.5798570800008755,0.0012971996941771183,0.10395668068964832,0.4692738907398683,0.0
frost_cycle_000066,frost_development,robust_monotone_offline,constrained,667,available,0.0,1.0,0.16490032507673402,0.835099674923266,-0.7167107697640143,0.6489975008423969,0.04946746284277995,0.14605078417167244,0.053408735979656785,0.0
frost_cycle_000066,defrost_preparation,median_centered_60s,offline,1,insufficient_data,,,,,-1.0493063200000163,0.0,,,,
frost_cycle_000066,defrost_preparation,ewma_tau30s,online,1,insufficient_data,,,,,-1.0493063200000163,0.0,,,,
frost_cycle_000066,defrost_preparation,median30s_ewma30s,online,1,insufficient_data,,,,,-1.0493063200000163,0.0,,,,
frost_cycle_000066,defrost_preparation,savgol_70s,offline,1,insufficient_data,,,,,-1.0493063200000163,0.0,,,,
frost_cycle_000066,defrost_preparation,adaptive_offline,offline,1,insufficient_data,,,,,-1.0493063200000163,0.0,,,,
frost_cycle_000066,defrost_preparation,wavelet_offline,offline,1,insufficient_data,,,,,-1.0493063200000163,0.0,,,,
frost_cycle_000066,defrost_preparation,wavelet_monotonic_offline,constrained,1,insufficient_data,,,,,-1.0493063200000163,0.0,,,,
frost_cycle_000066,defrost_preparation,nearly_isotonic_offline,constrained,1,insufficient_data,,,,,-1.0493063200000163,0.0,,,,
frost_cycle_000066,defrost_preparation,robust_monotone_offline,constrained,1,insufficient_data,,,,,-1.0493063200000163,0.0,,,,
frost_cycle_000066,defrost,median_centered_60s,offline,0,insufficient_data,,,,,,,,,,
frost_cycle_000066,defrost,ewma_tau30s,online,0,insufficient_data,,,,,,,,,,
frost_cycle_000066,defrost,median30s_ewma30s,online,0,insufficient_data,,,,,,,,,,
frost_cycle_000066,defrost,savgol_70s,offline,0,insufficient_data,,,,,,,,,,
frost_cycle_000066,defrost,adaptive_offline,offline,0,insufficient_data,,,,,,,,,,
frost_cycle_000066,defrost,wavelet_offline,offline,0,insufficient_data,,,,,,,,,,
frost_cycle_000066,defrost,wavelet_monotonic_offline,constrained,0,insufficient_data,,,,,,,,,,
frost_cycle_000066,defrost,nearly_isotonic_offline,constrained,0,insufficient_data,,,,,,,,,,
frost_cycle_000066,defrost,robust_monotone_offline,constrained,0,insufficient_data,,,,,,,,,,
frost_cycle_000067,recovery,median_centered_60s,offline,74,available,0.23236009732360494,0.767639902676395,0.27658811934414496,0.723411880655855,1.3510408600000021,0.5649471521805732,0.16450299401197674,5.334005182839045,0.41859891465219395,0.0
frost_cycle_000067,recovery,ewma_tau30s,online,74,available,0.3932284160953594,0.6067715839046406,0.24662650052124263,0.7533734994787573,1.2390010671159186,0.6398652015673443,0.13999804916009473,5.168238397020984,0.3421354100715007,10.0
frost_cycle_000067,recovery,median30s_ewma30s,online,74,available,0.32135745474413063,0.6786425452558693,0.1949190503976193,0.8050809496023807,1.198223117630238,0.688886070974287,0.18456611940131834,5.987365620592697,0.3354057849163584,30.0
frost_cycle_000067,recovery,savgol_70s,offline,74,available,0.5480245626231314,0.4519754373768686,0.28128986564610664,0.7187101343538933,1.3184880790476252,0.5662472054111206,0.08423838038222299,2.9707402684665203,0.49240021612986645,0.0
frost_cycle_000067,recovery,adaptive_offline,offline,74,available,0.18527969783009604,0.814720302169904,0.12574292936923642,0.8742570706307635,1.4015906499408128,0.5491000896803631,0.12155122486888403,4.943538101804011,0.2563414959091841,-20.0
frost_cycle_000067,recovery,wavelet_offline,offline,74,available,0.4658491039167563,0.5341508960832437,0.5040531733890442,0.4959468266109558,1.34183893319797,0.5642792779322104,0.01633123466417383,1.4368853589744286,0.5053804427262371,0.0
frost_cycle_000067,recovery,wavelet_monotonic_offline,constrained,74,available,0.4658491039167563,0.5341508960832437,0.5040531733890442,0.4959468266109558,1.34183893319797,0.5642792779322104,0.01633123466417383,1.4368853589744286,0.5053804427262371,0.0
frost_cycle_000067,recovery,nearly_isotonic_offline,constrained,74,available,0.4658491039167563,0.5341508960832437,0.5040531733890442,0.4959468266109558,1.34183893319797,0.5642792779322104,0.01633123466417383,1.4368853589744286,0.5053804427262371,0.0
frost_cycle_000067,recovery,robust_monotone_offline,constrained,74,available,0.4658491039167563,0.5341508960832437,0.5040531733890442,0.4959468266109558,1.34183893319797,0.5642792779322104,0.01633123466417383,1.4368853589744286,0.5053804427262371,0.0
frost_cycle_000067,frost_development,median_centered_60s,offline,672,available,0.6428571428570704,0.3571428571429296,0.45409916543937184,0.5459008345606282,-0.30309800499999406,0.7060371988957339,0.05913181128547647,0.3690905234449142,0.3809106830122619,0.0
frost_cycle_000067,frost_development,ewma_tau30s,online,672,available,1.145947879598912,-0.14594787959891198,0.30290750690423174,0.6970924930957683,-0.3069403749431525,0.7008400553311104,0.1691068781685871,1.4460691468181808,0.40494224878517493,10.0
frost_cycle_000067,frost_development,median30s_ewma30s,online,672,available,1.092918702622216,-0.09291870262221602,0.26978763639771164,0.7302123636022884,-0.3045925330094752,0.7048978437917542,0.23090295770930694,1.7456206265042,0.3458503445958141,20.0
frost_cycle_000067,frost_development,savgol_70s,offline,672,available,1.1360544217687896,-0.13605442176878957,0.4042183883862832,0.5957816116137168,-0.3030737419047558,0.7034818219914478,0.0032883440139099495,0.20581918875419608,0.5291885580852315,0.0
frost_cycle_000067,frost_development,adaptive_offline,offline,672,available,0.8794021601706454,0.12059783982935457,0.06253042730494476,0.9374695726950553,-0.329513026715889,0.671758819129985,0.0186499750460784,0.8203601069208142,0.11157682155101824,0.0
frost_cycle_000067,frost_development,wavelet_offline,offline,672,available,1.1686303925853878,-0.1686303925853878,0.9253503134454142,0.07464968655458581,-0.3000087690194069,0.7054703912402553,0.0015750559251185513,0.0834869071078519,0.891628001472378,0.0
frost_cycle_000067,frost_development,wavelet_monotonic_offline,constrained,672,available,0.0,1.0,0.2828270117629486,0.7171729882370514,-0.3137355409954039,0.6707981739851345,0.006540836988797376,0.7465799106239721,0.0,0.0
frost_cycle_000067,frost_development,nearly_isotonic_offline,constrained,672,available,3.540025415662093e-11,0.9999999999645998,0.8231297387225223,0.17687026127747774,-0.30294015999999857,0.7047897175377026,0.00010976546741169057,0.1185818453710344,0.5248686514886274,0.0
frost_cycle_000067,frost_development,robust_monotone_offline,constrained,672,available,0.0,1.0,0.17337611982697804,0.8266238801730219,-0.3168314425929455,0.7220562878696151,0.2107283689500286,1.1646267301872772,0.004289928934895397,0.0
frost_cycle_000067,defrost_preparation,median_centered_60s,offline,1,insufficient_data,,,,,-1.0413385799999935,0.0,,,,
frost_cycle_000067,defrost_preparation,ewma_tau30s,online,1,insufficient_data,,,,,-1.0413385799999935,0.0,,,,
frost_cycle_000067,defrost_preparation,median30s_ewma30s,online,1,insufficient_data,,,,,-1.0413385799999935,0.0,,,,
frost_cycle_000067,defrost_preparation,savgol_70s,offline,1,insufficient_data,,,,,-1.0413385799999935,0.0,,,,
frost_cycle_000067,defrost_preparation,adaptive_offline,offline,1,insufficient_data,,,,,-1.0413385799999935,0.0,,,,
frost_cycle_000067,defrost_preparation,wavelet_offline,offline,1,insufficient_data,,,,,-1.0413385799999935,0.0,,,,
frost_cycle_000067,defrost_preparation,wavelet_monotonic_offline,constrained,1,insufficient_data,,,,,-1.0413385799999935,0.0,,,,
frost_cycle_000067,defrost_preparation,nearly_isotonic_offline,constrained,1,insufficient_data,,,,,-1.0413385799999935,0.0,,,,
frost_cycle_000067,defrost_preparation,robust_monotone_offline,constrained,1,insufficient_data,,,,,-1.0413385799999935,0.0,,,,
frost_cycle_000067,defrost,median_centered_60s,offline,0,insufficient_data,,,,,,,,,,
frost_cycle_000067,defrost,ewma_tau30s,online,0,insufficient_data,,,,,,,,,,
frost_cycle_000067,defrost,median30s_ewma30s,online,0,insufficient_data,,,,,,,,,,
frost_cycle_000067,defrost,savgol_70s,offline,0,insufficient_data,,,,,,,,,,
frost_cycle_000067,defrost,adaptive_offline,offline,0,insufficient_data,,,,,,,,,,
frost_cycle_000067,defrost,wavelet_offline,offline,0,insufficient_data,,,,,,,,,,
frost_cycle_000067,defrost,wavelet_monotonic_offline,constrained,0,insufficient_data,,,,,,,,,,
frost_cycle_000067,defrost,nearly_isotonic_offline,constrained,0,insufficient_data,,,,,,,,,,
frost_cycle_000067,defrost,robust_monotone_offline,constrained,0,insufficient_data,,,,,,,,,,
frost_cycle_000068,recovery,median_centered_60s,offline,72,available,0.1944444444444561,0.8055555555555439,0.33244466724391974,0.6675553327560803,1.333314300000004,0.6121022714791353,0.08680573323810174,4.3017480739901135,0.39656637769845415,-10.0
frost_cycle_000068,recovery,ewma_tau30s,online,72,available,0.3202192903432882,0.6797807096567118,0.24126476283087517,0.7587352371691248,1.1804502793139964,0.6758714350453889,0.1411913447449836,6.002018044767086,0.33976933734552744,10.0
frost_cycle_000068,recovery,median30s_ewma30s,online,72,available,0.24831308670696545,0.7516869132930346,0.19647065452631024,0.8035293454736898,1.1493574036766487,0.7239449679705848,0.32780372283615344,7.260690228580353,0.34777142533549393,30.0
frost_cycle_000068,recovery,savgol_70s,offline,72,available,0.37351190476185536,0.6264880952381446,0.28823452393611404,0.711765476063886,1.2947111571428862,0.6052856463189027,0.028985604718053424,3.6928575153038503,0.4959244959244992,0.0
frost_cycle_000068,recovery,adaptive_offline,offline,72,available,0.10168757839939589,0.8983124216006041,0.14005126854045252,0.8599487314595475,1.3387806821461314,0.6114167030767688,0.21310076969659172,11.768821873400048,0.24590316892123928,-20.0
frost_cycle_000068,recovery,wavelet_offline,offline,72,available,0.3602879389033566,0.6397120610966434,0.6663365760993012,0.3336634239006988,1.323697029133152,0.6137020997376452,0.006215233166092622,2.699782873477968,0.5279269828389944,0.0
frost_cycle_000068,recovery,wavelet_monotonic_offline,constrained,72,available,0.3602879389033566,0.6397120610966434,0.6663365760993012,0.3336634239006988,1.323697029133152,0.6137020997376452,0.006215233166092622,2.699782873477968,0.5279269828389944,0.0
frost_cycle_000068,recovery,nearly_isotonic_offline,constrained,72,available,0.3602879389033566,0.6397120610966434,0.6663365760993012,0.3336634239006988,1.323697029133152,0.6137020997376452,0.006215233166092622,2.699782873477968,0.5279269828389944,0.0
frost_cycle_000068,recovery,robust_monotone_offline,constrained,72,available,0.3602879389033566,0.6397120610966434,0.6663365760993012,0.3336634239006988,1.323697029133152,0.6137020997376452,0.006215233166092622,2.699782873477968,0.5279269828389944,0.0
frost_cycle_000068,frost_development,median_centered_60s,offline,667,available,0.7142857142856055,0.2857142857143945,0.4590187332738634,0.5409812667261367,-0.3529806299999958,0.7609307974969803,0.08461054242187264,0.3057536874473968,0.4726631393298068,-10.0
frost_cycle_000068,frost_development,ewma_tau30s,online,667,available,1.0994662426115154,-0.09946624261151538,0.2550707951961877,0.7449292048038123,-0.3385390246997133,0.7538813089086713,0.16337050880687617,1.298178766008445,0.4311379281733673,10.0
frost_cycle_000068,frost_development,median30s_ewma30s,online,667,available,0.9716527670501964,0.02834723294980357,0.23270174370093025,0.7672982562990698,-0.3319345152081299,0.7549615402268569,0.201784479687034,1.4525323264089927,0.391333142417079,20.0
frost_cycle_000068,frost_development,savgol_70s,offline,667,available,1.2448979591836942,-0.24489795918369417,0.4070421817255008,0.5929578182744992,-0.35833224285713783,0.7604633574036355,0.005846466550366037,0.16425852176150238,0.6350046191316092,0.0
frost_cycle_000068,frost_development,adaptive_offline,offline,667,available,1.0517099132664838,-0.051709913266483776,0.05631549078226777,0.9436845092177323,-0.33478123410740235,0.7290121321678618,0.07779343462908879,0.5179924466587861,0.1261115396418817,10.0
frost_cycle_000068,frost_development,wavelet_offline,offline,667,available,1.3050273013464673,-0.30502730134646727,0.8023271855950554,0.19767281440494455,-0.3579326111365795,0.7618677340785754,0.001073204685028744,0.02662219955989783,0.754740531591867,0.0
frost_cycle_000068,frost_development,wavelet_monotonic_offline,constrained,667,available,0.0,1.0,0.23451779293657163,0.7654822070634284,-0.3421006658080614,0.7417088521929277,0.0026985304061203155,1.2309126589368626,0.0,0.0
frost_cycle_000068,frost_development,nearly_isotonic_offline,constrained,667,available,1.378127707190417e-06,0.9999986218722928,0.7942908117752012,0.20570918822479878,-0.35267780000000926,0.761410445667694,0.0003517505934103438,0.11796488115474826,0.5617283950617299,0.0
frost_cycle_000068,frost_development,robust_monotone_offline,constrained,667,available,0.0,1.0,0.15529087557985768,0.8447091244201423,-0.4473621360183424,0.81126516586763,0.35085377209123536,1.3264383970798999,0.020505353385610645,0.0
frost_cycle_000068,defrost_preparation,median_centered_60s,offline,1,insufficient_data,,,,,-2.760167650000013,0.0,,,,
frost_cycle_000068,defrost_preparation,ewma_tau30s,online,1,insufficient_data,,,,,-2.760167650000013,0.0,,,,
frost_cycle_000068,defrost_preparation,median30s_ewma30s,online,1,insufficient_data,,,,,-2.760167650000013,0.0,,,,
frost_cycle_000068,defrost_preparation,savgol_70s,offline,1,insufficient_data,,,,,-2.760167650000013,0.0,,,,
frost_cycle_000068,defrost_preparation,adaptive_offline,offline,1,insufficient_data,,,,,-2.760167650000013,0.0,,,,
frost_cycle_000068,defrost_preparation,wavelet_offline,offline,1,insufficient_data,,,,,-2.760167650000013,0.0,,,,
frost_cycle_000068,defrost_preparation,wavelet_monotonic_offline,constrained,1,insufficient_data,,,,,-2.760167650000013,0.0,,,,
frost_cycle_000068,defrost_preparation,nearly_isotonic_offline,constrained,1,insufficient_data,,,,,-2.760167650000013,0.0,,,,
frost_cycle_000068,defrost_preparation,robust_monotone_offline,constrained,1,insufficient_data,,,,,-2.760167650000013,0.0,,,,
frost_cycle_000068,defrost,median_centered_60s,offline,0,insufficient_data,,,,,,,,,,
frost_cycle_000068,defrost,ewma_tau30s,online,0,insufficient_data,,,,,,,,,,
frost_cycle_000068,defrost,median30s_ewma30s,online,0,insufficient_data,,,,,,,,,,
frost_cycle_000068,defrost,savgol_70s,offline,0,insufficient_data,,,,,,,,,,
frost_cycle_000068,defrost,adaptive_offline,offline,0,insufficient_data,,,,,,,,,,
frost_cycle_000068,defrost,wavelet_offline,offline,0,insufficient_data,,,,,,,,,,
frost_cycle_000068,defrost,wavelet_monotonic_offline,constrained,0,insufficient_data,,,,,,,,,,
frost_cycle_000068,defrost,nearly_isotonic_offline,constrained,0,insufficient_data,,,,,,,,,,
frost_cycle_000068,defrost,robust_monotone_offline,constrained,0,insufficient_data,,,,,,,,,,
frost_cycle_000069,recovery,median_centered_60s,offline,77,available,0.20860927152318234,0.7913907284768177,0.26108582026639665,0.7389141797336034,1.3651647999999952,1.5451744420999767,0.17205920355864718,6.623806333321647,0.41420504220951393,-10.0
frost_cycle_000069,recovery,ewma_tau30s,online,77,available,0.41890047237336253,0.5810995276266375,0.5047164251198355,0.4952835748801645,1.223778749501391,2.0301566416992967,1.6006406617969586,12.279473992593955,0.4000201708417274,10.0
frost_cycle_000069,recovery,median30s_ewma30s,online,77,available,0.2591661761768051,0.7408338238231948,0.4869649024338424,0.5130350975661576,1.2338941802008074,2.0915699437194766,2.5461767355256844,12.692756305274717,0.3977017451572645,20.0
frost_cycle_000069,recovery,savgol_70s,offline,77,available,0.5212941688816957,0.47870583111830434,0.8566262013151237,0.14337379868487632,1.3286028129251672,1.8595471550913114,0.028948419531780598,4.682151700641734,0.4234116917180087,0.0
frost_cycle_000069,recovery,adaptive_offline,offline,77,available,0.13507943437884076,0.8649205656211593,0.08226461357749354,0.9177353864225064,1.3603377214465313,1.4602116653664587,0.19719403898161855,8.27810338685106,0.19742357088978868,-30.0
frost_cycle_000069,recovery,wavelet_offline,offline,77,available,0.28243933458985715,0.7175606654101429,1.1479840666362773,-0.14798406663627728,1.3079274823230174,1.8498756574220387,0.04875577162112671,4.554960573141076,0.26887907843030256,0.0
frost_cycle_000069,recovery,wavelet_monotonic_offline,constrained,77,available,0.28243933458985715,0.7175606654101429,1.1479840666362773,-0.14798406663627728,1.3079274823230174,1.8498756574220387,0.04875577162112671,4.554960573141076,0.26887907843030256,0.0
frost_cycle_000069,recovery,nearly_isotonic_offline,constrained,77,available,0.28243933458985715,0.7175606654101429,1.1479840666362773,-0.14798406663627728,1.3079274823230174,1.8498756574220387,0.04875577162112671,4.554960573141076,0.26887907843030256,0.0
frost_cycle_000069,recovery,robust_monotone_offline,constrained,77,available,0.28243933458985715,0.7175606654101429,1.1479840666362773,-0.14798406663627728,1.3079274823230174,1.8498756574220387,0.04875577162112671,4.554960573141076,0.26887907843030256,0.0
frost_cycle_000069,frost_development,median_centered_60s,offline,129,available,0.3569023569024053,0.6430976430975948,0.34390297134661557,0.6560970286533845,-0.95075200000002,0.5789004296655645,0.0020330945576865697,45.16161413370761,0.20299325463743634,0.0
frost_cycle_000069,frost_development,ewma_tau30s,online,129,available,0.7360638279874007,0.26393617201259933,0.2520074903274298,0.7479925096725701,-0.9709411186377457,0.5894519416192981,0.11820849549546222,40.230964388966655,0.20154312693523654,0.0
frost_cycle_000069,frost_development,median30s_ewma30s,online,129,available,0.5996026693358075,0.4003973306641925,0.18941675617323006,0.8105832438267699,-0.9600150908462544,0.5860678166581857,0.20620776356540033,44.33333588570016,0.13964741062143898,20.0
frost_cycle_000069,frost_development,savgol_70s,offline,129,available,1.4551867885201981,-0.4551867885201981,0.32307548405200726,0.6769245159479927,-0.9606778730158769,0.583554015367354,0.0024252442691716698,27.44930736801001,0.3111499237131625,0.0
frost_cycle_000069,frost_development,adaptive_offline,offline,129,available,0.2053906930980804,0.7946093069019196,0.040964523106175724,0.9590354768938243,-0.9915001609765728,0.5976064103408931,0.01984016169173626,81.22950583253565,0.048671941352867176,0.0
frost_cycle_000069,frost_development,wavelet_offline,offline,129,available,0.7860918048040028,0.21390819519599724,0.7822020097824198,0.21779799021758017,-0.9542542085256427,0.5810499502303583,0.0008377166940769472,20.764029036858194,0.6659340085804736,0.0
frost_cycle_000069,frost_development,wavelet_monotonic_offline,constrained,129,available,0.0,1.0,0.0,1.0,-1.0233133376787933,0.7180950818646626,0.007577636781580895,100.0,0.0,90.0
frost_cycle_000069,frost_development,nearly_isotonic_offline,constrained,129,available,5.355485751837934e-07,0.9999994644514248,0.6116203660405228,0.38837963395947717,-0.9549155024437628,0.5833741515921953,0.0006256200422515724,36.31800843207814,0.37015177067366084,0.0
frost_cycle_000069,frost_development,robust_monotone_offline,constrained,129,available,0.0,1.0,0.0,1.0,-0.9997761124247946,0.7180950818646626,0.2936634673754469,100.0,0.0,
frost_cycle_000070,recovery,median_centered_60s,offline,50,available,1.2142857142857062,-0.2142857142857062,0.9452611373270404,0.054738862672959576,1.3807027999999972,1.534617972162476,1.8142095487008847,,0.6646759115679423,0.0
frost_cycle_000070,recovery,ewma_tau30s,online,50,available,1.622389075561373,-0.622389075561373,0.48677205955630776,0.5132279404436922,1.1748384744872795,0.7100653727744785,8.365461057638072,,1.4500255545125567,20.0
frost_cycle_000070,recovery,median30s_ewma30s,online,50,available,1.064357555896725,-0.0643575558967251,0.48677205955630776,0.5132279404436922,1.1729514315015144,0.7541319026957596,11.60250501523829,,1.453558856805606,30.0
frost_cycle_000070,recovery,savgol_70s,offline,50,available,2.3034013605441848,-1.3034013605441848,0.6797693280244135,0.3202306719755865,1.446841562857144,1.3448271803871952,0.01810514314269108,,1.7447116084482677,0.0
frost_cycle_000070,recovery,adaptive_offline,offline,50,available,2.631586257706907,-1.631586257706907,0.07093521604842161,0.9290647839515784,1.5438094866871737,1.2894083711528437,0.26830457524064794,,0.8167629403407434,10.0
frost_cycle_000070,recovery,wavelet_offline,offline,50,available,1.6524410288851172,-0.6524410288851172,0.9999672601909753,3.273980902473994e-05,1.4595557405188648,1.428415835846738,0.002645752466330776,,0.8195573205579164,0.0
frost_cycle_000070,recovery,wavelet_monotonic_offline,constrained,50,available,1.6524410288851172,-0.6524410288851172,0.9999672601909753,3.273980902473994e-05,1.4595557405188648,1.428415835846738,0.002645752466330776,,0.8195573205579164,0.0
frost_cycle_000070,recovery,nearly_isotonic_offline,constrained,50,available,1.6524410288851172,-0.6524410288851172,0.9999672601909753,3.273980902473994e-05,1.4595557405188648,1.428415835846738,0.002645752466330776,,0.8195573205579164,0.0
frost_cycle_000070,recovery,robust_monotone_offline,constrained,50,available,1.6524410288851172,-0.6524410288851172,0.9999672601909753,3.273980902473994e-05,1.4595557405188648,1.428415835846738,0.002645752466330776,,0.8195573205579164,0.0
frost_cycle_000070,frost_development,median_centered_60s,offline,764,available,0.5999999999998223,0.40000000000017766,0.46496418561195846,0.5350358143880416,-0.6896216000000006,0.6998973155512993,0.04029921833811175,0.4104165102604134,0.3856252781486448,-10.0
frost_cycle_000070,frost_development,ewma_tau30s,online,764,available,1.3517629639944777,-0.3517629639944777,0.25718948945691983,0.7428105105430802,-0.6645622148430119,0.6502148251019065,0.1461339240641436,1.5500985173021788,0.35413484026498815,10.0
frost_cycle_000070,frost_development,median30s_ewma30s,online,764,available,1.1396476732902197,-0.13964767329021965,0.2300047319882378,0.7699952680117622,-0.6639489353430239,0.6551617205223702,0.24481804174640706,1.8702408555740864,0.2971061848188006,20.0
frost_cycle_000070,frost_development,savgol_70s,offline,764,available,1.7904761904756998,-0.7904761904756998,0.39571191291838964,0.6042880870816103,-0.6818944334920505,0.6785478995753905,0.001382763806436652,0.0696736178136518,0.5119559765754705,0.0
frost_cycle_000070,frost_development,adaptive_offline,offline,764,available,0.5626726856678207,0.4373273143321793,0.07386388618755327,0.9261361138124468,-0.6732526270269688,0.6660475843588838,3.8725798631034113e-05,0.08522904265091714,0.09643629512759937,0.0
frost_cycle_000070,frost_development,wavelet_offline,offline,764,available,1.5635753582084462,-0.5635753582084462,0.7959339884782057,0.20406601152179427,-0.6769173930457271,0.6796028193269804,0.0007043665821072167,0.08187888447549897,0.6384795127605046,0.0
frost_cycle_000070,frost_development,wavelet_monotonic_offline,constrained,764,available,0.0,1.0,0.20624291611667311,0.7937570838833269,-0.6899854451629874,0.7609603701650685,0.009793401775868288,0.7914503106792835,0.0,-30.0
frost_cycle_000070,frost_development,nearly_isotonic_offline,constrained,764,available,0.0007184020088144381,0.9992815979911855,0.8727551126336588,0.1272448873663412,-0.6858835833333341,0.6847535433094465,0.001434750452112237,0.07018434910839194,0.5634178905206989,0.0
frost_cycle_000070,frost_development,robust_monotone_offline,constrained,764,available,0.0,1.0,0.1277599231724879,0.872240076827512,-0.7052470786378535,0.8374375476266324,0.309595286788684,1.4463427989051405,0.06681818566970057,-60.0
frost_cycle_000070,defrost_preparation,median_centered_60s,offline,1,insufficient_data,,,,,-2.565273762499996,0.0,,,,
frost_cycle_000070,defrost_preparation,ewma_tau30s,online,1,insufficient_data,,,,,-2.565273762499996,0.0,,,,
frost_cycle_000070,defrost_preparation,median30s_ewma30s,online,1,insufficient_data,,,,,-2.565273762499996,0.0,,,,
frost_cycle_000070,defrost_preparation,savgol_70s,offline,1,insufficient_data,,,,,-2.565273762499996,0.0,,,,
frost_cycle_000070,defrost_preparation,adaptive_offline,offline,1,insufficient_data,,,,,-2.565273762499996,0.0,,,,
frost_cycle_000070,defrost_preparation,wavelet_offline,offline,1,insufficient_data,,,,,-2.565273762499996,0.0,,,,
frost_cycle_000070,defrost_preparation,wavelet_monotonic_offline,constrained,1,insufficient_data,,,,,-2.565273762499996,0.0,,,,
frost_cycle_000070,defrost_preparation,nearly_isotonic_offline,constrained,1,insufficient_data,,,,,-2.565273762499996,0.0,,,,
frost_cycle_000070,defrost_preparation,robust_monotone_offline,constrained,1,insufficient_data,,,,,-2.565273762499996,0.0,,,,
frost_cycle_000070,defrost,median_centered_60s,offline,0,insufficient_data,,,,,,,,,,
frost_cycle_000070,defrost,ewma_tau30s,online,0,insufficient_data,,,,,,,,,,
frost_cycle_000070,defrost,median30s_ewma30s,online,0,insufficient_data,,,,,,,,,,
frost_cycle_000070,defrost,savgol_70s,offline,0,insufficient_data,,,,,,,,,,
frost_cycle_000070,defrost,adaptive_offline,offline,0,insufficient_data,,,,,,,,,,
frost_cycle_000070,defrost,wavelet_offline,offline,0,insufficient_data,,,,,,,,,,
frost_cycle_000070,defrost,wavelet_monotonic_offline,constrained,0,insufficient_data,,,,,,,,,,
frost_cycle_000070,defrost,nearly_isotonic_offline,constrained,0,insufficient_data,,,,,,,,,,
frost_cycle_000070,defrost,robust_monotone_offline,constrained,0,insufficient_data,,,,,,,,,,
frost_cycle_000071,recovery,median_centered_60s,offline,84,available,0.18086816720256904,0.819131832797431,0.2387471598262842,0.7612528401737158,1.2915550000000016,0.7613148590332128,0.08860976435932243,6.192282556190146,0.37107083442780775,-20.0
frost_cycle_000071,recovery,ewma_tau30s,online,84,available,0.4274567694495072,0.5725432305504927,0.3623697797705871,0.6376302202294128,1.2425330084972712,0.9619040228649223,0.7617748812564348,7.78747656526572,0.33048809434555615,20.0
frost_cycle_000071,recovery,median30s_ewma30s,online,84,available,0.3041525522332295,0.6958474477667704,0.3494517080918536,0.6505482919081464,1.2317035236457676,1.012648978871294,0.934924307891922,9.37847192019675,0.33814219017372577,30.0
frost_cycle_000071,recovery,savgol_70s,offline,84,available,0.7121420915633195,0.28785790843668047,0.38697352640808363,0.6130264735919164,1.300769852513226,0.8057082189884309,0.14767551341797655,3.281632034510272,0.4007404905750058,0.0
frost_cycle_000071,recovery,adaptive_offline,offline,84,available,0.1170094747661237,0.8829905252338763,0.09864278450881078,0.9013572154911892,1.2632281805377796,0.7665693987209647,0.3618461857637897,5.531873882231922,0.17582241044565514,-20.0
frost_cycle_000071,recovery,wavelet_offline,offline,84,available,0.47008247538964576,0.5299175246103542,0.5312029376560122,0.46879706234398777,1.238980075469871,0.831319629014556,0.007643750463331473,1.535153325657883,0.29626876977502015,0.0
frost_cycle_000071,recovery,wavelet_monotonic_offline,constrained,84,available,0.47008247538964576,0.5299175246103542,0.5312029376560122,0.46879706234398777,1.238980075469871,0.831319629014556,0.007643750463331473,1.535153325657883,0.29626876977502015,0.0
frost_cycle_000071,recovery,nearly_isotonic_offline,constrained,84,available,0.47008247538964576,0.5299175246103542,0.5312029376560122,0.46879706234398777,1.238980075469871,0.831319629014556,0.007643750463331473,1.535153325657883,0.29626876977502015,0.0
frost_cycle_000071,recovery,robust_monotone_offline,constrained,84,available,0.47008247538964576,0.5299175246103542,0.5312029376560122,0.46879706234398777,1.238980075469871,0.831319629014556,0.007643750463331473,1.535153325657883,0.29626876977502015,0.0
frost_cycle_000071,frost_development,median_centered_60s,offline,653,available,0.5000000000000222,0.4999999999999778,0.469890485658976,0.5301095143410239,-0.6946704399999915,0.4877223359437555,0.011220690163578753,0.09464636893387149,0.2909077336518335,-10.0
frost_cycle_000071,frost_development,ewma_tau30s,online,653,available,2.0085289009441607,-1.0085289009441607,0.26580030575065294,0.7341996942493471,-0.680225086313393,0.47028602885103715,0.25024234303367565,1.7029865679993188,0.23731539366812998,10.0
frost_cycle_000071,frost_development,median30s_ewma30s,online,653,available,1.5448241398358002,-0.5448241398358002,0.25996389066745873,0.7400361093325413,-0.673250050662765,0.48288975186949884,0.34612266526245794,2.0675669759991018,0.2006553451612485,20.0
frost_cycle_000071,frost_development,savgol_70s,offline,653,available,2.6095238095240996,-1.6095238095240996,0.39190555175681074,0.6080944482431893,-0.7031397761904667,0.4792731003829325,0.001651239800640451,0.29535207753289927,0.38181973296933075,0.0
frost_cycle_000071,frost_development,adaptive_offline,offline,653,available,0.7857975228464725,0.21420247715352747,0.06683293114980204,0.933167068850198,-0.6780217868314775,0.46272965219632106,0.1842095866857942,1.1569980251336742,0.06323919338191344,20.0
frost_cycle_000071,frost_development,wavelet_offline,offline,653,available,1.7205320631464869,-0.7205320631464869,0.8511424292144915,0.14885757078550854,-0.7000477150104292,0.48265062080700155,0.004768032997592959,0.2913873146978401,0.4944307381911311,0.0
frost_cycle_000071,frost_development,wavelet_monotonic_offline,constrained,653,available,0.0,1.0,0.23408203221791266,0.7659179677820873,-0.6530328685815432,0.44541023074865493,0.01761692669681804,0.5663799352020112,0.0,0.0
frost_cycle_000071,frost_development,nearly_isotonic_offline,constrained,653,available,0.04318181818168405,0.9568181818183159,0.8581959237382233,0.1418040762617767,-0.6882593499999867,0.4828921304379737,0.0004711171832519212,0.2193782112434658,0.6096596186765288,0.0
frost_cycle_000071,frost_development,robust_monotone_offline,constrained,653,available,0.0,1.0,0.1424982048750095,0.8575017951249905,-0.7472663540742239,0.48585701736724707,0.4893424026103449,2.368030431642152,0.0229729649507064,0.0
frost_cycle_000071,defrost_preparation,median_centered_60s,offline,1,insufficient_data,,,,,-2.6352720900000066,0.0,,,,
frost_cycle_000071,defrost_preparation,ewma_tau30s,online,1,insufficient_data,,,,,-2.6352720900000066,0.0,,,,
frost_cycle_000071,defrost_preparation,median30s_ewma30s,online,1,insufficient_data,,,,,-2.6352720900000066,0.0,,,,
frost_cycle_000071,defrost_preparation,savgol_70s,offline,1,insufficient_data,,,,,-2.6352720900000066,0.0,,,,
frost_cycle_000071,defrost_preparation,adaptive_offline,offline,1,insufficient_data,,,,,-2.6352720900000066,0.0,,,,
frost_cycle_000071,defrost_preparation,wavelet_offline,offline,1,insufficient_data,,,,,-2.6352720900000066,0.0,,,,
frost_cycle_000071,defrost_preparation,wavelet_monotonic_offline,constrained,1,insufficient_data,,,,,-2.6352720900000066,0.0,,,,
frost_cycle_000071,defrost_preparation,nearly_isotonic_offline,constrained,1,insufficient_data,,,,,-2.6352720900000066,0.0,,,,
frost_cycle_000071,defrost_preparation,robust_monotone_offline,constrained,1,insufficient_data,,,,,-2.6352720900000066,0.0,,,,
frost_cycle_000071,defrost,median_centered_60s,offline,0,insufficient_data,,,,,,,,,,
frost_cycle_000071,defrost,ewma_tau30s,online,0,insufficient_data,,,,,,,,,,
frost_cycle_000071,defrost,median30s_ewma30s,online,0,insufficient_data,,,,,,,,,,
frost_cycle_000071,defrost,savgol_70s,offline,0,insufficient_data,,,,,,,,,,
frost_cycle_000071,defrost,adaptive_offline,offline,0,insufficient_data,,,,,,,,,,
frost_cycle_000071,defrost,wavelet_offline,offline,0,insufficient_data,,,,,,,,,,
frost_cycle_000071,defrost,wavelet_monotonic_offline,constrained,0,insufficient_data,,,,,,,,,,
frost_cycle_000071,defrost,nearly_isotonic_offline,constrained,0,insufficient_data,,,,,,,,,,
frost_cycle_000071,defrost,robust_monotone_offline,constrained,0,insufficient_data,,,,,,,,,,
frost_cycle_000072,recovery,median_centered_60s,offline,76,available,0.297445255474453,0.702554744525547,0.17115006389747517,0.8288499361025248,1.2712945022222408,1.004947435924227,0.20169217936721207,9.804408596145226,0.33140942096443765,-10.0
frost_cycle_000072,recovery,ewma_tau30s,online,76,available,0.5101908508880364,0.4898091491119636,0.6027606359826375,0.3972393640173625,1.1956606659068512,1.6990800692864316,1.8739337727428942,5.766885343638075,0.4556436482725322,10.0
frost_cycle_000072,recovery,median30s_ewma30s,online,76,available,0.44562319738762446,0.5543768026123755,0.4328196347643799,0.5671803652356201,1.1563442499738827,1.7917621596529985,2.5159926102016965,3.5972068896305247,0.4697305612531733,20.0
frost_cycle_000072,recovery,savgol_70s,offline,76,available,0.7228401498474191,0.27715985015258093,0.7379251901063187,0.26207480989368126,1.2849330423280536,1.3746003227269596,0.28218736008856754,4.384982515136642,0.490349407310866,0.0
frost_cycle_000072,recovery,adaptive_offline,offline,76,available,0.12222216661076846,0.8777778333892315,0.022062190341381748,0.9779378096586182,1.3256084368131322,1.0074603871988033,0.3838506316503564,18.504383949213796,0.08507748697551837,-10.0
frost_cycle_000072,recovery,wavelet_offline,offline,76,available,0.5113414441595863,0.48865855584041373,1.0,0.0,1.2586668600347335,1.4799902492469228,0.04318018317811617,3.4126458946914435,0.47134531520521905,0.0
frost_cycle_000072,recovery,wavelet_monotonic_offline,constrained,76,available,0.5113414441595863,0.48865855584041373,1.0,0.0,1.2586668600347335,1.4799902492469228,0.04318018317811617,3.4126458946914435,0.47134531520521905,0.0
frost_cycle_000072,recovery,nearly_isotonic_offline,constrained,76,available,0.5113414441595863,0.48865855584041373,1.0,0.0,1.2586668600347335,1.4799902492469228,0.04318018317811617,3.4126458946914435,0.47134531520521905,0.0
frost_cycle_000072,recovery,robust_monotone_offline,constrained,76,available,0.5113414441595863,0.48865855584041373,1.0,0.0,1.2586668600347335,1.4799902492469228,0.04318018317811617,3.4126458946914435,0.47134531520521905,0.0
frost_cycle_000072,frost_development,median_centered_60s,offline,654,available,0.499999999999889,0.500000000000111,0.5038037276530997,0.49619627234690034,-0.5581992111111096,0.6791609269443611,0.020032929846634292,0.09530233657502714,0.30997876857749385,0.0
frost_cycle_000072,frost_development,ewma_tau30s,online,654,available,0.9613245652057046,0.03867543479429536,0.2725321835006926,0.7274678164993074,-0.5753112058449186,0.6675434192418328,0.11744593296503075,1.6495367421551315,0.4951607799389818,10.0
frost_cycle_000072,frost_development,median30s_ewma30s,online,654,available,0.7751767189018398,0.2248232810981602,0.25800154344343484,0.7419984565565652,-0.5623731550654516,0.6661963476938545,0.16462916685965906,1.9589259172089912,0.3828863735752757,20.0
frost_cycle_000072,frost_development,savgol_70s,offline,654,available,1.2599206349207226,-0.2599206349207226,0.4147424131733759,0.5852575868266241,-0.5523783823809518,0.6699027037493654,0.010088482299766248,0.3025507459833817,0.8348723306260426,0.0
frost_cycle_000072,frost_development,adaptive_offline,offline,654,available,0.7362058637449274,0.26379413625507264,0.04707245302352335,0.9529275469764766,-0.6020477502964945,0.6524221219963159,0.055314606433737395,0.5095905417241865,0.13032855492412646,10.0
frost_cycle_000072,frost_development,wavelet_offline,offline,654,available,1.254476356364413,-0.254476356364413,0.8987530496708978,0.10124695032910225,-0.5710717024231058,0.6799713408100361,0.0031057818486779688,0.1187449133088873,0.7741463467336446,0.0
frost_cycle_000072,frost_development,wavelet_monotonic_offline,constrained,654,available,0.0,1.0,0.20849545140439882,0.7915045485956012,-0.5331634994881038,0.636238182556734,0.025913437800716664,1.80930368848873,0.0,0.0
frost_cycle_000072,frost_development,nearly_isotonic_offline,constrained,654,available,4.577005441319158e-09,0.9999999954229946,0.8739777481932258,0.12602225180677418,-0.5689910655554331,0.677666675843341,0.0007983161083459697,0.2379931783208344,0.4980405162745389,0.0
frost_cycle_000072,frost_development,robust_monotone_offline,constrained,654,available,0.0,1.0,0.12702710664301856,0.8729728933569815,-0.5834585042769254,0.6936429207518074,0.12758148309490028,1.0147238455677006,0.029936980468817643,0.0
frost_cycle_000072,defrost_preparation,median_centered_60s,offline,2,insufficient_data,,,0.0,1.0,-2.3942619300000048,1.1456631900000054,0.0,100.0,0.0,
frost_cycle_000072,defrost_preparation,ewma_tau30s,online,2,insufficient_data,,,0.28346868942621056,0.7165313105737894,-2.058208745340898,1.278610005340898,7.443038419913782,100.0,0.28346868942621056,
frost_cycle_000072,defrost_preparation,median30s_ewma30s,online,2,insufficient_data,,,0.14173434471310575,0.8582656552868942,-1.9917353376704519,1.212136597670452,8.91531765956926,100.0,0.14173434471310575,
frost_cycle_000072,defrost_preparation,savgol_70s,offline,2,insufficient_data,,,1.0,0.0,-2.3942619300000048,1.6146631900000048,0.0,0.0,1.0,
frost_cycle_000072,defrost_preparation,adaptive_offline,offline,2,insufficient_data,,,0.0,1.0,-2.3942619300000048,1.1456631900000054,0.0,100.0,0.0,
frost_cycle_000072,defrost_preparation,wavelet_offline,offline,2,insufficient_data,,,1.0,0.0,-2.3942619300000048,1.6146631900000048,0.0,0.0,1.0,
frost_cycle_000072,defrost_preparation,wavelet_monotonic_offline,constrained,2,insufficient_data,,,1.0,0.0,-2.3942619300000048,1.6146631900000048,0.0,0.0,1.0,
frost_cycle_000072,defrost_preparation,nearly_isotonic_offline,constrained,2,insufficient_data,,,1.0,0.0,-2.3942619300000048,1.6146631900000048,0.0,0.0,1.0,
frost_cycle_000072,defrost_preparation,robust_monotone_offline,constrained,2,insufficient_data,,,1.0,0.0,-2.3942619300000048,1.6146631900000048,0.0,0.0,1.0,
frost_cycle_000072,defrost,median_centered_60s,offline,0,insufficient_data,,,,,,,,,,
frost_cycle_000072,defrost,ewma_tau30s,online,0,insufficient_data,,,,,,,,,,
frost_cycle_000072,defrost,median30s_ewma30s,online,0,insufficient_data,,,,,,,,,,
frost_cycle_000072,defrost,savgol_70s,offline,0,insufficient_data,,,,,,,,,,
frost_cycle_000072,defrost,adaptive_offline,offline,0,insufficient_data,,,,,,,,,,
frost_cycle_000072,defrost,wavelet_offline,offline,0,insufficient_data,,,,,,,,,,
frost_cycle_000072,defrost,wavelet_monotonic_offline,constrained,0,insufficient_data,,,,,,,,,,
frost_cycle_000072,defrost,nearly_isotonic_offline,constrained,0,insufficient_data,,,,,,,,,,
frost_cycle_000072,defrost,robust_monotone_offline,constrained,0,insufficient_data,,,,,,,,,,
frost_cycle_000073,recovery,median_centered_60s,offline,18,available,1.6111111111110974,-0.6111111111110974,0.06771062421255868,0.9322893757874413,2.0720179399999927,1.3081181485428113,1.3934634493013909,3.676773866622644,0.21890579475558414,-10.0
frost_cycle_000073,recovery,ewma_tau30s,online,18,available,0.7061964230334677,0.29380357696653225,0.3145374511963846,0.6854625488036155,2.667014773808709,2.1894138390678712,10.862192930095766,39.05630868179309,0.641171833674289,-30.0
frost_cycle_000073,recovery,median30s_ewma30s,online,18,available,0.9825754393468648,0.017424560653135246,0.2606037699383249,0.7393962300616751,2.8481908413382597,2.2246638060744295,14.106068432955048,48.002539926733604,0.6032844896025027,-30.0
frost_cycle_000073,recovery,savgol_70s,offline,18,available,3.8771310993532797,-2.8771310993532797,0.4146451904005741,0.5853548095994259,2.144579730555563,1.8864063798906094,0.7777634463503426,3.7567870952277564,0.7957668531964359,10.0
frost_cycle_000073,recovery,adaptive_offline,offline,18,available,0.1890052962725979,0.8109947037274021,0.02995226018912698,0.970047739810873,2.18639853689307,1.2943981111870253,0.5350485018265969,11.352253252629193,0.10370050712291848,-30.0
frost_cycle_000073,recovery,wavelet_offline,offline,18,available,1.5268532215307682,-0.5268532215307682,0.9592647658294629,0.04073523417053715,2.048227886092318,2.1252228083628384,0.02598326699068918,0.1713314814614601,0.9570813643017968,0.0
frost_cycle_000073,recovery,wavelet_monotonic_offline,constrained,18,available,1.5268532215307682,-0.5268532215307682,0.9592647658294629,0.04073523417053715,2.048227886092318,2.1252228083628384,0.02598326699068918,0.1713314814614601,0.9570813643017968,0.0
frost_cycle_000073,recovery,nearly_isotonic_offline,constrained,18,available,1.5268532215307682,-0.5268532215307682,0.9592647658294629,0.04073523417053715,2.048227886092318,2.1252228083628384,0.02598326699068918,0.1713314814614601,0.9570813643017968,0.0
frost_cycle_000073,recovery,robust_monotone_offline,constrained,18,available,1.5268532215307682,-0.5268532215307682,0.9592647658294629,0.04073523417053715,2.048227886092318,2.1252228083628384,0.02598326699068918,0.1713314814614601,0.9570813643017968,0.0
frost_cycle_000073,frost_development,median_centered_60s,offline,711,available,0.4999999999998612,0.5000000000001388,0.49367004706038264,0.5063299529396174,-0.2470567600000031,0.7159345716795369,0.012650256803887816,0.30687373361059084,0.3482309124767253,0.0
frost_cycle_000073,frost_development,ewma_tau30s,online,711,available,0.9002379852447053,0.09976201475529467,0.2912073466570185,0.7087926533429816,-0.2398195153599243,0.705490734301975,0.0051741798507608065,2.1727703121851913,0.33850985381713045,10.0
frost_cycle_000073,frost_development,median30s_ewma30s,online,711,available,0.7964296268151204,0.20357037318487958,0.2764975068472565,0.7235024931527435,-0.2279536179779802,0.7065766391493651,0.01864215761023447,2.5218904937502926,0.267433132627603,20.0
frost_cycle_000073,frost_development,savgol_70s,offline,711,available,1.2321428571426976,-0.23214285714269756,0.37457823985960903,0.625421760140391,-0.2671393751322597,0.7166437078093043,0.003071379724960659,0.308882810616654,0.5069610712068799,0.0
frost_cycle_000073,frost_development,adaptive_offline,offline,711,available,0.6760333556514154,0.3239666443485846,0.1232794429972761,0.8767205570027239,-0.21318025683355124,0.6991462950229473,0.007231274376724738,2.287553960749772,0.12093959863308357,10.0
frost_cycle_000073,frost_development,wavelet_offline,offline,711,available,1.1199607859640262,-0.11996078596402615,0.8909595959516767,0.10904040404832327,-0.2398146327868549,0.7151084850324504,0.0065453518227311675,0.2962214573683945,0.6893199597632548,0.0
frost_cycle_000073,frost_development,wavelet_monotonic_offline,constrained,711,available,0.0,1.0,0.2093725387986571,0.7906274612013429,-0.37146900315752607,0.8614571269048846,0.0005401235597146343,1.4827736794924173,0.0,-20.0
frost_cycle_000073,frost_development,nearly_isotonic_offline,constrained,711,available,1.4305223672292747e-09,0.9999999985694776,0.8328362166132744,0.16716378338672555,-0.24553471258771964,0.7155733266251253,0.0020778284652557227,0.3263203878863229,0.5873473885450432,0.0
frost_cycle_000073,frost_development,robust_monotone_offline,constrained,711,available,0.0,1.0,0.14517618990942122,0.8548238100905787,-0.416446068378054,0.9343083164155518,1.2342897687785255,1.616433676289715,0.0,-110.0
frost_cycle_000073,defrost_preparation,median_centered_60s,offline,1,insufficient_data,,,,,-2.2783333333333458,0.0,,,,
frost_cycle_000073,defrost_preparation,ewma_tau30s,online,1,insufficient_data,,,,,-2.2783333333333458,0.0,,,,
frost_cycle_000073,defrost_preparation,median30s_ewma30s,online,1,insufficient_data,,,,,-2.2783333333333458,0.0,,,,
frost_cycle_000073,defrost_preparation,savgol_70s,offline,1,insufficient_data,,,,,-2.2783333333333458,0.0,,,,
frost_cycle_000073,defrost_preparation,adaptive_offline,offline,1,insufficient_data,,,,,-2.2783333333333458,0.0,,,,
frost_cycle_000073,defrost_preparation,wavelet_offline,offline,1,insufficient_data,,,,,-2.2783333333333458,0.0,,,,
frost_cycle_000073,defrost_preparation,wavelet_monotonic_offline,constrained,1,insufficient_data,,,,,-2.2783333333333458,0.0,,,,
frost_cycle_000073,defrost_preparation,nearly_isotonic_offline,constrained,1,insufficient_data,,,,,-2.2783333333333458,0.0,,,,
frost_cycle_000073,defrost_preparation,robust_monotone_offline,constrained,1,insufficient_data,,,,,-2.2783333333333458,0.0,,,,
frost_cycle_000073,defrost,median_centered_60s,offline,0,insufficient_data,,,,,,,,,,
frost_cycle_000073,defrost,ewma_tau30s,online,0,insufficient_data,,,,,,,,,,
frost_cycle_000073,defrost,median30s_ewma30s,online,0,insufficient_data,,,,,,,,,,
frost_cycle_000073,defrost,savgol_70s,offline,0,insufficient_data,,,,,,,,,,
frost_cycle_000073,defrost,adaptive_offline,offline,0,insufficient_data,,,,,,,,,,
frost_cycle_000073,defrost,wavelet_offline,offline,0,insufficient_data,,,,,,,,,,
frost_cycle_000073,defrost,wavelet_monotonic_offline,constrained,0,insufficient_data,,,,,,,,,,
frost_cycle_000073,defrost,nearly_isotonic_offline,constrained,0,insufficient_data,,,,,,,,,,
frost_cycle_000073,defrost,robust_monotone_offline,constrained,0,insufficient_data,,,,,,,,,,
frost_cycle_000074,recovery,median_centered_60s,offline,16,available,0.5666666666666735,0.43333333333332646,0.20535256075825134,0.7946474392417486,2.0041616700000096,0.5981149296388478,0.07263136577249318,16.25555265220804,0.26544897735972967,-10.0
frost_cycle_000074,recovery,ewma_tau30s,online,16,available,0.6359034507369136,0.36409654926308643,0.3660131974713461,0.6339868025286539,1.8470974513733087,0.6052800117736025,2.0187186782241633,34.59869714114254,0.4490524976095437,20.0
frost_cycle_000074,recovery,median30s_ewma30s,online,16,available,0.6856560057348661,0.31434399426513393,0.27593788022300575,0.7240621197769943,1.8740034598984465,0.6249241728964441,2.5449469903880395,49.12884124444683,0.40304610234519433,20.0
frost_cycle_000074,recovery,savgol_70s,offline,16,available,1.486654908877156,-0.4866549088771559,0.613693547400881,0.386306452599119,1.8834210290740843,0.6017146262565739,0.3709866410559909,5.2473341047922,0.6072326994890697,0.0
frost_cycle_000074,recovery,adaptive_offline,offline,16,available,0.20843806623060784,0.7915619337693922,0.09281765297773327,0.9071823470222667,2.0611130580992922,0.6214807998237186,0.5259462232537153,5.810833256717133,0.12584326775700996,-10.0
frost_cycle_000074,recovery,wavelet_offline,offline,16,available,1.400799286538054,-0.4007992865380541,1.0872756638782477,-0.0872756638782477,1.9746912053090515,0.6880269651676278,0.01844137903114147,0.40238868588483984,0.7128416925019309,0.0
frost_cycle_000074,recovery,wavelet_monotonic_offline,constrained,16,available,1.400799286538054,-0.4007992865380541,1.0872756638782477,-0.0872756638782477,1.9746912053090515,0.6880269651676278,0.01844137903114147,0.40238868588483984,0.7128416925019309,0.0
frost_cycle_000074,recovery,nearly_isotonic_offline,constrained,16,available,1.400799286538054,-0.4007992865380541,1.0872756638782477,-0.0872756638782477,1.9746912053090515,0.6880269651676278,0.01844137903114147,0.40238868588483984,0.7128416925019309,0.0
frost_cycle_000074,recovery,robust_monotone_offline,constrained,16,available,1.400799286538054,-0.4007992865380541,1.0872756638782477,-0.0872756638782477,1.9746912053090515,0.6880269651676278,0.01844137903114147,0.40238868588483984,0.7128416925019309,0.0
frost_cycle_000074,frost_development,median_centered_60s,offline,288,available,0.5823529411764989,0.41764705882350106,0.5714181897460124,0.42858181025398756,0.5171401000000087,0.569800419864826,0.08239259181231492,21.303258145363497,0.534013605442179,0.0
frost_cycle_000074,frost_development,ewma_tau30s,online,288,available,0.9517468741001291,0.04825312589987085,0.3942717143969249,0.6057282856030751,0.5521450107867416,0.5377418366291048,0.16157978601109996,82.90140539505485,0.4363084877748419,10.0
frost_cycle_000074,frost_development,median30s_ewma30s,online,288,available,0.8778982623674894,0.12210173763251064,0.41160460505562774,0.5883953949443723,0.5609212005843212,0.5471683360050568,0.23146936494204143,90.29835089700278,0.43013915763232347,20.0
frost_cycle_000074,frost_development,savgol_70s,offline,288,available,1.3874883286648072,-0.3874883286648072,0.6092036211308708,0.3907963788691292,0.5245113968254103,0.5630020208992967,0.004674802165089449,11.70386283168833,0.7169420149012052,0.0
frost_cycle_000074,frost_development,adaptive_offline,offline,288,available,0.46341380750566813,0.5365861924943318,0.2575694901050485,0.7424305098949515,0.5168214711010313,0.5725449359563233,0.012458201249463549,72.22152644574979,0.2666646536260086,0.0
frost_cycle_000074,frost_development,wavelet_offline,offline,288,available,1.4088138016187857,-0.40881380161878567,0.7656057709979545,0.23439422900204554,0.5320286478295717,0.5599980989129986,0.0073221320067051515,4.463038798494223,0.6705662679157898,0.0
frost_cycle_000074,frost_development,wavelet_monotonic_offline,constrained,288,available,0.0,1.0,0.12548049551570453,0.8745195044842955,0.5066673740756791,0.7957749212190878,0.05194340503923482,100.0,0.002854797123409499,-120.0
frost_cycle_000074,frost_development,nearly_isotonic_offline,constrained,288,available,0.2718954243709215,0.7281045756290785,0.9174266923440312,0.08257330765596882,0.527806766666763,0.5645407181150986,0.009069365587160972,24.289891395154438,0.8857142844095458,0.0
frost_cycle_000074,frost_development,robust_monotone_offline,constrained,288,available,0.0,1.0,0.17683342151788597,0.823166578482114,0.4874257312422987,0.8701257456140813,0.2956011823901414,100.0,0.046737871698351176,-120.0
frost_cycle_000074,defrost,median_centered_60s,offline,0,insufficient_data,,,,,,,,,,
frost_cycle_000074,defrost,ewma_tau30s,online,0,insufficient_data,,,,,,,,,,
frost_cycle_000074,defrost,median30s_ewma30s,online,0,insufficient_data,,,,,,,,,,
frost_cycle_000074,defrost,savgol_70s,offline,0,insufficient_data,,,,,,,,,,
frost_cycle_000074,defrost,adaptive_offline,offline,0,insufficient_data,,,,,,,,,,
frost_cycle_000074,defrost,wavelet_offline,offline,0,insufficient_data,,,,,,,,,,
frost_cycle_000074,defrost,wavelet_monotonic_offline,constrained,0,insufficient_data,,,,,,,,,,
frost_cycle_000074,defrost,nearly_isotonic_offline,constrained,0,insufficient_data,,,,,,,,,,
frost_cycle_000074,defrost,robust_monotone_offline,constrained,0,insufficient_data,,,,,,,,,,
frost_cycle_000075,recovery,median_centered_60s,offline,17,available,0.5000000000000112,0.4999999999999888,0.06254137267881604,0.937458627321184,1.625975600000018,2.104402899837685,2.828354660483833,8.340305537479457,0.11702127659574457,-10.0
frost_cycle_000075,recovery,ewma_tau30s,online,17,available,2.2880644224777167,-1.2880644224777167,0.32731037962632104,0.672689620373679,2.570701977880959,4.185539746011446,17.01018011990455,23.648264541445453,0.8322567681977514,-40.0
frost_cycle_000075,recovery,median30s_ewma30s,online,17,available,2.619400447502176,-1.619400447502176,0.26380853325202047,0.7361914667479795,2.982331906771516,4.297816789797926,21.848779522230004,24.20105803199699,0.6799059351728929,-30.0
frost_cycle_000075,recovery,savgol_70s,offline,17,available,1.460467205750236,-0.4604672057502359,0.5195211069943229,0.48047889300567714,1.5869957553571483,3.6183724619008655,1.5303810954503174,2.383239559032374,1.0262749071259674,10.0
frost_cycle_000075,recovery,adaptive_offline,offline,17,available,0.18588082701949843,0.8141191729805015,0.00994530077588228,0.9900546992241177,1.9025852784673152,2.109011697236233,0.642211671486293,20.522154309179395,0.03026324017849385,-10.0
frost_cycle_000075,recovery,wavelet_offline,offline,17,available,1.0,0.0,1.0,0.0,1.468898559999995,3.9724476487355447,0.0,0.0,1.0,0.0
frost_cycle_000075,recovery,wavelet_monotonic_offline,constrained,17,available,1.0,0.0,1.0,0.0,1.468898559999995,3.9724476487355447,0.0,0.0,1.0,0.0
frost_cycle_000075,recovery,nearly_isotonic_offline,constrained,17,available,1.0,0.0,1.0,0.0,1.468898559999995,3.9724476487355447,0.0,0.0,1.0,0.0
frost_cycle_000075,recovery,robust_monotone_offline,constrained,17,available,1.0,0.0,1.0,0.0,1.468898559999995,3.9724476487355447,0.0,0.0,1.0,0.0
frost_cycle_000075,frost_development,median_centered_60s,offline,732,available,0.4999999999999013,0.5000000000000987,0.48385055501357876,0.5161494449864212,-0.29564468833333324,0.6593831842749753,0.02510856361168426,0.09190489523595419,0.4649350649350693,-10.0
frost_cycle_000075,frost_development,ewma_tau30s,online,732,available,0.7628766021200767,0.23712339787992331,0.26592449755110703,0.734075502448893,-0.2958080767829725,0.6443925234597163,0.11065711433283051,4.33432252040589,0.49824493314812657,10.0
frost_cycle_000075,frost_development,median30s_ewma30s,online,732,available,0.7238498977350797,0.2761501022649203,0.23333695227699858,0.7666630477230014,-0.2961514006937529,0.6422617337111364,0.13161200266676,4.757321844172154,0.439038289694008,20.0
frost_cycle_000075,frost_development,savgol_70s,offline,732,available,0.8677248677249225,0.13227513227507748,0.34328031725663977,0.6567196827433602,-0.30409678428569986,0.6605952225264781,0.011427360185705096,1.1757971438767887,0.7942486085343324,0.0
frost_cycle_000075,frost_development,adaptive_offline,offline,732,available,0.6731331852890658,0.32686681471093415,0.08444426042666738,0.9155557395733326,-0.3104655849167721,0.6203802164365763,0.1477304903271674,3.997834562122165,0.21786924281072087,0.0
frost_cycle_000075,frost_development,wavelet_offline,offline,732,available,0.8693399028849497,0.13066009711505033,0.8000574641609441,0.19994253583905586,-0.279908112496039,0.6580968209236441,0.0030766134766705196,0.5924541720527189,0.7157449236560894,0.0
frost_cycle_000075,frost_development,wavelet_monotonic_offline,constrained,732,available,0.0,1.0,0.0666639047887652,0.9333360952112348,-0.16492307458496436,0.6510512522826463,0.017771711182578254,5.176738574901554,0.02671726641066159,0.0
frost_cycle_000075,frost_development,nearly_isotonic_offline,constrained,732,available,1.8589771697305073e-08,0.9999999814102283,0.8073821639816856,0.1926178360183144,-0.2961328433333321,0.6606516696224561,0.0010426293934609864,0.7854166422488096,0.5787878787878812,0.0
frost_cycle_000075,frost_development,robust_monotone_offline,constrained,732,available,0.0,1.0,0.12378910413725444,0.8762108958627456,-0.24103428794309245,0.6981155779200043,0.5799713051191402,3.1687615590601057,0.05208775603631429,-20.0
frost_cycle_000075,defrost_preparation,median_centered_60s,offline,1,insufficient_data,,,,,-0.9392893099999977,0.0,,,,
frost_cycle_000075,defrost_preparation,ewma_tau30s,online,1,insufficient_data,,,,,-0.9392893099999977,0.0,,,,
frost_cycle_000075,defrost_preparation,median30s_ewma30s,online,1,insufficient_data,,,,,-0.9392893099999977,0.0,,,,
frost_cycle_000075,defrost_preparation,savgol_70s,offline,1,insufficient_data,,,,,-0.9392893099999977,0.0,,,,
frost_cycle_000075,defrost_preparation,adaptive_offline,offline,1,insufficient_data,,,,,-0.9392893099999977,0.0,,,,
frost_cycle_000075,defrost_preparation,wavelet_offline,offline,1,insufficient_data,,,,,-0.9392893099999977,0.0,,,,
frost_cycle_000075,defrost_preparation,wavelet_monotonic_offline,constrained,1,insufficient_data,,,,,-0.9392893099999977,0.0,,,,
frost_cycle_000075,defrost_preparation,nearly_isotonic_offline,constrained,1,insufficient_data,,,,,-0.9392893099999977,0.0,,,,
frost_cycle_000075,defrost_preparation,robust_monotone_offline,constrained,1,insufficient_data,,,,,-0.9392893099999977,0.0,,,,
frost_cycle_000075,defrost,median_centered_60s,offline,0,insufficient_data,,,,,,,,,,
frost_cycle_000075,defrost,ewma_tau30s,online,0,insufficient_data,,,,,,,,,,
frost_cycle_000075,defrost,median30s_ewma30s,online,0,insufficient_data,,,,,,,,,,
frost_cycle_000075,defrost,savgol_70s,offline,0,insufficient_data,,,,,,,,,,
frost_cycle_000075,defrost,adaptive_offline,offline,0,insufficient_data,,,,,,,,,,
frost_cycle_000075,defrost,wavelet_offline,offline,0,insufficient_data,,,,,,,,,,
frost_cycle_000075,defrost,wavelet_monotonic_offline,constrained,0,insufficient_data,,,,,,,,,,
frost_cycle_000075,defrost,nearly_isotonic_offline,constrained,0,insufficient_data,,,,,,,,,,
frost_cycle_000075,defrost,robust_monotone_offline,constrained,0,insufficient_data,,,,,,,,,,
frost_cycle_000076,recovery,median_centered_60s,offline,75,available,0.3302712160979817,0.6697287839020183,0.1044768963108072,0.8955231036891929,1.2004384999999926,1.2606492831331961,0.20579277651377026,5.399324888338203,0.25998402555910355,-10.0
frost_cycle_000076,recovery,ewma_tau30s,online,75,available,0.36879642674014324,0.6312035732598568,0.4989857539645009,0.5010142460354992,1.1400749714966025,2.0874105106380276,3.3514216487728934,10.329380690324117,0.609615793335022,10.0
frost_cycle_000076,recovery,median30s_ewma30s,online,75,available,0.3014683404676134,0.6985316595323866,0.38816144174202,0.61183855825798,1.0909286347024079,2.2211944236613634,4.677234527975891,14.518367102150515,0.6820771425124369,30.0
frost_cycle_000076,recovery,savgol_70s,offline,75,available,0.5868016497937685,0.4131983502062315,0.6863158759949028,0.31368412400509715,1.197717884656102,1.7098668912825346,0.26257818556319945,0.9804142046921445,0.5390232770424475,0.0
frost_cycle_000076,recovery,adaptive_offline,offline,75,available,0.14907840746191184,0.8509215925380882,0.026121746650847766,0.9738782533491522,1.1308642698275788,1.2725339735043908,0.11877197993220599,9.234661722811909,0.12912151944778,-10.0
frost_cycle_000076,recovery,wavelet_offline,offline,75,available,0.3299364359552593,0.6700635640447408,0.8663157144676965,0.1336842855323035,1.2642198087159402,1.7554239709866886,0.14258789305129013,0.14286799871854916,0.3526701409763386,0.0
frost_cycle_000076,recovery,wavelet_monotonic_offline,constrained,75,available,0.3299364359552593,0.6700635640447408,0.8663157144676965,0.1336842855323035,1.2642198087159402,1.7554239709866886,0.14258789305129013,0.14286799871854916,0.3526701409763386,0.0
frost_cycle_000076,recovery,nearly_isotonic_offline,constrained,75,available,0.3299364359552593,0.6700635640447408,0.8663157144676965,0.1336842855323035,1.2642198087159402,1.7554239709866886,0.14258789305129013,0.14286799871854916,0.3526701409763386,0.0
frost_cycle_000076,recovery,robust_monotone_offline,constrained,75,available,0.3299364359552593,0.6700635640447408,0.8663157144676965,0.1336842855323035,1.2642198087159402,1.7554239709866886,0.14258789305129013,0.14286799871854916,0.3526701409763386,0.0
frost_cycle_000076,frost_development,median_centered_60s,offline,658,available,0.5555555555554788,0.44444444444452125,0.47695043103448315,0.5230495689655168,-0.5653265399999947,0.8042581317756567,0.010689666089016649,0.2602387412668181,0.24957983193276825,0.0
frost_cycle_000076,frost_development,ewma_tau30s,online,658,available,1.1331627296950486,-0.1331627296950486,0.24868897430091297,0.751311025699087,-0.5519802881418481,0.7864599072066085,0.12081561635278779,3.2078854767931264,0.4252733489272447,10.0
frost_cycle_000076,frost_development,median30s_ewma30s,online,658,available,0.9099780367857867,0.0900219632142133,0.2310881432033953,0.7689118567966047,-0.526223769361394,0.7846565629539884,0.22567236309544858,3.666477718741929,0.33597684833455715,20.0
frost_cycle_000076,frost_development,savgol_70s,offline,658,available,1.0464432686655443,-0.04644326866554427,0.3490640394088669,0.6509359605911331,-0.530852449523799,0.7857985987161451,0.00898780162765525,1.2946117451344126,0.6501800720288105,0.0
frost_cycle_000076,frost_development,adaptive_offline,offline,658,available,0.9751491968124921,0.024850803187507875,0.11840417438225233,0.8815958256177476,-0.5466019904684951,0.7753130269196615,0.05699602592106909,2.4939267498147455,0.16544775812381252,-10.0
frost_cycle_000076,frost_development,wavelet_offline,offline,658,available,1.0448864765259975,-0.04488647652599753,0.961095590920077,0.038904409079922986,-0.5318380307948014,0.7926117255303744,0.0007164904022876966,0.19021261497542186,0.6511788030129355,0.0
frost_cycle_000076,frost_development,wavelet_monotonic_offline,constrained,658,available,0.0,1.0,0.1939745400766568,0.8060254599233432,-0.4081652799991624,0.6880230050903562,0.006019781040920252,6.6834559431396965,0.0,0.0
frost_cycle_000076,frost_development,nearly_isotonic_offline,constrained,658,available,2.570523547105095e-07,0.9999997429476453,0.8522090517241389,0.14779094827586114,-0.5279587300000084,0.7884801402390474,0.002847697615477341,0.6377047692358313,0.5510050885544436,0.0
frost_cycle_000076,frost_development,robust_monotone_offline,constrained,658,available,0.0,1.0,0.1143664062368873,0.8856335937631127,-0.5242143524742366,0.6902502038682826,0.6186985073094389,0.8854026017119595,0.01918215478291849,-10.0
frost_cycle_000076,defrost_preparation,median_centered_60s,offline,2,insufficient_data,,,0.0,1.0,-2.8098128799999866,0.7773127199999799,0.0,100.0,0.0,
frost_cycle_000076,defrost_preparation,ewma_tau30s,online,2,insufficient_data,,,0.28346868942621106,0.7165313105737889,-2.52212555880461,0.8911253988046037,6.883295159597474,100.0,0.28346868942621106,
frost_cycle_000076,defrost_preparation,median30s_ewma30s,online,2,insufficient_data,,,0.141734344713105,0.858265655286895,-2.465219219402298,0.8342190594022916,8.24485370493334,100.0,0.141734344713105,
frost_cycle_000076,defrost_preparation,savgol_70s,offline,2,insufficient_data,,,1.0,0.0,-2.8098128799999866,1.1788127199999803,0.0,0.0,1.0,
frost_cycle_000076,defrost_preparation,adaptive_offline,offline,2,insufficient_data,,,0.0,1.0,-2.8098128799999866,0.7773127199999799,0.0,100.0,0.0,
frost_cycle_000076,defrost_preparation,wavelet_offline,offline,2,insufficient_data,,,1.0,0.0,-2.8098128799999866,1.1788127199999803,0.0,0.0,1.0,
frost_cycle_000076,defrost_preparation,wavelet_monotonic_offline,constrained,2,insufficient_data,,,1.0,0.0,-2.8098128799999866,1.1788127199999803,0.0,0.0,1.0,
frost_cycle_000076,defrost_preparation,nearly_isotonic_offline,constrained,2,insufficient_data,,,1.0,0.0,-2.8098128799999866,1.1788127199999803,0.0,0.0,1.0,
frost_cycle_000076,defrost_preparation,robust_monotone_offline,constrained,2,insufficient_data,,,1.0,0.0,-2.8098128799999866,1.1788127199999803,0.0,0.0,1.0,
frost_cycle_000076,defrost,median_centered_60s,offline,0,insufficient_data,,,,,,,,,,
frost_cycle_000076,defrost,ewma_tau30s,online,0,insufficient_data,,,,,,,,,,
frost_cycle_000076,defrost,median30s_ewma30s,online,0,insufficient_data,,,,,,,,,,
frost_cycle_000076,defrost,savgol_70s,offline,0,insufficient_data,,,,,,,,,,
frost_cycle_000076,defrost,adaptive_offline,offline,0,insufficient_data,,,,,,,,,,
frost_cycle_000076,defrost,wavelet_offline,offline,0,insufficient_data,,,,,,,,,,
frost_cycle_000076,defrost,wavelet_monotonic_offline,constrained,0,insufficient_data,,,,,,,,,,
frost_cycle_000076,defrost,nearly_isotonic_offline,constrained,0,insufficient_data,,,,,,,,,,
frost_cycle_000076,defrost,robust_monotone_offline,constrained,0,insufficient_data,,,,,,,,,,
frost_cycle_000077,recovery,median_centered_60s,offline,78,available,0.2947598253275103,0.7052401746724897,0.12013113688089226,0.8798688631191077,1.209099969999988,1.4898070972869188,0.505905889441923,4.8549706336944745,0.39949059561128536,-10.0
frost_cycle_000077,recovery,ewma_tau30s,online,78,available,0.44612363576017755,0.5538763642398224,0.3756952922975033,0.6243047077024967,1.102870892606557,2.3970986906829874,3.489712545259023,8.769209001051884,0.6041272308073794,10.0
frost_cycle_000077,recovery,median30s_ewma30s,online,78,available,0.3784434320974564,0.6215565679025437,0.31338690086287047,0.6866130991371295,1.0894713737005728,2.5259677178247113,4.723400234396465,10.879972236929122,0.6559463596677739,20.0
frost_cycle_000077,recovery,savgol_70s,offline,78,available,0.5089415678935351,0.49105843210646494,0.6409040239049988,0.3590959760950012,1.1024037721315163,2.0404464403295193,0.19703354680406698,0.8830437229620095,0.4324339453649816,0.0
frost_cycle_000077,recovery,adaptive_offline,offline,78,available,0.10726564695516262,0.8927343530448374,0.019784586987765227,0.9802154130122348,1.1961632956103352,1.4078300943583195,0.15984320893078421,12.773587909264139,0.12003176639531504,-10.0
frost_cycle_000077,recovery,wavelet_offline,offline,78,available,0.19267056647495864,0.8073294335250414,0.8750317429063686,0.12496825709363135,1.1506641797402182,2.0662655981180165,0.041183241379832154,0.7595825446576254,0.30847441949753934,0.0
frost_cycle_000077,recovery,wavelet_monotonic_offline,constrained,78,available,0.19267056647495864,0.8073294335250414,0.8750317429063686,0.12496825709363135,1.1506641797402182,2.0662655981180165,0.041183241379832154,0.7595825446576254,0.30847441949753934,0.0
frost_cycle_000077,recovery,nearly_isotonic_offline,constrained,78,available,0.19267056647495864,0.8073294335250414,0.8750317429063686,0.12496825709363135,1.1506641797402182,2.0662655981180165,0.041183241379832154,0.7595825446576254,0.30847441949753934,0.0
frost_cycle_000077,recovery,robust_monotone_offline,constrained,78,available,0.19267056647495864,0.8073294335250414,0.8750317429063686,0.12496825709363135,1.1506641797402182,2.0662655981180165,0.041183241379832154,0.7595825446576254,0.30847441949753934,0.0
frost_cycle_000077,frost_development,median_centered_60s,offline,96,available,0.20588235294121487,0.7941176470587852,0.5143104209942563,0.4856895790057437,-1.0024083099999954,0.6011995821548416,0.11986763819378732,31.41426783479312,0.36849369085172956,-10.0
frost_cycle_000077,frost_development,ewma_tau30s,online,96,available,1.0183333751361843,-0.01833337513618427,0.3233404698722628,0.6766595301277372,-1.026397236411372,0.5970383285843538,0.18174510832492977,29.300328898684818,0.379344486904805,10.0
frost_cycle_000077,frost_development,median30s_ewma30s,online,96,available,0.837442974680674,0.16255702531932603,0.3209626869739699,0.6790373130260301,-1.0288038524799248,0.5939417250848278,0.26198065677795446,14.033789282883555,0.3098171309160922,20.0
frost_cycle_000077,frost_development,savgol_70s,offline,96,available,1.6358543417366302,-0.6358543417366302,0.569356922868968,0.430643077131032,-0.9935057399470861,0.6097229545850086,0.012988285182223525,3.7185370602244037,0.6056058069915917,0.0
frost_cycle_000077,frost_development,adaptive_offline,offline,96,available,0.3973318340733161,0.6026681659266839,0.06695063444036661,0.9330493655596334,-1.005425169258682,0.5747876161818044,0.25761870063092396,75.7642046666279,0.16066720501890983,0.0
frost_cycle_000077,frost_development,wavelet_offline,offline,96,available,1.1083559756637906,-0.10835597566379063,0.8306903805470721,0.16930961945292788,-0.989916886226661,0.6112895529955319,0.0015943702989552923,21.99254146689211,0.6979637713469209,0.0
frost_cycle_000077,frost_development,wavelet_monotonic_offline,constrained,96,available,0.0,1.0,0.03004289644313359,0.9699571035568664,-1.1744825264485659,0.8010211546224136,0.0348874040235503,100.0,0.0,70.0
frost_cycle_000077,frost_development,nearly_isotonic_offline,constrained,96,available,5.368541167172115e-07,0.9999994631458833,0.9887067515109285,0.011293248489071539,-1.0020169452673109,0.6165327396491006,0.008629835694703913,38.598247809761546,0.634069400630934,0.0
frost_cycle_000077,frost_development,robust_monotone_offline,constrained,96,available,0.0,1.0,0.025372903394279445,0.9746270966057206,-1.123189960333014,0.8031052828527672,0.5796647665651905,100.0,0.0,-60.0
