representation,model,camera_group,training_protocol,modality,regret_threshold,sample_retained_fraction,eligible_image_coverage,scope,balanced_accuracy,macro_f1,auroc,image_count,cycle_count,experiment_count
handcrafted,logistic,all,pooled_views,rgb,0.01,1.0,0.8624763589025618,all_held_out_predictions,0.804958532828303,0.8046450944808189,0.9160571372643574,44631,62,14
handcrafted,logistic,all,pooled_views,rgb,0.01,1.0,0.8624763589025618,exp_20260715,0.8305509679918117,0.8265251451851293,0.9531729994956448,1521,3,1
handcrafted,logistic,all,pooled_views,rgb,0.01,1.0,0.8624763589025618,exp_20260717,0.5373677248677248,0.5024032352520157,0.7024092369072115,1656,2,1
handcrafted,logistic,all,pooled_views,rgb,0.01,1.0,0.8624763589025618,exp_20260720,,,,48,1,1
handcrafted,logistic,all,pooled_views,rgb,0.01,1.0,0.8624763589025618,exp_20260721,0.8940720611916264,0.8937392090333267,0.9840565612829911,852,1,1
handcrafted,logistic,all,pooled_views,rgb,0.01,1.0,0.8624763589025618,exp_20260723,,,,1560,3,1
handcrafted,logistic,all,pooled_views,rgb,0.01,1.0,0.8624763589025618,exp_20260724,0.7969212962962963,0.7947145342188815,0.9137653559692588,2190,3,1
handcrafted,logistic,all,pooled_views,rgb,0.01,1.0,0.8624763589025618,exp_20260727,0.8563161375661376,0.8567256143706713,0.9466444860866158,4140,5,1
handcrafted,logistic,all,pooled_views,rgb,0.01,1.0,0.8624763589025618,exp_20260728,0.796133093184148,0.7960709610237933,0.9472790306442582,4759,6,1
handcrafted,logistic,all,pooled_views,rgb,0.01,1.0,0.8624763589025618,exp_20260729,0.8262667158513084,0.8258970809543814,0.9521939567155138,4811,6,1
handcrafted,logistic,all,pooled_views,rgb,0.01,1.0,0.8624763589025618,exp_20260730,0.8075262240270451,0.8063947577137537,0.9031414119424445,3540,5,1
handcrafted,logistic,all,pooled_views,rgb,0.01,1.0,0.8624763589025618,exp_20260731,0.7277320400099919,0.7280606389408293,0.8749605065265224,4488,6,1
handcrafted,logistic,all,pooled_views,rgb,0.01,1.0,0.8624763589025618,exp_20260803,0.8511044315459738,0.8416751017400913,0.9503206918981951,4776,6,1
handcrafted,logistic,all,pooled_views,rgb,0.01,1.0,0.8624763589025618,exp_20260804,0.7844329781299443,0.7719675918655199,0.907491751765379,5286,9,1
handcrafted,logistic,all,pooled_views,rgb,0.01,1.0,0.8624763589025618,exp_20260805,0.871662360034453,0.871832705053598,0.9585341259384715,5004,6,1
handcrafted,logistic,all,pooled_views,time,0.01,1.0,0.8624763589025618,all_held_out_predictions,0.7851762277265376,0.786486825735452,0.9156825275466249,44631,62,14
handcrafted,logistic,all,pooled_views,time,0.01,1.0,0.8624763589025618,exp_20260715,0.8567766476473992,0.8454870669086288,0.9952169892266629,1521,3,1
handcrafted,logistic,all,pooled_views,time,0.01,1.0,0.8624763589025618,exp_20260717,0.8993055555555555,0.8943989224670025,0.9831243569958849,1656,2,1
handcrafted,logistic,all,pooled_views,time,0.01,1.0,0.8624763589025618,exp_20260720,,,,48,1,1
handcrafted,logistic,all,pooled_views,time,0.01,1.0,0.8624763589025618,exp_20260721,0.9097222222222223,0.9085007052466376,0.9916968599033816,852,1,1
handcrafted,logistic,all,pooled_views,time,0.01,1.0,0.8624763589025618,exp_20260723,,,,1560,3,1
handcrafted,logistic,all,pooled_views,time,0.01,1.0,0.8624763589025618,exp_20260724,0.46875,0.39835390946502053,0.8060715988743542,2190,3,1
handcrafted,logistic,all,pooled_views,time,0.01,1.0,0.8624763589025618,exp_20260727,0.871626984126984,0.8714179173748411,0.9717502204585537,4140,5,1
handcrafted,logistic,all,pooled_views,time,0.01,1.0,0.8624763589025618,exp_20260728,0.8457299806947037,0.8448970440069798,0.960328306835596,4759,6,1
handcrafted,logistic,all,pooled_views,time,0.01,1.0,0.8624763589025618,exp_20260729,0.8543381241397189,0.8488355641684459,0.9630829131904766,4811,6,1
handcrafted,logistic,all,pooled_views,time,0.01,1.0,0.8624763589025618,exp_20260730,0.6222114115375803,0.617760891740461,0.8546119052282934,3540,5,1
handcrafted,logistic,all,pooled_views,time,0.01,1.0,0.8624763589025618,exp_20260731,0.7588352335329495,0.7573815689941142,0.9186609243738575,4488,6,1
handcrafted,logistic,all,pooled_views,time,0.01,1.0,0.8624763589025618,exp_20260803,0.8182317578772803,0.8155574673779733,0.9565090625293902,4776,6,1
handcrafted,logistic,all,pooled_views,time,0.01,1.0,0.8624763589025618,exp_20260804,0.669934176625159,0.677160876757651,0.9038047239494968,5286,9,1
handcrafted,logistic,all,pooled_views,time,0.01,1.0,0.8624763589025618,exp_20260805,0.8582310508182601,0.858541989444198,0.9662131984079658,5004,6,1
handcrafted,random_forest,all,pooled_views,rgb,0.01,1.0,0.8624763589025618,all_held_out_predictions,0.8181606796810748,0.8178068601140381,0.9319816912686782,44631,62,14
handcrafted,random_forest,all,pooled_views,rgb,0.01,1.0,0.8624763589025618,exp_20260715,0.8307311854017977,0.832338833643198,0.9588274848046129,1521,3,1
handcrafted,random_forest,all,pooled_views,rgb,0.01,1.0,0.8624763589025618,exp_20260717,0.796875,0.7931643427353342,0.9592095221254655,1656,2,1
handcrafted,random_forest,all,pooled_views,rgb,0.01,1.0,0.8624763589025618,exp_20260720,,,,48,1,1
handcrafted,random_forest,all,pooled_views,rgb,0.01,1.0,0.8624763589025618,exp_20260721,0.8903985507246377,0.8903177282487628,0.9832872315442948,852,1,1
handcrafted,random_forest,all,pooled_views,rgb,0.01,1.0,0.8624763589025618,exp_20260723,,,,1560,3,1
handcrafted,random_forest,all,pooled_views,rgb,0.01,1.0,0.8624763589025618,exp_20260724,0.7422561728395061,0.7300280607501676,0.8844700454454616,2190,3,1
handcrafted,random_forest,all,pooled_views,rgb,0.01,1.0,0.8624763589025618,exp_20260727,0.8210978835978837,0.8208160370319271,0.9440980795610425,4140,5,1
handcrafted,random_forest,all,pooled_views,rgb,0.01,1.0,0.8624763589025618,exp_20260728,0.8454451204413052,0.8453709656185744,0.9618945051092941,4759,6,1
handcrafted,random_forest,all,pooled_views,rgb,0.01,1.0,0.8624763589025618,exp_20260729,0.8710464400384899,0.8698029468304398,0.9689887879777687,4811,6,1
handcrafted,random_forest,all,pooled_views,rgb,0.01,1.0,0.8624763589025618,exp_20260730,0.8351488760851304,0.8356070235868426,0.9222013683910166,3540,5,1
handcrafted,random_forest,all,pooled_views,rgb,0.01,1.0,0.8624763589025618,exp_20260731,0.7613434941543614,0.7591242009544126,0.9024810774982387,4488,6,1
handcrafted,random_forest,all,pooled_views,rgb,0.01,1.0,0.8624763589025618,exp_20260803,0.8361001704440759,0.8222827335607673,0.9439219779680351,4776,6,1
handcrafted,random_forest,all,pooled_views,rgb,0.01,1.0,0.8624763589025618,exp_20260804,0.7790082664717554,0.7748483905550705,0.9165899709082058,5286,9,1
handcrafted,random_forest,all,pooled_views,rgb,0.01,1.0,0.8624763589025618,exp_20260805,0.8227058211312087,0.8233353539072589,0.9430382508901163,5004,6,1
handcrafted,rbf_svm,all,pooled_views,rgb,0.01,1.0,0.8624763589025618,all_held_out_predictions,0.8157940231020547,0.8157885431784146,,44631,62,14
handcrafted,rbf_svm,all,pooled_views,rgb,0.01,1.0,0.8624763589025618,exp_20260715,0.8366425053801213,0.8354353924178932,,1521,3,1
handcrafted,rbf_svm,all,pooled_views,rgb,0.01,1.0,0.8624763589025618,exp_20260717,0.7232142857142857,0.7206348095126343,,1656,2,1
handcrafted,rbf_svm,all,pooled_views,rgb,0.01,1.0,0.8624763589025618,exp_20260720,,,,48,1,1
handcrafted,rbf_svm,all,pooled_views,rgb,0.01,1.0,0.8624763589025618,exp_20260721,0.8761574074074074,0.8758520152665361,,852,1,1
handcrafted,rbf_svm,all,pooled_views,rgb,0.01,1.0,0.8624763589025618,exp_20260723,,,,1560,3,1
handcrafted,rbf_svm,all,pooled_views,rgb,0.01,1.0,0.8624763589025618,exp_20260724,0.7745756172839506,0.7680770279123487,,2190,3,1
handcrafted,rbf_svm,all,pooled_views,rgb,0.01,1.0,0.8624763589025618,exp_20260727,0.8281415343915345,0.8281067124017222,,4140,5,1
handcrafted,rbf_svm,all,pooled_views,rgb,0.01,1.0,0.8624763589025618,exp_20260728,0.8384107462726437,0.838566252935322,,4759,6,1
handcrafted,rbf_svm,all,pooled_views,rgb,0.01,1.0,0.8624763589025618,exp_20260729,0.8529482060050659,0.8523236195008949,,4811,6,1
handcrafted,rbf_svm,all,pooled_views,rgb,0.01,1.0,0.8624763589025618,exp_20260730,0.8193809177785717,0.8203424854507247,,3540,5,1
handcrafted,rbf_svm,all,pooled_views,rgb,0.01,1.0,0.8624763589025618,exp_20260731,0.7265981454591696,0.7257681363634273,,4488,6,1
handcrafted,rbf_svm,all,pooled_views,rgb,0.01,1.0,0.8624763589025618,exp_20260803,0.8565966463976414,0.847922835023113,,4776,6,1
handcrafted,rbf_svm,all,pooled_views,rgb,0.01,1.0,0.8624763589025618,exp_20260804,0.777450405158988,0.7719813745996885,,5286,9,1
handcrafted,rbf_svm,all,pooled_views,rgb,0.01,1.0,0.8624763589025618,exp_20260805,0.8531707579672695,0.8532522020734041,,5004,6,1
handcrafted,hist_gradient_boosting,all,pooled_views,rgb,0.01,1.0,0.8624763589025618,all_held_out_predictions,0.8060788216959333,0.8056439816882947,0.9276885785445698,44631,62,14
handcrafted,hist_gradient_boosting,all,pooled_views,rgb,0.01,1.0,0.8624763589025618,exp_20260715,0.7767198781763018,0.7781149982567307,0.9370371264489051,1521,3,1
handcrafted,hist_gradient_boosting,all,pooled_views,rgb,0.01,1.0,0.8624763589025618,exp_20260717,0.7771990740740741,0.7775389205126598,0.9343308891522145,1656,2,1
handcrafted,hist_gradient_boosting,all,pooled_views,rgb,0.01,1.0,0.8624763589025618,exp_20260720,,,,48,1,1
handcrafted,hist_gradient_boosting,all,pooled_views,rgb,0.01,1.0,0.8624763589025618,exp_20260721,0.9015197262479872,0.901814701953174,0.9833909538778679,852,1,1
handcrafted,hist_gradient_boosting,all,pooled_views,rgb,0.01,1.0,0.8624763589025618,exp_20260723,,,,1560,3,1
handcrafted,hist_gradient_boosting,all,pooled_views,rgb,0.01,1.0,0.8624763589025618,exp_20260724,0.7413518518518519,0.7332766968145433,0.8749171835550574,2190,3,1
handcrafted,hist_gradient_boosting,all,pooled_views,rgb,0.01,1.0,0.8624763589025618,exp_20260727,0.8092592592592593,0.8085683350728083,0.9423275401724475,4140,5,1
handcrafted,hist_gradient_boosting,all,pooled_views,rgb,0.01,1.0,0.8624763589025618,exp_20260728,0.8383360228517126,0.8384381619841573,0.9578882573103072,4759,6,1
handcrafted,hist_gradient_boosting,all,pooled_views,rgb,0.01,1.0,0.8624763589025618,exp_20260729,0.861263069660136,0.8600134471356324,0.9659990895080144,4811,6,1
handcrafted,hist_gradient_boosting,all,pooled_views,rgb,0.01,1.0,0.8624763589025618,exp_20260730,0.8274505995440148,0.8274435049147834,0.9210024471489131,3540,5,1
handcrafted,hist_gradient_boosting,all,pooled_views,rgb,0.01,1.0,0.8624763589025618,exp_20260731,0.7481153598409905,0.7446592624475722,0.8959503850370264,4488,6,1
handcrafted,hist_gradient_boosting,all,pooled_views,rgb,0.01,1.0,0.8624763589025618,exp_20260803,0.8323123963515755,0.8162082730317769,0.9412184495215854,4776,6,1
handcrafted,hist_gradient_boosting,all,pooled_views,rgb,0.01,1.0,0.8624763589025618,exp_20260804,0.7689260835892967,0.7644543127405412,0.9138036326468485,5286,9,1
handcrafted,hist_gradient_boosting,all,pooled_views,rgb,0.01,1.0,0.8624763589025618,exp_20260805,0.7982970858455355,0.8011787126467539,0.9353648000507523,5004,6,1
handcrafted,mlp,all,pooled_views,rgb,0.01,1.0,0.8624763589025618,all_held_out_predictions,0.8011759027128869,0.8003594202413652,0.914964064385766,44631,62,14
handcrafted,mlp,all,pooled_views,rgb,0.01,1.0,0.8624763589025618,exp_20260715,0.7777110880305368,0.7731377314118103,0.9244088653685911,1521,3,1
handcrafted,mlp,all,pooled_views,rgb,0.01,1.0,0.8624763589025618,exp_20260717,0.5895337301587301,0.5621279986052281,0.7542266803840878,1656,2,1
handcrafted,mlp,all,pooled_views,rgb,0.01,1.0,0.8624763589025618,exp_20260720,,,,48,1,1
handcrafted,mlp,all,pooled_views,rgb,0.01,1.0,0.8624763589025618,exp_20260721,0.8044484702093397,0.8032251160411562,0.9514664241214695,852,1,1
handcrafted,mlp,all,pooled_views,rgb,0.01,1.0,0.8624763589025618,exp_20260723,,,,1560,3,1
handcrafted,mlp,all,pooled_views,rgb,0.01,1.0,0.8624763589025618,exp_20260724,0.7703719135802469,0.7687494052966519,0.9004561978916709,2190,3,1
handcrafted,mlp,all,pooled_views,rgb,0.01,1.0,0.8624763589025618,exp_20260727,0.8386574074074075,0.8392759826200332,0.9430009063296101,4140,5,1
handcrafted,mlp,all,pooled_views,rgb,0.01,1.0,0.8624763589025618,exp_20260728,0.8331959442122269,0.8329558968235032,0.9575607192762977,4759,6,1
handcrafted,mlp,all,pooled_views,rgb,0.01,1.0,0.8624763589025618,exp_20260729,0.86230523187146,0.8611881063218133,0.9649249923934381,4811,6,1
handcrafted,mlp,all,pooled_views,rgb,0.01,1.0,0.8624763589025618,exp_20260730,0.8117432758404393,0.8116738620911526,0.9070768965797038,3540,5,1
handcrafted,mlp,all,pooled_views,rgb,0.01,1.0,0.8624763589025618,exp_20260731,0.7265538760388738,0.7221728026684054,0.881126899690566,4488,6,1
handcrafted,mlp,all,pooled_views,rgb,0.01,1.0,0.8624763589025618,exp_20260803,0.8311187119955776,0.8159400794558908,0.9427530024997323,4776,6,1
handcrafted,mlp,all,pooled_views,rgb,0.01,1.0,0.8624763589025618,exp_20260804,0.7723747146797093,0.7653746467574919,0.9118875355985012,5286,9,1
handcrafted,mlp,all,pooled_views,rgb,0.01,1.0,0.8624763589025618,exp_20260805,0.8281922911283376,0.8297266793359773,0.9479687748404775,5004,6,1
handcrafted,window_logistic,all,pooled_views,rgb,0.01,1.0,0.8624763589025618,all_held_out_predictions,0.7355980937645888,0.7395986044692354,0.893390145065586,44631,62,14
handcrafted,window_logistic,all,pooled_views,rgb,0.01,1.0,0.8624763589025618,exp_20260715,0.6973941157507014,0.6887108994913081,0.8599786836812059,1521,3,1
handcrafted,window_logistic,all,pooled_views,rgb,0.01,1.0,0.8624763589025618,exp_20260717,0.5575396825396824,0.5544137925138966,0.7652826385826965,1656,2,1
handcrafted,window_logistic,all,pooled_views,rgb,0.01,1.0,0.8624763589025618,exp_20260720,,,,48,1,1
handcrafted,window_logistic,all,pooled_views,rgb,0.01,1.0,0.8624763589025618,exp_20260721,0.8484802737520128,0.8491047374821828,0.9557284528785646,852,1,1
handcrafted,window_logistic,all,pooled_views,rgb,0.01,1.0,0.8624763589025618,exp_20260723,,,,1560,3,1
handcrafted,window_logistic,all,pooled_views,rgb,0.01,1.0,0.8624763589025618,exp_20260724,0.7313595679012345,0.7406287415368314,0.8699979314556856,2190,3,1
handcrafted,window_logistic,all,pooled_views,rgb,0.01,1.0,0.8624763589025618,exp_20260727,0.8068452380952381,0.8066636612734301,0.9313501188026652,4140,5,1
handcrafted,window_logistic,all,pooled_views,rgb,0.01,1.0,0.8624763589025618,exp_20260728,0.7899698462803776,0.790874689396312,0.9417553887227434,4759,6,1
handcrafted,window_logistic,all,pooled_views,rgb,0.01,1.0,0.8624763589025618,exp_20260729,0.823362400525158,0.8208990279835447,0.9495641780080795,4811,6,1
handcrafted,window_logistic,all,pooled_views,rgb,0.01,1.0,0.8624763589025618,exp_20260730,0.7736590634150491,0.7757785320920783,0.8876186747275203,3540,5,1
handcrafted,window_logistic,all,pooled_views,rgb,0.01,1.0,0.8624763589025618,exp_20260731,0.6833336959325913,0.6856297588556796,0.83991359168903,4488,6,1
handcrafted,window_logistic,all,pooled_views,rgb,0.01,1.0,0.8624763589025618,exp_20260803,0.7284918002579693,0.7324964716206388,0.9181919425933746,4776,6,1
handcrafted,window_logistic,all,pooled_views,rgb,0.01,1.0,0.8624763589025618,exp_20260804,0.6638721777468017,0.6702791549083539,0.8836412060126045,5286,9,1
handcrafted,window_logistic,all,pooled_views,rgb,0.01,1.0,0.8624763589025618,exp_20260805,0.6676132285386162,0.6537806477918883,0.9180236876466218,5004,6,1
dinov2,logistic,all,pooled_views,rgb,0.01,1.0,0.8624763589025618,all_held_out_predictions,0.7819551808316271,0.7820863740579655,0.9097313496602514,44631,62,14
dinov2,logistic,all,pooled_views,rgb,0.01,1.0,0.8624763589025618,exp_20260715,0.7795468748909506,0.7834184631924459,0.927742277247306,1521,3,1
dinov2,logistic,all,pooled_views,rgb,0.01,1.0,0.8624763589025618,exp_20260717,0.7083333333333334,0.7077533744325347,0.848393523111405,1656,2,1
dinov2,logistic,all,pooled_views,rgb,0.01,1.0,0.8624763589025618,exp_20260720,,,,48,1,1
dinov2,logistic,all,pooled_views,rgb,0.01,1.0,0.8624763589025618,exp_20260721,0.8995068438003221,0.8997476695259499,0.9769890330027066,852,1,1
dinov2,logistic,all,pooled_views,rgb,0.01,1.0,0.8624763589025618,exp_20260723,,,,1560,3,1
dinov2,logistic,all,pooled_views,rgb,0.01,1.0,0.8624763589025618,exp_20260724,0.7176033950617283,0.7170348743047145,0.8668702161004346,2190,3,1
dinov2,logistic,all,pooled_views,rgb,0.01,1.0,0.8624763589025618,exp_20260727,0.8013558201058201,0.8008546091063806,0.9365324686458946,4140,5,1
dinov2,logistic,all,pooled_views,rgb,0.01,1.0,0.8624763589025618,exp_20260728,0.8432759696157323,0.8437685125431487,0.9565873830239613,4759,6,1
dinov2,logistic,all,pooled_views,rgb,0.01,1.0,0.8624763589025618,exp_20260729,0.8607293900775699,0.8600106826933825,0.9631876346715106,4811,6,1
dinov2,logistic,all,pooled_views,rgb,0.01,1.0,0.8624763589025618,exp_20260730,0.7791449813136907,0.7793122250939047,0.8856641108399841,3540,5,1
dinov2,logistic,all,pooled_views,rgb,0.01,1.0,0.8624763589025618,exp_20260731,0.665505688464339,0.6606796174987761,0.8482843528694187,4488,6,1
dinov2,logistic,all,pooled_views,rgb,0.01,1.0,0.8624763589025618,exp_20260803,0.8009858116823292,0.7943762632981176,0.9179797184682505,4776,6,1
dinov2,logistic,all,pooled_views,rgb,0.01,1.0,0.8624763589025618,exp_20260804,0.7602270117496631,0.751665539166185,0.8942939987425098,5286,9,1
dinov2,logistic,all,pooled_views,rgb,0.01,1.0,0.8624763589025618,exp_20260805,0.7717709230548379,0.7747327432484696,0.9224808060478078,5004,6,1
dinov2,random_forest,all,pooled_views,rgb,0.01,1.0,0.8624763589025618,all_held_out_predictions,0.8122981823202937,0.8109748823753264,0.9284051485679193,44631,62,14
dinov2,random_forest,all,pooled_views,rgb,0.01,1.0,0.8624763589025618,exp_20260715,0.8499459961090129,0.858764371189583,0.9652072176054992,1521,3,1
dinov2,random_forest,all,pooled_views,rgb,0.01,1.0,0.8624763589025618,exp_20260717,0.8587136243386243,0.8589235950789226,0.9648994387492652,1656,2,1
dinov2,random_forest,all,pooled_views,rgb,0.01,1.0,0.8624763589025618,exp_20260720,,,,48,1,1
dinov2,random_forest,all,pooled_views,rgb,0.01,1.0,0.8624763589025618,exp_20260721,0.9351348631239936,0.9347744915637929,0.9936873918611026,852,1,1
dinov2,random_forest,all,pooled_views,rgb,0.01,1.0,0.8624763589025618,exp_20260723,,,,1560,3,1
dinov2,random_forest,all,pooled_views,rgb,0.01,1.0,0.8624763589025618,exp_20260724,0.7470493827160495,0.7094835035647447,0.9103152433887551,2190,3,1
dinov2,random_forest,all,pooled_views,rgb,0.01,1.0,0.8624763589025618,exp_20260727,0.8210648148148149,0.8207686195159649,0.9511733049186754,4140,5,1
dinov2,random_forest,all,pooled_views,rgb,0.01,1.0,0.8624763589025618,exp_20260728,0.8441308434840007,0.8446705826187845,0.9550652898117935,4759,6,1
dinov2,random_forest,all,pooled_views,rgb,0.01,1.0,0.8624763589025618,exp_20260729,0.8535984584324813,0.8534300927162374,0.9640823185611666,4811,6,1
dinov2,random_forest,all,pooled_views,rgb,0.01,1.0,0.8624763589025618,exp_20260730,0.8013466351553928,0.8011091231494295,0.9067126158373534,3540,5,1
dinov2,random_forest,all,pooled_views,rgb,0.01,1.0,0.8624763589025618,exp_20260731,0.7108790439959272,0.7069972443095808,0.8691783232927236,4488,6,1
dinov2,random_forest,all,pooled_views,rgb,0.01,1.0,0.8624763589025618,exp_20260803,0.8367917357656163,0.8242035286374433,0.9389324052196072,4776,6,1
dinov2,random_forest,all,pooled_views,rgb,0.01,1.0,0.8624763589025618,exp_20260804,0.7815562401448796,0.7754765468215852,0.9071631383340062,5286,9,1
dinov2,random_forest,all,pooled_views,rgb,0.01,1.0,0.8624763589025618,exp_20260805,0.8238407981625037,0.8233075273594209,0.9398631640519696,5004,6,1
dinov2,rbf_svm,all,pooled_views,rgb,0.01,1.0,0.8624763589025618,all_held_out_predictions,0.8138655270341237,0.8131503557406924,,44631,62,14
dinov2,rbf_svm,all,pooled_views,rgb,0.01,1.0,0.8624763589025618,exp_20260715,0.8253344057270278,0.8363173240084852,,1521,3,1
dinov2,rbf_svm,all,pooled_views,rgb,0.01,1.0,0.8624763589025618,exp_20260717,0.8067129629629629,0.8036637370482066,,1656,2,1
dinov2,rbf_svm,all,pooled_views,rgb,0.01,1.0,0.8624763589025618,exp_20260720,,,,48,1,1
dinov2,rbf_svm,all,pooled_views,rgb,0.01,1.0,0.8624763589025618,exp_20260721,0.9417270531400965,0.9415754959390915,,852,1,1
dinov2,rbf_svm,all,pooled_views,rgb,0.01,1.0,0.8624763589025618,exp_20260723,,,,1560,3,1
dinov2,rbf_svm,all,pooled_views,rgb,0.01,1.0,0.8624763589025618,exp_20260724,0.7457438271604938,0.7328321769170635,,2190,3,1
dinov2,rbf_svm,all,pooled_views,rgb,0.01,1.0,0.8624763589025618,exp_20260727,0.8202380952380953,0.8198382535615184,,4140,5,1
dinov2,rbf_svm,all,pooled_views,rgb,0.01,1.0,0.8624763589025618,exp_20260728,0.8564788394378805,0.8570913986042301,,4759,6,1
dinov2,rbf_svm,all,pooled_views,rgb,0.01,1.0,0.8624763589025618,exp_20260729,0.8800651023383367,0.8799965498448463,,4811,6,1
dinov2,rbf_svm,all,pooled_views,rgb,0.01,1.0,0.8624763589025618,exp_20260730,0.8103700395564005,0.8110244243373396,,3540,5,1
dinov2,rbf_svm,all,pooled_views,rgb,0.01,1.0,0.8624763589025618,exp_20260731,0.7279162619735841,0.7240256200702747,,4488,6,1
dinov2,rbf_svm,all,pooled_views,rgb,0.01,1.0,0.8624763589025618,exp_20260803,0.8378368573797678,0.8263691907182222,,4776,6,1
dinov2,rbf_svm,all,pooled_views,rgb,0.01,1.0,0.8624763589025618,exp_20260804,0.786201031498222,0.7784254845915237,,5286,9,1
dinov2,rbf_svm,all,pooled_views,rgb,0.01,1.0,0.8624763589025618,exp_20260805,0.7969422911283376,0.7996473808681364,,5004,6,1
dinov2,hist_gradient_boosting,all,pooled_views,rgb,0.01,1.0,0.8624763589025618,all_held_out_predictions,0.8097050495759364,0.8081785353689545,0.9293758617023401,44631,62,14
dinov2,hist_gradient_boosting,all,pooled_views,rgb,0.01,1.0,0.8624763589025618,exp_20260715,0.8447856478024213,0.8559193340421913,0.9619530729304918,1521,3,1
dinov2,hist_gradient_boosting,all,pooled_views,rgb,0.01,1.0,0.8624763589025618,exp_20260717,0.826223544973545,0.8273261188159503,0.9535806526185576,1656,2,1
dinov2,hist_gradient_boosting,all,pooled_views,rgb,0.01,1.0,0.8624763589025618,exp_20260720,,,,48,1,1
dinov2,hist_gradient_boosting,all,pooled_views,rgb,0.01,1.0,0.8624763589025618,exp_20260721,0.9379528985507246,0.9377085391615863,0.9929513871044185,852,1,1
dinov2,hist_gradient_boosting,all,pooled_views,rgb,0.01,1.0,0.8624763589025618,exp_20260723,,,,1560,3,1
dinov2,hist_gradient_boosting,all,pooled_views,rgb,0.01,1.0,0.8624763589025618,exp_20260724,0.7302608024691358,0.708527555024086,0.8921190001404877,2190,3,1
dinov2,hist_gradient_boosting,all,pooled_views,rgb,0.01,1.0,0.8624763589025618,exp_20260727,0.8053571428571429,0.8042454942227583,0.9422359763864393,4140,5,1
dinov2,hist_gradient_boosting,all,pooled_views,rgb,0.01,1.0,0.8624763589025618,exp_20260728,0.8503644766150197,0.850993557387032,0.9585052663695782,4759,6,1
dinov2,hist_gradient_boosting,all,pooled_views,rgb,0.01,1.0,0.8624763589025618,exp_20260729,0.8600001489079898,0.8598243618106943,0.966808624697431,4811,6,1
dinov2,hist_gradient_boosting,all,pooled_views,rgb,0.01,1.0,0.8624763589025618,exp_20260730,0.8012842601959805,0.8004052208764122,0.9065882582978698,3540,5,1
dinov2,hist_gradient_boosting,all,pooled_views,rgb,0.01,1.0,0.8624763589025618,exp_20260731,0.7087540507901755,0.7035428911121394,0.8758566319122374,4488,6,1
dinov2,hist_gradient_boosting,all,pooled_views,rgb,0.01,1.0,0.8624763589025618,exp_20260803,0.8302423069836005,0.8167455694032738,0.9405675020852567,4776,6,1
dinov2,hist_gradient_boosting,all,pooled_views,rgb,0.01,1.0,0.8624763589025618,exp_20260804,0.7865430632848646,0.7787271681776221,0.9108654088428946,5286,9,1
dinov2,hist_gradient_boosting,all,pooled_views,rgb,0.01,1.0,0.8624763589025618,exp_20260805,0.8241054766006317,0.8255356083140702,0.941114459974481,5004,6,1
dinov2,mlp,all,pooled_views,rgb,0.01,1.0,0.8624763589025618,all_held_out_predictions,0.788973717747565,0.7875125861088165,0.9147000107386244,44631,62,14
dinov2,mlp,all,pooled_views,rgb,0.01,1.0,0.8624763589025618,exp_20260715,0.7807135647862342,0.7976416320533476,0.9533539661417567,1521,3,1
dinov2,mlp,all,pooled_views,rgb,0.01,1.0,0.8624763589025618,exp_20260717,0.7151951058201057,0.7137555524970113,0.8817176706716637,1656,2,1
dinov2,mlp,all,pooled_views,rgb,0.01,1.0,0.8624763589025618,exp_20260720,,,,48,1,1
dinov2,mlp,all,pooled_views,rgb,0.01,1.0,0.8624763589025618,exp_20260721,0.9103260869565218,0.9098068924331599,0.9856082920050021,852,1,1
dinov2,mlp,all,pooled_views,rgb,0.01,1.0,0.8624763589025618,exp_20260723,,,,1560,3,1
dinov2,mlp,all,pooled_views,rgb,0.01,1.0,0.8624763589025618,exp_20260724,0.7205432098765431,0.7136104081838583,0.8517130534665843,2190,3,1
dinov2,mlp,all,pooled_views,rgb,0.01,1.0,0.8624763589025618,exp_20260727,0.8047949735449736,0.804404285694738,0.9383409177199686,4140,5,1
dinov2,mlp,all,pooled_views,rgb,0.01,1.0,0.8624763589025618,exp_20260728,0.8475867629231564,0.8478911555333039,0.9540120436518414,4759,6,1
dinov2,mlp,all,pooled_views,rgb,0.01,1.0,0.8624763589025618,exp_20260729,0.8514668425150664,0.851244896864768,0.96101594568489,4811,6,1
dinov2,mlp,all,pooled_views,rgb,0.01,1.0,0.8624763589025618,exp_20260730,0.7838070525033944,0.7833769624372842,0.9048119611502153,3540,5,1
dinov2,mlp,all,pooled_views,rgb,0.01,1.0,0.8624763589025618,exp_20260731,0.6695147043333339,0.6663094623910236,0.8396699028062672,4488,6,1
dinov2,mlp,all,pooled_views,rgb,0.01,1.0,0.8624763589025618,exp_20260803,0.8198884051962411,0.8099129390884879,0.9247406206945747,4776,6,1
dinov2,mlp,all,pooled_views,rgb,0.01,1.0,0.8624763589025618,exp_20260804,0.7786828112968619,0.7677692989869644,0.905982290913908,5286,9,1
dinov2,mlp,all,pooled_views,rgb,0.01,1.0,0.8624763589025618,exp_20260805,0.777145241171404,0.7797673040371288,0.9175973667160212,5004,6,1
dinov2,window_logistic,all,pooled_views,rgb,0.01,1.0,0.8624763589025618,all_held_out_predictions,0.7569704025040619,0.7602395414186152,0.9013515070037387,44631,62,14
dinov2,window_logistic,all,pooled_views,rgb,0.01,1.0,0.8624763589025618,exp_20260715,0.7350160580592761,0.7375375255793148,0.9151917219291997,1521,3,1
dinov2,window_logistic,all,pooled_views,rgb,0.01,1.0,0.8624763589025618,exp_20260717,0.7233796296296297,0.7265130320281482,0.8483071385704489,1656,2,1
dinov2,window_logistic,all,pooled_views,rgb,0.01,1.0,0.8624763589025618,exp_20260720,,,,48,1,1
dinov2,window_logistic,all,pooled_views,rgb,0.01,1.0,0.8624763589025618,exp_20260721,0.8580917874396135,0.8583682225791497,0.9737292965761014,852,1,1
dinov2,window_logistic,all,pooled_views,rgb,0.01,1.0,0.8624763589025618,exp_20260723,,,,1560,3,1
dinov2,window_logistic,all,pooled_views,rgb,0.01,1.0,0.8624763589025618,exp_20260724,0.7593441358024692,0.7595538950657065,0.8837800111173552,2190,3,1
dinov2,window_logistic,all,pooled_views,rgb,0.01,1.0,0.8624763589025618,exp_20260727,0.8082671957671957,0.8081036307406579,0.9391518836958652,4140,5,1
dinov2,window_logistic,all,pooled_views,rgb,0.01,1.0,0.8624763589025618,exp_20260728,0.7918636568214534,0.7910791665056931,0.9410247047256316,4759,6,1
dinov2,window_logistic,all,pooled_views,rgb,0.01,1.0,0.8624763589025618,exp_20260729,0.8223686842857888,0.8190553371835119,0.9507427120307296,4811,6,1
dinov2,window_logistic,all,pooled_views,rgb,0.01,1.0,0.8624763589025618,exp_20260730,0.7557458233127559,0.758885378595358,0.880383004523411,3540,5,1
dinov2,window_logistic,all,pooled_views,rgb,0.01,1.0,0.8624763589025618,exp_20260731,0.6187279106147594,0.6152742087893431,0.8247702412076127,4488,6,1
dinov2,window_logistic,all,pooled_views,rgb,0.01,1.0,0.8624763589025618,exp_20260803,0.7731550580431178,0.7788964850466299,0.9164317585856558,4776,6,1
dinov2,window_logistic,all,pooled_views,rgb,0.01,1.0,0.8624763589025618,exp_20260804,0.7057762904598445,0.7035262287829115,0.8774596534452468,5286,9,1
dinov2,window_logistic,all,pooled_views,rgb,0.01,1.0,0.8624763589025618,exp_20260805,0.7732782443296009,0.7767116580091281,0.9211938074162852,5004,6,1
efficientnet,logistic,all,pooled_views,rgb,0.01,1.0,0.8624763589025618,all_held_out_predictions,0.7543526049485414,0.7526522254983622,0.8904172441270277,44631,62,14
efficientnet,logistic,all,pooled_views,rgb,0.01,1.0,0.8624763589025618,exp_20260715,0.6785437863660918,0.6906655421018068,0.8454925340349124,1521,3,1
efficientnet,logistic,all,pooled_views,rgb,0.01,1.0,0.8624763589025618,exp_20260717,0.6692294973544973,0.6774961652224235,0.7497416118582206,1656,2,1
efficientnet,logistic,all,pooled_views,rgb,0.01,1.0,0.8624763589025618,exp_20260720,,,,48,1,1
efficientnet,logistic,all,pooled_views,rgb,0.01,1.0,0.8624763589025618,exp_20260721,0.8797302737520128,0.8787962998866873,0.9743606644582062,852,1,1
efficientnet,logistic,all,pooled_views,rgb,0.01,1.0,0.8624763589025618,exp_20260723,,,,1560,3,1
efficientnet,logistic,all,pooled_views,rgb,0.01,1.0,0.8624763589025618,exp_20260724,0.6465601851851852,0.6482087187535058,0.8231821596438577,2190,3,1
efficientnet,logistic,all,pooled_views,rgb,0.01,1.0,0.8624763589025618,exp_20260727,0.7468253968253968,0.7436575647940918,0.9067320142563199,4140,5,1
efficientnet,logistic,all,pooled_views,rgb,0.01,1.0,0.8624763589025618,exp_20260728,0.8199392271131938,0.8198434614711126,0.9433181459866171,4759,6,1
efficientnet,logistic,all,pooled_views,rgb,0.01,1.0,0.8624763589025618,exp_20260729,0.834837373494738,0.834308906793018,0.9561928281236387,4811,6,1
efficientnet,logistic,all,pooled_views,rgb,0.01,1.0,0.8624763589025618,exp_20260730,0.7028808222344661,0.6994700659504556,0.85568670282376,3540,5,1
efficientnet,logistic,all,pooled_views,rgb,0.01,1.0,0.8624763589025618,exp_20260731,0.6598783956971747,0.654961805917016,0.8230775393288777,4488,6,1
efficientnet,logistic,all,pooled_views,rgb,0.01,1.0,0.8624763589025618,exp_20260803,0.77752729408513,0.7669429139517897,0.9049875406287463,4776,6,1
efficientnet,logistic,all,pooled_views,rgb,0.01,1.0,0.8624763589025618,exp_20260804,0.7751341329321794,0.7594890518812214,0.9026099698768851,5286,9,1
efficientnet,logistic,all,pooled_views,rgb,0.01,1.0,0.8624763589025618,exp_20260805,0.7740049885156474,0.7748744445492665,0.9161922850948677,5004,6,1
efficientnet,random_forest,all,pooled_views,rgb,0.01,1.0,0.8624763589025618,all_held_out_predictions,0.8122986965835818,0.810238123993372,0.928165329249563,44631,62,14
efficientnet,random_forest,all,pooled_views,rgb,0.01,1.0,0.8624763589025618,exp_20260715,0.8371149874350454,0.8436291398413007,0.9665315774997768,1521,3,1
efficientnet,random_forest,all,pooled_views,rgb,0.01,1.0,0.8624763589025618,exp_20260717,0.8492063492063492,0.8494463604684719,0.9428778108465609,1656,2,1
efficientnet,random_forest,all,pooled_views,rgb,0.01,1.0,0.8624763589025618,exp_20260720,,,,48,1,1
efficientnet,random_forest,all,pooled_views,rgb,0.01,1.0,0.8624763589025618,exp_20260721,0.9163144122383254,0.9160489901597965,0.9894912992799304,852,1,1
efficientnet,random_forest,all,pooled_views,rgb,0.01,1.0,0.8624763589025618,exp_20260723,,,,1560,3,1
efficientnet,random_forest,all,pooled_views,rgb,0.01,1.0,0.8624763589025618,exp_20260724,0.7511080246913581,0.7106649238404215,0.9093690479146043,2190,3,1
efficientnet,random_forest,all,pooled_views,rgb,0.01,1.0,0.8624763589025618,exp_20260727,0.8149470899470899,0.8143277463398658,0.9538527398099158,4140,5,1
efficientnet,random_forest,all,pooled_views,rgb,0.01,1.0,0.8624763589025618,exp_20260728,0.8455086624439665,0.8460945345395813,0.958439315756816,4759,6,1
efficientnet,random_forest,all,pooled_views,rgb,0.01,1.0,0.8624763589025618,exp_20260729,0.8561824082957679,0.8562997204345066,0.9636517271413015,4811,6,1
efficientnet,random_forest,all,pooled_views,rgb,0.01,1.0,0.8624763589025618,exp_20260730,0.7963560314713772,0.7942143587506947,0.909592418753173,3540,5,1
efficientnet,random_forest,all,pooled_views,rgb,0.01,1.0,0.8624763589025618,exp_20260731,0.7030315523822018,0.6970577645473832,0.8654041590469367,4488,6,1
efficientnet,random_forest,all,pooled_views,rgb,0.01,1.0,0.8624763589025618,exp_20260803,0.8403059931822371,0.8277347159709901,0.938162678790675,4776,6,1
efficientnet,random_forest,all,pooled_views,rgb,0.01,1.0,0.8624763589025618,exp_20260804,0.7901075450984351,0.7821838754213567,0.9016873468003442,5286,9,1
efficientnet,random_forest,all,pooled_views,rgb,0.01,1.0,0.8624763589025618,exp_20260805,0.8343696167097331,0.8346081984267109,0.9456044659903133,5004,6,1
efficientnet,rbf_svm,all,pooled_views,rgb,0.01,1.0,0.8624763589025618,all_held_out_predictions,0.8005012425193866,0.7996044569685171,,44631,62,14
efficientnet,rbf_svm,all,pooled_views,rgb,0.01,1.0,0.8624763589025618,exp_20260715,0.7280705112248503,0.7391379247053756,,1521,3,1
efficientnet,rbf_svm,all,pooled_views,rgb,0.01,1.0,0.8624763589025618,exp_20260717,0.7394179894179893,0.7413527806288583,,1656,2,1
efficientnet,rbf_svm,all,pooled_views,rgb,0.01,1.0,0.8624763589025618,exp_20260720,,,,48,1,1
efficientnet,rbf_svm,all,pooled_views,rgb,0.01,1.0,0.8624763589025618,exp_20260721,0.9363929146537843,0.9361611310421174,,852,1,1
efficientnet,rbf_svm,all,pooled_views,rgb,0.01,1.0,0.8624763589025618,exp_20260723,,,,1560,3,1
efficientnet,rbf_svm,all,pooled_views,rgb,0.01,1.0,0.8624763589025618,exp_20260724,0.7171327160493828,0.6982276843906315,,2190,3,1
efficientnet,rbf_svm,all,pooled_views,rgb,0.01,1.0,0.8624763589025618,exp_20260727,0.8076719576719578,0.807210830780587,,4140,5,1
efficientnet,rbf_svm,all,pooled_views,rgb,0.01,1.0,0.8624763589025618,exp_20260728,0.8567886486273958,0.8573941430812878,,4759,6,1
efficientnet,rbf_svm,all,pooled_views,rgb,0.01,1.0,0.8624763589025618,exp_20260729,0.885754372768239,0.8853771254680712,,4811,6,1
efficientnet,rbf_svm,all,pooled_views,rgb,0.01,1.0,0.8624763589025618,exp_20260730,0.7695963841418839,0.768094006091129,,3540,5,1
efficientnet,rbf_svm,all,pooled_views,rgb,0.01,1.0,0.8624763589025618,exp_20260731,0.7222946954026219,0.7169180030886998,,4488,6,1
efficientnet,rbf_svm,all,pooled_views,rgb,0.01,1.0,0.8624763589025618,exp_20260803,0.827061451999263,0.8123817968894637,,4776,6,1
efficientnet,rbf_svm,all,pooled_views,rgb,0.01,1.0,0.8624763589025618,exp_20260804,0.7944533234467452,0.7857476678224078,,5286,9,1
efficientnet,rbf_svm,all,pooled_views,rgb,0.01,1.0,0.8624763589025618,exp_20260805,0.7947216838931955,0.7967404105769518,,5004,6,1
efficientnet,hist_gradient_boosting,all,pooled_views,rgb,0.01,1.0,0.8624763589025618,all_held_out_predictions,0.8113804879954231,0.8090912913908089,0.9300586866847906,44631,62,14
efficientnet,hist_gradient_boosting,all,pooled_views,rgb,0.01,1.0,0.8624763589025618,exp_20260715,0.8508296846075482,0.8606713096070683,0.9640925496963652,1521,3,1
efficientnet,hist_gradient_boosting,all,pooled_views,rgb,0.01,1.0,0.8624763589025618,exp_20260717,0.826223544973545,0.8270841872734459,0.9500329156868509,1656,2,1
efficientnet,hist_gradient_boosting,all,pooled_views,rgb,0.01,1.0,0.8624763589025618,exp_20260720,,,,48,1,1
efficientnet,hist_gradient_boosting,all,pooled_views,rgb,0.01,1.0,0.8624763589025618,exp_20260721,0.9262278582930757,0.9261782129278306,0.990560687692009,852,1,1
efficientnet,hist_gradient_boosting,all,pooled_views,rgb,0.01,1.0,0.8624763589025618,exp_20260723,,,,1560,3,1
efficientnet,hist_gradient_boosting,all,pooled_views,rgb,0.01,1.0,0.8624763589025618,exp_20260724,0.7369984567901234,0.7107501926367883,0.8850849899985165,2190,3,1
efficientnet,hist_gradient_boosting,all,pooled_views,rgb,0.01,1.0,0.8624763589025618,exp_20260727,0.8083664021164022,0.8078462919107263,0.9497553216245346,4140,5,1
efficientnet,hist_gradient_boosting,all,pooled_views,rgb,0.01,1.0,0.8624763589025618,exp_20260728,0.8498472944712218,0.8503566884645082,0.9619544654194826,4759,6,1
efficientnet,hist_gradient_boosting,all,pooled_views,rgb,0.01,1.0,0.8624763589025618,exp_20260729,0.8731610049148637,0.8729664829731835,0.9691670951698147,4811,6,1
efficientnet,hist_gradient_boosting,all,pooled_views,rgb,0.01,1.0,0.8624763589025618,exp_20260730,0.8006364088590402,0.7987810663514106,0.9133091778759868,3540,5,1
efficientnet,hist_gradient_boosting,all,pooled_views,rgb,0.01,1.0,0.8624763589025618,exp_20260731,0.70872077064046,0.700375786524806,0.8708508471129592,4488,6,1
efficientnet,hist_gradient_boosting,all,pooled_views,rgb,0.01,1.0,0.8624763589025618,exp_20260803,0.8302215772986917,0.8156113362642953,0.9328383534093411,4776,6,1
efficientnet,hist_gradient_boosting,all,pooled_views,rgb,0.01,1.0,0.8624763589025618,exp_20260804,0.7941309454600404,0.783066530984465,0.9098628183172021,5286,9,1
efficientnet,hist_gradient_boosting,all,pooled_views,rgb,0.01,1.0,0.8624763589025618,exp_20260805,0.8192470571346541,0.8204596074093384,0.9428321468184734,5004,6,1
efficientnet,mlp,all,pooled_views,rgb,0.01,1.0,0.8624763589025618,all_held_out_predictions,0.77766076218963,0.7755676731109804,0.9074795440235809,44631,62,14
efficientnet,mlp,all,pooled_views,rgb,0.01,1.0,0.8624763589025618,exp_20260715,0.7462926034514129,0.7435866868457749,0.8996429151643978,1521,3,1
efficientnet,mlp,all,pooled_views,rgb,0.01,1.0,0.8624763589025618,exp_20260717,0.6652612433862434,0.6697924018676263,0.8078309672312854,1656,2,1
efficientnet,mlp,all,pooled_views,rgb,0.01,1.0,0.8624763589025618,exp_20260720,,,,48,1,1
efficientnet,mlp,all,pooled_views,rgb,0.01,1.0,0.8624763589025618,exp_20260721,0.9264794685990339,0.926584985678411,0.9855922094668289,852,1,1
efficientnet,mlp,all,pooled_views,rgb,0.01,1.0,0.8624763589025618,exp_20260723,,,,1560,3,1
efficientnet,mlp,all,pooled_views,rgb,0.01,1.0,0.8624763589025618,exp_20260724,0.6347777777777778,0.6266981596833991,0.7980750585309072,2190,3,1
efficientnet,mlp,all,pooled_views,rgb,0.01,1.0,0.8624763589025618,exp_20260727,0.7958994708994709,0.794660478638504,0.9321073510679992,4140,5,1
efficientnet,mlp,all,pooled_views,rgb,0.01,1.0,0.8624763589025618,exp_20260728,0.8451829523933113,0.8452207327606702,0.9510227249121602,4759,6,1
efficientnet,mlp,all,pooled_views,rgb,0.01,1.0,0.8624763589025618,exp_20260729,0.870851375463689,0.8704568810465351,0.9670253618448564,4811,6,1
efficientnet,mlp,all,pooled_views,rgb,0.01,1.0,0.8624763589025618,exp_20260730,0.7658358175824495,0.7633721732456934,0.9095366851589325,3540,5,1
efficientnet,mlp,all,pooled_views,rgb,0.01,1.0,0.8624763589025618,exp_20260731,0.7026475848986671,0.6932222906124553,0.8623059448757524,4488,6,1
efficientnet,mlp,all,pooled_views,rgb,0.01,1.0,0.8624763589025618,exp_20260803,0.7861445089367974,0.773759720513871,0.9096176909672793,4776,6,1
efficientnet,mlp,all,pooled_views,rgb,0.01,1.0,0.8624763589025618,exp_20260804,0.7672700305931266,0.7518806838355457,0.8975556362703335,5286,9,1
efficientnet,mlp,all,pooled_views,rgb,0.01,1.0,0.8624763589025618,exp_20260805,0.772874497559575,0.7759900699289025,0.9209813415668752,5004,6,1
efficientnet,window_logistic,all,pooled_views,rgb,0.01,1.0,0.8624763589025618,all_held_out_predictions,0.7509052259521743,0.7520502412536799,0.8874114069791609,44631,62,14
efficientnet,window_logistic,all,pooled_views,rgb,0.01,1.0,0.8624763589025618,exp_20260715,0.6896359409517979,0.6974966087063756,0.7845664622967418,1521,3,1
efficientnet,window_logistic,all,pooled_views,rgb,0.01,1.0,0.8624763589025618,exp_20260717,0.687582671957672,0.6889899848306794,0.7470797470544288,1656,2,1
efficientnet,window_logistic,all,pooled_views,rgb,0.01,1.0,0.8624763589025618,exp_20260720,,,,48,1,1
efficientnet,window_logistic,all,pooled_views,rgb,0.01,1.0,0.8624763589025618,exp_20260721,0.8366042673107891,0.8352425621104832,0.9553864591541896,852,1,1
efficientnet,window_logistic,all,pooled_views,rgb,0.01,1.0,0.8624763589025618,exp_20260723,,,,1560,3,1
efficientnet,window_logistic,all,pooled_views,rgb,0.01,1.0,0.8624763589025618,exp_20260724,0.644712962962963,0.6550557941908891,0.8283625880146291,2190,3,1
efficientnet,window_logistic,all,pooled_views,rgb,0.01,1.0,0.8624763589025618,exp_20260727,0.7801256613756614,0.7793035903189849,0.9220098502106605,4140,5,1
efficientnet,window_logistic,all,pooled_views,rgb,0.01,1.0,0.8624763589025618,exp_20260728,0.8431825451946837,0.8440344102098551,0.9508197161370117,4759,6,1
efficientnet,window_logistic,all,pooled_views,rgb,0.01,1.0,0.8624763589025618,exp_20260729,0.8139233715570947,0.8135490322473945,0.9410275779306535,4811,6,1
efficientnet,window_logistic,all,pooled_views,rgb,0.01,1.0,0.8624763589025618,exp_20260730,0.7283266978953883,0.7280857665611536,0.8716048193433511,3540,5,1
efficientnet,window_logistic,all,pooled_views,rgb,0.01,1.0,0.8624763589025618,exp_20260731,0.6546551713367655,0.6538384343811,0.8237335869015152,4488,6,1
efficientnet,window_logistic,all,pooled_views,rgb,0.01,1.0,0.8624763589025618,exp_20260803,0.7782349824949327,0.773543473482404,0.9141840277093148,4776,6,1
efficientnet,window_logistic,all,pooled_views,rgb,0.01,1.0,0.8624763589025618,exp_20260804,0.7303819047232024,0.7234886272073281,0.8880454760695383,5286,9,1
efficientnet,window_logistic,all,pooled_views,rgb,0.01,1.0,0.8624763589025618,exp_20260805,0.7386726600631639,0.7417417324571013,0.8949262344764269,5004,6,1
mobilenet_v3_small,logistic,all,pooled_views,rgb,0.01,1.0,0.8624763589025618,all_held_out_predictions,0.7634789334797315,0.762228738358463,0.8988000961827805,44631,62,14
mobilenet_v3_small,logistic,all,pooled_views,rgb,0.01,1.0,0.8624763589025618,exp_20260715,0.7532656439448494,0.7629248416240607,0.935729400926276,1521,3,1
mobilenet_v3_small,logistic,all,pooled_views,rgb,0.01,1.0,0.8624763589025618,exp_20260717,0.6891534391534391,0.6866610294907436,0.7943110976386439,1656,2,1
mobilenet_v3_small,logistic,all,pooled_views,rgb,0.01,1.0,0.8624763589025618,exp_20260720,,,,48,1,1
mobilenet_v3_small,logistic,all,pooled_views,rgb,0.01,1.0,0.8624763589025618,exp_20260721,0.8308675523349436,0.8291915228722067,0.9560790120601638,852,1,1
mobilenet_v3_small,logistic,all,pooled_views,rgb,0.01,1.0,0.8624763589025618,exp_20260723,,,,1560,3,1
mobilenet_v3_small,logistic,all,pooled_views,rgb,0.01,1.0,0.8624763589025618,exp_20260724,0.7167623456790123,0.714755874916786,0.8445599745025598,2190,3,1
mobilenet_v3_small,logistic,all,pooled_views,rgb,0.01,1.0,0.8624763589025618,exp_20260727,0.7871031746031746,0.786007401480678,0.9323452258475408,4140,5,1
mobilenet_v3_small,logistic,all,pooled_views,rgb,0.01,1.0,0.8624763589025618,exp_20260728,0.8143664741213548,0.8147071824374844,0.9440213188490999,4759,6,1
mobilenet_v3_small,logistic,all,pooled_views,rgb,0.01,1.0,0.8624763589025618,exp_20260729,0.8266306471740825,0.8264092790515134,0.9453328121641823,4811,6,1
mobilenet_v3_small,logistic,all,pooled_views,rgb,0.01,1.0,0.8624763589025618,exp_20260730,0.7488056255573711,0.7474343544918775,0.8979348916683145,3540,5,1
mobilenet_v3_small,logistic,all,pooled_views,rgb,0.01,1.0,0.8624763589025618,exp_20260731,0.6418107496104213,0.6400476915046398,0.8132414592797547,4488,6,1
mobilenet_v3_small,logistic,all,pooled_views,rgb,0.01,1.0,0.8624763589025618,exp_20260803,0.7883188225538972,0.7785694854499171,0.9166138285151337,4776,6,1
mobilenet_v3_small,logistic,all,pooled_views,rgb,0.01,1.0,0.8624763589025618,exp_20260804,0.7354719451051895,0.7229737994261364,0.8851709941791231,5286,9,1
mobilenet_v3_small,logistic,all,pooled_views,rgb,0.01,1.0,0.8624763589025618,exp_20260805,0.7866108598908986,0.7873444823035808,0.9186190895192093,5004,6,1
mobilenet_v3_small,random_forest,all,pooled_views,rgb,0.01,1.0,0.8624763589025618,all_held_out_predictions,0.8210704202430906,0.8194185939158235,0.9322182439586187,44631,62,14
mobilenet_v3_small,random_forest,all,pooled_views,rgb,0.01,1.0,0.8624763589025618,exp_20260715,0.8718279173292464,0.8783653695289332,0.9774476689715059,1521,3,1
mobilenet_v3_small,random_forest,all,pooled_views,rgb,0.01,1.0,0.8624763589025618,exp_20260717,0.8268849206349206,0.8270416898707701,0.9475849837105624,1656,2,1
mobilenet_v3_small,random_forest,all,pooled_views,rgb,0.01,1.0,0.8624763589025618,exp_20260720,,,,48,1,1
mobilenet_v3_small,random_forest,all,pooled_views,rgb,0.01,1.0,0.8624763589025618,exp_20260721,0.9289452495974236,0.9290958861396637,0.9910185827594477,852,1,1
mobilenet_v3_small,random_forest,all,pooled_views,rgb,0.01,1.0,0.8624763589025618,exp_20260723,,,,1560,3,1
mobilenet_v3_small,random_forest,all,pooled_views,rgb,0.01,1.0,0.8624763589025618,exp_20260724,0.7862916666666667,0.76573110764793,0.921460590909544,2190,3,1
mobilenet_v3_small,random_forest,all,pooled_views,rgb,0.01,1.0,0.8624763589025618,exp_20260727,0.8088955026455027,0.8081538176644708,0.9553136757789535,4140,5,1
mobilenet_v3_small,random_forest,all,pooled_views,rgb,0.01,1.0,0.8624763589025618,exp_20260728,0.8476063024541007,0.8480298543017571,0.9608881973841346,4759,6,1
mobilenet_v3_small,random_forest,all,pooled_views,rgb,0.01,1.0,0.8624763589025618,exp_20260729,0.8721193367806412,0.8713322403107376,0.9694706592280936,4811,6,1
mobilenet_v3_small,random_forest,all,pooled_views,rgb,0.01,1.0,0.8624763589025618,exp_20260730,0.8154572768967626,0.8159530684311324,0.9126387081458858,3540,5,1
mobilenet_v3_small,random_forest,all,pooled_views,rgb,0.01,1.0,0.8624763589025618,exp_20260731,0.7021523138033064,0.693182723483455,0.8720363413293849,4488,6,1
mobilenet_v3_small,random_forest,all,pooled_views,rgb,0.01,1.0,0.8624763589025618,exp_20260803,0.8349755850377741,0.819791549099398,0.9404026828987204,4776,6,1
mobilenet_v3_small,random_forest,all,pooled_views,rgb,0.01,1.0,0.8624763589025618,exp_20260804,0.8035966392033034,0.7927539656620528,0.9083508040507304,5286,9,1
mobilenet_v3_small,random_forest,all,pooled_views,rgb,0.01,1.0,0.8624763589025618,exp_20260805,0.8569031725523973,0.8569211208459669,0.9536086204081871,5004,6,1
mobilenet_v3_small,rbf_svm,all,pooled_views,rgb,0.01,1.0,0.8624763589025618,all_held_out_predictions,0.8195618056268912,0.8186569666924087,,44631,62,14
mobilenet_v3_small,rbf_svm,all,pooled_views,rgb,0.01,1.0,0.8624763589025618,exp_20260715,0.8838320718326124,0.8910842797190507,,1521,3,1
mobilenet_v3_small,rbf_svm,all,pooled_views,rgb,0.01,1.0,0.8624763589025618,exp_20260717,0.7572751322751322,0.7594564832190929,,1656,2,1
mobilenet_v3_small,rbf_svm,all,pooled_views,rgb,0.01,1.0,0.8624763589025618,exp_20260720,,,,48,1,1
mobilenet_v3_small,rbf_svm,all,pooled_views,rgb,0.01,1.0,0.8624763589025618,exp_20260721,0.9079609500805154,0.9077151834810908,,852,1,1
mobilenet_v3_small,rbf_svm,all,pooled_views,rgb,0.01,1.0,0.8624763589025618,exp_20260723,,,,1560,3,1
mobilenet_v3_small,rbf_svm,all,pooled_views,rgb,0.01,1.0,0.8624763589025618,exp_20260724,0.7624089506172839,0.7578727647698441,,2190,3,1
mobilenet_v3_small,rbf_svm,all,pooled_views,rgb,0.01,1.0,0.8624763589025618,exp_20260727,0.8150462962962962,0.8147314694492996,,4140,5,1
mobilenet_v3_small,rbf_svm,all,pooled_views,rgb,0.01,1.0,0.8624763589025618,exp_20260728,0.8609498712019167,0.861073804442786,,4759,6,1
mobilenet_v3_small,rbf_svm,all,pooled_views,rgb,0.01,1.0,0.8624763589025618,exp_20260729,0.8860005073046707,0.8855059900834812,,4811,6,1
mobilenet_v3_small,rbf_svm,all,pooled_views,rgb,0.01,1.0,0.8624763589025618,exp_20260730,0.8205050271584815,0.8199908665352883,,3540,5,1
mobilenet_v3_small,rbf_svm,all,pooled_views,rgb,0.01,1.0,0.8624763589025618,exp_20260731,0.7245571998893391,0.7164273119275361,,4488,6,1
mobilenet_v3_small,rbf_svm,all,pooled_views,rgb,0.01,1.0,0.8624763589025618,exp_20260803,0.8394894739266628,0.8286374198117964,,4776,6,1
mobilenet_v3_small,rbf_svm,all,pooled_views,rgb,0.01,1.0,0.8624763589025618,exp_20260804,0.7934247694289178,0.782133277154505,,5286,9,1
mobilenet_v3_small,rbf_svm,all,pooled_views,rgb,0.01,1.0,0.8624763589025618,exp_20260805,0.8253570915877116,0.8268093329318283,,5004,6,1
mobilenet_v3_small,hist_gradient_boosting,all,pooled_views,rgb,0.01,1.0,0.8624763589025618,all_held_out_predictions,0.8208519670278899,0.8191404137694945,0.9337030218012962,44631,62,14
mobilenet_v3_small,hist_gradient_boosting,all,pooled_views,rgb,0.01,1.0,0.8624763589025618,exp_20260715,0.8471967289031461,0.8571046685313273,0.9728406872837495,1521,3,1
mobilenet_v3_small,hist_gradient_boosting,all,pooled_views,rgb,0.01,1.0,0.8624763589025618,exp_20260717,0.845734126984127,0.8460655530398281,0.956155960648148,1656,2,1
mobilenet_v3_small,hist_gradient_boosting,all,pooled_views,rgb,0.01,1.0,0.8624763589025618,exp_20260720,,,,48,1,1
mobilenet_v3_small,hist_gradient_boosting,all,pooled_views,rgb,0.01,1.0,0.8624763589025618,exp_20260721,0.9089170692431563,0.9085092384417899,0.9821530222502027,852,1,1
mobilenet_v3_small,hist_gradient_boosting,all,pooled_views,rgb,0.01,1.0,0.8624763589025618,exp_20260723,,,,1560,3,1
mobilenet_v3_small,hist_gradient_boosting,all,pooled_views,rgb,0.01,1.0,0.8624763589025618,exp_20260724,0.7875941358024692,0.7786334795441062,0.9179725310009125,2190,3,1
mobilenet_v3_small,hist_gradient_boosting,all,pooled_views,rgb,0.01,1.0,0.8624763589025618,exp_20260727,0.8150793650793652,0.8143215280125012,0.9468398184891241,4140,5,1
mobilenet_v3_small,hist_gradient_boosting,all,pooled_views,rgb,0.01,1.0,0.8624763589025618,exp_20260728,0.8618984192878045,0.8620647506716143,0.965397034792285,4759,6,1
mobilenet_v3_small,hist_gradient_boosting,all,pooled_views,rgb,0.01,1.0,0.8624763589025618,exp_20260729,0.8673064104165621,0.8667826959913429,0.9723363972195359,4811,6,1
mobilenet_v3_small,hist_gradient_boosting,all,pooled_views,rgb,0.01,1.0,0.8624763589025618,exp_20260730,0.8105547001484333,0.8097434922639337,0.9194251159990969,3540,5,1
mobilenet_v3_small,hist_gradient_boosting,all,pooled_views,rgb,0.01,1.0,0.8624763589025618,exp_20260731,0.7155845089267988,0.7054229345920278,0.8683306496852533,4488,6,1
mobilenet_v3_small,hist_gradient_boosting,all,pooled_views,rgb,0.01,1.0,0.8624763589025618,exp_20260803,0.8295588032061914,0.8159632404851876,0.9347479654250433,4776,6,1
mobilenet_v3_small,hist_gradient_boosting,all,pooled_views,rgb,0.01,1.0,0.8624763589025618,exp_20260804,0.793039069403861,0.7811904624093651,0.9118276759273632,5286,9,1
mobilenet_v3_small,hist_gradient_boosting,all,pooled_views,rgb,0.01,1.0,0.8624763589025618,exp_20260805,0.8470248349124319,0.8477719009725114,0.9551930300106711,5004,6,1
mobilenet_v3_small,mlp,all,pooled_views,rgb,0.01,1.0,0.8624763589025618,all_held_out_predictions,0.7915387807887561,0.7897182408728761,0.9161914435309586,44631,62,14
mobilenet_v3_small,mlp,all,pooled_views,rgb,0.01,1.0,0.8624763589025618,exp_20260715,0.7847479279121901,0.7966652907187418,0.923362276887273,1521,3,1
mobilenet_v3_small,mlp,all,pooled_views,rgb,0.01,1.0,0.8624763589025618,exp_20260717,0.7380125661375662,0.7271802226358847,0.8921854332010581,1656,2,1
mobilenet_v3_small,mlp,all,pooled_views,rgb,0.01,1.0,0.8624763589025618,exp_20260720,,,,48,1,1
mobilenet_v3_small,mlp,all,pooled_views,rgb,0.01,1.0,0.8624763589025618,exp_20260721,0.8858695652173912,0.8851781200669393,0.9764884444844165,852,1,1
mobilenet_v3_small,mlp,all,pooled_views,rgb,0.01,1.0,0.8624763589025618,exp_20260723,,,,1560,3,1
mobilenet_v3_small,mlp,all,pooled_views,rgb,0.01,1.0,0.8624763589025618,exp_20260724,0.6726111111111112,0.6724905912388489,0.8355719434022951,2190,3,1
mobilenet_v3_small,mlp,all,pooled_views,rgb,0.01,1.0,0.8624763589025618,exp_20260727,0.8055886243386244,0.8042117234536624,0.9367763294875564,4140,5,1
mobilenet_v3_small,mlp,all,pooled_views,rgb,0.01,1.0,0.8624763589025618,exp_20260728,0.8728347740275003,0.872962682483684,0.9670216200489615,4759,6,1
mobilenet_v3_small,mlp,all,pooled_views,rgb,0.01,1.0,0.8624763589025618,exp_20260729,0.861417790149077,0.8606715504308142,0.9621883515813443,4811,6,1
mobilenet_v3_small,mlp,all,pooled_views,rgb,0.01,1.0,0.8624763589025618,exp_20260730,0.7797662958712984,0.7794512481658694,0.9108203432228191,3540,5,1
mobilenet_v3_small,mlp,all,pooled_views,rgb,0.01,1.0,0.8624763589025618,exp_20260731,0.6948509146225224,0.688328829771997,0.849834852692856,4488,6,1
mobilenet_v3_small,mlp,all,pooled_views,rgb,0.01,1.0,0.8624763589025618,exp_20260803,0.7990919246360789,0.789375475397418,0.9190330823468501,4776,6,1
mobilenet_v3_small,mlp,all,pooled_views,rgb,0.01,1.0,0.8624763589025618,exp_20260804,0.7892630347681443,0.7733986306031703,0.9108029803915793,5286,9,1
mobilenet_v3_small,mlp,all,pooled_views,rgb,0.01,1.0,0.8624763589025618,exp_20260805,0.7787871447028424,0.7811304767965334,0.9174017280991671,5004,6,1
mobilenet_v3_small,window_logistic,all,pooled_views,rgb,0.01,1.0,0.8624763589025618,all_held_out_predictions,0.7623012286463559,0.7647427833297243,0.9054713734887151,44631,62,14
mobilenet_v3_small,window_logistic,all,pooled_views,rgb,0.01,1.0,0.8624763589025618,exp_20260715,0.7795965467682295,0.7779140286540335,0.9460431582712512,1521,3,1
mobilenet_v3_small,window_logistic,all,pooled_views,rgb,0.01,1.0,0.8624763589025618,exp_20260717,0.6754298941798941,0.6780018005557912,0.7943126668748776,1656,2,1
mobilenet_v3_small,window_logistic,all,pooled_views,rgb,0.01,1.0,0.8624763589025618,exp_20260720,,,,48,1,1
mobilenet_v3_small,window_logistic,all,pooled_views,rgb,0.01,1.0,0.8624763589025618,exp_20260721,0.7821054750402577,0.7865347705136744,0.9219519998915042,852,1,1
mobilenet_v3_small,window_logistic,all,pooled_views,rgb,0.01,1.0,0.8624763589025618,exp_20260723,,,,1560,3,1
mobilenet_v3_small,window_logistic,all,pooled_views,rgb,0.01,1.0,0.8624763589025618,exp_20260724,0.702324074074074,0.702548850166074,0.8492762865083653,2190,3,1
mobilenet_v3_small,window_logistic,all,pooled_views,rgb,0.01,1.0,0.8624763589025618,exp_20260727,0.8010251322751323,0.8015566290983326,0.9354855538408778,4140,5,1
mobilenet_v3_small,window_logistic,all,pooled_views,rgb,0.01,1.0,0.8624763589025618,exp_20260728,0.8261880338750137,0.8266754713002156,0.9522431496324714,4759,6,1
mobilenet_v3_small,window_logistic,all,pooled_views,rgb,0.01,1.0,0.8624763589025618,exp_20260729,0.8352589797583754,0.8328169030582044,0.9552101786253306,4811,6,1
mobilenet_v3_small,window_logistic,all,pooled_views,rgb,0.01,1.0,0.8624763589025618,exp_20260730,0.747679044578835,0.7499314337046283,0.8917836148942557,3540,5,1
mobilenet_v3_small,window_logistic,all,pooled_views,rgb,0.01,1.0,0.8624763589025618,exp_20260731,0.6437189730815644,0.6458413563497359,0.8360955745921642,4488,6,1
mobilenet_v3_small,window_logistic,all,pooled_views,rgb,0.01,1.0,0.8624763589025618,exp_20260803,0.786910355629261,0.7895090767793661,0.9252741686703319,4776,6,1
mobilenet_v3_small,window_logistic,all,pooled_views,rgb,0.01,1.0,0.8624763589025618,exp_20260804,0.6998548525896967,0.6978416386020183,0.8822832036900281,5286,9,1
mobilenet_v3_small,window_logistic,all,pooled_views,rgb,0.01,1.0,0.8624763589025618,exp_20260805,0.788939132931381,0.7900770944068708,0.9290755266257932,5004,6,1
repvit_m0_9,logistic,all,pooled_views,rgb,0.01,1.0,0.8624763589025618,all_held_out_predictions,0.7852357133439675,0.7850306971143319,0.9157021612570079,44631,62,14
repvit_m0_9,logistic,all,pooled_views,rgb,0.01,1.0,0.8624763589025618,exp_20260715,0.8308716004531238,0.838502457025773,0.9598669025626588,1521,3,1
repvit_m0_9,logistic,all,pooled_views,rgb,0.01,1.0,0.8624763589025618,exp_20260717,0.6447585978835978,0.6420499048133872,0.8014884397045855,1656,2,1
repvit_m0_9,logistic,all,pooled_views,rgb,0.01,1.0,0.8624763589025618,exp_20260720,,,,48,1,1
repvit_m0_9,logistic,all,pooled_views,rgb,0.01,1.0,0.8624763589025618,exp_20260721,0.9245672302737521,0.9245329705452091,0.9877482733465812,852,1,1
repvit_m0_9,logistic,all,pooled_views,rgb,0.01,1.0,0.8624763589025618,exp_20260723,,,,1560,3,1
repvit_m0_9,logistic,all,pooled_views,rgb,0.01,1.0,0.8624763589025618,exp_20260724,0.7607283950617285,0.7602398499097528,0.8919346785166757,2190,3,1
repvit_m0_9,logistic,all,pooled_views,rgb,0.01,1.0,0.8624763589025618,exp_20260727,0.8223544973544974,0.8222118307362914,0.9427455785812269,4140,5,1
repvit_m0_9,logistic,all,pooled_views,rgb,0.01,1.0,0.8624763589025618,exp_20260728,0.8662703221030587,0.8664745729354001,0.9616852438877656,4759,6,1
repvit_m0_9,logistic,all,pooled_views,rgb,0.01,1.0,0.8624763589025618,exp_20260729,0.8499900010535093,0.8497243787777586,0.9632833116568809,4811,6,1
repvit_m0_9,logistic,all,pooled_views,rgb,0.01,1.0,0.8624763589025618,exp_20260730,0.7478513106156273,0.7455220695824676,0.8844611116554253,3540,5,1
repvit_m0_9,logistic,all,pooled_views,rgb,0.01,1.0,0.8624763589025618,exp_20260731,0.6683701938814641,0.666787946852958,0.8497605546049624,4488,6,1
repvit_m0_9,logistic,all,pooled_views,rgb,0.01,1.0,0.8624763589025618,exp_20260803,0.7986226276027271,0.788876534107791,0.9209995658863487,4776,6,1
repvit_m0_9,logistic,all,pooled_views,rgb,0.01,1.0,0.8624763589025618,exp_20260804,0.7456184860642342,0.7403164407527179,0.8937215726062663,5286,9,1
repvit_m0_9,logistic,all,pooled_views,rgb,0.01,1.0,0.8624763589025618,exp_20260805,0.7873510623026126,0.7853303714452601,0.9276787434221759,5004,6,1
repvit_m0_9,random_forest,all,pooled_views,rgb,0.01,1.0,0.8624763589025618,all_held_out_predictions,0.8088188865425225,0.8073008331395797,0.9285840632367802,44631,62,14
repvit_m0_9,random_forest,all,pooled_views,rgb,0.01,1.0,0.8624763589025618,exp_20260715,0.8459711743789553,0.8519968152274474,0.9654978667890562,1521,3,1
repvit_m0_9,random_forest,all,pooled_views,rgb,0.01,1.0,0.8624763589025618,exp_20260717,0.7800925925925926,0.7825376801436258,0.9368647655178327,1656,2,1
repvit_m0_9,random_forest,all,pooled_views,rgb,0.01,1.0,0.8624763589025618,exp_20260720,,,,48,1,1
repvit_m0_9,random_forest,all,pooled_views,rgb,0.01,1.0,0.8624763589025618,exp_20260721,0.9270330112721418,0.9264568927619438,0.9939158040537454,852,1,1
repvit_m0_9,random_forest,all,pooled_views,rgb,0.01,1.0,0.8624763589025618,exp_20260723,,,,1560,3,1
repvit_m0_9,random_forest,all,pooled_views,rgb,0.01,1.0,0.8624763589025618,exp_20260724,0.7510092592592592,0.7160223444845505,0.913056844896864,2190,3,1
repvit_m0_9,random_forest,all,pooled_views,rgb,0.01,1.0,0.8624763589025618,exp_20260727,0.8155092592592593,0.8148500271261302,0.9581147731726435,4140,5,1
repvit_m0_9,random_forest,all,pooled_views,rgb,0.01,1.0,0.8624763589025618,exp_20260728,0.8398143819096356,0.8406606659144599,0.9539572977568916,4759,6,1
repvit_m0_9,random_forest,all,pooled_views,rgb,0.01,1.0,0.8624763589025618,exp_20260729,0.8666734917792613,0.8662457921727683,0.9682697596926588,4811,6,1
repvit_m0_9,random_forest,all,pooled_views,rgb,0.01,1.0,0.8624763589025618,exp_20260730,0.79996128950057,0.7987264338651997,0.9122710029114979,3540,5,1
repvit_m0_9,random_forest,all,pooled_views,rgb,0.01,1.0,0.8624763589025618,exp_20260731,0.6860959196382393,0.6750236882468875,0.8626156705811715,4488,6,1
repvit_m0_9,random_forest,all,pooled_views,rgb,0.01,1.0,0.8624763589025618,exp_20260803,0.8386366777224986,0.8240042711379288,0.9385122290847924,4776,6,1
repvit_m0_9,random_forest,all,pooled_views,rgb,0.01,1.0,0.8624763589025618,exp_20260804,0.7893459023636331,0.780639722921352,0.9044441494591707,5286,9,1
repvit_m0_9,random_forest,all,pooled_views,rgb,0.01,1.0,0.8624763589025618,exp_20260805,0.8391158842951478,0.8393453950795738,0.9462416249248049,5004,6,1
repvit_m0_9,rbf_svm,all,pooled_views,rgb,0.01,1.0,0.8624763589025618,all_held_out_predictions,0.8087242153356673,0.8078057557463422,,44631,62,14
repvit_m0_9,rbf_svm,all,pooled_views,rgb,0.01,1.0,0.8624763589025618,exp_20260715,0.7925487108329033,0.799051755090284,,1521,3,1
repvit_m0_9,rbf_svm,all,pooled_views,rgb,0.01,1.0,0.8624763589025618,exp_20260717,0.7977017195767195,0.7977872907863198,,1656,2,1
repvit_m0_9,rbf_svm,all,pooled_views,rgb,0.01,1.0,0.8624763589025618,exp_20260720,,,,48,1,1
repvit_m0_9,rbf_svm,all,pooled_views,rgb,0.01,1.0,0.8624763589025618,exp_20260721,0.9399657809983898,0.9397351608672446,,852,1,1
repvit_m0_9,rbf_svm,all,pooled_views,rgb,0.01,1.0,0.8624763589025618,exp_20260723,,,,1560,3,1
repvit_m0_9,rbf_svm,all,pooled_views,rgb,0.01,1.0,0.8624763589025618,exp_20260724,0.7210617283950618,0.708827862186634,,2190,3,1
repvit_m0_9,rbf_svm,all,pooled_views,rgb,0.01,1.0,0.8624763589025618,exp_20260727,0.8146825396825398,0.8139354737941823,,4140,5,1
repvit_m0_9,rbf_svm,all,pooled_views,rgb,0.01,1.0,0.8624763589025618,exp_20260728,0.8644715752730262,0.8649797605250754,,4759,6,1
repvit_m0_9,rbf_svm,all,pooled_views,rgb,0.01,1.0,0.8624763589025618,exp_20260729,0.88532402280746,0.8850675253744414,,4811,6,1
repvit_m0_9,rbf_svm,all,pooled_views,rgb,0.01,1.0,0.8624763589025618,exp_20260730,0.7998284301057795,0.7983220567820659,,3540,5,1
repvit_m0_9,rbf_svm,all,pooled_views,rgb,0.01,1.0,0.8624763589025618,exp_20260731,0.6871694719283911,0.6805844931856772,,4488,6,1
repvit_m0_9,rbf_svm,all,pooled_views,rgb,0.01,1.0,0.8624763589025618,exp_20260803,0.8429029620416437,0.8294927723557529,,4776,6,1
repvit_m0_9,rbf_svm,all,pooled_views,rgb,0.01,1.0,0.8624763589025618,exp_20260804,0.7933218459888032,0.7852236244040597,,5286,9,1
repvit_m0_9,rbf_svm,all,pooled_views,rgb,0.01,1.0,0.8624763589025618,exp_20260805,0.8025812876830319,0.8042577337904487,,5004,6,1
repvit_m0_9,hist_gradient_boosting,all,pooled_views,rgb,0.01,1.0,0.8624763589025618,all_held_out_predictions,0.8048668806713408,0.8033293104703333,0.9279470377420583,44631,62,14
repvit_m0_9,hist_gradient_boosting,all,pooled_views,rgb,0.01,1.0,0.8624763589025618,exp_20260715,0.8473033056049207,0.8544018973040929,0.9624421128967159,1521,3,1
repvit_m0_9,hist_gradient_boosting,all,pooled_views,rgb,0.01,1.0,0.8624763589025618,exp_20260717,0.7571924603174603,0.7607059898375509,0.9281131350431119,1656,2,1
repvit_m0_9,hist_gradient_boosting,all,pooled_views,rgb,0.01,1.0,0.8624763589025618,exp_20260720,,,,48,1,1
repvit_m0_9,hist_gradient_boosting,all,pooled_views,rgb,0.01,1.0,0.8624763589025618,exp_20260721,0.9278381642512077,0.9275309541296645,0.9920213212075012,852,1,1
repvit_m0_9,hist_gradient_boosting,all,pooled_views,rgb,0.01,1.0,0.8624763589025618,exp_20260723,,,,1560,3,1
repvit_m0_9,hist_gradient_boosting,all,pooled_views,rgb,0.01,1.0,0.8624763589025618,exp_20260724,0.7353148148148149,0.715412778549617,0.8848868064757861,2190,3,1
repvit_m0_9,hist_gradient_boosting,all,pooled_views,rgb,0.01,1.0,0.8624763589025618,exp_20260727,0.800760582010582,0.7996151855682658,0.9500374840779933,4140,5,1
repvit_m0_9,hist_gradient_boosting,all,pooled_views,rgb,0.01,1.0,0.8624763589025618,exp_20260728,0.8452074022399088,0.8458522807289853,0.9590994581656632,4759,6,1
repvit_m0_9,hist_gradient_boosting,all,pooled_views,rgb,0.01,1.0,0.8624763589025618,exp_20260729,0.8666440408705274,0.8665806598009883,0.967231816088861,4811,6,1
repvit_m0_9,hist_gradient_boosting,all,pooled_views,rgb,0.01,1.0,0.8624763589025618,exp_20260730,0.8034668572810326,0.8027082395084196,0.9160794367660978,3540,5,1
repvit_m0_9,hist_gradient_boosting,all,pooled_views,rgb,0.01,1.0,0.8624763589025618,exp_20260731,0.6871577000178283,0.6759069358914315,0.8653017688026701,4488,6,1
repvit_m0_9,hist_gradient_boosting,all,pooled_views,rgb,0.01,1.0,0.8624763589025618,exp_20260803,0.8328646121245624,0.8195329126469671,0.9414965062476099,4776,6,1
repvit_m0_9,hist_gradient_boosting,all,pooled_views,rgb,0.01,1.0,0.8624763589025618,exp_20260804,0.7878932839795644,0.7798380331665363,0.9066030444384697,5286,9,1
repvit_m0_9,hist_gradient_boosting,all,pooled_views,rgb,0.01,1.0,0.8624763589025618,exp_20260805,0.8220059933964973,0.8229236916161442,0.9418688244710397,5004,6,1
repvit_m0_9,mlp,all,pooled_views,rgb,0.01,1.0,0.8624763589025618,all_held_out_predictions,0.7834572466831013,0.7819973384786278,0.9159650313735709,44631,62,14
repvit_m0_9,mlp,all,pooled_views,rgb,0.01,1.0,0.8624763589025618,exp_20260715,0.8286174587977558,0.8328109124445562,0.9605263462990874,1521,3,1
repvit_m0_9,mlp,all,pooled_views,rgb,0.01,1.0,0.8624763589025618,exp_20260717,0.7054398148148149,0.7051494085577068,0.8764858944799627,1656,2,1
repvit_m0_9,mlp,all,pooled_views,rgb,0.01,1.0,0.8624763589025618,exp_20260720,,,,48,1,1
repvit_m0_9,mlp,all,pooled_views,rgb,0.01,1.0,0.8624763589025618,exp_20260721,0.9200885668276974,0.9199141089097739,0.9840354822281038,852,1,1
repvit_m0_9,mlp,all,pooled_views,rgb,0.01,1.0,0.8624763589025618,exp_20260723,,,,1560,3,1
repvit_m0_9,mlp,all,pooled_views,rgb,0.01,1.0,0.8624763589025618,exp_20260724,0.6991944444444446,0.6845825883997271,0.8540333473994067,2190,3,1
repvit_m0_9,mlp,all,pooled_views,rgb,0.01,1.0,0.8624763589025618,exp_20260727,0.8058531746031745,0.8057709167329216,0.9295292046345286,4140,5,1
repvit_m0_9,mlp,all,pooled_views,rgb,0.01,1.0,0.8624763589025618,exp_20260728,0.8506429997913041,0.8509470678434883,0.9558450864599313,4759,6,1
repvit_m0_9,mlp,all,pooled_views,rgb,0.01,1.0,0.8624763589025618,exp_20260729,0.8552635178320939,0.8550573248799092,0.9635885310469415,4811,6,1
repvit_m0_9,mlp,all,pooled_views,rgb,0.01,1.0,0.8624763589025618,exp_20260730,0.7451959873874175,0.7447324874045997,0.8899529540233129,3540,5,1
repvit_m0_9,mlp,all,pooled_views,rgb,0.01,1.0,0.8624763589025618,exp_20260731,0.693397825021948,0.6883730338276548,0.8646643102106744,4488,6,1
repvit_m0_9,mlp,all,pooled_views,rgb,0.01,1.0,0.8624763589025618,exp_20260803,0.8124009581721024,0.7943760754516133,0.9214555616719055,4776,6,1
repvit_m0_9,mlp,all,pooled_views,rgb,0.01,1.0,0.8624763589025618,exp_20260804,0.7646562607604941,0.7505322076822388,0.8993295906944362,5286,9,1
repvit_m0_9,mlp,all,pooled_views,rgb,0.01,1.0,0.8624763589025618,exp_20260805,0.773516006316394,0.7746456844544847,0.9135842728785235,5004,6,1
repvit_m0_9,window_logistic,all,pooled_views,rgb,0.01,1.0,0.8624763589025618,all_held_out_predictions,0.7740514397995485,0.7767448939122099,0.914482936147559,44631,62,14
repvit_m0_9,window_logistic,all,pooled_views,rgb,0.01,1.0,0.8624763589025618,exp_20260715,0.8206125601326858,0.8233942909408776,0.9512811901191823,1521,3,1
repvit_m0_9,window_logistic,all,pooled_views,rgb,0.01,1.0,0.8624763589025618,exp_20260717,0.6804728835978836,0.6785154335438964,0.8517975792426024,1656,2,1
repvit_m0_9,window_logistic,all,pooled_views,rgb,0.01,1.0,0.8624763589025618,exp_20260720,,,,48,1,1
repvit_m0_9,window_logistic,all,pooled_views,rgb,0.01,1.0,0.8624763589025618,exp_20260721,0.890750805152979,0.8899577624103561,0.9897964436935395,852,1,1
repvit_m0_9,window_logistic,all,pooled_views,rgb,0.01,1.0,0.8624763589025618,exp_20260723,,,,1560,3,1
repvit_m0_9,window_logistic,all,pooled_views,rgb,0.01,1.0,0.8624763589025618,exp_20260724,0.7338256172839506,0.7331840711284885,0.8909099442543585,2190,3,1
repvit_m0_9,window_logistic,all,pooled_views,rgb,0.01,1.0,0.8624763589025618,exp_20260727,0.8151455026455027,0.814824550380035,0.9431149385165588,4140,5,1
repvit_m0_9,window_logistic,all,pooled_views,rgb,0.01,1.0,0.8624763589025618,exp_20260728,0.8355495028234894,0.8362934254768007,0.9518545778116153,4759,6,1
repvit_m0_9,window_logistic,all,pooled_views,rgb,0.01,1.0,0.8624763589025618,exp_20260729,0.8245723914333567,0.8225138411850166,0.9572336565250049,4811,6,1
repvit_m0_9,window_logistic,all,pooled_views,rgb,0.01,1.0,0.8624763589025618,exp_20260730,0.7304225404061769,0.7326964185537975,0.8740924912890092,3540,5,1
repvit_m0_9,window_logistic,all,pooled_views,rgb,0.01,1.0,0.8624763589025618,exp_20260731,0.6769772519585925,0.6732718205618284,0.8493712532772125,4488,6,1
repvit_m0_9,window_logistic,all,pooled_views,rgb,0.01,1.0,0.8624763589025618,exp_20260803,0.8121153491800257,0.8072374541163821,0.9334305415541525,4776,6,1
repvit_m0_9,window_logistic,all,pooled_views,rgb,0.01,1.0,0.8624763589025618,exp_20260804,0.7305603816381366,0.7298487590339646,0.8957120243911616,5286,9,1
repvit_m0_9,window_logistic,all,pooled_views,rgb,0.01,1.0,0.8624763589025618,exp_20260805,0.7735384366925064,0.7762094247407901,0.9276171947713857,5004,6,1
convnext_tiny,logistic,all,pooled_views,rgb,0.01,1.0,0.8624763589025618,all_held_out_predictions,0.7690469357534077,0.768303845484415,0.9002671835994205,44631,62,14
convnext_tiny,logistic,all,pooled_views,rgb,0.01,1.0,0.8624763589025618,exp_20260715,0.6826323331492669,0.6981560600133162,0.8807493603382088,1521,3,1
convnext_tiny,logistic,all,pooled_views,rgb,0.01,1.0,0.8624763589025618,exp_20260717,0.717013888888889,0.7184975585892062,0.8258169979668822,1656,2,1
convnext_tiny,logistic,all,pooled_views,rgb,0.01,1.0,0.8624763589025618,exp_20260720,,,,48,1,1
convnext_tiny,logistic,all,pooled_views,rgb,0.01,1.0,0.8624763589025618,exp_20260721,0.845511272141707,0.8434582675420371,0.9500829689445073,852,1,1
convnext_tiny,logistic,all,pooled_views,rgb,0.01,1.0,0.8624763589025618,exp_20260723,,,,1560,3,1
convnext_tiny,logistic,all,pooled_views,rgb,0.01,1.0,0.8624763589025618,exp_20260724,0.672753086419753,0.6777616448980283,0.8546508203533657,2190,3,1
convnext_tiny,logistic,all,pooled_views,rgb,0.01,1.0,0.8624763589025618,exp_20260727,0.7981481481481483,0.7965978143466618,0.9244362629825593,4140,5,1
convnext_tiny,logistic,all,pooled_views,rgb,0.01,1.0,0.8624763589025618,exp_20260728,0.836787571178236,0.8371562208434172,0.9516620842465482,4759,6,1
convnext_tiny,logistic,all,pooled_views,rgb,0.01,1.0,0.8624763589025618,exp_20260729,0.8608211123117674,0.860252766909339,0.9651795311755954,4811,6,1
convnext_tiny,logistic,all,pooled_views,rgb,0.01,1.0,0.8624763589025618,exp_20260730,0.7243514532517302,0.7188259069793208,0.8600448605565879,3540,5,1
convnext_tiny,logistic,all,pooled_views,rgb,0.01,1.0,0.8624763589025618,exp_20260731,0.6833648435678589,0.6780863268741567,0.8633935965056247,4488,6,1
convnext_tiny,logistic,all,pooled_views,rgb,0.01,1.0,0.8624763589025618,exp_20260803,0.8104546710889995,0.8007048816547835,0.921796757951085,4776,6,1
convnext_tiny,logistic,all,pooled_views,rgb,0.01,1.0,0.8624763589025618,exp_20260804,0.7540734085354829,0.7423745267202375,0.887787084212386,5286,9,1
convnext_tiny,logistic,all,pooled_views,rgb,0.01,1.0,0.8624763589025618,exp_20260805,0.7393769738730979,0.7445997983002662,0.8903203840581035,5004,6,1
convnext_tiny,random_forest,all,pooled_views,rgb,0.01,1.0,0.8624763589025618,all_held_out_predictions,0.8103104639770363,0.8084225489080928,0.9285861184154355,44631,62,14
convnext_tiny,random_forest,all,pooled_views,rgb,0.01,1.0,0.8624763589025618,exp_20260715,0.8486972341167546,0.8555763411153444,0.9742657649097909,1521,3,1
convnext_tiny,random_forest,all,pooled_views,rgb,0.01,1.0,0.8624763589025618,exp_20260717,0.8349041005291005,0.8358083531355343,0.9479870526528513,1656,2,1
convnext_tiny,random_forest,all,pooled_views,rgb,0.01,1.0,0.8624763589025618,exp_20260720,,,,48,1,1
convnext_tiny,random_forest,all,pooled_views,rgb,0.01,1.0,0.8624763589025618,exp_20260721,0.9112822061191627,0.9102350642395137,0.9935258526912666,852,1,1
convnext_tiny,random_forest,all,pooled_views,rgb,0.01,1.0,0.8624763589025618,exp_20260723,,,,1560,3,1
convnext_tiny,random_forest,all,pooled_views,rgb,0.01,1.0,0.8624763589025618,exp_20260724,0.7367746913580246,0.6911042166180826,0.9028892112153467,2190,3,1
convnext_tiny,random_forest,all,pooled_views,rgb,0.01,1.0,0.8624763589025618,exp_20260727,0.8178240740740742,0.8174909461628302,0.954595238095238,4140,5,1
convnext_tiny,random_forest,all,pooled_views,rgb,0.01,1.0,0.8624763589025618,exp_20260728,0.8414057265753027,0.8421510486321315,0.9565978741252241,4759,6,1
convnext_tiny,random_forest,all,pooled_views,rgb,0.01,1.0,0.8624763589025618,exp_20260729,0.8615514766506793,0.8615927887103432,0.9644220702036481,4811,6,1
convnext_tiny,random_forest,all,pooled_views,rgb,0.01,1.0,0.8624763589025618,exp_20260730,0.8051779201477086,0.8039794128307468,0.9056763443571284,3540,5,1
convnext_tiny,random_forest,all,pooled_views,rgb,0.01,1.0,0.8624763589025618,exp_20260731,0.7050771650711941,0.6964543158837229,0.8765029420043624,4488,6,1
convnext_tiny,random_forest,all,pooled_views,rgb,0.01,1.0,0.8624763589025618,exp_20260803,0.8353124424175419,0.8240140497019515,0.9375448342901017,4776,6,1
convnext_tiny,random_forest,all,pooled_views,rgb,0.01,1.0,0.8624763589025618,exp_20260804,0.7890311786892564,0.7799939343532061,0.9064544073153095,5286,9,1
convnext_tiny,random_forest,all,pooled_views,rgb,0.01,1.0,0.8624763589025618,exp_20260805,0.823096109675567,0.8238652239508086,0.943384881678917,5004,6,1
convnext_tiny,rbf_svm,all,pooled_views,rgb,0.01,1.0,0.8624763589025618,all_held_out_predictions,0.8104583486031345,0.8094264459519561,,44631,62,14
convnext_tiny,rbf_svm,all,pooled_views,rgb,0.01,1.0,0.8624763589025618,exp_20260715,0.7706270436512593,0.7792424307515268,,1521,3,1
convnext_tiny,rbf_svm,all,pooled_views,rgb,0.01,1.0,0.8624763589025618,exp_20260717,0.8240740740740741,0.8253540500620402,,1656,2,1
convnext_tiny,rbf_svm,all,pooled_views,rgb,0.01,1.0,0.8624763589025618,exp_20260720,,,,48,1,1
convnext_tiny,rbf_svm,all,pooled_views,rgb,0.01,1.0,0.8624763589025618,exp_20260721,0.935889694041868,0.935605597729558,,852,1,1
convnext_tiny,rbf_svm,all,pooled_views,rgb,0.01,1.0,0.8624763589025618,exp_20260723,,,,1560,3,1
convnext_tiny,rbf_svm,all,pooled_views,rgb,0.01,1.0,0.8624763589025618,exp_20260724,0.7517345679012347,0.7395069288019868,,2190,3,1
convnext_tiny,rbf_svm,all,pooled_views,rgb,0.01,1.0,0.8624763589025618,exp_20260727,0.8136243386243387,0.8129791761271701,,4140,5,1
convnext_tiny,rbf_svm,all,pooled_views,rgb,0.01,1.0,0.8624763589025618,exp_20260728,0.8671887898470668,0.8674945791699193,,4759,6,1
convnext_tiny,rbf_svm,all,pooled_views,rgb,0.01,1.0,0.8624763589025618,exp_20260729,0.8824197260703489,0.8822714964369284,,4811,6,1
convnext_tiny,rbf_svm,all,pooled_views,rgb,0.01,1.0,0.8624763589025618,exp_20260730,0.7968806904353726,0.7951351097776578,,3540,5,1
convnext_tiny,rbf_svm,all,pooled_views,rgb,0.01,1.0,0.8624763589025618,exp_20260731,0.7246812375562935,0.7172169835894784,,4488,6,1
convnext_tiny,rbf_svm,all,pooled_views,rgb,0.01,1.0,0.8624763589025618,exp_20260803,0.8472066749585406,0.8359969941270906,,4776,6,1
convnext_tiny,rbf_svm,all,pooled_views,rgb,0.01,1.0,0.8624763589025618,exp_20260804,0.7819123589588576,0.7755518965031154,,5286,9,1
convnext_tiny,rbf_svm,all,pooled_views,rgb,0.01,1.0,0.8624763589025618,exp_20260805,0.7735294645420615,0.7762536366026564,,5004,6,1
convnext_tiny,hist_gradient_boosting,all,pooled_views,rgb,0.01,1.0,0.8624763589025618,all_held_out_predictions,0.8053078790104392,0.8035637495093497,0.9295664191495376,44631,62,14
convnext_tiny,hist_gradient_boosting,all,pooled_views,rgb,0.01,1.0,0.8624763589025618,exp_20260715,0.790058476192853,0.7997302935833671,0.9520186290069818,1521,3,1
convnext_tiny,hist_gradient_boosting,all,pooled_views,rgb,0.01,1.0,0.8624763589025618,exp_20260717,0.8063822751322752,0.8062471112114279,0.9425333826303156,1656,2,1
convnext_tiny,hist_gradient_boosting,all,pooled_views,rgb,0.01,1.0,0.8624763589025618,exp_20260720,,,,48,1,1
convnext_tiny,hist_gradient_boosting,all,pooled_views,rgb,0.01,1.0,0.8624763589025618,exp_20260721,0.9179247181964573,0.9174110210105945,0.9907774116044815,852,1,1
convnext_tiny,hist_gradient_boosting,all,pooled_views,rgb,0.01,1.0,0.8624763589025618,exp_20260723,,,,1560,3,1
convnext_tiny,hist_gradient_boosting,all,pooled_views,rgb,0.01,1.0,0.8624763589025618,exp_20260724,0.7480509259259259,0.7222329581490644,0.8938220459991401,2190,3,1
convnext_tiny,hist_gradient_boosting,all,pooled_views,rgb,0.01,1.0,0.8624763589025618,exp_20260727,0.8170634920634922,0.8167026737270868,0.9507135631001372,4140,5,1
convnext_tiny,hist_gradient_boosting,all,pooled_views,rgb,0.01,1.0,0.8624763589025618,exp_20260728,0.85048432054877,0.8509734789082132,0.9642238540152862,4759,6,1
convnext_tiny,hist_gradient_boosting,all,pooled_views,rgb,0.01,1.0,0.8624763589025618,exp_20260729,0.8665904535616051,0.8666988463801042,0.9701030538306371,4811,6,1
convnext_tiny,hist_gradient_boosting,all,pooled_views,rgb,0.01,1.0,0.8624763589025618,exp_20260730,0.790097095508918,0.7884107780428483,0.9117915966739392,3540,5,1
convnext_tiny,hist_gradient_boosting,all,pooled_views,rgb,0.01,1.0,0.8624763589025618,exp_20260731,0.6998959842742497,0.6910879427381785,0.8756465208336554,4488,6,1
convnext_tiny,hist_gradient_boosting,all,pooled_views,rgb,0.01,1.0,0.8624763589025618,exp_20260803,0.8342252856089921,0.8217020882176388,0.9299032884013787,4776,6,1
convnext_tiny,hist_gradient_boosting,all,pooled_views,rgb,0.01,1.0,0.8624763589025618,exp_20260804,0.7808352039235603,0.7726250560066461,0.9062649501265657,5286,9,1
convnext_tiny,hist_gradient_boosting,all,pooled_views,rgb,0.01,1.0,0.8624763589025618,exp_20260805,0.8053357378696527,0.8074755635442981,0.9386651868315035,5004,6,1
convnext_tiny,mlp,all,pooled_views,rgb,0.01,1.0,0.8624763589025618,all_held_out_predictions,0.7876433653854852,0.7873985806045823,0.9140591906501433,44631,62,14
convnext_tiny,mlp,all,pooled_views,rgb,0.01,1.0,0.8624763589025618,exp_20260715,0.7088597893182059,0.7171537355366268,0.8942255053249134,1521,3,1
convnext_tiny,mlp,all,pooled_views,rgb,0.01,1.0,0.8624763589025618,exp_20260717,0.7299107142857143,0.7345596075666991,0.8962767382544582,1656,2,1
convnext_tiny,mlp,all,pooled_views,rgb,0.01,1.0,0.8624763589025618,exp_20260720,,,,48,1,1
convnext_tiny,mlp,all,pooled_views,rgb,0.01,1.0,0.8624763589025618,exp_20260721,0.917169887278583,0.9170043730710019,0.9824814763065177,852,1,1
convnext_tiny,mlp,all,pooled_views,rgb,0.01,1.0,0.8624763589025618,exp_20260723,,,,1560,3,1
convnext_tiny,mlp,all,pooled_views,rgb,0.01,1.0,0.8624763589025618,exp_20260724,0.7266172839506173,0.7225913461333091,0.8677055039374103,2190,3,1
convnext_tiny,mlp,all,pooled_views,rgb,0.01,1.0,0.8624763589025618,exp_20260727,0.8088624338624338,0.8077701795323007,0.9329239662943367,4140,5,1
convnext_tiny,mlp,all,pooled_views,rgb,0.01,1.0,0.8624763589025618,exp_20260728,0.8575659838270923,0.8577060601643945,0.9583863093315829,4759,6,1
convnext_tiny,mlp,all,pooled_views,rgb,0.01,1.0,0.8624763589025618,exp_20260729,0.8520388869399748,0.8516924560115061,0.9604514823891597,4811,6,1
convnext_tiny,mlp,all,pooled_views,rgb,0.01,1.0,0.8624763589025618,exp_20260730,0.7792809850499288,0.7772118207428408,0.9105310850300397,3540,5,1
convnext_tiny,mlp,all,pooled_views,rgb,0.01,1.0,0.8624763589025618,exp_20260731,0.7045498344572833,0.7022782442566587,0.866712317986632,4488,6,1
convnext_tiny,mlp,all,pooled_views,rgb,0.01,1.0,0.8624763589025618,exp_20260803,0.8307547908605123,0.8159922346076581,0.9270685101380566,4776,6,1
convnext_tiny,mlp,all,pooled_views,rgb,0.01,1.0,0.8624763589025618,exp_20260804,0.7585391508333738,0.7549204556189898,0.899342859022909,5286,9,1
convnext_tiny,mlp,all,pooled_views,rgb,0.01,1.0,0.8624763589025618,exp_20260805,0.7552980548377836,0.7585999232113503,0.9052127429973845,5004,6,1
convnext_tiny,window_logistic,all,pooled_views,rgb,0.01,1.0,0.8624763589025618,all_held_out_predictions,0.7637830235147893,0.7661582261203218,0.9029104560187925,44631,62,14
convnext_tiny,window_logistic,all,pooled_views,rgb,0.01,1.0,0.8624763589025618,exp_20260715,0.7030546371615998,0.7026705675472288,0.9184488342020153,1521,3,1
convnext_tiny,window_logistic,all,pooled_views,rgb,0.01,1.0,0.8624763589025618,exp_20260717,0.7259424603174603,0.7289845301661636,0.8589998951290907,1656,2,1
convnext_tiny,window_logistic,all,pooled_views,rgb,0.01,1.0,0.8624763589025618,exp_20260720,,,,48,1,1
convnext_tiny,window_logistic,all,pooled_views,rgb,0.01,1.0,0.8624763589025618,exp_20260721,0.9042874396135265,0.9049963821487585,0.9792014192248834,852,1,1
convnext_tiny,window_logistic,all,pooled_views,rgb,0.01,1.0,0.8624763589025618,exp_20260723,,,,1560,3,1
convnext_tiny,window_logistic,all,pooled_views,rgb,0.01,1.0,0.8624763589025618,exp_20260724,0.6850879629629629,0.6936468558002152,0.8627812842518748,2190,3,1
convnext_tiny,window_logistic,all,pooled_views,rgb,0.01,1.0,0.8624763589025618,exp_20260727,0.7922949735449736,0.7918076088231806,0.9186709962277092,4140,5,1
convnext_tiny,window_logistic,all,pooled_views,rgb,0.01,1.0,0.8624763589025618,exp_20260728,0.8280691783198152,0.8285886252963196,0.9490693985502524,4759,6,1
convnext_tiny,window_logistic,all,pooled_views,rgb,0.01,1.0,0.8624763589025618,exp_20260729,0.8481974726968101,0.8457739200692863,0.9572775538426095,4811,6,1
convnext_tiny,window_logistic,all,pooled_views,rgb,0.01,1.0,0.8624763589025618,exp_20260730,0.7355598093376644,0.7341428295418599,0.8779454694199801,3540,5,1
convnext_tiny,window_logistic,all,pooled_views,rgb,0.01,1.0,0.8624763589025618,exp_20260731,0.6452108464423736,0.6425865193553423,0.8367610353281986,4488,6,1
convnext_tiny,window_logistic,all,pooled_views,rgb,0.01,1.0,0.8624763589025618,exp_20260803,0.8167386447392667,0.8156804907343999,0.9304558097140552,4776,6,1
convnext_tiny,window_logistic,all,pooled_views,rgb,0.01,1.0,0.8624763589025618,exp_20260804,0.7403576385428985,0.7339201938543254,0.8882647932132817,5286,9,1
convnext_tiny,window_logistic,all,pooled_views,rgb,0.01,1.0,0.8624763589025618,exp_20260805,0.734585845535458,0.7373948463708175,0.9026465097529576,5004,6,1
dinov3,logistic,all,pooled_views,rgb,0.01,1.0,0.8624763589025618,all_held_out_predictions,0.7871503676233477,0.7869101364382365,0.9162579624608863,44631,62,14
dinov3,logistic,all,pooled_views,rgb,0.01,1.0,0.8624763589025618,exp_20260715,0.781834770299996,0.7977960756311271,0.9555211302483325,1521,3,1
dinov3,logistic,all,pooled_views,rgb,0.01,1.0,0.8624763589025618,exp_20260717,0.78125,0.7828586484617069,0.9076499118165785,1656,2,1
dinov3,logistic,all,pooled_views,rgb,0.01,1.0,0.8624763589025618,exp_20260720,,,,48,1,1
dinov3,logistic,all,pooled_views,rgb,0.01,1.0,0.8624763589025618,exp_20260721,0.9014694041867956,0.9014814939472474,0.9831252908686516,852,1,1
dinov3,logistic,all,pooled_views,rgb,0.01,1.0,0.8624763589025618,exp_20260723,,,,1560,3,1
dinov3,logistic,all,pooled_views,rgb,0.01,1.0,0.8624763589025618,exp_20260724,0.7038364197530864,0.7057814584871465,0.8582389551489547,2190,3,1
dinov3,logistic,all,pooled_views,rgb,0.01,1.0,0.8624763589025618,exp_20260727,0.8314814814814815,0.8313769554812044,0.9429896262002743,4140,5,1
dinov3,logistic,all,pooled_views,rgb,0.01,1.0,0.8624763589025618,exp_20260728,0.8472086404150314,0.8473715456300875,0.9539542600163214,4759,6,1
dinov3,logistic,all,pooled_views,rgb,0.01,1.0,0.8624763589025618,exp_20260729,0.8548235964727317,0.8539629774007533,0.9619679910446334,4811,6,1
dinov3,logistic,all,pooled_views,rgb,0.01,1.0,0.8624763589025618,exp_20260730,0.7415884698198356,0.7403064021064397,0.8679730356128781,3540,5,1
dinov3,logistic,all,pooled_views,rgb,0.01,1.0,0.8624763589025618,exp_20260731,0.689850024638799,0.6888494025439837,0.8721544037053152,4488,6,1
dinov3,logistic,all,pooled_views,rgb,0.01,1.0,0.8624763589025618,exp_20260803,0.8145810300350101,0.8041272824057518,0.9332518265406297,4776,6,1
dinov3,logistic,all,pooled_views,rgb,0.01,1.0,0.8624763589025618,exp_20260804,0.7549168209745106,0.7450682378317341,0.8967284949607458,5286,9,1
dinov3,logistic,all,pooled_views,rgb,0.01,1.0,0.8624763589025618,exp_20260805,0.7705596827447603,0.7738194429543556,0.9185008579523007,5004,6,1
dinov3,logistic,all,pooled_views,rgb_time,0.01,1.0,0.8624763589025618,all_held_out_predictions,0.8017211997729466,0.8012390788979543,0.9269632889386522,44631,62,14
dinov3,logistic,all,pooled_views,rgb_time,0.01,1.0,0.8624763589025618,exp_20260715,0.7709161641495518,0.7894282251817479,0.9468445941127747,1521,3,1
dinov3,logistic,all,pooled_views,rgb_time,0.01,1.0,0.8624763589025618,exp_20260717,0.7798445767195767,0.7795925845696189,0.9285186486503036,1656,2,1
dinov3,logistic,all,pooled_views,rgb_time,0.01,1.0,0.8624763589025618,exp_20260720,,,,48,1,1
dinov3,logistic,all,pooled_views,rgb_time,0.01,1.0,0.8624763589025618,exp_20260721,0.9362419484702094,0.9361638916721139,0.9943374297632509,852,1,1
dinov3,logistic,all,pooled_views,rgb_time,0.01,1.0,0.8624763589025618,exp_20260723,,,,1560,3,1
dinov3,logistic,all,pooled_views,rgb_time,0.01,1.0,0.8624763589025618,exp_20260724,0.6431327160493827,0.6354990698274925,0.8827358854534305,2190,3,1
dinov3,logistic,all,pooled_views,rgb_time,0.01,1.0,0.8624763589025618,exp_20260727,0.8439153439153438,0.8439341498985975,0.9592119647756222,4140,5,1
dinov3,logistic,all,pooled_views,rgb_time,0.01,1.0,0.8624763589025618,exp_20260728,0.8669799468198209,0.8671537668332023,0.966715338410178,4759,6,1
dinov3,logistic,all,pooled_views,rgb_time,0.01,1.0,0.8624763589025618,exp_20260729,0.8855918869526546,0.8833264421585362,0.9771175490196873,4811,6,1
dinov3,logistic,all,pooled_views,rgb_time,0.01,1.0,0.8624763589025618,exp_20260730,0.7447828136087917,0.7424699773104019,0.8846887037267144,3540,5,1
dinov3,logistic,all,pooled_views,rgb_time,0.01,1.0,0.8624763589025618,exp_20260731,0.7393577153690604,0.7423672446393491,0.901321793859314,4488,6,1
dinov3,logistic,all,pooled_views,rgb_time,0.01,1.0,0.8624763589025618,exp_20260803,0.8153077206559795,0.8066245712188168,0.939891126816371,4776,6,1
dinov3,logistic,all,pooled_views,rgb_time,0.01,1.0,0.8624763589025618,exp_20260804,0.76109085115149,0.7516620674489226,0.9062070587643852,5286,9,1
dinov3,logistic,all,pooled_views,rgb_time,0.01,1.0,0.8624763589025618,exp_20260805,0.8036444875107667,0.8059259998403691,0.9415187791436043,5004,6,1
dinov3,random_forest,all,pooled_views,rgb,0.01,1.0,0.8624763589025618,all_held_out_predictions,0.8176311777315256,0.8166356470608336,0.9329526479002478,44631,62,14
dinov3,random_forest,all,pooled_views,rgb,0.01,1.0,0.8624763589025618,exp_20260715,0.8499395950212226,0.8558429611473745,0.9748532183960722,1521,3,1
dinov3,random_forest,all,pooled_views,rgb,0.01,1.0,0.8624763589025618,exp_20260717,0.8465608465608465,0.8462388767404986,0.9665216462742504,1656,2,1
dinov3,random_forest,all,pooled_views,rgb,0.01,1.0,0.8624763589025618,exp_20260720,,,,48,1,1
dinov3,random_forest,all,pooled_views,rgb,0.01,1.0,0.8624763589025618,exp_20260721,0.9462560386473431,0.9462633041000695,0.9956077049142883,852,1,1
dinov3,random_forest,all,pooled_views,rgb,0.01,1.0,0.8624763589025618,exp_20260723,,,,1560,3,1
dinov3,random_forest,all,pooled_views,rgb,0.01,1.0,0.8624763589025618,exp_20260724,0.7642932098765431,0.7328174161895792,0.916892287741431,2190,3,1
dinov3,random_forest,all,pooled_views,rgb,0.01,1.0,0.8624763589025618,exp_20260727,0.8162037037037037,0.815407668574002,0.9543140370860278,4140,5,1
dinov3,random_forest,all,pooled_views,rgb,0.01,1.0,0.8624763589025618,exp_20260728,0.8450212816353947,0.8457548731342527,0.9588368759569059,4759,6,1
dinov3,random_forest,all,pooled_views,rgb,0.01,1.0,0.8624763589025618,exp_20260729,0.8617728926564764,0.8615333916669425,0.968289703106929,4811,6,1
dinov3,random_forest,all,pooled_views,rgb,0.01,1.0,0.8624763589025618,exp_20260730,0.8200160528137044,0.8208279649398307,0.9144040267151575,3540,5,1
dinov3,random_forest,all,pooled_views,rgb,0.01,1.0,0.8624763589025618,exp_20260731,0.7061687539818604,0.7012808661656901,0.8791026336506208,4488,6,1
dinov3,random_forest,all,pooled_views,rgb,0.01,1.0,0.8624763589025618,exp_20260803,0.8432588216325779,0.8324614128481477,0.9461157884180352,4776,6,1
dinov3,random_forest,all,pooled_views,rgb,0.01,1.0,0.8624763589025618,exp_20260804,0.7849766353275925,0.7793732394074605,0.906629982606664,5286,9,1
dinov3,random_forest,all,pooled_views,rgb,0.01,1.0,0.8624763589025618,exp_20260805,0.8389184969853574,0.8384075106759606,0.951126933454601,5004,6,1
dinov3,rbf_svm,all,pooled_views,rgb,0.01,1.0,0.8624763589025618,all_held_out_predictions,0.8171847971684034,0.8156149040750553,,44631,62,14
dinov3,rbf_svm,all,pooled_views,rgb,0.01,1.0,0.8624763589025618,exp_20260715,0.8243504006213849,0.8386614229781931,,1521,3,1
dinov3,rbf_svm,all,pooled_views,rgb,0.01,1.0,0.8624763589025618,exp_20260717,0.8319279100529101,0.8322283555206966,,1656,2,1
dinov3,rbf_svm,all,pooled_views,rgb,0.01,1.0,0.8624763589025618,exp_20260720,,,,48,1,1
dinov3,rbf_svm,all,pooled_views,rgb,0.01,1.0,0.8624763589025618,exp_20260721,0.9305555555555557,0.9303984930295154,,852,1,1
dinov3,rbf_svm,all,pooled_views,rgb,0.01,1.0,0.8624763589025618,exp_20260723,,,,1560,3,1
dinov3,rbf_svm,all,pooled_views,rgb,0.01,1.0,0.8624763589025618,exp_20260724,0.7624243827160494,0.755312413458484,,2190,3,1
dinov3,rbf_svm,all,pooled_views,rgb,0.01,1.0,0.8624763589025618,exp_20260727,0.8127645502645503,0.8119888803146038,,4140,5,1
dinov3,rbf_svm,all,pooled_views,rgb,0.01,1.0,0.8624763589025618,exp_20260728,0.8713745645034753,0.8717652478804654,,4759,6,1
dinov3,rbf_svm,all,pooled_views,rgb,0.01,1.0,0.8624763589025618,exp_20260729,0.8836149318435803,0.8833441184225072,,4811,6,1
dinov3,rbf_svm,all,pooled_views,rgb,0.01,1.0,0.8624763589025618,exp_20260730,0.8095180838974062,0.8099133573276074,,3540,5,1
dinov3,rbf_svm,all,pooled_views,rgb,0.01,1.0,0.8624763589025618,exp_20260731,0.7225579963152735,0.7175005022530859,,4488,6,1
dinov3,rbf_svm,all,pooled_views,rgb,0.01,1.0,0.8624763589025618,exp_20260803,0.8423046803021927,0.8283801234419039,,4776,6,1
dinov3,rbf_svm,all,pooled_views,rgb,0.01,1.0,0.8624763589025618,exp_20260804,0.7910714936275608,0.7822359906567568,,5286,9,1
dinov3,rbf_svm,all,pooled_views,rgb,0.01,1.0,0.8624763589025618,exp_20260805,0.7907604794717198,0.7920546816361025,,5004,6,1
dinov3,hist_gradient_boosting,all,pooled_views,rgb,0.01,1.0,0.8624763589025618,all_held_out_predictions,0.8136141361083761,0.8117315149809207,0.9312618550803154,44631,62,14
dinov3,hist_gradient_boosting,all,pooled_views,rgb,0.01,1.0,0.8624763589025618,exp_20260715,0.8641768550059856,0.8701841071505836,0.9743692074680833,1521,3,1
dinov3,hist_gradient_boosting,all,pooled_views,rgb,0.01,1.0,0.8624763589025618,exp_20260717,0.8251488095238096,0.8250552961217714,0.965817671590241,1656,2,1
dinov3,hist_gradient_boosting,all,pooled_views,rgb,0.01,1.0,0.8624763589025618,exp_20260720,,,,48,1,1
dinov3,hist_gradient_boosting,all,pooled_views,rgb,0.01,1.0,0.8624763589025618,exp_20260721,0.9360406602254429,0.9358683818529571,0.9916322620801498,852,1,1
dinov3,hist_gradient_boosting,all,pooled_views,rgb,0.01,1.0,0.8624763589025618,exp_20260723,,,,1560,3,1
dinov3,hist_gradient_boosting,all,pooled_views,rgb,0.01,1.0,0.8624763589025618,exp_20260724,0.770216049382716,0.7493943074084907,0.8924420811027151,2190,3,1
dinov3,hist_gradient_boosting,all,pooled_views,rgb,0.01,1.0,0.8624763589025618,exp_20260727,0.8178571428571427,0.8172606234785494,0.9529448241230648,4140,5,1
dinov3,hist_gradient_boosting,all,pooled_views,rgb,0.01,1.0,0.8624763589025618,exp_20260728,0.8593536600357211,0.8599006826475509,0.9616590141885069,4759,6,1
dinov3,hist_gradient_boosting,all,pooled_views,rgb,0.01,1.0,0.8624763589025618,exp_20260729,0.8686407365611419,0.8684779535543843,0.9688447856773766,4811,6,1
dinov3,hist_gradient_boosting,all,pooled_views,rgb,0.01,1.0,0.8624763589025618,exp_20260730,0.8164776522585923,0.8169574974605718,0.907115883200027,3540,5,1
dinov3,hist_gradient_boosting,all,pooled_views,rgb,0.01,1.0,0.8624763589025618,exp_20260731,0.7022051635426766,0.6940472452079502,0.8777985887076644,4488,6,1
dinov3,hist_gradient_boosting,all,pooled_views,rgb,0.01,1.0,0.8624763589025618,exp_20260803,0.8259587479270315,0.8099474335583641,0.9393167143064304,4776,6,1
dinov3,hist_gradient_boosting,all,pooled_views,rgb,0.01,1.0,0.8624763589025618,exp_20260804,0.781626103141039,0.775048503989062,0.9149585257767884,5286,9,1
dinov3,hist_gradient_boosting,all,pooled_views,rgb,0.01,1.0,0.8624763589025618,exp_20260805,0.81130221791559,0.8119432385222703,0.9373645365499774,5004,6,1
dinov3,mlp,all,pooled_views,rgb,0.01,1.0,0.8624763589025618,all_held_out_predictions,0.7895983648044934,0.7879924490371365,0.9137123578433038,44631,62,14
dinov3,mlp,all,pooled_views,rgb,0.01,1.0,0.8624763589025618,exp_20260715,0.7473584127670966,0.7638670064901598,0.9530176657451941,1521,3,1
dinov3,mlp,all,pooled_views,rgb,0.01,1.0,0.8624763589025618,exp_20260717,0.7708333333333334,0.7733039264360464,0.9018418049125514,1656,2,1
dinov3,mlp,all,pooled_views,rgb,0.01,1.0,0.8624763589025618,exp_20260720,,,,48,1,1
dinov3,mlp,all,pooled_views,rgb,0.01,1.0,0.8624763589025618,exp_20260721,0.884963768115942,0.8854296110603291,0.9746411385705395,852,1,1
dinov3,mlp,all,pooled_views,rgb,0.01,1.0,0.8624763589025618,exp_20260723,,,,1560,3,1
dinov3,mlp,all,pooled_views,rgb,0.01,1.0,0.8624763589025618,exp_20260724,0.7162191358024691,0.7197017590002601,0.8616498077431864,2190,3,1
dinov3,mlp,all,pooled_views,rgb,0.01,1.0,0.8624763589025618,exp_20260727,0.795436507936508,0.7933384146371593,0.9229552836566727,4140,5,1
dinov3,mlp,all,pooled_views,rgb,0.01,1.0,0.8624763589025618,exp_20260728,0.861654261774004,0.861906773692568,0.9597373284693541,4759,6,1
dinov3,mlp,all,pooled_views,rgb,0.01,1.0,0.8624763589025618,exp_20260729,0.8703734825669248,0.8700060469701508,0.9675914671271307,4811,6,1
dinov3,mlp,all,pooled_views,rgb,0.01,1.0,0.8624763589025618,exp_20260730,0.7703791423517666,0.7694780286621734,0.8970125966812353,3540,5,1
dinov3,mlp,all,pooled_views,rgb,0.01,1.0,0.8624763589025618,exp_20260731,0.6804035672299592,0.6778627436274709,0.8586806064913818,4488,6,1
dinov3,mlp,all,pooled_views,rgb,0.01,1.0,0.8624763589025618,exp_20260803,0.8191271651004239,0.8071581969024471,0.9296328997413571,4776,6,1
dinov3,mlp,all,pooled_views,rgb,0.01,1.0,0.8624763589025618,exp_20260804,0.7627932011398029,0.7527492378412678,0.8958612067299098,5286,9,1
dinov3,mlp,all,pooled_views,rgb,0.01,1.0,0.8624763589025618,exp_20260805,0.7669483921906401,0.7689098848971465,0.8975699723388272,5004,6,1
dinov3,window_logistic,all,pooled_views,rgb,0.01,1.0,0.8624763589025618,all_held_out_predictions,0.7751451495016731,0.7779078427948494,0.9170422181413369,44631,62,14
dinov3,window_logistic,all,pooled_views,rgb,0.01,1.0,0.8624763589025618,exp_20260715,0.7957867870973527,0.8086523607969583,0.9668386570953812,1521,3,1
dinov3,window_logistic,all,pooled_views,rgb,0.01,1.0,0.8624763589025618,exp_20260717,0.7423941798941799,0.7443396064404301,0.90356143904321,1656,2,1
dinov3,window_logistic,all,pooled_views,rgb,0.01,1.0,0.8624763589025618,exp_20260720,,,,48,1,1
dinov3,window_logistic,all,pooled_views,rgb,0.01,1.0,0.8624763589025618,exp_20260721,0.8869766505636071,0.8874247690149147,0.9859692457258369,852,1,1
dinov3,window_logistic,all,pooled_views,rgb,0.01,1.0,0.8624763589025618,exp_20260723,,,,1560,3,1
dinov3,window_logistic,all,pooled_views,rgb,0.01,1.0,0.8624763589025618,exp_20260724,0.723905864197531,0.722657596204141,0.8746083071610573,2190,3,1
dinov3,window_logistic,all,pooled_views,rgb,0.01,1.0,0.8624763589025618,exp_20260727,0.8175595238095239,0.8156773334151044,0.9532228591024888,4140,5,1
dinov3,window_logistic,all,pooled_views,rgb,0.01,1.0,0.8624763589025618,exp_20260728,0.8438266209746436,0.8443082672379213,0.9528094738240965,4759,6,1
dinov3,window_logistic,all,pooled_views,rgb,0.01,1.0,0.8624763589025618,exp_20260729,0.8181314174256081,0.8160077282811732,0.9527710251638114,4811,6,1
dinov3,window_logistic,all,pooled_views,rgb,0.01,1.0,0.8624763589025618,exp_20260730,0.71478662981557,0.7179012453522257,0.8634715497650003,3540,5,1
dinov3,window_logistic,all,pooled_views,rgb,0.01,1.0,0.8624763589025618,exp_20260731,0.6813947520470882,0.6802695001293194,0.8628370365519231,4488,6,1
dinov3,window_logistic,all,pooled_views,rgb,0.01,1.0,0.8624763589025618,exp_20260803,0.8132946379215036,0.8150689264642487,0.9323741017360523,4776,6,1
dinov3,window_logistic,all,pooled_views,rgb,0.01,1.0,0.8624763589025618,exp_20260804,0.7147117336494765,0.7152408876789879,0.8886692032715668,5286,9,1
dinov3,window_logistic,all,pooled_views,rgb,0.01,1.0,0.8624763589025618,exp_20260805,0.7883021102497846,0.7909125326009218,0.9349809010140216,5004,6,1
siglip2,logistic,all,pooled_views,rgb,0.01,1.0,0.8624763589025618,all_held_out_predictions,0.780274828401943,0.7797986784114829,0.908499239389235,44631,62,14
siglip2,logistic,all,pooled_views,rgb,0.01,1.0,0.8624763589025618,exp_20260715,0.6843749376546033,0.7073232793058756,0.85234902118047,1521,3,1
siglip2,logistic,all,pooled_views,rgb,0.01,1.0,0.8624763589025618,exp_20260717,0.7143683862433862,0.7147139686765241,0.8486033797521065,1656,2,1
siglip2,logistic,all,pooled_views,rgb,0.01,1.0,0.8624763589025618,exp_20260720,,,,48,1,1
siglip2,logistic,all,pooled_views,rgb,0.01,1.0,0.8624763589025618,exp_20260721,0.8731884057971016,0.872962681510483,0.9706108901936935,852,1,1
siglip2,logistic,all,pooled_views,rgb,0.01,1.0,0.8624763589025618,exp_20260723,,,,1560,3,1
siglip2,logistic,all,pooled_views,rgb,0.01,1.0,0.8624763589025618,exp_20260724,0.7521867283950616,0.7492174441477193,0.8713693929686386,2190,3,1
siglip2,logistic,all,pooled_views,rgb,0.01,1.0,0.8624763589025618,exp_20260727,0.7964947089947091,0.7954002096727341,0.9274919165196943,4140,5,1
siglip2,logistic,all,pooled_views,rgb,0.01,1.0,0.8624763589025618,exp_20260728,0.8387489375902556,0.8392095124401164,0.9526530556697858,4759,6,1
siglip2,logistic,all,pooled_views,rgb,0.01,1.0,0.8624763589025618,exp_20260729,0.8539117571252376,0.8534444437909202,0.9584057119015529,4811,6,1
siglip2,logistic,all,pooled_views,rgb,0.01,1.0,0.8624763589025618,exp_20260730,0.731963245778195,0.7331790582726617,0.8718615789731428,3540,5,1
siglip2,logistic,all,pooled_views,rgb,0.01,1.0,0.8624763589025618,exp_20260731,0.695205856214962,0.6909341942384161,0.8717274200332744,4488,6,1
siglip2,logistic,all,pooled_views,rgb,0.01,1.0,0.8624763589025618,exp_20260803,0.7970782660770223,0.7920563357253627,0.9242128478532768,4776,6,1
siglip2,logistic,all,pooled_views,rgb,0.01,1.0,0.8624763589025618,exp_20260804,0.7539638668212745,0.7433511355886298,0.8940887858301586,5286,9,1
siglip2,logistic,all,pooled_views,rgb,0.01,1.0,0.8624763589025618,exp_20260805,0.7939007321274762,0.7955181859315031,0.9288639690149031,5004,6,1
siglip2,random_forest,all,pooled_views,rgb,0.01,1.0,0.8624763589025618,all_held_out_predictions,0.8094522722392363,0.8079989839875016,0.9255187574272536,44631,62,14
siglip2,random_forest,all,pooled_views,rgb,0.01,1.0,0.8624763589025618,exp_20260715,0.8451512570700119,0.8483877403452363,0.9740208627375405,1521,3,1
siglip2,random_forest,all,pooled_views,rgb,0.01,1.0,0.8624763589025618,exp_20260717,0.826388888888889,0.8279250365681131,0.9507845415686851,1656,2,1
siglip2,random_forest,all,pooled_views,rgb,0.01,1.0,0.8624763589025618,exp_20260720,,,,48,1,1
siglip2,random_forest,all,pooled_views,rgb,0.01,1.0,0.8624763589025618,exp_20260721,0.9440921900161031,0.9439263452118171,0.9931578949246811,852,1,1
siglip2,random_forest,all,pooled_views,rgb,0.01,1.0,0.8624763589025618,exp_20260723,,,,1560,3,1
siglip2,random_forest,all,pooled_views,rgb,0.01,1.0,0.8624763589025618,exp_20260724,0.761375,0.7285101429239932,0.9026983035282446,2190,3,1
siglip2,random_forest,all,pooled_views,rgb,0.01,1.0,0.8624763589025618,exp_20260727,0.800760582010582,0.7999440610515949,0.9466472356946894,4140,5,1
siglip2,random_forest,all,pooled_views,rgb,0.01,1.0,0.8624763589025618,exp_20260728,0.8350547781971892,0.8356974487209805,0.9482883667708633,4759,6,1
siglip2,random_forest,all,pooled_views,rgb,0.01,1.0,0.8624763589025618,exp_20260729,0.8463872827958792,0.8463458153726678,0.9609034432602476,4811,6,1
siglip2,random_forest,all,pooled_views,rgb,0.01,1.0,0.8624763589025618,exp_20260730,0.7958923727314637,0.7952829311435886,0.9053920967770587,3540,5,1
siglip2,random_forest,all,pooled_views,rgb,0.01,1.0,0.8624763589025618,exp_20260731,0.7148632164306146,0.7103450566446218,0.8767557736194864,4488,6,1
siglip2,random_forest,all,pooled_views,rgb,0.01,1.0,0.8624763589025618,exp_20260803,0.8398689423254099,0.8275130453547049,0.9299190724125975,4776,6,1
siglip2,random_forest,all,pooled_views,rgb,0.01,1.0,0.8624763589025618,exp_20260804,0.7787261393436169,0.770927708170678,0.9021495470592251,5286,9,1
siglip2,random_forest,all,pooled_views,rgb,0.01,1.0,0.8624763589025618,exp_20260805,0.8395779500430662,0.8386830571828147,0.9487895759748555,5004,6,1
siglip2,rbf_svm,all,pooled_views,rgb,0.01,1.0,0.8624763589025618,all_held_out_predictions,0.8099572622019936,0.808396692593738,,44631,62,14
siglip2,rbf_svm,all,pooled_views,rgb,0.01,1.0,0.8624763589025618,exp_20260715,0.8067766511722274,0.8201678883008888,,1521,3,1
siglip2,rbf_svm,all,pooled_views,rgb,0.01,1.0,0.8624763589025618,exp_20260717,0.7857142857142857,0.7864288735707158,,1656,2,1
siglip2,rbf_svm,all,pooled_views,rgb,0.01,1.0,0.8624763589025618,exp_20260720,,,,48,1,1
siglip2,rbf_svm,all,pooled_views,rgb,0.01,1.0,0.8624763589025618,exp_20260721,0.9414251207729469,0.9412597010192845,,852,1,1
siglip2,rbf_svm,all,pooled_views,rgb,0.01,1.0,0.8624763589025618,exp_20260723,,,,1560,3,1
siglip2,rbf_svm,all,pooled_views,rgb,0.01,1.0,0.8624763589025618,exp_20260724,0.7534182098765433,0.7378732940331726,,2190,3,1
siglip2,rbf_svm,all,pooled_views,rgb,0.01,1.0,0.8624763589025618,exp_20260727,0.7961640211640212,0.7950299825368999,,4140,5,1
siglip2,rbf_svm,all,pooled_views,rgb,0.01,1.0,0.8624763589025618,exp_20260728,0.8550132784252268,0.8553432059138263,,4759,6,1
siglip2,rbf_svm,all,pooled_views,rgb,0.01,1.0,0.8624763589025618,exp_20260729,0.881509633114194,0.8814669223627303,,4811,6,1
siglip2,rbf_svm,all,pooled_views,rgb,0.01,1.0,0.8624763589025618,exp_20260730,0.8069422905705529,0.8069683736406974,,3540,5,1
siglip2,rbf_svm,all,pooled_views,rgb,0.01,1.0,0.8624763589025618,exp_20260731,0.7263767480964077,0.7234971490014007,,4488,6,1
siglip2,rbf_svm,all,pooled_views,rgb,0.01,1.0,0.8624763589025618,exp_20260803,0.8221254836926479,0.8087722860493024,,4776,6,1
siglip2,rbf_svm,all,pooled_views,rgb,0.01,1.0,0.8624763589025618,exp_20260804,0.7802179880112748,0.7710013039477154,,5286,9,1
siglip2,rbf_svm,all,pooled_views,rgb,0.01,1.0,0.8624763589025618,exp_20260805,0.8125583189778927,0.812926600865815,,5004,6,1
siglip2,hist_gradient_boosting,all,pooled_views,rgb,0.01,1.0,0.8624763589025618,all_held_out_predictions,0.8036757516195466,0.8018983310957813,0.9241738238054328,44631,62,14
siglip2,hist_gradient_boosting,all,pooled_views,rgb,0.01,1.0,0.8624763589025618,exp_20260715,0.7887195490983525,0.807229089437405,0.9697377476343259,1521,3,1
siglip2,hist_gradient_boosting,all,pooled_views,rgb,0.01,1.0,0.8624763589025618,exp_20260717,0.7855489417989417,0.7872611668125167,0.937384718547913,1656,2,1
siglip2,hist_gradient_boosting,all,pooled_views,rgb,0.01,1.0,0.8624763589025618,exp_20260720,,,,48,1,1
siglip2,hist_gradient_boosting,all,pooled_views,rgb,0.01,1.0,0.8624763589025618,exp_20260721,0.9297504025764894,0.9295631915844301,0.9884673702475988,852,1,1
siglip2,hist_gradient_boosting,all,pooled_views,rgb,0.01,1.0,0.8624763589025618,exp_20260723,,,,1560,3,1
siglip2,hist_gradient_boosting,all,pooled_views,rgb,0.01,1.0,0.8624763589025618,exp_20260724,0.7485370370370371,0.7252806804717019,0.8755504547652527,2190,3,1
siglip2,hist_gradient_boosting,all,pooled_views,rgb,0.01,1.0,0.8624763589025618,exp_20260727,0.7952050264550264,0.794246824475913,0.9392440169998041,4140,5,1
siglip2,hist_gradient_boosting,all,pooled_views,rgb,0.01,1.0,0.8624763589025618,exp_20260728,0.8373391930169691,0.8380409800127763,0.9534676056752899,4759,6,1
siglip2,hist_gradient_boosting,all,pooled_views,rgb,0.01,1.0,0.8624763589025618,exp_20260729,0.865080010943661,0.8649694491584633,0.964436813852695,4811,6,1
siglip2,hist_gradient_boosting,all,pooled_views,rgb,0.01,1.0,0.8624763589025618,exp_20260730,0.7946482591945881,0.7931522164861157,0.9096050520855098,3540,5,1
siglip2,hist_gradient_boosting,all,pooled_views,rgb,0.01,1.0,0.8624763589025618,exp_20260731,0.7176554425322897,0.7116518256782395,0.8784294922701242,4488,6,1
siglip2,hist_gradient_boosting,all,pooled_views,rgb,0.01,1.0,0.8624763589025618,exp_20260803,0.8228878754376266,0.8112806729673165,0.922139166035307,4776,6,1
siglip2,hist_gradient_boosting,all,pooled_views,rgb,0.01,1.0,0.8624763589025618,exp_20260804,0.7716706725780843,0.7631135968981306,0.9050053789174307,5286,9,1
siglip2,hist_gradient_boosting,all,pooled_views,rgb,0.01,1.0,0.8624763589025618,exp_20260805,0.8256756029285098,0.8260474625853221,0.9409462999377406,5004,6,1
siglip2,mlp,all,pooled_views,rgb,0.01,1.0,0.8624763589025618,all_held_out_predictions,0.7753144490065238,0.7731306985052301,0.9070018011612376,44631,62,14
siglip2,mlp,all,pooled_views,rgb,0.01,1.0,0.8624763589025618,exp_20260715,0.6939446625960543,0.7119025949872628,0.8679241211456228,1521,3,1
siglip2,mlp,all,pooled_views,rgb,0.01,1.0,0.8624763589025618,exp_20260717,0.7234623015873015,0.7244001496331188,0.8786070617161473,1656,2,1
siglip2,mlp,all,pooled_views,rgb,0.01,1.0,0.8624763589025618,exp_20260720,,,,48,1,1
siglip2,mlp,all,pooled_views,rgb,0.01,1.0,0.8624763589025618,exp_20260721,0.9013687600644124,0.9018631194472758,0.9828459989678624,852,1,1
siglip2,mlp,all,pooled_views,rgb,0.01,1.0,0.8624763589025618,exp_20260723,,,,1560,3,1
siglip2,mlp,all,pooled_views,rgb,0.01,1.0,0.8624763589025618,exp_20260724,0.7345231481481481,0.7265208743828812,0.8608172393793532,2190,3,1
siglip2,mlp,all,pooled_views,rgb,0.01,1.0,0.8624763589025618,exp_20260727,0.7693452380952381,0.7658286327322034,0.9158945381393298,4140,5,1
siglip2,mlp,all,pooled_views,rgb,0.01,1.0,0.8624763589025618,exp_20260728,0.8338284633754388,0.8337988163993648,0.9495841235935168,4759,6,1
siglip2,mlp,all,pooled_views,rgb,0.01,1.0,0.8624763589025618,exp_20260729,0.8485774003772283,0.8484745017390671,0.9516885716869742,4811,6,1
siglip2,mlp,all,pooled_views,rgb,0.01,1.0,0.8624763589025618,exp_20260730,0.7779309291435378,0.7776576234018963,0.903548482471039,3540,5,1
siglip2,mlp,all,pooled_views,rgb,0.01,1.0,0.8624763589025618,exp_20260731,0.6927140705241914,0.68761440143272,0.8623726888744582,4488,6,1
siglip2,mlp,all,pooled_views,rgb,0.01,1.0,0.8624763589025618,exp_20260803,0.7950525152017689,0.7820151787398442,0.9129143406687766,4776,6,1
siglip2,mlp,all,pooled_views,rgb,0.01,1.0,0.8624763589025618,exp_20260804,0.762665582877894,0.7478033194489342,0.8991014673579055,5286,9,1
siglip2,mlp,all,pooled_views,rgb,0.01,1.0,0.8624763589025618,exp_20260805,0.7500897215044503,0.7530780243691174,0.904709721957111,5004,6,1
siglip2,window_logistic,all,pooled_views,rgb,0.01,1.0,0.8624763589025618,all_held_out_predictions,0.7674663311248132,0.769999159776654,0.9080601330537684,44631,62,14
siglip2,window_logistic,all,pooled_views,rgb,0.01,1.0,0.8624763589025618,exp_20260715,0.6995774083616958,0.7060918405335931,0.863033340724821,1521,3,1
siglip2,window_logistic,all,pooled_views,rgb,0.01,1.0,0.8624763589025618,exp_20260717,0.7028769841269842,0.7050142508762375,0.8719812105011758,1656,2,1
siglip2,window_logistic,all,pooled_views,rgb,0.01,1.0,0.8624763589025618,exp_20260720,,,,48,1,1
siglip2,window_logistic,all,pooled_views,rgb,0.01,1.0,0.8624763589025618,exp_20260721,0.8999597423510467,0.9003518789688972,0.977385720740398,852,1,1
siglip2,window_logistic,all,pooled_views,rgb,0.01,1.0,0.8624763589025618,exp_20260723,,,,1560,3,1
siglip2,window_logistic,all,pooled_views,rgb,0.01,1.0,0.8624763589025618,exp_20260724,0.7444243827160494,0.7459000553744453,0.8731394875328696,2190,3,1
siglip2,window_logistic,all,pooled_views,rgb,0.01,1.0,0.8624763589025618,exp_20260727,0.8031084656084656,0.8030355935995687,0.9300176366843034,4140,5,1
siglip2,window_logistic,all,pooled_views,rgb,0.01,1.0,0.8624763589025618,exp_20260728,0.8217889394943502,0.8224832218436634,0.9461315169266249,4759,6,1
siglip2,window_logistic,all,pooled_views,rgb,0.01,1.0,0.8624763589025618,exp_20260729,0.8278116470076813,0.8257279331828199,0.9529894204458884,4811,6,1
siglip2,window_logistic,all,pooled_views,rgb,0.01,1.0,0.8624763589025618,exp_20260730,0.7270044876918629,0.7303484000384891,0.8775645454894366,3540,5,1
siglip2,window_logistic,all,pooled_views,rgb,0.01,1.0,0.8624763589025618,exp_20260731,0.6989550786908602,0.6976823464698224,0.8708740228025601,4488,6,1
siglip2,window_logistic,all,pooled_views,rgb,0.01,1.0,0.8624763589025618,exp_20260803,0.787703841901603,0.7882515471778029,0.9259116647403093,4776,6,1
siglip2,window_logistic,all,pooled_views,rgb,0.01,1.0,0.8624763589025618,exp_20260804,0.7165435265640513,0.7144458569344238,0.8876398118298333,5286,9,1
siglip2,window_logistic,all,pooled_views,rgb,0.01,1.0,0.8624763589025618,exp_20260805,0.7720266293425208,0.7744886810459896,0.9251605030348437,5004,6,1
dinov3,logistic,front,single_view,rgb,0.01,1.0,0.8643468003538779,all_held_out_predictions,0.8048171425581881,0.8029586419625611,0.9298218603971987,7463,62,14
dinov3,logistic,front,single_view,rgb,0.01,1.0,0.8643468003538779,exp_20260715,0.8062049034512443,0.8114047109990316,0.9452120068766835,304,3,1
dinov3,logistic,front,single_view,rgb,0.01,1.0,0.8643468003538779,exp_20260717,0.8239087301587301,0.8167922894078384,0.9792507164902998,276,2,1
dinov3,logistic,front,single_view,rgb,0.01,1.0,0.8643468003538779,exp_20260720,,,,8,1,1
dinov3,logistic,front,single_view,rgb,0.01,1.0,0.8643468003538779,exp_20260721,0.9375,0.9369876026569904,0.9887787156953438,142,1,1
dinov3,logistic,front,single_view,rgb,0.01,1.0,0.8643468003538779,exp_20260723,,,,260,3,1
dinov3,logistic,front,single_view,rgb,0.01,1.0,0.8643468003538779,exp_20260724,0.7214351851851851,0.7151652042616901,0.8650854822029216,365,3,1
dinov3,logistic,front,single_view,rgb,0.01,1.0,0.8643468003538779,exp_20260727,0.8373015873015873,0.836753107828454,0.9424115961199294,690,5,1
dinov3,logistic,front,single_view,rgb,0.01,1.0,0.8643468003538779,exp_20260728,0.8681989257693075,0.8704913952980964,0.9682325990930253,767,6,1
dinov3,logistic,front,single_view,rgb,0.01,1.0,0.8643468003538779,exp_20260729,0.8498715869153827,0.8498177807565358,0.9595265711383276,802,6,1
dinov3,logistic,front,single_view,rgb,0.01,1.0,0.8643468003538779,exp_20260730,0.7607942536297182,0.7557170917258652,0.9176428858649581,590,5,1
dinov3,logistic,front,single_view,rgb,0.01,1.0,0.8643468003538779,exp_20260731,0.6765880501214133,0.670925756388086,0.8909874225537645,748,6,1
dinov3,logistic,front,single_view,rgb,0.01,1.0,0.8643468003538779,exp_20260803,0.8565471254836927,0.8451696657625781,0.9476717421411468,796,6,1
dinov3,logistic,front,single_view,rgb,0.01,1.0,0.8643468003538779,exp_20260804,0.7675255454555744,0.7673639611507556,0.9144812327245688,881,9,1
dinov3,logistic,front,single_view,rgb,0.01,1.0,0.8643468003538779,exp_20260805,0.7909399224806202,0.7885242989083769,0.9236313847202898,834,6,1
