camera_group,representation,model,held_out_experiment,repeat,training_experiment_count,training_cycle_count,training_image_count,test_image_count,fit_predict_seconds,balanced_accuracy,macro_f1,auroc,balanced_misclassification_regret
top,handcrafted,logistic,exp_20260715,0,2,7,132,24,0.05045599999721162,0.875,0.873015873015873,1.0,0.001900994379821189
top,handcrafted,random_forest,exp_20260715,0,2,7,132,24,0.24585270800162107,1.0,1.0,1.0,0.0
top,handcrafted,rbf_svm,exp_20260715,0,2,7,132,24,0.014821792021393776,0.5833333333333334,0.4957983193277311,1.0,0.02059904632254023
top,handcrafted,hist_gradient_boosting,exp_20260715,0,2,7,132,24,1.0052936249994673,0.875,0.873015873015873,1.0,0.001900994379821189
top,handcrafted,mlp,exp_20260715,0,2,7,132,24,0.059096750017488375,1.0,1.0,1.0,0.0
top,handcrafted,logistic,exp_20260715,0,4,19,360,24,0.01458220899803564,0.9583333333333333,0.9582608695652174,1.0,0.00042005503621542336
top,handcrafted,random_forest,exp_20260715,0,4,19,360,24,0.35497916699387133,1.0,1.0,1.0,0.0
top,handcrafted,rbf_svm,exp_20260715,0,4,19,360,24,0.01251049997517839,1.0,1.0,1.0,0.0
top,handcrafted,hist_gradient_boosting,exp_20260715,0,4,19,360,24,2.86140075000003,1.0,1.0,1.0,0.0
top,handcrafted,mlp,exp_20260715,0,4,19,360,24,0.052635999978519976,1.0,1.0,1.0,0.0
top,handcrafted,logistic,exp_20260715,0,6,32,600,24,0.01346966699929908,1.0,1.0,1.0,0.0
top,handcrafted,random_forest,exp_20260715,0,6,32,600,24,0.21908466701279394,0.9583333333333333,0.9582608695652174,1.0,0.0004217722526858483
top,handcrafted,rbf_svm,exp_20260715,0,6,32,600,24,0.010115459008375183,1.0,1.0,1.0,0.0
top,handcrafted,hist_gradient_boosting,exp_20260715,0,6,32,600,24,5.231105541985016,1.0,1.0,1.0,0.0
top,handcrafted,mlp,exp_20260715,0,6,32,600,24,0.12191575000179,1.0,1.0,1.0,0.0
top,handcrafted,logistic,exp_20260715,0,8,37,720,24,0.03697266700328328,1.0,1.0,1.0,0.0
top,handcrafted,random_forest,exp_20260715,0,8,37,720,24,0.26623383298283443,1.0,1.0,1.0,0.0
top,handcrafted,rbf_svm,exp_20260715,0,8,37,720,24,0.012514500005636364,0.9583333333333333,0.9582608695652174,1.0,0.00042005503621542336
top,handcrafted,hist_gradient_boosting,exp_20260715,0,8,37,720,24,5.209697792015504,1.0,1.0,1.0,0.0
top,handcrafted,mlp,exp_20260715,0,8,37,720,24,0.07894770900020376,1.0,1.0,1.0,0.0
top,handcrafted,logistic,exp_20260715,0,10,44,864,24,0.01692533298046328,1.0,1.0,1.0,0.0
top,handcrafted,random_forest,exp_20260715,0,10,44,864,24,0.22264391600037925,0.9583333333333333,0.9582608695652174,1.0,0.0004217722526858483
top,handcrafted,rbf_svm,exp_20260715,0,10,44,864,24,0.014280374976806343,0.9583333333333333,0.9582608695652174,1.0,0.00042005503621542336
top,handcrafted,hist_gradient_boosting,exp_20260715,0,10,44,864,24,6.313744457991561,1.0,1.0,1.0,0.0
top,handcrafted,mlp,exp_20260715,0,10,44,864,24,0.060705540992785245,1.0,1.0,1.0,0.0
top,handcrafted,logistic,exp_20260715,1,2,5,120,24,0.010988374997396022,0.9166666666666667,0.916083916083916,1.0,0.0010631109807737844
top,handcrafted,random_forest,exp_20260715,1,2,5,120,24,0.1977758750144858,1.0,1.0,0.9999999999999999,0.0
top,handcrafted,rbf_svm,exp_20260715,1,2,5,120,24,0.0053324160107877105,0.9166666666666667,0.916083916083916,1.0,0.0010631109807737844
top,handcrafted,hist_gradient_boosting,exp_20260715,1,2,5,120,24,0.7092819160025101,1.0,1.0,1.0,0.0
top,handcrafted,mlp,exp_20260715,1,2,5,120,24,0.039885708974907175,1.0,1.0,1.0,0.0
top,handcrafted,logistic,exp_20260715,1,4,17,348,24,0.0148301659792196,0.9583333333333333,0.9582608695652174,1.0,0.00042005503621542336
top,handcrafted,random_forest,exp_20260715,1,4,17,348,24,0.21056508301990107,1.0,1.0,1.0,0.0
top,handcrafted,rbf_svm,exp_20260715,1,4,17,348,24,0.010576500004390255,0.9583333333333333,0.9582608695652174,1.0,0.00042005503621542336
top,handcrafted,hist_gradient_boosting,exp_20260715,1,4,17,348,24,2.8277302919887006,1.0,1.0,1.0,0.0
top,handcrafted,mlp,exp_20260715,1,4,17,348,24,0.05538475001230836,0.9583333333333333,0.9582608695652174,1.0,0.00042005503621542336
top,handcrafted,logistic,exp_20260715,1,6,29,564,24,0.016938416025368497,1.0,1.0,1.0,0.0
top,handcrafted,random_forest,exp_20260715,1,6,29,564,24,0.2448613329906948,1.0,1.0,1.0,0.0
top,handcrafted,rbf_svm,exp_20260715,1,6,29,564,24,0.01112641702638939,0.9583333333333333,0.9582608695652174,1.0,0.00042005503621542336
top,handcrafted,hist_gradient_boosting,exp_20260715,1,6,29,564,24,4.654189499997301,1.0,1.0,1.0,0.0
top,handcrafted,mlp,exp_20260715,1,6,29,564,24,0.06490945900441147,1.0,1.0,1.0,0.0
top,handcrafted,logistic,exp_20260715,1,8,32,624,24,0.01595758300391026,1.0,1.0,1.0,0.0
top,handcrafted,random_forest,exp_20260715,1,8,32,624,24,0.23926074997871183,1.0,1.0,1.0,0.0
top,handcrafted,rbf_svm,exp_20260715,1,8,32,624,24,0.011765832983655855,0.9583333333333333,0.9582608695652174,1.0,0.00042005503621542336
top,handcrafted,hist_gradient_boosting,exp_20260715,1,8,32,624,24,5.773777500027791,1.0,1.0,1.0,0.0
top,handcrafted,mlp,exp_20260715,1,8,32,624,24,0.07788779100519605,0.9583333333333333,0.9582608695652174,1.0,0.00042005503621542336
top,handcrafted,logistic,exp_20260715,2,2,8,144,24,0.013407374994130805,0.9583333333333333,0.9582608695652174,1.0,0.00042005503621542336
top,handcrafted,random_forest,exp_20260715,2,2,8,144,24,0.19822725001722574,0.9166666666666667,0.916083916083916,1.0,0.001498698530157531
top,handcrafted,rbf_svm,exp_20260715,2,2,8,144,24,0.005445042013889179,0.5,0.3333333333333333,0.8541666666666666,0.022498511741453415
top,handcrafted,hist_gradient_boosting,exp_20260715,2,2,8,144,24,0.7676582089916337,0.9166666666666667,0.916083916083916,1.0,0.001498698530157531
top,handcrafted,mlp,exp_20260715,2,2,8,144,24,0.030927332991268486,1.0,1.0,1.0,0.0
top,handcrafted,logistic,exp_20260715,2,4,16,288,24,0.011847875022795051,1.0,1.0,1.0,0.0
top,handcrafted,random_forest,exp_20260715,2,4,16,288,24,0.25844741699984297,0.9166666666666667,0.916083916083916,1.0,0.001498698530157531
top,handcrafted,rbf_svm,exp_20260715,2,4,16,288,24,0.006738166994182393,0.6666666666666666,0.625,0.9930555555555555,0.01717721055517103
top,handcrafted,hist_gradient_boosting,exp_20260715,2,4,16,288,24,2.450336084002629,0.9166666666666667,0.916083916083916,1.0,0.001498698530157531
top,handcrafted,mlp,exp_20260715,2,4,16,288,24,0.05312362499535084,0.9583333333333333,0.9582608695652174,1.0,0.00042005503621542336
top,handcrafted,logistic,exp_20260715,2,6,21,408,24,0.014187875000061467,1.0,1.0,1.0,0.0
top,handcrafted,random_forest,exp_20260715,2,6,21,408,24,0.20168687499244697,1.0,1.0,1.0,0.0
top,handcrafted,rbf_svm,exp_20260715,2,6,21,408,24,0.007178125000791624,0.9583333333333333,0.9582608695652174,1.0,0.00042005503621542336
top,handcrafted,hist_gradient_boosting,exp_20260715,2,6,21,408,24,3.580009791010525,1.0,1.0,1.0,0.0
top,handcrafted,mlp,exp_20260715,2,6,21,408,24,0.0650947910035029,0.9583333333333333,0.9582608695652174,1.0,0.00042005503621542336
top,handcrafted,logistic,exp_20260715,2,8,32,624,24,0.013811999990139157,1.0,1.0,1.0,0.0
top,handcrafted,random_forest,exp_20260715,2,8,32,624,24,0.22962749999715015,1.0,1.0,1.0,0.0
top,handcrafted,rbf_svm,exp_20260715,2,8,32,624,24,0.008569750003516674,0.9583333333333333,0.9582608695652174,1.0,0.00042005503621542336
top,handcrafted,hist_gradient_boosting,exp_20260715,2,8,32,624,24,5.7057472500018775,1.0,1.0,1.0,0.0
top,handcrafted,mlp,exp_20260715,2,8,32,624,24,0.0936780420015566,0.9583333333333333,0.9582608695652174,1.0,0.00042005503621542336
top,handcrafted,logistic,exp_20260717,0,2,11,216,24,0.014521541015710682,0.5,0.3333333333333333,0.9166666666666667,0.022815574027545905
top,handcrafted,random_forest,exp_20260717,0,2,11,216,24,0.2204964580014348,0.5,0.3333333333333333,0.7013888888888888,0.022815574027545905
top,handcrafted,rbf_svm,exp_20260717,0,2,11,216,24,0.011253291013417765,0.5,0.3333333333333333,0.8402777777777778,0.039759992458746195
top,handcrafted,hist_gradient_boosting,exp_20260717,0,2,11,216,24,1.5932489580009133,0.5,0.3333333333333333,0.8333333333333334,0.022815574027545905
top,handcrafted,mlp,exp_20260717,0,2,11,216,24,0.034875832992838696,0.5,0.3333333333333333,0.4027777777777778,0.039759992458746195
top,handcrafted,logistic,exp_20260717,0,4,13,264,24,0.019543874979717657,0.5,0.3333333333333333,1.0,0.022815574027545905
top,handcrafted,random_forest,exp_20260717,0,4,13,264,24,0.1991397920064628,0.5,0.3333333333333333,1.0,0.022815574027545905
top,handcrafted,rbf_svm,exp_20260717,0,4,13,264,24,0.006287875003181398,0.5,0.3333333333333333,0.888888888888889,0.022815574027545905
top,handcrafted,hist_gradient_boosting,exp_20260717,0,4,13,264,24,2.502047834015684,0.875,0.873015873015873,0.9652777777777778,0.007239149182408154
top,handcrafted,mlp,exp_20260717,0,4,13,264,24,0.03836633398896083,0.5416666666666666,0.4197802197802198,0.4027777777777778,0.03175024513013769
top,handcrafted,logistic,exp_20260717,0,6,25,492,24,0.01457229198422283,0.5,0.3333333333333333,1.0,0.022815574027545905
top,handcrafted,random_forest,exp_20260717,0,6,25,492,24,0.21189124998636544,0.5,0.3333333333333333,0.9722222222222223,0.022815574027545905
top,handcrafted,rbf_svm,exp_20260717,0,6,25,492,24,0.008990041998913512,0.5,0.3333333333333333,1.0,0.022815574027545905
top,handcrafted,hist_gradient_boosting,exp_20260717,0,6,25,492,24,4.67345174998627,0.875,0.873015873015873,0.9166666666666667,0.007239149182408154
top,handcrafted,mlp,exp_20260717,0,6,25,492,24,0.07741041600820608,0.5416666666666666,0.4197802197802198,1.0,0.03175024513013769
top,handcrafted,logistic,exp_20260717,0,8,31,624,24,0.014594374981243163,0.5,0.3333333333333333,1.0,0.022815574027545905
top,handcrafted,random_forest,exp_20260717,0,8,31,624,24,0.22632358298869804,0.5,0.3333333333333333,1.0,0.022815574027545905
top,handcrafted,rbf_svm,exp_20260717,0,8,31,624,24,0.011464167007943615,0.5,0.3333333333333333,1.0,0.022815574027545905
top,handcrafted,hist_gradient_boosting,exp_20260717,0,8,31,624,24,5.725023125007283,0.5,0.3333333333333333,0.9583333333333333,0.022815574027545905
top,handcrafted,mlp,exp_20260717,0,8,31,624,24,0.05942775000585243,0.5,0.3333333333333333,1.0,0.039759992458746195
top,handcrafted,logistic,exp_20260717,0,10,44,864,24,0.01500612500240095,0.5,0.3333333333333333,1.0,0.022815574027545905
top,handcrafted,random_forest,exp_20260717,0,10,44,864,24,0.22726600000169128,0.5,0.3333333333333333,1.0,0.022815574027545905
top,handcrafted,rbf_svm,exp_20260717,0,10,44,864,24,0.011473958002170548,0.5,0.3333333333333333,1.0,0.022815574027545905
top,handcrafted,hist_gradient_boosting,exp_20260717,0,10,44,864,24,6.805271207995247,0.5,0.3333333333333333,0.19444444444444442,0.022815574027545905
top,handcrafted,mlp,exp_20260717,0,10,44,864,24,0.06763887501438148,0.5,0.3333333333333333,0.9652777777777778,0.039759992458746195
top,handcrafted,logistic,exp_20260717,1,2,8,144,24,0.013313833973370492,0.5,0.3333333333333333,0.08333333333333333,0.022815574027545905
top,handcrafted,random_forest,exp_20260717,1,2,8,144,24,0.20007487499970011,0.5,0.3333333333333333,0.9791666666666667,0.022815574027545905
top,handcrafted,rbf_svm,exp_20260717,1,2,8,144,24,0.005578082986176014,0.5,0.3333333333333333,1.0,0.022815574027545905
top,handcrafted,hist_gradient_boosting,exp_20260717,1,2,8,144,24,0.8301402909855824,0.5,0.3333333333333333,0.09722222222222221,0.022815574027545905
top,handcrafted,mlp,exp_20260717,1,2,8,144,24,0.04473083297489211,0.5416666666666666,0.4197802197802198,0.8125,0.03175024513013769
top,handcrafted,logistic,exp_20260717,1,4,15,288,24,0.013545791996875778,0.5,0.3333333333333333,1.0,0.022815574027545905
top,handcrafted,random_forest,exp_20260717,1,4,15,288,24,0.20541641602176242,0.5,0.3333333333333333,1.0,0.022815574027545905
top,handcrafted,rbf_svm,exp_20260717,1,4,15,288,24,0.006745666003553197,0.5,0.3333333333333333,1.0,0.022815574027545905
top,handcrafted,hist_gradient_boosting,exp_20260717,1,4,15,288,24,2.6303139160154387,0.5,0.3333333333333333,0.25,0.022815574027545905
top,handcrafted,mlp,exp_20260717,1,4,15,288,24,0.0332217910035979,0.5,0.3333333333333333,0.4444444444444445,0.039759992458746195
top,handcrafted,logistic,exp_20260717,1,6,25,492,24,0.012541874981252477,0.5,0.3333333333333333,1.0,0.022815574027545905
top,handcrafted,random_forest,exp_20260717,1,6,25,492,24,0.19122866599354893,0.5,0.3333333333333333,1.0,0.022815574027545905
top,handcrafted,rbf_svm,exp_20260717,1,6,25,492,24,0.0075185409805271775,0.5,0.3333333333333333,1.0,0.022815574027545905
top,handcrafted,hist_gradient_boosting,exp_20260717,1,6,25,492,24,4.246230124990689,0.5,0.3333333333333333,0.20833333333333334,0.022815574027545905
top,handcrafted,mlp,exp_20260717,1,6,25,492,24,0.05520833400078118,0.5,0.3333333333333333,1.0,0.039759992458746195
top,handcrafted,logistic,exp_20260717,1,8,32,624,24,0.015021083992905915,0.5,0.3333333333333333,1.0,0.022815574027545905
top,handcrafted,random_forest,exp_20260717,1,8,32,624,24,0.22840625001117587,0.5,0.3333333333333333,0.6388888888888888,0.022815574027545905
top,handcrafted,rbf_svm,exp_20260717,1,8,32,624,24,0.007491875003324822,0.5,0.3333333333333333,1.0,0.022815574027545905
top,handcrafted,hist_gradient_boosting,exp_20260717,1,8,32,624,24,5.805182792013511,0.5,0.3333333333333333,0.22222222222222224,0.022815574027545905
top,handcrafted,mlp,exp_20260717,1,8,32,624,24,0.0617892500013113,0.5,0.3333333333333333,1.0,0.039759992458746195
top,handcrafted,logistic,exp_20260717,2,2,7,132,24,0.012313583021750674,0.5,0.3333333333333333,0.8541666666666667,0.022815574027545905
top,handcrafted,random_forest,exp_20260717,2,2,7,132,24,0.1972437920048833,0.5,0.3333333333333333,0.9409722222222221,0.022815574027545905
top,handcrafted,rbf_svm,exp_20260717,2,2,7,132,24,0.005426457995781675,0.5,0.3333333333333333,0.951388888888889,0.022815574027545905
top,handcrafted,hist_gradient_boosting,exp_20260717,2,2,7,132,24,0.7668802909902297,0.5,0.3333333333333333,0.7638888888888888,0.022815574027545905
top,handcrafted,mlp,exp_20260717,2,2,7,132,24,0.0531547499995213,0.5,0.3333333333333333,0.8888888888888888,0.039759992458746195
top,handcrafted,logistic,exp_20260717,2,4,12,252,24,0.013309333007782698,0.5,0.3333333333333333,1.0,0.022815574027545905
top,handcrafted,random_forest,exp_20260717,2,4,12,252,24,0.19077879202086478,0.5,0.3333333333333333,1.0,0.022815574027545905
top,handcrafted,rbf_svm,exp_20260717,2,4,12,252,24,0.0064634589944034815,0.5,0.3333333333333333,1.0,0.022815574027545905
top,handcrafted,hist_gradient_boosting,exp_20260717,2,4,12,252,24,1.456407332996605,0.5,0.3333333333333333,0.75,0.022815574027545905
top,handcrafted,mlp,exp_20260717,2,4,12,252,24,0.041825916996458545,0.5,0.3333333333333333,0.9930555555555555,0.039759992458746195
top,handcrafted,logistic,exp_20260717,2,6,24,492,24,0.0158281670010183,0.5,0.3333333333333333,1.0,0.022815574027545905
top,handcrafted,random_forest,exp_20260717,2,6,24,492,24,0.19850408300408162,0.5,0.3333333333333333,1.0,0.022815574027545905
top,handcrafted,rbf_svm,exp_20260717,2,6,24,492,24,0.007652790984138846,0.5,0.3333333333333333,1.0,0.022815574027545905
top,handcrafted,hist_gradient_boosting,exp_20260717,2,6,24,492,24,4.672635083989007,0.5,0.3333333333333333,0.8750000000000001,0.022815574027545905
top,handcrafted,mlp,exp_20260717,2,6,24,492,24,0.05247441600658931,0.5,0.3333333333333333,0.9791666666666666,0.039759992458746195
top,handcrafted,logistic,exp_20260717,2,8,31,624,24,0.014145749999443069,0.5,0.3333333333333333,1.0,0.022815574027545905
top,handcrafted,random_forest,exp_20260717,2,8,31,624,24,0.23653866598033346,0.5,0.3333333333333333,1.0,0.022815574027545905
top,handcrafted,rbf_svm,exp_20260717,2,8,31,624,24,0.008439208002528176,0.5,0.3333333333333333,1.0,0.022815574027545905
top,handcrafted,hist_gradient_boosting,exp_20260717,2,8,31,624,24,5.113094250002177,0.5,0.3333333333333333,0.9583333333333333,0.022815574027545905
top,handcrafted,mlp,exp_20260717,2,8,31,624,24,0.061832500010496005,0.5,0.3333333333333333,1.0,0.039759992458746195
top,handcrafted,logistic,exp_20260720,0,2,12,228,24,0.012037208012770861,1.0,1.0,1.0,0.0
top,handcrafted,random_forest,exp_20260720,0,2,12,228,24,0.1995994999888353,1.0,1.0,1.0,0.0
top,handcrafted,rbf_svm,exp_20260720,0,2,12,228,24,0.0060718749882653356,1.0,1.0,1.0,0.0
top,handcrafted,hist_gradient_boosting,exp_20260720,0,2,12,228,24,1.4522593339788727,1.0,1.0,1.0,0.0
top,handcrafted,mlp,exp_20260720,0,2,12,228,24,0.06352337502175942,0.9583333333333333,0.9582608695652174,0.9166666666666666,0.005703963617443933
top,handcrafted,logistic,exp_20260720,0,4,17,348,24,0.014454667019890621,1.0,1.0,1.0,0.0
top,handcrafted,random_forest,exp_20260720,0,4,17,348,24,0.20901854199473746,1.0,1.0,1.0,0.0
top,handcrafted,rbf_svm,exp_20260720,0,4,17,348,24,0.00927045801654458,1.0,1.0,1.0,0.0
top,handcrafted,hist_gradient_boosting,exp_20260720,0,4,17,348,24,2.9728377500141505,1.0,1.0,1.0,0.0
top,handcrafted,mlp,exp_20260720,0,4,17,348,24,0.0529439160018228,0.9583333333333333,0.9582608695652174,0.9166666666666666,0.005703963617443933
top,handcrafted,logistic,exp_20260720,0,6,28,564,24,0.013829041010467336,1.0,1.0,1.0,0.0
top,handcrafted,random_forest,exp_20260720,0,6,28,564,24,0.2397959170048125,1.0,1.0,1.0,0.0
top,handcrafted,rbf_svm,exp_20260720,0,6,28,564,24,0.0084296659915708,1.0,1.0,1.0,0.0
top,handcrafted,hist_gradient_boosting,exp_20260720,0,6,28,564,24,4.779578457993921,0.9166666666666667,0.916083916083916,1.0,0.0023614098111525207
top,handcrafted,mlp,exp_20260720,0,6,28,564,24,0.06591808301163837,0.9583333333333333,0.9582608695652174,0.9166666666666666,0.005703963617443933
top,handcrafted,logistic,exp_20260720,0,8,37,720,24,0.013699125003768131,1.0,1.0,1.0,0.0
top,handcrafted,random_forest,exp_20260720,0,8,37,720,24,0.22758333300589584,1.0,1.0,1.0,0.0
top,handcrafted,rbf_svm,exp_20260720,0,8,37,720,24,0.016863583005033433,1.0,1.0,1.0,0.0
top,handcrafted,hist_gradient_boosting,exp_20260720,0,8,37,720,24,5.441296000004513,1.0,1.0,1.0,0.0
top,handcrafted,mlp,exp_20260720,0,8,37,720,24,0.06492416700348258,0.9583333333333333,0.9582608695652174,0.9166666666666666,0.005703963617443933
top,handcrafted,logistic,exp_20260720,0,10,44,864,24,0.013644292019307613,1.0,1.0,1.0,0.0
top,handcrafted,random_forest,exp_20260720,0,10,44,864,24,0.2181309170264285,1.0,1.0,1.0,0.0
top,handcrafted,rbf_svm,exp_20260720,0,10,44,864,24,0.011845958011690527,1.0,1.0,1.0,0.0
top,handcrafted,hist_gradient_boosting,exp_20260720,0,10,44,864,24,6.899643332988489,0.9583333333333333,0.9582608695652174,1.0,0.00043294883634766414
top,handcrafted,mlp,exp_20260720,0,10,44,864,24,0.07529224999598227,0.9583333333333333,0.9582608695652174,0.9166666666666666,0.005703963617443933
top,handcrafted,logistic,exp_20260720,1,2,7,132,24,0.011856625002110377,1.0,1.0,1.0,0.0
top,handcrafted,random_forest,exp_20260720,1,2,7,132,24,0.19530012499308214,1.0,1.0,1.0,0.0
top,handcrafted,rbf_svm,exp_20260720,1,2,7,132,24,0.009538125013932586,1.0,1.0,1.0,0.0
top,handcrafted,hist_gradient_boosting,exp_20260720,1,2,7,132,24,0.7389948339841794,0.875,0.873015873015873,1.0,0.0027943586475001844
top,handcrafted,mlp,exp_20260720,1,2,7,132,24,0.05076816602377221,0.9583333333333333,0.9582608695652174,0.9166666666666666,0.005703963617443933
top,handcrafted,logistic,exp_20260720,1,4,12,252,24,0.015139958006329834,1.0,1.0,1.0,0.0
top,handcrafted,random_forest,exp_20260720,1,4,12,252,24,0.20687354099936783,1.0,1.0,1.0,0.0
top,handcrafted,rbf_svm,exp_20260720,1,4,12,252,24,0.006125582993263379,1.0,1.0,1.0,0.0
top,handcrafted,hist_gradient_boosting,exp_20260720,1,4,12,252,24,1.8065689159848262,0.875,0.873015873015873,1.0,0.0027943586475001844
top,handcrafted,mlp,exp_20260720,1,4,12,252,24,0.05487824999727309,0.9583333333333333,0.9582608695652174,0.9166666666666666,0.005703963617443933
top,handcrafted,logistic,exp_20260720,1,6,24,480,24,0.017799791996367276,1.0,1.0,1.0,0.0
top,handcrafted,random_forest,exp_20260720,1,6,24,480,24,0.19087104199570604,1.0,1.0,1.0,0.0
top,handcrafted,rbf_svm,exp_20260720,1,6,24,480,24,0.011311791982734576,1.0,1.0,1.0,0.0
top,handcrafted,hist_gradient_boosting,exp_20260720,1,6,24,480,24,4.544854041014332,0.9583333333333333,0.9582608695652174,1.0,0.0009632025832367143
top,handcrafted,mlp,exp_20260720,1,6,24,480,24,0.08088666602270678,0.9583333333333333,0.9582608695652174,0.9166666666666666,0.005703963617443933
top,handcrafted,logistic,exp_20260720,1,8,37,720,24,0.017762167000910267,1.0,1.0,1.0,0.0
top,handcrafted,random_forest,exp_20260720,1,8,37,720,24,0.23023095898679458,1.0,1.0,1.0,0.0
top,handcrafted,rbf_svm,exp_20260720,1,8,37,720,24,0.014817707997281104,1.0,1.0,1.0,0.0
top,handcrafted,hist_gradient_boosting,exp_20260720,1,8,37,720,24,5.684766416990897,1.0,1.0,1.0,0.0
top,handcrafted,mlp,exp_20260720,1,8,37,720,24,0.07603112500510179,0.9583333333333333,0.9582608695652174,0.9166666666666666,0.005703963617443933
top,handcrafted,logistic,exp_20260720,2,2,8,156,24,0.011492082994664088,1.0,1.0,1.0,0.0
top,handcrafted,random_forest,exp_20260720,2,2,8,156,24,0.19412495801225305,1.0,1.0,1.0,0.0
top,handcrafted,rbf_svm,exp_20260720,2,2,8,156,24,0.005103125004097819,1.0,1.0,1.0,0.0
top,handcrafted,hist_gradient_boosting,exp_20260720,2,2,8,156,24,0.6517442080075853,0.9583333333333333,0.9582608695652174,1.0,0.00043294883634766414
top,handcrafted,mlp,exp_20260720,2,2,8,156,24,0.07115995799540542,0.9583333333333333,0.9582608695652174,0.9166666666666666,0.005703963617443933
top,handcrafted,logistic,exp_20260720,2,4,10,204,24,0.027132834016811103,1.0,1.0,1.0,0.0
top,handcrafted,random_forest,exp_20260720,2,4,10,204,24,0.37215729101444595,1.0,1.0,1.0,0.0
top,handcrafted,rbf_svm,exp_20260720,2,4,10,204,24,0.010293958010151982,1.0,1.0,1.0,0.0
top,handcrafted,hist_gradient_boosting,exp_20260720,2,4,10,204,24,1.0138955420115963,1.0,1.0,1.0,0.0
top,handcrafted,mlp,exp_20260720,2,4,10,204,24,0.036518665991025046,0.9583333333333333,0.9582608695652174,0.9166666666666666,0.005703963617443933
top,handcrafted,logistic,exp_20260720,2,6,20,408,24,0.01386050001019612,1.0,1.0,1.0,0.0
top,handcrafted,random_forest,exp_20260720,2,6,20,408,24,0.21043708399520256,1.0,1.0,1.0,0.0
top,handcrafted,rbf_svm,exp_20260720,2,6,20,408,24,0.006990415975451469,1.0,1.0,1.0,0.0
top,handcrafted,hist_gradient_boosting,exp_20260720,2,6,20,408,24,3.911462040996412,0.9583333333333333,0.9582608695652174,1.0,0.00043294883634766414
top,handcrafted,mlp,exp_20260720,2,6,20,408,24,0.0658337909844704,0.9583333333333333,0.9582608695652174,0.9166666666666666,0.005703963617443933
top,handcrafted,logistic,exp_20260720,2,8,31,624,24,0.01795924999169074,1.0,1.0,1.0,0.0
top,handcrafted,random_forest,exp_20260720,2,8,31,624,24,0.24927675002254546,1.0,1.0,1.0,0.0
top,handcrafted,rbf_svm,exp_20260720,2,8,31,624,24,0.01640991700696759,1.0,1.0,1.0,0.0
top,handcrafted,hist_gradient_boosting,exp_20260720,2,8,31,624,24,5.211702000000514,1.0,1.0,1.0,0.0
top,handcrafted,mlp,exp_20260720,2,8,31,624,24,0.06757012501475401,0.9583333333333333,0.9582608695652174,0.9166666666666666,0.005703963617443933
top,handcrafted,logistic,exp_20260721,0,2,11,216,36,0.016749874979723245,0.9375,0.9111111111111111,0.9895833333333334,0.013617020406083001
top,handcrafted,random_forest,exp_20260721,0,2,11,216,36,0.19238579098600894,1.0,1.0,1.0,0.0
top,handcrafted,rbf_svm,exp_20260721,0,2,11,216,36,0.007921540993265808,0.9166666666666667,0.8831168831168831,1.0,0.01683403661162176
top,handcrafted,hist_gradient_boosting,exp_20260721,0,2,11,216,36,1.5005585000035353,1.0,1.0,1.0,0.0
top,handcrafted,mlp,exp_20260721,0,2,11,216,36,0.03024345898302272,0.9375,0.9111111111111111,1.0,0.0011273226828259078
top,handcrafted,logistic,exp_20260721,0,4,13,264,36,0.012528125022072345,1.0,1.0,1.0,0.0
top,handcrafted,random_forest,exp_20260721,0,4,13,264,36,0.20163666701409966,1.0,1.0,1.0,0.0
top,handcrafted,rbf_svm,exp_20260721,0,4,13,264,36,0.012252458021976054,1.0,1.0,1.0,0.0
top,handcrafted,hist_gradient_boosting,exp_20260721,0,4,13,264,36,2.474884541996289,1.0,1.0,1.0,0.0
top,handcrafted,mlp,exp_20260721,0,4,13,264,36,0.06558154200320132,0.9791666666666667,0.9693617021276595,1.0,0.00022101937024184728
top,handcrafted,logistic,exp_20260721,0,6,23,468,36,0.019657875003758818,1.0,1.0,1.0,0.0
top,handcrafted,random_forest,exp_20260721,0,6,23,468,36,0.3529550830135122,1.0,1.0,1.0,0.0
top,handcrafted,rbf_svm,exp_20260721,0,6,23,468,36,0.01396158302668482,1.0,1.0,1.0,0.0
top,handcrafted,hist_gradient_boosting,exp_20260721,0,6,23,468,36,4.0538462919939775,1.0,1.0,1.0,0.0
top,handcrafted,mlp,exp_20260721,0,6,23,468,36,0.15162033401429653,1.0,1.0,1.0,0.0
top,handcrafted,logistic,exp_20260721,0,8,35,708,36,0.033384625014150515,1.0,1.0,1.0,0.0
top,handcrafted,random_forest,exp_20260721,0,8,35,708,36,0.38270229200134054,1.0,1.0,1.0,0.0
top,handcrafted,rbf_svm,exp_20260721,0,8,35,708,36,0.018905124976299703,1.0,1.0,1.0,0.0
top,handcrafted,hist_gradient_boosting,exp_20260721,0,8,35,708,36,5.5607191669987515,1.0,1.0,1.0,0.0
top,handcrafted,mlp,exp_20260721,0,8,35,708,36,0.07177929099998437,0.9791666666666667,0.9693617021276595,1.0,0.00022101937024184728
top,handcrafted,logistic,exp_20260721,0,10,43,852,36,0.021246165997581556,1.0,1.0,1.0,0.0
top,handcrafted,random_forest,exp_20260721,0,10,43,852,36,0.2492544170236215,1.0,1.0,1.0,0.0
top,handcrafted,rbf_svm,exp_20260721,0,10,43,852,36,0.014994541008491069,1.0,1.0,1.0,0.0
top,handcrafted,hist_gradient_boosting,exp_20260721,0,10,43,852,36,7.0315852079947945,1.0,1.0,1.0,0.0
top,handcrafted,mlp,exp_20260721,0,10,43,852,36,0.08067045800271444,1.0,1.0,1.0,0.0
top,handcrafted,logistic,exp_20260721,1,2,11,216,36,0.01462816700222902,1.0,1.0,1.0,0.0
top,handcrafted,random_forest,exp_20260721,1,2,11,216,36,0.20652216600137763,1.0,1.0,1.0,0.0
top,handcrafted,rbf_svm,exp_20260721,1,2,11,216,36,0.010201332974247634,1.0,1.0,1.0,0.0
top,handcrafted,hist_gradient_boosting,exp_20260721,1,2,11,216,36,1.258560457994463,1.0,1.0,1.0,0.0
top,handcrafted,mlp,exp_20260721,1,2,11,216,36,0.08130304201040417,0.9583333333333333,0.939799331103679,1.0,0.0005832983643605157
top,handcrafted,logistic,exp_20260721,1,4,18,348,36,0.03138870801194571,1.0,1.0,1.0,0.0
top,handcrafted,random_forest,exp_20260721,1,4,18,348,36,0.4950872079934925,1.0,1.0,1.0,0.0
top,handcrafted,rbf_svm,exp_20260721,1,4,18,348,36,0.02828791699721478,1.0,1.0,1.0,0.0
top,handcrafted,hist_gradient_boosting,exp_20260721,1,4,18,348,36,3.0380435829865746,1.0,1.0,1.0,0.0
top,handcrafted,mlp,exp_20260721,1,4,18,348,36,0.06588974999613129,1.0,1.0,1.0,0.0
top,handcrafted,logistic,exp_20260721,1,6,25,492,36,0.02348033298039809,1.0,1.0,1.0,0.0
top,handcrafted,random_forest,exp_20260721,1,6,25,492,36,0.20633754201116972,1.0,1.0,1.0,0.0
top,handcrafted,rbf_svm,exp_20260721,1,6,25,492,36,0.01142437499947846,1.0,1.0,1.0,0.0
top,handcrafted,hist_gradient_boosting,exp_20260721,1,6,25,492,36,4.377942417020677,1.0,1.0,1.0,0.0
top,handcrafted,mlp,exp_20260721,1,6,25,492,36,0.12174933298956603,0.9791666666666667,0.9693617021276595,1.0,0.00022101937024184728
top,handcrafted,logistic,exp_20260721,1,8,36,708,36,0.0369554579956457,1.0,1.0,1.0,0.0
top,handcrafted,random_forest,exp_20260721,1,8,36,708,36,0.4828500830044504,1.0,1.0,1.0,0.0
top,handcrafted,rbf_svm,exp_20260721,1,8,36,708,36,0.01675833298941143,1.0,1.0,1.0,0.0
top,handcrafted,hist_gradient_boosting,exp_20260721,1,8,36,708,36,5.575654124986613,1.0,1.0,1.0,0.0
top,handcrafted,mlp,exp_20260721,1,8,36,708,36,0.06462291700881906,1.0,1.0,1.0,0.0
top,handcrafted,logistic,exp_20260721,2,2,12,228,36,0.01439112500520423,1.0,1.0,1.0,0.0
top,handcrafted,random_forest,exp_20260721,2,2,12,228,36,0.20844662500894628,1.0,1.0,1.0,0.0
top,handcrafted,rbf_svm,exp_20260721,2,2,12,228,36,0.011706332996254787,1.0,1.0,1.0,0.0
top,handcrafted,hist_gradient_boosting,exp_20260721,2,2,12,228,36,1.0528406249941327,1.0,1.0,1.0,0.0
top,handcrafted,mlp,exp_20260721,2,2,12,228,36,0.05373258300824091,0.9791666666666667,0.9693617021276595,1.0,0.00022101937024184728
top,handcrafted,logistic,exp_20260721,2,4,24,444,36,0.012142624997068197,1.0,1.0,1.0,0.0
top,handcrafted,random_forest,exp_20260721,2,4,24,444,36,0.203544417017838,1.0,1.0,1.0,0.0
top,handcrafted,rbf_svm,exp_20260721,2,4,24,444,36,0.0077043330238666385,1.0,1.0,1.0,0.0
top,handcrafted,hist_gradient_boosting,exp_20260721,2,4,24,444,36,4.281060208013514,1.0,1.0,1.0,0.0
top,handcrafted,mlp,exp_20260721,2,4,24,444,36,0.059595041995635256,1.0,1.0,1.0,0.0
top,handcrafted,logistic,exp_20260721,2,6,26,492,36,0.014220540993846953,1.0,1.0,1.0,0.0
top,handcrafted,random_forest,exp_20260721,2,6,26,492,36,0.20612116699339822,1.0,1.0,1.0,0.0
top,handcrafted,rbf_svm,exp_20260721,2,6,26,492,36,0.008231292013078928,1.0,1.0,1.0,0.0
top,handcrafted,hist_gradient_boosting,exp_20260721,2,6,26,492,36,6.355118332983693,1.0,1.0,1.0,0.0
top,handcrafted,mlp,exp_20260721,2,6,26,492,36,0.09590362501330674,1.0,1.0,1.0,0.0
top,handcrafted,logistic,exp_20260721,2,8,38,732,36,0.01494799999636598,1.0,1.0,1.0,0.0
top,handcrafted,random_forest,exp_20260721,2,8,38,732,36,0.23273179199895822,1.0,1.0,1.0,0.0
top,handcrafted,rbf_svm,exp_20260721,2,8,38,732,36,0.011201666988199577,1.0,1.0,1.0,0.0
top,handcrafted,hist_gradient_boosting,exp_20260721,2,8,38,732,36,5.943115917005343,1.0,1.0,1.0,0.0
top,handcrafted,mlp,exp_20260721,2,8,38,732,36,0.08024941699113697,1.0,1.0,1.0,0.0
top,handcrafted,logistic,exp_20260723,0,2,7,144,108,0.011635417002253234,0.9791666666666667,0.9693617021276595,1.0,0.00027187372844479575
top,handcrafted,random_forest,exp_20260723,0,2,7,144,108,0.20134324999526143,0.8958333333333334,0.9127272727272727,0.9903549382716049,0.003008348303516179
top,handcrafted,rbf_svm,exp_20260723,0,2,7,144,108,0.012477417010813951,0.9097222222222223,0.9154598825831702,0.9864969135802469,0.0014504962647255092
top,handcrafted,hist_gradient_boosting,exp_20260723,0,2,7,144,108,0.6356196249835193,0.8333333333333333,0.8615384615384616,0.9695216049382716,0.005749013533954202
top,handcrafted,mlp,exp_20260723,0,2,7,144,108,0.03300920900073834,0.9097222222222222,0.8739110911540189,0.9988425925925927,0.002725089504376464
top,handcrafted,logistic,exp_20260723,0,4,15,300,108,0.011979624978266656,0.9513888888888888,0.9577299412915852,0.9988425925925927,0.000622344550194056
top,handcrafted,random_forest,exp_20260723,0,4,15,300,108,0.19860533301834948,0.8263888888888888,0.8515071390798519,0.992091049382716,0.005821862624508705
top,handcrafted,rbf_svm,exp_20260723,0,4,15,300,108,0.007706792006501928,0.8680555555555556,0.8889802631578947,0.9907407407407407,0.003700026316403229
top,handcrafted,hist_gradient_boosting,exp_20260723,0,4,15,300,108,2.3008801660034806,0.8333333333333333,0.8543417366946778,0.9822530864197531,0.005679393323622443
top,handcrafted,mlp,exp_20260723,0,4,15,300,108,0.04957383300643414,0.9722222222222222,0.9593984962406015,1.0,0.0004708364765620489
top,handcrafted,logistic,exp_20260723,0,6,26,516,108,0.013573665986768901,0.9375,0.9467613132209405,0.9969135802469136,0.001106506219084534
top,handcrafted,random_forest,exp_20260723,0,6,26,516,108,0.22864808299345896,0.8263888888888888,0.8515071390798519,0.9924768518518519,0.005821862624508705
top,handcrafted,rbf_svm,exp_20260723,0,6,26,516,108,0.01032037500408478,0.8680555555555556,0.8889802631578947,0.9926697530864197,0.003700026316403229
top,handcrafted,hist_gradient_boosting,exp_20260723,0,6,26,516,108,4.582721917016897,0.8611111111111112,0.8789607743250127,0.9830246913580246,0.00425611258084282
top,handcrafted,mlp,exp_20260723,0,6,26,516,108,0.06091891700634733,0.9652777777777778,0.9495468560216762,1.0,0.000609072936640119
top,handcrafted,logistic,exp_20260723,0,8,37,732,108,0.017350042006000876,0.9791666666666667,0.9693617021276595,1.0,0.00021601479288111091
top,handcrafted,random_forest,exp_20260723,0,8,37,732,108,0.37305362499319017,0.9791666666666667,0.9693617021276595,0.9949845679012346,0.00021601479288111091
top,handcrafted,rbf_svm,exp_20260723,0,8,37,732,108,0.02268079199711792,0.9791666666666667,0.9693617021276595,0.9888117283950617,0.00028240208459231705
top,handcrafted,hist_gradient_boosting,exp_20260723,0,8,37,732,108,5.105280541989487,0.9583333333333333,0.9489361702127659,0.986111111111111,0.0005340705714423722
top,handcrafted,mlp,exp_20260723,0,8,37,732,108,0.059172999986913055,0.9583333333333333,0.939799331103679,1.0,0.000680922105006983
top,handcrafted,logistic,exp_20260723,0,10,39,780,108,0.014366666990099475,0.9791666666666667,0.9693617021276595,1.0,0.00021601479288111091
top,handcrafted,random_forest,exp_20260723,0,10,39,780,108,0.21777316599036567,0.9791666666666667,0.9693617021276595,0.9864969135802469,0.00021601479288111091
top,handcrafted,rbf_svm,exp_20260723,0,10,39,780,108,0.012303499999688938,0.9791666666666667,0.9693617021276595,0.9926697530864197,0.00028240208459231705
top,handcrafted,hist_gradient_boosting,exp_20260723,0,10,39,780,108,5.93888641599915,0.9444444444444444,0.9383326988960792,0.9938271604938271,0.0006730823039311224
top,handcrafted,mlp,exp_20260723,0,10,39,780,108,0.11542958399513736,0.9861111111111112,0.9794442329653598,1.0,0.00014416562451424696
top,handcrafted,logistic,exp_20260723,1,2,8,156,108,0.01473245900706388,0.8541666666666667,0.876750700280112,0.9324845679012347,0.004167622723297354
top,handcrafted,random_forest,exp_20260723,1,2,8,156,108,0.17843008300405927,0.8263888888888888,0.8515071390798519,0.9897762345679012,0.005821862624508705
top,handcrafted,rbf_svm,exp_20260723,1,2,8,156,108,0.011032500013243407,0.8402777777777778,0.8642647674905739,0.9938271604938272,0.005263975441305568
top,handcrafted,hist_gradient_boosting,exp_20260723,1,2,8,156,108,1.2316137500165496,0.8263888888888888,0.8445723684210527,0.9702932098765433,0.005892403886057769
top,handcrafted,mlp,exp_20260723,1,2,8,156,108,0.08841220798785798,0.9375,0.9375,0.9799382716049383,0.0011117844282965551
top,handcrafted,logistic,exp_20260723,1,4,10,204,108,0.01297675000387244,0.8819444444444444,0.9009679062659195,0.9398148148148148,0.0027809134838099785
top,handcrafted,random_forest,exp_20260723,1,4,10,204,108,0.2052700839994941,0.8680555555555556,0.8889802631578947,0.9915123456790123,0.003338800667013116
top,handcrafted,rbf_svm,exp_20260723,1,4,10,204,108,0.012726042012218386,0.8680555555555556,0.8889802631578947,0.9945987654320988,0.003700026316403229
top,handcrafted,hist_gradient_boosting,exp_20260723,1,4,10,204,108,0.8575125409988686,0.875,0.8909090909090909,0.9830246913580247,0.0034030918324909182
top,handcrafted,mlp,exp_20260723,1,4,10,204,108,0.030854040989652276,0.8888888888888888,0.8623953403713142,0.9722222222222222,0.00365407452637436
top,handcrafted,logistic,exp_20260723,1,6,21,420,108,0.012711749994195998,0.8263888888888888,0.8515071390798519,0.9876543209876543,0.005821862624508705
top,handcrafted,random_forest,exp_20260723,1,6,21,420,108,0.1971819580066949,0.9097222222222223,0.9242712611439448,0.9944058641975309,0.0020923255408953592
top,handcrafted,rbf_svm,exp_20260723,1,6,21,420,108,0.00859812501585111,0.8680555555555556,0.8889802631578947,0.992283950617284,0.003700026316403229
top,handcrafted,hist_gradient_boosting,exp_20260723,1,6,21,420,108,3.4487518329988234,0.8541666666666667,0.876750700280112,0.9884259259259259,0.004616049079024049
top,handcrafted,mlp,exp_20260723,1,6,21,420,108,0.04499600001145154,0.9375,0.9111111111111111,0.9930555555555556,0.0017446901471967102
top,handcrafted,logistic,exp_20260723,1,8,34,660,108,0.02053637499921024,0.9236111111111112,0.9177769318614388,0.9822530864197532,0.0028040975541754262
top,handcrafted,random_forest,exp_20260723,1,8,34,660,108,0.2026086249970831,0.8541666666666667,0.876750700280112,0.9907407407407407,0.004077017805603647
top,handcrafted,rbf_svm,exp_20260723,1,8,34,660,108,0.012978334008948877,0.8680555555555556,0.8889802631578947,0.9834104938271605,0.003700026316403229
top,handcrafted,hist_gradient_boosting,exp_20260723,1,8,34,660,108,5.552527291991282,0.9861111111111112,0.9794442329653598,0.9891975308641975,0.0001446982589213669
top,handcrafted,mlp,exp_20260723,1,8,34,660,108,0.05312224998488091,0.9236111111111112,0.8923815563003895,1.0,0.002203518752066208
top,handcrafted,logistic,exp_20260723,2,2,8,156,108,0.02118329200311564,0.9444444444444444,0.9205882352941177,0.9645061728395061,0.0010254674739217117
top,handcrafted,random_forest,exp_20260723,2,2,8,156,108,0.3481475419830531,0.9722222222222222,0.9593984962406015,0.9787808641975309,0.00035425125295918103
top,handcrafted,rbf_svm,exp_20260723,2,2,8,156,108,0.010167541011469439,0.8402777777777778,0.8642647674905739,0.9772376543209876,0.005263975441305568
top,handcrafted,hist_gradient_boosting,exp_20260723,2,2,8,156,108,0.886509833013406,0.9722222222222222,0.9593984962406015,0.9841820987654321,0.00035425125295918103
top,handcrafted,mlp,exp_20260723,2,2,8,156,108,0.03087633301038295,0.8819444444444444,0.8375652481642042,0.9984567901234568,0.004342204388010338
top,handcrafted,logistic,exp_20260723,2,4,15,300,108,0.013073834008537233,0.9861111111111112,0.9794442329653598,1.0,0.00014416562451424696
top,handcrafted,random_forest,exp_20260723,2,4,15,300,108,0.20582508298684843,0.8819444444444444,0.9009679062659195,0.9866898148148148,0.0027809134838099785
top,handcrafted,rbf_svm,exp_20260723,2,4,15,300,108,0.007473500008927658,0.8680555555555556,0.8889802631578947,0.9834104938271605,0.003700026316403229
top,handcrafted,hist_gradient_boosting,exp_20260723,2,4,15,300,108,2.957380124978954,0.8125,0.8319327731092436,0.9714506172839507,0.0060208872623989974
top,handcrafted,mlp,exp_20260723,2,4,15,300,108,0.06906225002603605,0.9513888888888888,0.9301487572761711,1.0,0.0009713992349922289
top,handcrafted,logistic,exp_20260723,2,6,27,516,108,0.016756500001065433,0.9583333333333333,0.9489361702127659,0.9930555555555556,0.000569060750596237
top,handcrafted,random_forest,exp_20260723,2,6,27,516,108,0.24306758301099762,0.8680555555555556,0.8889802631578947,0.9868827160493827,0.003338800667013116
top,handcrafted,rbf_svm,exp_20260723,2,6,27,516,108,0.01582970900926739,0.8680555555555556,0.8889802631578947,0.982638888888889,0.003700026316403229
top,handcrafted,hist_gradient_boosting,exp_20260723,2,6,27,516,108,4.120310333004454,0.9166666666666667,0.9254658385093167,0.9907407407407407,0.0013127924390545591
top,handcrafted,mlp,exp_20260723,2,6,27,516,108,0.06249449998722412,0.9930555555555556,0.9896541814350033,1.0,7.284909055450295e-05
top,handcrafted,logistic,exp_20260723,2,8,32,636,108,0.015975541988154873,0.9791666666666667,0.9693617021276595,1.0,0.00021601479288111091
top,handcrafted,random_forest,exp_20260723,2,8,32,636,108,0.2034154589928221,0.9791666666666667,0.9693617021276595,0.9899691358024691,0.00021601479288111091
top,handcrafted,rbf_svm,exp_20260723,2,8,32,636,108,0.015122665994567797,0.9791666666666667,0.9693617021276595,0.9888117283950617,0.00028240208459231705
top,handcrafted,hist_gradient_boosting,exp_20260723,2,8,32,636,108,5.480352375016082,0.9583333333333333,0.9489361702127659,0.9845679012345678,0.0004932629854479312
top,handcrafted,mlp,exp_20260723,2,8,32,636,108,0.10595550001016818,0.9652777777777778,0.9495468560216762,1.0,0.00048195935688972986
top,handcrafted,logistic,exp_20260724,0,2,7,132,96,0.012420290993759409,0.9791666666666667,0.9791576204950065,0.9900173611111112,0.0002731267562109568
top,handcrafted,random_forest,exp_20260724,0,2,7,132,96,0.22616341698449105,0.96875,0.9687466087900163,0.9895833333333334,0.00037761999685055034
top,handcrafted,rbf_svm,exp_20260724,0,2,7,132,96,0.011123083997517824,0.9166666666666667,0.9165217391304348,0.9895833333333334,0.0013693298551143594
top,handcrafted,hist_gradient_boosting,exp_20260724,0,2,7,132,96,0.32662008301122114,0.9791666666666667,0.9791576204950065,0.9791666666666667,0.0002731267562109568
top,handcrafted,mlp,exp_20260724,0,2,7,132,96,0.029926332994364202,0.875,0.873015873015873,0.9895833333333334,0.004687414775973086
top,handcrafted,logistic,exp_20260724,0,4,10,192,96,0.011485082999570295,0.9270833333333334,0.927012056044314,0.9895833333333334,0.0011252046118693276
top,handcrafted,random_forest,exp_20260724,0,4,10,192,96,0.19834125001216307,0.9479166666666667,0.9479110146500271,0.9893663194444444,0.0008863203467195978
top,handcrafted,rbf_svm,exp_20260724,0,4,10,192,96,0.006760624994058162,0.9375,0.9374728614850196,0.9887152777777778,0.0008986426967379213
top,handcrafted,hist_gradient_boosting,exp_20260724,0,4,10,192,96,1.4476724999840371,0.9791666666666667,0.9791576204950065,0.9978298611111112,0.0002731267562109568
top,handcrafted,mlp,exp_20260724,0,4,10,192,96,0.032608209003228694,0.875,0.873015873015873,0.9895833333333334,0.004230458058147965
top,handcrafted,logistic,exp_20260724,0,6,22,408,96,0.01248549998854287,0.8645833333333334,0.8633825944170772,0.98828125,0.002532775167198752
top,handcrafted,random_forest,exp_20260724,0,6,22,408,96,0.613382541021565,0.9791666666666667,0.9791576204950065,0.9861111111111112,0.0002731267562109568
top,handcrafted,rbf_svm,exp_20260724,0,6,22,408,96,0.007753333018627018,0.9375,0.9374728614850196,0.9644097222222222,0.0008986426967379213
top,handcrafted,hist_gradient_boosting,exp_20260724,0,6,22,408,96,2.2410668329976033,0.9479166666666667,0.9479110146500271,0.9869791666666667,0.0006340675901139058
top,handcrafted,mlp,exp_20260724,0,6,22,408,96,0.04938629100797698,0.9791666666666667,0.9791576204950065,0.9895833333333334,0.0002731267562109568
top,handcrafted,logistic,exp_20260724,0,8,29,552,96,0.0111241249833256,0.8958333333333334,0.8954248366013071,0.986545138888889,0.0019770310822582013
top,handcrafted,random_forest,exp_20260724,0,8,29,552,96,0.2040441250137519,0.9166666666666667,0.9165217391304348,0.9819878472222222,0.0014816999665355785
top,handcrafted,rbf_svm,exp_20260724,0,8,29,552,96,0.006966125016333535,0.8958333333333334,0.8954248366013071,0.9618055555555556,0.001763864158709372
top,handcrafted,hist_gradient_boosting,exp_20260724,0,8,29,552,96,2.753772083990043,0.9583333333333333,0.9583152409900131,0.9848090277777779,0.0006894359174728963
top,handcrafted,mlp,exp_20260724,0,8,29,552,96,0.05702954198932275,0.9791666666666667,0.9791576204950065,0.9895833333333334,0.0002731267562109568
top,handcrafted,logistic,exp_20260724,0,10,41,792,96,0.013205708004534245,0.8958333333333334,0.8954248366013071,0.9887152777777778,0.001763864158709372
top,handcrafted,random_forest,exp_20260724,0,10,41,792,96,0.20203387501533143,0.90625,0.905994995103906,0.98828125,0.0015373022435779657
top,handcrafted,rbf_svm,exp_20260724,0,10,41,792,96,0.012419792008586228,0.8958333333333334,0.8954248366013071,0.978732638888889,0.001763864158709372
top,handcrafted,hist_gradient_boosting,exp_20260724,0,10,41,792,96,3.1013510839839,0.9270833333333334,0.927012056044314,0.9934895833333333,0.0010988354302920932
top,handcrafted,mlp,exp_20260724,0,10,41,792,96,0.019328042020788416,0.9479166666666667,0.9479110146500271,0.9895833333333334,0.0006340675901139058
top,handcrafted,logistic,exp_20260724,1,2,6,120,96,0.0032565000001341105,0.8541666666666667,0.8525669153137341,0.9869791666666667,0.002682595771660693
top,handcrafted,random_forest,exp_20260724,1,2,6,120,96,0.0848837090015877,0.8541666666666667,0.8525669153137341,0.98046875,0.002682595771660693
top,handcrafted,rbf_svm,exp_20260724,1,2,6,120,96,0.005622625001706183,0.8541666666666667,0.8525669153137341,0.9830729166666666,0.002682595771660693
top,handcrafted,hist_gradient_boosting,exp_20260724,1,2,6,120,96,0.16256229201098904,0.90625,0.9057488818588415,0.990451388888889,0.0014639730533584682
top,handcrafted,mlp,exp_20260724,1,2,6,120,96,0.007265291991643608,0.84375,0.8429148030980691,0.9401041666666666,0.006133567307658235
top,handcrafted,logistic,exp_20260724,1,4,14,276,96,0.0031191669986583292,0.9583333333333333,0.9582608695652174,0.9978298611111112,0.0007717959761969522
top,handcrafted,random_forest,exp_20260724,1,4,14,276,96,0.09057570798904635,0.8541666666666667,0.8525669153137341,0.9895833333333333,0.002682595771660693
top,handcrafted,rbf_svm,exp_20260724,1,4,14,276,96,0.0032014999887906015,0.8541666666666667,0.8525669153137341,0.9887152777777778,0.002682595771660693
top,handcrafted,hist_gradient_boosting,exp_20260724,1,4,14,276,96,0.8297093749861233,0.875,0.8741258741258742,0.9895833333333334,0.0023637402189229007
top,handcrafted,mlp,exp_20260724,1,4,14,276,96,0.034536249993834645,0.9479166666666667,0.9479110146500271,0.9891493055555556,0.0006340675901139058
top,handcrafted,logistic,exp_20260724,1,6,27,516,96,0.012263792013982311,0.96875,0.9687194525904204,0.9934895833333334,0.0003778544017788365
top,handcrafted,random_forest,exp_20260724,1,6,27,516,96,0.19606679101707414,0.8541666666666667,0.8525669153137341,0.984375,0.002682595771660693
top,handcrafted,rbf_svm,exp_20260724,1,6,27,516,96,0.00836408301256597,0.8541666666666667,0.8525669153137341,0.9769965277777778,0.002682595771660693
top,handcrafted,hist_gradient_boosting,exp_20260724,1,6,27,516,96,2.6925773750117514,0.96875,0.9687466087900163,0.9908854166666666,0.00037761999685055034
top,handcrafted,mlp,exp_20260724,1,6,27,516,96,0.04269624999142252,0.9583333333333334,0.9583333333333334,0.9908854166666667,0.0005139236054352611
top,handcrafted,logistic,exp_20260724,1,8,34,648,96,0.009593583003152162,0.9375,0.9374728614850196,0.9908854166666667,0.000842564394086291
top,handcrafted,random_forest,exp_20260724,1,8,34,648,96,0.19589766598073766,0.9791666666666667,0.9791576204950065,0.9895833333333333,0.0002731267562109568
top,handcrafted,rbf_svm,exp_20260724,1,8,34,648,96,0.009206916991388425,0.8854166666666667,0.884804188938584,0.9835069444444445,0.0020487929832066548
top,handcrafted,hist_gradient_boosting,exp_20260724,1,8,34,648,96,1.4395110000041313,0.9375,0.9374728614850196,0.9917534722222222,0.0007838881945758474
top,handcrafted,mlp,exp_20260724,1,8,34,648,96,0.02203366599860601,0.9791666666666667,0.9791576204950065,0.9913194444444444,0.0002731267562109568
top,handcrafted,logistic,exp_20260724,2,2,7,132,96,0.005496833007782698,0.9270833333333334,0.927012056044314,0.9908854166666667,0.0014793553453313203
top,handcrafted,random_forest,exp_20260724,2,2,7,132,96,0.12807616699137725,0.96875,0.9687466087900163,0.9871961805555556,0.0004996886713423631
top,handcrafted,rbf_svm,exp_20260724,2,2,7,132,96,0.005285124992951751,0.8958333333333334,0.8954248366013071,0.9908854166666667,0.001763864158709372
top,handcrafted,hist_gradient_boosting,exp_20260724,2,2,7,132,96,0.13150787499034777,0.9791666666666667,0.9791576204950065,0.9791666666666667,0.0002731267562109568
top,handcrafted,mlp,exp_20260724,2,2,7,132,96,0.021002958004828542,0.9791666666666667,0.9791576204950065,0.9900173611111112,0.0002731267562109568
top,handcrafted,logistic,exp_20260724,2,4,15,288,96,0.006200417003128678,0.9375,0.9374728614850196,0.9917534722222222,0.0007838881945758474
top,handcrafted,random_forest,exp_20260724,2,4,15,288,96,0.13883666699985042,0.9270833333333334,0.927012056044314,0.9891493055555556,0.001294513234258063
top,handcrafted,rbf_svm,exp_20260724,2,4,15,288,96,0.00802741601364687,0.8958333333333334,0.8954248366013071,0.9830729166666667,0.001763864158709372
top,handcrafted,hist_gradient_boosting,exp_20260724,2,4,15,288,96,1.1938898749940563,0.8958333333333334,0.8954248366013071,0.9926215277777778,0.001998882535111185
top,handcrafted,mlp,exp_20260724,2,4,15,288,96,0.03857604099903256,0.9791666666666667,0.9791576204950065,0.9900173611111112,0.0002731267562109568
top,handcrafted,logistic,exp_20260724,2,6,27,504,96,0.011292250012047589,0.9375,0.9374728614850196,0.98828125,0.000842564394086291
top,handcrafted,random_forest,exp_20260724,2,6,27,504,96,0.1951427499880083,0.9791666666666667,0.9791576204950065,0.9848090277777778,0.0002731267562109568
top,handcrafted,rbf_svm,exp_20260724,2,6,27,504,96,0.007301583013031632,0.8958333333333334,0.8954248366013071,0.9587673611111112,0.001763864158709372
top,handcrafted,hist_gradient_boosting,exp_20260724,2,6,27,504,96,2.2412632499763276,0.9791666666666667,0.9791576204950065,0.9895833333333333,0.0002731267562109568
top,handcrafted,mlp,exp_20260724,2,6,27,504,96,0.01630724998540245,0.9583333333333334,0.9583333333333334,0.9900173611111112,0.0005139236054352611
top,handcrafted,logistic,exp_20260724,2,8,29,552,96,0.003544167004292831,0.8958333333333334,0.8954248366013071,0.9869791666666667,0.001763864158709372
top,handcrafted,random_forest,exp_20260724,2,8,29,552,96,0.10326658398844302,0.9583333333333334,0.9583333333333334,0.9874131944444444,0.0007818271060800043
top,handcrafted,rbf_svm,exp_20260724,2,8,29,552,96,0.004295291990274563,0.8958333333333334,0.8954248366013071,0.9600694444444445,0.001763864158709372
top,handcrafted,hist_gradient_boosting,exp_20260724,2,8,29,552,96,7.992385874997126,0.9375,0.9374728614850196,0.9887152777777778,0.0007838881945758474
top,handcrafted,mlp,exp_20260724,2,8,29,552,96,0.065290291007841,0.9791666666666667,0.9791576204950065,0.9895833333333334,0.0002731267562109568
top,handcrafted,logistic,exp_20260727,0,2,13,240,96,0.019260291999671608,0.8833333333333333,0.8704453441295547,0.9606481481481481,0.0013149458737377773
top,handcrafted,random_forest,exp_20260727,0,2,13,240,96,0.24482729198643938,0.9194444444444445,0.9032149658339867,0.96875,0.0009402849017380538
top,handcrafted,rbf_svm,exp_20260727,0,2,13,240,96,0.008753750007599592,0.9083333333333333,0.8832762241627059,0.9490740740740741,0.0011531329232175437
top,handcrafted,hist_gradient_boosting,exp_20260727,0,2,13,240,96,2.1899784580164123,0.8888888888888888,0.8888888888888888,0.9703703703703703,0.0012339343714296545
top,handcrafted,mlp,exp_20260727,0,2,13,240,96,0.04090529200038873,0.8416666666666667,0.8015449896638016,0.9583333333333333,0.002509871709907646
top,handcrafted,logistic,exp_20260727,0,4,25,480,96,0.017129583982750773,0.9111111111111111,0.8928571428571428,0.9601851851851853,0.0010251276508065528
top,handcrafted,random_forest,exp_20260727,0,4,25,480,96,0.25206804199842736,0.9194444444444445,0.9032149658339867,0.9435185185185184,0.0009402849017380538
top,handcrafted,rbf_svm,exp_20260727,0,4,25,480,96,0.012139541999204084,0.9166666666666667,0.893569844789357,0.9310185185185186,0.0009936958520079032
top,handcrafted,hist_gradient_boosting,exp_20260727,0,4,25,480,96,4.724918207997689,0.9138888888888889,0.9024280067758328,0.9555555555555556,0.000976858153620772
top,handcrafted,mlp,exp_20260727,0,4,25,480,96,0.04691945799277164,0.8666666666666667,0.8321678321678322,0.9606481481481481,0.001938046347252726
top,handcrafted,logistic,exp_20260727,0,6,28,540,96,0.018697291990974918,0.9111111111111111,0.8928571428571428,0.9606481481481481,0.0010251276508065528
top,handcrafted,random_forest,exp_20260727,0,6,28,540,96,0.24790362498606555,0.9194444444444445,0.9032149658339867,0.9444444444444445,0.0009402849017380538
top,handcrafted,rbf_svm,exp_20260727,0,6,28,540,96,0.011988000012934208,0.9166666666666667,0.893569844789357,0.9273148148148148,0.0009936958520079032
top,handcrafted,hist_gradient_boosting,exp_20260727,0,6,28,540,96,5.645345916971564,0.9138888888888889,0.9024280067758328,0.9546296296296297,0.0009846511345414995
top,handcrafted,mlp,exp_20260727,0,6,28,540,96,0.046951291005825624,0.8666666666666667,0.8321678321678322,0.962037037037037,0.001938046347252726
top,handcrafted,logistic,exp_20260727,0,8,30,588,96,0.01407862498308532,0.925,0.9039039039039038,0.9495370370370371,0.0008730975026837629
top,handcrafted,random_forest,exp_20260727,0,8,30,588,96,0.2160444580076728,0.9333333333333333,0.9142857142857144,0.9504629629629628,0.000788254753615264
top,handcrafted,rbf_svm,exp_20260727,0,8,30,588,96,0.010327416006475687,0.9166666666666667,0.893569844789357,0.9263888888888889,0.0009936958520079032
top,handcrafted,hist_gradient_boosting,exp_20260727,0,8,30,588,96,4.00657370800036,0.9138888888888889,0.9024280067758328,0.9439814814814814,0.000976858153620772
top,handcrafted,mlp,exp_20260727,0,8,30,588,96,0.053370875015389174,0.8833333333333333,0.8525669153137341,0.9680555555555556,0.001566960705874306
top,handcrafted,logistic,exp_20260727,0,10,40,792,96,0.014268250000895932,0.925,0.9039039039039038,0.950462962962963,0.0008730975026837629
top,handcrafted,random_forest,exp_20260727,0,10,40,792,96,0.21570358399185352,0.9194444444444445,0.9032149658339867,0.950462962962963,0.0009402849017380538
top,handcrafted,rbf_svm,exp_20260727,0,10,40,792,96,0.01142212498234585,0.9166666666666667,0.893569844789357,0.937962962962963,0.0009936958520079032
top,handcrafted,hist_gradient_boosting,exp_20260727,0,10,40,792,96,5.747497208009008,0.8999999999999999,0.8911070780399275,0.9578703703703704,0.0011261326296435352
top,handcrafted,mlp,exp_20260727,0,10,40,792,96,0.07680425001308322,0.925,0.9039039039039038,0.9694444444444444,0.0008730975026837629
top,handcrafted,logistic,exp_20260727,1,2,12,228,96,0.015354999981354922,0.9111111111111111,0.8928571428571428,0.9560185185185185,0.0010199891647115834
top,handcrafted,random_forest,exp_20260727,1,2,12,228,96,0.21638879101374187,0.9055555555555556,0.8920377867746289,0.9627314814814815,0.0010796433622846616
top,handcrafted,rbf_svm,exp_20260727,1,2,12,228,96,0.01125012501142919,0.9083333333333333,0.8832762241627059,0.9300925925925926,0.0011531329232175437
top,handcrafted,hist_gradient_boosting,exp_20260727,1,2,12,228,96,1.2774348750244826,0.8999999999999999,0.8911070780399275,0.9675925925925926,0.0011262643081313278
top,handcrafted,mlp,exp_20260727,1,2,12,228,96,0.056688499986194074,0.9,0.873015873015873,0.9699074074074073,0.001240007544292276
top,handcrafted,logistic,exp_20260727,1,4,14,276,96,0.011370624997653067,0.925,0.9039039039039038,0.9601851851851853,0.0008730975026837629
top,handcrafted,random_forest,exp_20260727,1,4,14,276,96,0.18606612499570474,0.9277777777777778,0.9136302294197032,0.9636574074074074,0.0008416140765788774
top,handcrafted,rbf_svm,exp_20260727,1,4,14,276,96,0.0072319169994443655,0.9083333333333333,0.8832762241627059,0.9074074074074074,0.0011531329232175437
top,handcrafted,hist_gradient_boosting,exp_20260727,1,4,14,276,96,2.1676555829762947,0.9083333333333333,0.9015384615384616,0.9652777777777778,0.0010402651705483336
top,handcrafted,mlp,exp_20260727,1,4,14,276,96,0.04362566699273884,0.8833333333333333,0.8525669153137341,0.9685185185185184,0.001566960705874306
top,handcrafted,logistic,exp_20260727,1,6,25,492,96,0.014816125010838732,0.8833333333333333,0.8704453441295547,0.9606481481481481,0.0013149458737377773
top,handcrafted,random_forest,exp_20260727,1,6,25,492,96,0.20821887502097525,0.9194444444444445,0.9032149658339867,0.9664351851851851,0.0009402849017380538
top,handcrafted,rbf_svm,exp_20260727,1,6,25,492,96,0.008650000003399327,0.9166666666666667,0.893569844789357,0.9601851851851853,0.0009936958520079032
top,handcrafted,hist_gradient_boosting,exp_20260727,1,6,25,492,96,3.953908791008871,0.8944444444444444,0.8900595510765003,0.9731481481481481,0.0011899125046761806
top,handcrafted,mlp,exp_20260727,1,6,25,492,96,0.05142941698431969,0.8833333333333333,0.8525669153137341,0.9666666666666667,0.001566960705874306
top,handcrafted,logistic,exp_20260727,1,8,32,636,96,0.013716207991819829,0.9333333333333333,0.9142857142857144,0.9560185185185186,0.000788254753615264
top,handcrafted,random_forest,exp_20260727,1,8,32,636,96,0.2728892500163056,0.9333333333333333,0.9142857142857144,0.9680555555555556,0.000788254753615264
top,handcrafted,rbf_svm,exp_20260727,1,8,32,636,96,0.010001415997976437,0.9166666666666667,0.893569844789357,0.950925925925926,0.0009936958520079032
top,handcrafted,hist_gradient_boosting,exp_20260727,1,8,32,636,96,5.303931958012981,0.9194444444444445,0.9032149658339867,0.9560185185185186,0.0009402849017380538
top,handcrafted,mlp,exp_20260727,1,8,32,636,96,0.06022449998999946,0.9166666666666667,0.893569844789357,0.9675925925925926,0.0009936958520079032
top,handcrafted,logistic,exp_20260727,2,2,3,60,96,0.011272207979345694,0.9166666666666667,0.893569844789357,0.9634259259259259,0.0009936958520079032
top,handcrafted,random_forest,exp_20260727,2,2,3,60,96,0.1938758339965716,0.9083333333333333,0.8832762241627059,0.9256944444444444,0.0011531329232175437
top,handcrafted,rbf_svm,exp_20260727,2,2,3,60,96,0.0060577080002985895,0.9333333333333333,0.9142857142857144,0.9412037037037038,0.000788254753615264
top,handcrafted,hist_gradient_boosting,exp_20260727,2,2,3,60,96,0.19737874998827465,0.9083333333333333,0.8832762241627059,0.9083333333333333,0.0011531329232175437
top,handcrafted,mlp,exp_20260727,2,2,3,60,96,0.02842116600368172,0.725,0.6532019704433498,0.9606481481481481,0.005561411645655268
top,handcrafted,logistic,exp_20260727,2,4,15,288,96,0.01209225002094172,0.925,0.9039039039039038,0.9675925925925926,0.0008730975026837629
top,handcrafted,random_forest,exp_20260727,2,4,15,288,96,0.21492779202526435,0.9194444444444445,0.9032149658339867,0.9520833333333334,0.0009276132141618718
top,handcrafted,rbf_svm,exp_20260727,2,4,15,288,96,0.01191124998149462,0.9166666666666667,0.893569844789357,0.9259259259259259,0.0009936958520079032
top,handcrafted,hist_gradient_boosting,exp_20260727,2,4,15,288,96,2.3701837499975227,0.9138888888888889,0.9024280067758328,0.9671296296296297,0.0009984217540828534
top,handcrafted,mlp,exp_20260727,2,4,15,288,96,0.04856220801593736,0.875,0.8423645320197044,0.9680555555555556,0.0018158366254085725
top,handcrafted,logistic,exp_20260727,2,6,20,408,96,0.03234487501322292,0.9333333333333333,0.9142857142857144,0.9685185185185186,0.000788254753615264
top,handcrafted,random_forest,exp_20260727,2,6,20,408,96,0.21348462501191534,0.9138888888888889,0.9024280067758328,0.9599537037037038,0.0010217293700156222
top,handcrafted,rbf_svm,exp_20260727,2,6,20,408,96,0.007843250001315027,0.9166666666666667,0.893569844789357,0.9361111111111111,0.0009936958520079032
top,handcrafted,hist_gradient_boosting,exp_20260727,2,6,20,408,96,3.7773719579854514,0.8999999999999999,0.8911070780399275,0.9583333333333333,0.001119023915777075
top,handcrafted,mlp,exp_20260727,2,6,20,408,96,0.06321737499092706,0.9083333333333333,0.8832762241627059,0.9708333333333333,0.0011531329232175437
top,handcrafted,logistic,exp_20260727,2,8,27,552,96,0.019003249995876104,0.9333333333333333,0.9142857142857144,0.9555555555555556,0.000788254753615264
top,handcrafted,random_forest,exp_20260727,2,8,27,552,96,0.2147432089841459,0.9333333333333333,0.9142857142857144,0.9662037037037037,0.000788254753615264
top,handcrafted,rbf_svm,exp_20260727,2,8,27,552,96,0.016985416994430125,0.9166666666666667,0.893569844789357,0.9236111111111112,0.0009936958520079032
top,handcrafted,hist_gradient_boosting,exp_20260727,2,8,27,552,96,5.057237792003434,0.9333333333333333,0.9142857142857144,0.9555555555555556,0.000788254753615264
top,handcrafted,mlp,exp_20260727,2,8,27,552,96,0.053197207977063954,0.8833333333333333,0.8525669153137341,0.9685185185185186,0.001566960705874306
top,handcrafted,logistic,exp_20260728,0,2,5,120,120,0.00976412501768209,0.8819444444444444,0.8858898398068905,0.9594907407407408,0.0013592884851303252
top,handcrafted,random_forest,exp_20260728,0,2,5,120,120,0.1615020830067806,0.8506944444444444,0.8577777777777778,0.966869212962963,0.001907849651012442
top,handcrafted,rbf_svm,exp_20260728,0,2,5,120,120,0.005944250005995855,0.9027777777777778,0.9041742286751361,0.9568865740740741,0.0011000097067208705
top,handcrafted,hist_gradient_boosting,exp_20260728,0,2,5,120,120,0.3432210829923861,0.8090277777777778,0.8187858652974932,0.9499421296296297,0.0027606118431029534
top,handcrafted,mlp,exp_20260728,0,2,5,120,120,0.024569083005189896,0.9305555555555556,0.9155167558434244,0.9522569444444444,0.0008893504608359525
top,handcrafted,logistic,exp_20260728,0,4,7,168,120,0.010024375020293519,0.9548611111111112,0.9485714285714286,0.9574652777777778,0.0005100668776764697
top,handcrafted,random_forest,exp_20260728,0,4,7,168,120,0.17665604202193208,0.8506944444444444,0.8577777777777778,0.9578993055555556,0.002033522397743624
top,handcrafted,rbf_svm,exp_20260728,0,4,7,168,120,0.005969499994534999,0.9652777777777778,0.9572619132416839,0.9534143518518519,0.00039383945755213875
top,handcrafted,hist_gradient_boosting,exp_20260728,0,4,7,168,120,0.5164725840149913,0.8090277777777778,0.8187858652974932,0.9447337962962963,0.0027606118431029534
top,handcrafted,mlp,exp_20260728,0,4,7,168,120,0.1304752090072725,0.9513888888888888,0.9404719722202537,0.9490740740740741,0.0005658650804178822
top,handcrafted,logistic,exp_20260728,0,6,15,324,120,0.04003691699472256,0.9548611111111112,0.9485714285714286,0.9600694444444444,0.0004989227422209062
top,handcrafted,random_forest,exp_20260728,0,6,15,324,120,0.2752319580176845,0.9652777777777778,0.9572619132416839,0.9700520833333333,0.00039383945755213875
top,handcrafted,rbf_svm,exp_20260728,0,6,15,324,120,0.006589791999431327,0.9652777777777778,0.9572619132416839,0.9415509259259259,0.00039383945755213875
top,handcrafted,hist_gradient_boosting,exp_20260728,0,6,15,324,120,1.664068625017535,0.9444444444444444,0.9398237696110037,0.9542824074074074,0.0007854024879087079
top,handcrafted,mlp,exp_20260728,0,6,15,324,120,0.07079562498256564,0.9513888888888888,0.9404719722202537,0.9502314814814815,0.0005658650804178822
top,handcrafted,logistic,exp_20260728,0,8,27,540,120,0.0575493749929592,0.9652777777777778,0.9572619132416839,0.9548611111111112,0.00039383945755213875
top,handcrafted,random_forest,exp_20260728,0,8,27,540,120,0.3724120000260882,0.9652777777777778,0.9572619132416839,0.9633969907407407,0.00039383945755213875
top,handcrafted,rbf_svm,exp_20260728,0,8,27,540,120,0.008729749999474734,0.9652777777777778,0.9572619132416839,0.9493634259259259,0.00039383945755213875
top,handcrafted,hist_gradient_boosting,exp_20260728,0,8,27,540,120,2.596424916991964,0.9548611111111112,0.9485714285714286,0.9661458333333334,0.0006343279855990586
top,handcrafted,mlp,exp_20260728,0,8,27,540,120,0.04974320798646659,0.9652777777777778,0.9572619132416839,0.9499421296296297,0.00039383945755213875
top,handcrafted,logistic,exp_20260728,0,10,39,768,120,0.012226457998622209,0.9652777777777778,0.9572619132416839,0.9548611111111112,0.00039383945755213875
top,handcrafted,random_forest,exp_20260728,0,10,39,768,120,0.19069541699718684,0.9652777777777778,0.9572619132416839,0.9609375,0.00039383945755213875
top,handcrafted,rbf_svm,exp_20260728,0,10,39,768,120,0.010613292019115761,0.9652777777777778,0.9572619132416839,0.955150462962963,0.00039383945755213875
top,handcrafted,hist_gradient_boosting,exp_20260728,0,10,39,768,120,4.821556084003532,0.9340277777777778,0.9310146593848807,0.9675925925925926,0.0010474563039711972
top,handcrafted,mlp,exp_20260728,0,10,39,768,120,0.07053083399659954,0.9652777777777778,0.9572619132416839,0.9537037037037037,0.00039383945755213875
top,handcrafted,logistic,exp_20260728,1,2,10,204,120,0.011944458005018532,0.7465277777777778,0.7562500000000001,0.9565972222222222,0.004256176423728602
top,handcrafted,random_forest,exp_20260728,1,2,10,204,120,0.17102679100935347,0.7986111111111112,0.8087286527514231,0.959056712962963,0.0030176950090553666
top,handcrafted,rbf_svm,exp_20260728,1,2,10,204,120,0.0058101250033359975,0.7986111111111112,0.8087286527514231,0.9565972222222222,0.002929662298085985
top,handcrafted,hist_gradient_boosting,exp_20260728,1,2,10,204,120,1.4573977079999167,0.7881944444444444,0.7985347985347986,0.9427083333333333,0.003258183537102286
top,handcrafted,mlp,exp_20260728,1,2,10,204,120,0.026336792012443766,0.9375,0.9238095238095239,0.9444444444444444,0.0007779816069668824
top,handcrafted,logistic,exp_20260728,1,4,17,348,120,0.012539625022327527,0.9444444444444444,0.9398237696110037,0.9620949074074074,0.0006040486398418247
top,handcrafted,random_forest,exp_20260728,1,4,17,348,120,0.19639258299139328,0.9548611111111112,0.9485714285714286,0.9693287037037037,0.0004989227422209062
top,handcrafted,rbf_svm,exp_20260728,1,4,17,348,120,0.009849708003457636,0.9652777777777778,0.9572619132416839,0.951388888888889,0.00039383945755213875
top,handcrafted,hist_gradient_boosting,exp_20260728,1,4,17,348,120,2.9918006249936298,0.9444444444444444,0.9398237696110037,0.9658564814814815,0.0007854024879087079
top,handcrafted,mlp,exp_20260728,1,4,17,348,120,0.057409999979427084,0.9583333333333333,0.948849104859335,0.953125,0.0004908741424368117
top,handcrafted,logistic,exp_20260728,1,6,23,468,120,0.013391624990617856,0.9236111111111112,0.9221397159541489,0.9594907407407408,0.0008677945997514506
top,handcrafted,random_forest,exp_20260728,1,6,23,468,120,0.19738808402325958,0.9548611111111112,0.9485714285714286,0.9618055555555555,0.0004989227422209062
top,handcrafted,rbf_svm,exp_20260728,1,6,23,468,120,0.013209708995418623,0.9548611111111112,0.9485714285714286,0.9545717592592593,0.0004989227422209062
top,handcrafted,hist_gradient_boosting,exp_20260728,1,6,23,468,120,4.18438975000754,0.9236111111111112,0.9221397159541489,0.9728009259259259,0.0012636743731778124
top,handcrafted,mlp,exp_20260728,1,6,23,468,120,0.07898845800082199,0.9652777777777778,0.9572619132416839,0.953125,0.00039383945755213875
top,handcrafted,logistic,exp_20260728,1,8,31,612,120,0.014449749985942617,0.9652777777777778,0.9572619132416839,0.9548611111111112,0.00039383945755213875
top,handcrafted,random_forest,exp_20260728,1,8,31,612,120,0.20911633301875554,0.9652777777777778,0.9572619132416839,0.9662905092592593,0.00039383945755213875
top,handcrafted,rbf_svm,exp_20260728,1,8,31,612,120,0.012261082971235737,0.9652777777777778,0.9572619132416839,0.9493634259259259,0.00039383945755213875
top,handcrafted,hist_gradient_boosting,exp_20260728,1,8,31,612,120,4.909875999990618,0.9548611111111112,0.9485714285714286,0.9696180555555556,0.0006343279855990586
top,handcrafted,mlp,exp_20260728,1,8,31,612,120,0.07722149998880923,0.9652777777777778,0.9572619132416839,0.9519675925925927,0.00039383945755213875
top,handcrafted,logistic,exp_20260728,2,2,11,216,120,0.015050707996124402,0.9548611111111112,0.9485714285714286,0.9557291666666667,0.0004998472600250634
top,handcrafted,random_forest,exp_20260728,2,2,11,216,120,0.46791870798915625,0.9340277777777778,0.9310146593848807,0.9657118055555556,0.0011647705796874294
top,handcrafted,rbf_svm,exp_20260728,2,2,11,216,120,0.012026709009660408,0.9652777777777778,0.9572619132416839,0.9594907407407408,0.00039383945755213875
top,handcrafted,hist_gradient_boosting,exp_20260728,2,2,11,216,120,1.2973650839994662,0.8715277777777778,0.8766157461809636,0.9632523148148149,0.0021917046336548153
top,handcrafted,mlp,exp_20260728,2,2,11,216,120,0.029392166004981846,0.9236111111111112,0.9072447473824748,0.9401041666666666,0.0009867260757604438
top,handcrafted,logistic,exp_20260728,2,4,13,264,120,0.013091875007376075,0.9444444444444444,0.9398237696110037,0.955150462962963,0.0006049731576459821
top,handcrafted,random_forest,exp_20260728,2,4,13,264,120,0.1881708750152029,0.9340277777777778,0.9310146593848807,0.9612268518518519,0.0011213103033518787
top,handcrafted,rbf_svm,exp_20260728,2,4,13,264,120,0.008599916996899992,0.9652777777777778,0.9572619132416839,0.9577546296296297,0.00039383945755213875
top,handcrafted,hist_gradient_boosting,exp_20260728,2,4,13,264,120,2.5388947500032373,0.8993055555555556,0.9034452490673689,0.9644097222222222,0.001917151158024077
top,handcrafted,mlp,exp_20260728,2,4,13,264,120,0.04199958298704587,0.9652777777777778,0.9572619132416839,0.9424189814814815,0.00039383945755213875
top,handcrafted,logistic,exp_20260728,2,6,21,408,120,0.013135707995388657,0.9444444444444444,0.9398237696110037,0.955150462962963,0.0006049731576459821
top,handcrafted,random_forest,exp_20260728,2,6,21,408,120,0.3760262079886161,0.9236111111111112,0.9221397159541489,0.9619502314814814,0.0013617988313987988
top,handcrafted,rbf_svm,exp_20260728,2,6,21,408,120,0.028235667006811127,0.9652777777777778,0.9572619132416839,0.9574652777777778,0.00039383945755213875
top,handcrafted,hist_gradient_boosting,exp_20260728,2,6,21,408,120,4.563845374999801,0.8923611111111112,0.8950743223549986,0.9626736111111112,0.0020283337169288047
top,handcrafted,mlp,exp_20260728,2,6,21,408,120,0.06698412500554696,0.9652777777777778,0.9572619132416839,0.9528356481481481,0.00039383945755213875
top,handcrafted,logistic,exp_20260728,2,8,29,552,120,0.03417295799590647,0.9652777777777778,0.9572619132416839,0.9560185185185186,0.00039383945755213875
top,handcrafted,random_forest,exp_20260728,2,8,29,552,120,0.6889791249996051,0.9548611111111112,0.9485714285714286,0.9644097222222222,0.0006343279855990586
top,handcrafted,rbf_svm,exp_20260728,2,8,29,552,120,0.01466458398499526,0.9652777777777778,0.9572619132416839,0.9583333333333334,0.00039383945755213875
top,handcrafted,hist_gradient_boosting,exp_20260728,2,8,29,552,120,5.6044500839780085,0.9305555555555556,0.9305555555555556,0.9675925925925927,0.0012744657456264994
top,handcrafted,mlp,exp_20260728,2,8,29,552,120,0.06083779199980199,0.9652777777777778,0.9572619132416839,0.951388888888889,0.00039383945755213875
top,handcrafted,logistic,exp_20260729,0,2,8,144,120,0.01502520899521187,0.9375,0.9238095238095239,0.9354745370370371,0.0014014032742416832
top,handcrafted,random_forest,exp_20260729,0,2,8,144,120,0.20223925000755116,0.9375,0.9238095238095239,0.9419849537037037,0.0014014032742416832
top,handcrafted,rbf_svm,exp_20260729,0,2,8,144,120,0.010919374995864928,0.9305555555555556,0.9155167558434244,0.9224537037037037,0.0015251326206994994
top,handcrafted,hist_gradient_boosting,exp_20260729,0,2,8,144,120,1.233136333990842,0.9375,0.9238095238095239,0.9388020833333334,0.0014014032742416832
top,handcrafted,mlp,exp_20260729,0,2,8,144,120,0.0846951249986887,0.8263888888888888,0.7916521980693103,0.9487847222222222,0.0029939825594057657
top,handcrafted,logistic,exp_20260729,0,4,11,204,120,0.0737113329814747,0.9375,0.9238095238095239,0.9348958333333334,0.0014014032742416832
top,handcrafted,random_forest,exp_20260729,0,4,11,204,120,0.4771804169868119,0.9375,0.9238095238095239,0.9409722222222223,0.0014014032742416832
top,handcrafted,rbf_svm,exp_20260729,0,4,11,204,120,0.011972792010055855,0.9375,0.9238095238095239,0.9360532407407407,0.0014014032742416832
top,handcrafted,hist_gradient_boosting,exp_20260729,0,4,11,204,120,1.1623053329822142,0.9375,0.9238095238095239,0.9363425925925926,0.0014014032742416832
top,handcrafted,mlp,exp_20260729,0,4,11,204,120,0.038846459006890655,0.9097222222222222,0.8907486518663772,0.9484953703703703,0.0017416998316031765
top,handcrafted,logistic,exp_20260729,0,6,23,432,120,0.013405041012447327,0.9375,0.9238095238095239,0.9386574074074074,0.0014014032742416832
top,handcrafted,random_forest,exp_20260729,0,6,23,432,120,0.20051283400971442,0.9270833333333333,0.9151583710407241,0.9419849537037037,0.0017603838283453317
top,handcrafted,rbf_svm,exp_20260729,0,6,23,432,120,0.00929233300848864,0.9375,0.9238095238095239,0.9398148148148148,0.0014014032742416832
top,handcrafted,hist_gradient_boosting,exp_20260729,0,6,23,432,120,5.0155060830002185,0.9027777777777777,0.8971428571428571,0.9560185185185185,0.002479691567833362
top,handcrafted,mlp,exp_20260729,0,6,23,432,120,0.05835570898489095,0.9375,0.9238095238095239,0.9487847222222222,0.0014014032742416832
top,handcrafted,logistic,exp_20260729,0,8,33,648,120,0.014261083008022979,0.9375,0.9238095238095239,0.9476273148148149,0.0014014032742416832
top,handcrafted,random_forest,exp_20260729,0,8,33,648,120,0.20739454199792817,0.9375,0.9238095238095239,0.9450231481481483,0.0014014032742416832
top,handcrafted,rbf_svm,exp_20260729,0,8,33,648,120,0.010809291998157278,0.9375,0.9238095238095239,0.9427083333333333,0.0014014032742416832
top,handcrafted,hist_gradient_boosting,exp_20260729,0,8,33,648,120,7.207280665985309,0.9444444444444444,0.9321266968325792,0.9713541666666666,0.0012540749546807405
top,handcrafted,mlp,exp_20260729,0,8,33,648,120,0.06020274999900721,0.9305555555555556,0.9155167558434244,0.9479166666666666,0.0015251326206994994
top,handcrafted,logistic,exp_20260729,0,10,39,768,120,0.021540457993978634,0.9375,0.9238095238095239,0.943287037037037,0.0014014032742416832
top,handcrafted,random_forest,exp_20260729,0,10,39,768,120,0.2528142080118414,0.9375,0.9238095238095239,0.9477719907407407,0.0014014032742416832
top,handcrafted,rbf_svm,exp_20260729,0,10,39,768,120,0.019096333999186754,0.9375,0.9238095238095239,0.9366319444444444,0.0014014032742416832
top,handcrafted,hist_gradient_boosting,exp_20260729,0,10,39,768,120,8.57109529201989,0.9375,0.9238095238095239,0.9675925925925926,0.0014014032742416832
top,handcrafted,mlp,exp_20260729,0,10,39,768,120,0.11441891599679366,0.9444444444444444,0.9321266968325792,0.9453125,0.0013012106282449855
top,handcrafted,logistic,exp_20260729,1,2,3,60,120,0.011067874991567805,0.9375,0.9238095238095239,0.9421296296296297,0.0014014032742416832
top,handcrafted,random_forest,exp_20260729,1,2,3,60,120,0.1622081670211628,0.9375,0.9238095238095239,0.9535590277777778,0.0014014032742416832
top,handcrafted,rbf_svm,exp_20260729,1,2,3,60,120,0.005774165998445824,0.9340277777777777,0.9234639642831833,0.9482060185185185,0.0014063382181724235
top,handcrafted,hist_gradient_boosting,exp_20260729,1,2,3,60,120,0.332617542007938,0.9305555555555556,0.9155167558434244,0.9305555555555556,0.0015251326206994994
top,handcrafted,mlp,exp_20260729,1,2,3,60,120,0.06610858300700784,0.9236111111111112,0.9072447473824748,0.9415509259259258,0.001619421981849284
top,handcrafted,logistic,exp_20260729,1,4,9,180,120,0.03089379201992415,0.8645833333333333,0.8683344305464121,0.943287037037037,0.0023166160818389476
top,handcrafted,random_forest,exp_20260729,1,4,9,180,120,0.2287275000126101,0.8993055555555556,0.8965219890773211,0.9440104166666666,0.001893648363308883
top,handcrafted,rbf_svm,exp_20260729,1,4,9,180,120,0.0059737499977927655,0.9097222222222222,0.9054373522458629,0.943287037037037,0.00177918912508077
top,handcrafted,hist_gradient_boosting,exp_20260729,1,4,9,180,120,0.7234754580131266,0.7986111111111112,0.8087286527514231,0.9444444444444444,0.0035217946997142596
top,handcrafted,mlp,exp_20260729,1,4,9,180,120,0.02792770799715072,0.9305555555555556,0.9155167558434244,0.9516782407407407,0.001495692635391468
top,handcrafted,logistic,exp_20260729,1,6,21,420,120,0.012889917008578777,0.9375,0.9238095238095239,0.9502314814814814,0.0014014032742416832
top,handcrafted,random_forest,exp_20260729,1,6,21,420,120,0.2024308749823831,0.9375,0.9238095238095239,0.9537037037037037,0.0014014032742416832
top,handcrafted,rbf_svm,exp_20260729,1,6,21,420,120,0.00868095800979063,0.9375,0.9238095238095239,0.9348958333333333,0.0014014032742416832
top,handcrafted,hist_gradient_boosting,exp_20260729,1,6,21,420,120,2.806825540988939,0.9513888888888888,0.9404719722202537,0.9646990740740741,0.0011538823086840425
top,handcrafted,mlp,exp_20260729,1,6,21,420,120,0.11435975000495091,0.9375,0.9238095238095239,0.9473379629629629,0.0014014032742416832
top,handcrafted,logistic,exp_20260729,1,8,28,552,120,0.036729709012433887,0.9375,0.9238095238095239,0.9444444444444444,0.0014014032742416832
top,handcrafted,random_forest,exp_20260729,1,8,28,552,120,0.319791832996998,0.9375,0.9238095238095239,0.9495081018518519,0.0014014032742416832
top,handcrafted,rbf_svm,exp_20260729,1,8,28,552,120,0.010489291977137327,0.9375,0.9238095238095239,0.9348958333333333,0.0014014032742416832
top,handcrafted,hist_gradient_boosting,exp_20260729,1,8,28,552,120,3.574157416995149,0.9444444444444444,0.9321266968325792,0.9673032407407407,0.0013012106282449855
top,handcrafted,mlp,exp_20260729,1,8,28,552,120,0.11508604200207628,0.9375,0.9238095238095239,0.9473379629629629,0.0014014032742416832
top,handcrafted,logistic,exp_20260729,2,2,13,240,120,0.03357462500571273,0.9375,0.9238095238095239,0.9499421296296297,0.0014014032742416832
top,handcrafted,random_forest,exp_20260729,2,2,13,240,120,0.36381145898485556,0.9375,0.9238095238095239,0.9272280092592593,0.0014014032742416832
top,handcrafted,rbf_svm,exp_20260729,2,2,13,240,120,0.007654584012925625,0.9375,0.9238095238095239,0.9267939814814815,0.0014014032742416832
top,handcrafted,hist_gradient_boosting,exp_20260729,2,2,13,240,120,0.8110618339851499,0.9375,0.9238095238095239,0.9372106481481481,0.0014014032742416832
top,handcrafted,mlp,exp_20260729,2,2,13,240,120,0.04058762500062585,0.9097222222222222,0.8907486518663772,0.9380787037037036,0.0017416998316031765
top,handcrafted,logistic,exp_20260729,2,4,18,360,120,0.01089237502310425,0.9375,0.9238095238095239,0.9401041666666666,0.0014014032742416832
top,handcrafted,random_forest,exp_20260729,2,4,18,360,120,0.18329783299122937,0.9375,0.9238095238095239,0.9361979166666666,0.0014014032742416832
top,handcrafted,rbf_svm,exp_20260729,2,4,18,360,120,0.007018625008640811,0.9375,0.9238095238095239,0.921875,0.0014014032742416832
top,handcrafted,hist_gradient_boosting,exp_20260729,2,4,18,360,120,2.552087957999902,0.9375,0.9238095238095239,0.9273726851851852,0.0014014032742416832
top,handcrafted,mlp,exp_20260729,2,4,18,360,120,0.04373220799607225,0.9166666666666667,0.898989898989899,0.9444444444444444,0.0016691833880133782
top,handcrafted,logistic,exp_20260729,2,6,25,492,120,0.013703083008294925,0.9375,0.9238095238095239,0.9372106481481481,0.0014014032742416832
top,handcrafted,random_forest,exp_20260729,2,6,25,492,120,0.19394654099596664,0.9375,0.9238095238095239,0.9379340277777778,0.0014014032742416832
top,handcrafted,rbf_svm,exp_20260729,2,6,25,492,120,0.008381459017982706,0.9375,0.9238095238095239,0.9111689814814814,0.0014014032742416832
top,handcrafted,hist_gradient_boosting,exp_20260729,2,6,25,492,120,3.31671491599991,0.9270833333333333,0.9151583710407241,0.9563078703703703,0.0016601669749545733
top,handcrafted,mlp,exp_20260729,2,6,25,492,120,0.05115029102307744,0.9305555555555556,0.9155167558434244,0.9461805555555555,0.0015251326206994994
top,handcrafted,logistic,exp_20260729,2,8,32,624,120,0.01389208299224265,0.9375,0.9238095238095239,0.9398148148148148,0.0014014032742416832
top,handcrafted,random_forest,exp_20260729,2,8,32,624,120,0.20049841600121,0.9375,0.9238095238095239,0.9386574074074074,0.0014014032742416832
top,handcrafted,rbf_svm,exp_20260729,2,8,32,624,120,0.009954209002899006,0.9375,0.9238095238095239,0.9074074074074073,0.0014014032742416832
top,handcrafted,hist_gradient_boosting,exp_20260729,2,8,32,624,120,3.4296296249958687,0.9375,0.9238095238095239,0.9545717592592593,0.0014014032742416832
top,handcrafted,mlp,exp_20260729,2,8,32,624,120,0.054725624999264255,0.9375,0.9238095238095239,0.9467592592592592,0.0014014032742416832
top,handcrafted,logistic,exp_20260730,0,2,7,132,120,0.010885832976782694,0.8194444444444444,0.8183260038930142,0.9282407407407407,0.003740769966686551
top,handcrafted,random_forest,exp_20260730,0,2,7,132,120,0.17130416698637418,0.8298611111111112,0.8214159166607611,0.9079861111111112,0.003443998805839542
top,handcrafted,rbf_svm,exp_20260730,0,2,7,132,120,0.005255041993223131,0.8090277777777777,0.8141455859576665,0.9282407407407407,0.003908595119965465
top,handcrafted,hist_gradient_boosting,exp_20260730,0,2,7,132,120,0.23362600000109524,0.8090277777777778,0.8034048009117458,0.8090277777777778,0.0038839484173162023
top,handcrafted,mlp,exp_20260730,0,2,7,132,120,0.038864500005729496,0.8819444444444444,0.8578496272036792,0.9256365740740741,0.0030190336602429323
top,handcrafted,logistic,exp_20260730,0,4,13,264,120,0.009887416003039107,0.8263888888888888,0.8263888888888888,0.9308449074074074,0.0036286947714424637
top,handcrafted,random_forest,exp_20260730,0,4,13,264,120,0.18468841598951258,0.8159722222222223,0.8170598911070781,0.9129050925925927,0.0036011536126059063
top,handcrafted,rbf_svm,exp_20260730,0,4,13,264,120,0.007187167007941753,0.8194444444444444,0.8183260038930142,0.9302662037037037,0.003740769966686551
top,handcrafted,hist_gradient_boosting,exp_20260730,0,4,13,264,120,1.5377233330218587,0.7986111111111112,0.7996370235934664,0.8935185185185185,0.004221616856340679
top,handcrafted,mlp,exp_20260730,0,4,13,264,120,0.03732008297811262,0.8819444444444444,0.8578496272036792,0.9256365740740741,0.0030190336602429323
top,handcrafted,logistic,exp_20260730,0,6,20,408,120,0.013099375006277114,0.8472222222222222,0.8316498316498316,0.9291087962962963,0.0034321660548662864
top,handcrafted,random_forest,exp_20260730,0,6,20,408,120,0.18928937500459142,0.8472222222222222,0.8316498316498316,0.9153645833333334,0.0034165205244373227
top,handcrafted,rbf_svm,exp_20260730,0,6,20,408,120,0.006776583002647385,0.8888888888888888,0.8660714285714286,0.8810763888888888,0.0027711139859976355
top,handcrafted,hist_gradient_boosting,exp_20260730,0,6,20,408,120,2.592979875014862,0.7847222222222222,0.7837214332059693,0.8938078703703703,0.005423090831954742
top,handcrafted,mlp,exp_20260730,0,6,20,408,120,0.06494529198971577,0.8819444444444444,0.8578496272036792,0.9267939814814815,0.0030190336602429323
top,handcrafted,logistic,exp_20260730,0,8,28,552,120,0.01423337499727495,0.8888888888888888,0.8660714285714286,0.9279513888888888,0.0027711139859976355
top,handcrafted,random_forest,exp_20260730,0,8,28,552,120,0.23739504200057127,0.8888888888888888,0.8660714285714286,0.9188368055555556,0.0027711139859976355
top,handcrafted,rbf_svm,exp_20260730,0,8,28,552,120,0.020965915988199413,0.8819444444444444,0.8578496272036792,0.8472222222222222,0.0030190336602429323
top,handcrafted,hist_gradient_boosting,exp_20260730,0,8,28,552,120,3.604182665992994,0.84375,0.8310335116868488,0.9152199074074074,0.004141789813057313
top,handcrafted,mlp,exp_20260730,0,8,28,552,120,0.0693740829883609,0.8888888888888888,0.8660714285714286,0.9259259259259259,0.0027711139859976355
top,handcrafted,logistic,exp_20260730,0,10,39,768,120,0.013422290998278186,0.8888888888888888,0.8660714285714286,0.9282407407407407,0.0027711139859976355
top,handcrafted,random_forest,exp_20260730,0,10,39,768,120,0.19427341601112857,0.8784722222222222,0.8575319505552064,0.9354745370370371,0.0028808467953001233
top,handcrafted,rbf_svm,exp_20260730,0,10,39,768,120,0.011760875000618398,0.8819444444444444,0.8578496272036792,0.8362268518518519,0.0030190336602429323
top,handcrafted,hist_gradient_boosting,exp_20260730,0,10,39,768,120,4.056982582987985,0.8576388888888888,0.8472850678733032,0.9409722222222222,0.003603137220437638
top,handcrafted,mlp,exp_20260730,0,10,39,768,120,0.10711425001500174,0.8784722222222222,0.8575319505552064,0.927662037037037,0.0028757325936486383
top,handcrafted,logistic,exp_20260730,1,2,9,192,120,0.013690499996300787,0.7986111111111112,0.8044444444444445,0.933449074074074,0.004302362051717744
top,handcrafted,random_forest,exp_20260730,1,2,9,192,120,0.26182737498311326,0.7673611111111112,0.7777091694967582,0.931712962962963,0.0057149748017051236
top,handcrafted,rbf_svm,exp_20260730,1,2,9,192,120,0.007843750005122274,0.8298611111111112,0.8275366484622018,0.9140625,0.003631194929752537
top,handcrafted,hist_gradient_boosting,exp_20260730,1,2,9,192,120,0.5522817500168458,0.7569444444444444,0.7670626601444211,0.8967013888888888,0.005822586135379597
top,handcrafted,mlp,exp_20260730,1,2,9,192,120,0.030984458979219198,0.875,0.849624060150376,0.9291087962962963,0.0032933618439082908
top,handcrafted,logistic,exp_20260730,1,4,11,240,120,0.011599165998632088,0.8020833333333333,0.8061104582843713,0.9322916666666666,0.003995232935239419
top,handcrafted,random_forest,exp_20260730,1,4,11,240,120,0.19036337500438094,0.7986111111111112,0.8087286527514231,0.9370659722222223,0.004475264985195014
top,handcrafted,rbf_svm,exp_20260730,1,4,11,240,120,0.006228834012290463,0.8298611111111112,0.8275366484622018,0.9267939814814815,0.003631194929752537
top,handcrafted,hist_gradient_boosting,exp_20260730,1,4,11,240,120,0.680977250012802,0.7673611111111112,0.7777091694967582,0.9244791666666666,0.005652572843220262
top,handcrafted,mlp,exp_20260730,1,4,11,240,120,0.027679374994477257,0.875,0.849624060150376,0.9285300925925926,0.0032933618439082908
top,handcrafted,logistic,exp_20260730,1,6,19,384,120,0.011569708003662527,0.8020833333333333,0.8061104582843713,0.9325810185185185,0.003995232935239419
top,handcrafted,random_forest,exp_20260730,1,6,19,384,120,0.30612766699050553,0.8090277777777777,0.8141455859576665,0.9298321759259258,0.004116841157196064
top,handcrafted,rbf_svm,exp_20260730,1,6,19,384,120,0.007448166026733816,0.8298611111111112,0.8275366484622018,0.9175347222222222,0.003631194929752537
top,handcrafted,hist_gradient_boosting,exp_20260730,1,6,19,384,120,2.49549966599443,0.7881944444444444,0.7985347985347986,0.9320023148148149,0.004947735843344148
top,handcrafted,mlp,exp_20260730,1,6,19,384,120,0.056266750005306676,0.8819444444444444,0.8578496272036792,0.927662037037037,0.0030190336602429323
top,handcrafted,logistic,exp_20260730,1,8,31,624,120,0.01370437498553656,0.8784722222222222,0.8575319505552064,0.9296875,0.0028808467953001233
top,handcrafted,random_forest,exp_20260730,1,8,31,624,120,0.21019074998912401,0.8680555555555556,0.848951048951049,0.9291087962962963,0.002985465402951126
top,handcrafted,rbf_svm,exp_20260730,1,8,31,624,120,0.010634333011694252,0.8888888888888888,0.8660714285714286,0.8359375,0.0027711139859976355
top,handcrafted,hist_gradient_boosting,exp_20260730,1,8,31,624,120,4.0529957079852466,0.8020833333333333,0.8061104582843713,0.9256365740740741,0.005443081377810249
top,handcrafted,mlp,exp_20260730,1,8,31,624,120,0.06304070798796602,0.8819444444444444,0.8578496272036792,0.9273726851851852,0.0030190336602429323
top,handcrafted,logistic,exp_20260730,2,2,13,228,120,0.012902458023745567,0.8888888888888888,0.8660714285714286,0.9195601851851852,0.0027711139859976355
top,handcrafted,random_forest,exp_20260730,2,2,13,228,120,0.17598345800070092,0.8888888888888888,0.8660714285714286,0.9081307870370371,0.0027711139859976355
top,handcrafted,rbf_svm,exp_20260730,2,2,13,228,120,0.00611620899871923,0.8819444444444444,0.8578496272036792,0.8796296296296297,0.0030190336602429323
top,handcrafted,hist_gradient_boosting,exp_20260730,2,2,13,228,120,1.0450494170072488,0.8715277777777778,0.8566509732274612,0.9097222222222222,0.002981858381148516
top,handcrafted,mlp,exp_20260730,2,2,13,228,120,0.0708114159933757,0.8784722222222222,0.8575319505552064,0.9291087962962963,0.0028757325936486383
top,handcrafted,logistic,exp_20260730,2,4,16,288,120,0.01334979198873043,0.8888888888888888,0.8660714285714286,0.9212962962962963,0.0027711139859976355
top,handcrafted,random_forest,exp_20260730,2,4,16,288,120,0.17896337498677894,0.8888888888888888,0.8660714285714286,0.9056712962962963,0.0027711139859976355
top,handcrafted,rbf_svm,exp_20260730,2,4,16,288,120,0.006665875000180677,0.8819444444444444,0.8578496272036792,0.875,0.0030190336602429323
top,handcrafted,hist_gradient_boosting,exp_20260730,2,4,16,288,120,1.6408898749796208,0.8819444444444444,0.8653198653198653,0.9108796296296297,0.0028178611150848315
top,handcrafted,mlp,exp_20260730,2,4,16,288,120,0.047513124998658895,0.8888888888888888,0.8660714285714286,0.927951388888889,0.0027711139859976355
top,handcrafted,logistic,exp_20260730,2,6,23,432,120,0.013772709004115313,0.8888888888888888,0.8660714285714286,0.9241898148148149,0.0027711139859976355
top,handcrafted,random_forest,exp_20260730,2,6,23,432,120,0.1905981250165496,0.8888888888888888,0.8660714285714286,0.9056712962962963,0.0027711139859976355
top,handcrafted,rbf_svm,exp_20260730,2,6,23,432,120,0.008449874992948025,0.8819444444444444,0.8578496272036792,0.8370949074074074,0.0030190336602429323
top,handcrafted,hist_gradient_boosting,exp_20260730,2,6,23,432,120,2.429745292000007,0.8888888888888888,0.8660714285714286,0.9192708333333334,0.0027711139859976355
top,handcrafted,mlp,exp_20260730,2,6,23,432,120,0.05703745799837634,0.8819444444444444,0.8578496272036792,0.9265046296296297,0.0030190336602429323
top,handcrafted,logistic,exp_20260730,2,8,33,648,120,0.014464292005868629,0.8888888888888888,0.8660714285714286,0.9169560185185185,0.0027711139859976355
top,handcrafted,random_forest,exp_20260730,2,8,33,648,120,0.19500862498534843,0.8680555555555556,0.848951048951049,0.9241898148148149,0.002985465402951126
top,handcrafted,rbf_svm,exp_20260730,2,8,33,648,120,0.009733584010973573,0.8819444444444444,0.8578496272036792,0.8362268518518519,0.0030190336602429323
top,handcrafted,hist_gradient_boosting,exp_20260730,2,8,33,648,120,3.951526083983481,0.8645833333333333,0.8484848484848485,0.9178240740740741,0.003761386075629893
top,handcrafted,mlp,exp_20260730,2,8,33,648,120,0.06419354199897498,0.8819444444444444,0.8578496272036792,0.9267939814814815,0.0030190336602429323
top,handcrafted,logistic,exp_20260731,0,2,5,120,120,0.011284334002994001,0.8690476190476191,0.8632367307066102,0.9543650793650794,0.002252702135624534
top,handcrafted,random_forest,exp_20260731,0,2,5,120,120,0.16550370800541714,0.8174603174603174,0.8328108672936259,0.9442791005291005,0.0034708032472240452
top,handcrafted,rbf_svm,exp_20260731,0,2,5,120,120,0.005086332996143028,0.873015873015873,0.8789915966386554,0.9642857142857142,0.002151034839761187
top,handcrafted,hist_gradient_boosting,exp_20260731,0,2,5,120,120,0.3851550840190612,0.7738095238095238,0.8,0.9401455026455027,0.005001652160270084
top,handcrafted,mlp,exp_20260731,0,2,5,120,120,0.027590957994107157,0.8809523809523809,0.8237367802585194,0.9619708994708995,0.0020742529012255317
top,handcrafted,logistic,exp_20260731,0,4,17,360,120,0.013076249975711107,0.9285714285714286,0.8901098901098901,0.9034391534391535,0.0010618413699109795
top,handcrafted,random_forest,exp_20260731,0,4,17,360,120,0.18784491598489694,0.9345238095238095,0.8987030926252781,0.9323743386243386,0.0009972779431592286
top,handcrafted,rbf_svm,exp_20260731,0,4,17,360,120,0.007385292003164068,0.9226190476190477,0.8815939278937381,0.9497354497354498,0.0011891862098300568
top,handcrafted,hist_gradient_boosting,exp_20260731,0,4,17,360,120,2.1935704999777954,0.8353174603174603,0.832663440242802,0.9196428571428572,0.003067679541356552
top,handcrafted,mlp,exp_20260731,0,4,17,360,120,0.050418667000485584,0.9107142857142857,0.8647734956051386,0.968915343915344,0.0014937465720891176
top,handcrafted,logistic,exp_20260731,0,6,23,480,120,0.013422999996691942,0.9067460317460317,0.878872583275099,0.9216269841269842,0.0012596072645758953
top,handcrafted,random_forest,exp_20260731,0,6,23,480,120,0.20911866700043902,0.9047619047619048,0.886039886039886,0.9447751322751323,0.0014802992359292705
top,handcrafted,rbf_svm,exp_20260731,0,6,23,480,120,0.010145915992325172,0.9226190476190477,0.8815939278937381,0.941468253968254,0.0011891862098300568
top,handcrafted,hist_gradient_boosting,exp_20260731,0,6,23,480,120,2.603034875006415,0.8273809523809523,0.8299858321526794,0.9302248677248677,0.003521381698861725
top,handcrafted,mlp,exp_20260731,0,6,23,480,120,0.04929374999483116,0.9107142857142857,0.8647734956051386,0.9666005291005292,0.0014937465720891176
top,handcrafted,logistic,exp_20260731,0,8,31,636,120,0.01540070801274851,0.8869047619047619,0.8602375960866526,0.9206349206349207,0.0017261848725502887
top,handcrafted,random_forest,exp_20260731,0,8,31,636,120,0.21595824998803437,0.8988095238095237,0.8773488481798883,0.9604828042328042,0.0015557908728286865
top,handcrafted,rbf_svm,exp_20260731,0,8,31,636,120,0.011460457986686379,0.9226190476190477,0.8815939278937381,0.9404761904761905,0.0011891862098300568
top,handcrafted,hist_gradient_boosting,exp_20260731,0,8,31,636,120,4.125675249990309,0.8591269841269842,0.8396100322352387,0.9259259259259259,0.0026635872806985046
top,handcrafted,mlp,exp_20260731,0,8,31,636,120,0.06303641700651497,0.9166666666666667,0.8731501057082452,0.9659391534391535,0.0013338400916020061
top,handcrafted,logistic,exp_20260731,0,10,38,768,120,0.01442254101857543,0.9007936507936507,0.8703303488731089,0.9332010582010583,0.0015819353573619161
top,handcrafted,random_forest,exp_20260731,0,10,38,768,120,0.21193129199673422,0.8968253968253967,0.8844672657252888,0.9576719576719577,0.0017154981954371922
top,handcrafted,rbf_svm,exp_20260731,0,10,38,768,120,0.012064582988386974,0.9226190476190477,0.8815939278937381,0.9365079365079365,0.0011891862098300568
top,handcrafted,hist_gradient_boosting,exp_20260731,0,10,38,768,120,5.954433833016083,0.8690476190476191,0.8632367307066102,0.9454365079365079,0.002410000508758132
top,handcrafted,mlp,exp_20260731,0,10,38,768,120,0.06777641701046377,0.9226190476190477,0.8815939278937381,0.9682539682539683,0.0011891862098300568
top,handcrafted,logistic,exp_20260731,1,2,10,204,120,0.011721666000084952,0.7936507936507937,0.8222222222222222,0.9656084656084657,0.004538051331693133
top,handcrafted,random_forest,exp_20260731,1,2,10,204,120,0.310532500006957,0.7678571428571428,0.7911896693836431,0.9422949735449735,0.00543420526429069
top,handcrafted,rbf_svm,exp_20260731,1,2,10,204,120,0.008244166005169973,0.7876984126984128,0.8131697041853649,0.9110449735449736,0.004640768953616004
top,handcrafted,hist_gradient_boosting,exp_20260731,1,2,10,204,120,1.046828958002152,0.7599206349206349,0.7864968630021538,0.9141865079365079,0.00600953777768572
top,handcrafted,mlp,exp_20260731,1,2,10,204,120,0.1047949579951819,0.8928571428571428,0.8400000000000001,0.9616402116402117,0.0018083979014159313
top,handcrafted,logistic,exp_20260731,1,4,18,360,120,0.013522749999538064,0.871031746031746,0.8565851326587524,0.9543650793650794,0.0021936135950902666
top,handcrafted,random_forest,exp_20260731,1,4,18,360,120,0.20085812502657063,0.8531746031746033,0.8588235294117648,0.96875,0.0032439734593160303
top,handcrafted,rbf_svm,exp_20260731,1,4,18,360,120,0.007913500012364239,0.9146825396825397,0.8802854731026015,0.9606481481481483,0.0012645962709145317
top,handcrafted,hist_gradient_boosting,exp_20260731,1,4,18,360,120,1.8292963329877239,0.8174603174603174,0.8328108672936259,0.9537037037037037,0.00402513323458939
top,handcrafted,mlp,exp_20260731,1,4,18,360,120,0.04811787500511855,0.9226190476190477,0.8815939278937381,0.9679232804232805,0.0011891862098300568
top,handcrafted,logistic,exp_20260731,1,6,25,504,120,0.01354291700408794,0.9206349206349207,0.8888545847483791,0.9563492063492064,0.0011153577493875227
top,handcrafted,random_forest,exp_20260731,1,6,25,504,120,0.2058235829754267,0.9027777777777777,0.8933333333333333,0.9722222222222222,0.001607505536926107
top,handcrafted,rbf_svm,exp_20260731,1,6,25,504,120,0.007885666011134163,0.9285714285714286,0.8901098901098901,0.9560185185185186,0.0011246227830783062
top,handcrafted,hist_gradient_boosting,exp_20260731,1,6,25,504,120,2.8741802079894114,0.8412698412698413,0.8412698412698413,0.9523809523809523,0.003005064268683471
top,handcrafted,mlp,exp_20260731,1,6,25,504,120,0.05452224999316968,0.9226190476190477,0.8815939278937381,0.968584656084656,0.0011891862098300568
top,handcrafted,logistic,exp_20260731,1,8,31,624,120,0.014068666991079226,0.9067460317460317,0.878872583275099,0.9477513227513228,0.001365253188331424
top,handcrafted,random_forest,exp_20260731,1,8,31,624,120,0.20344908302649856,0.8968253968253967,0.8844672657252888,0.9576719576719577,0.0017285604204227583
top,handcrafted,rbf_svm,exp_20260731,1,8,31,624,120,0.009422082977835089,0.9146825396825397,0.8802854731026015,0.9398148148148149,0.0012645962709145317
top,handcrafted,hist_gradient_boosting,exp_20260731,1,8,31,624,120,3.16006645798916,0.8214285714285714,0.8214285714285714,0.9460978835978837,0.0034284797009381256
top,handcrafted,mlp,exp_20260731,1,8,31,624,120,0.05467829201370478,0.9226190476190477,0.8815939278937381,0.9679232804232805,0.0011891862098300568
top,handcrafted,logistic,exp_20260731,2,2,6,132,120,0.010966959001962095,0.8015873015873016,0.8260239217107648,0.9613095238095238,0.004048694978014479
top,handcrafted,random_forest,exp_20260731,2,2,6,132,120,0.1755238749901764,0.8035714285714286,0.8206593406593407,0.9598214285714286,0.003980478451851384
top,handcrafted,rbf_svm,exp_20260731,2,2,6,132,120,0.004998125019483268,0.8670634920634921,0.8699891657638137,0.957010582010582,0.0020610550397309416
top,handcrafted,hist_gradient_boosting,exp_20260731,2,2,6,132,120,0.4327769170049578,0.7876984126984128,0.8131697041853649,0.7979497354497354,0.004640768953616004
top,handcrafted,mlp,exp_20260731,2,2,6,132,120,0.02962345801643096,0.8869047619047619,0.8318460063426506,0.9623015873015873,0.0020048658128859354
top,handcrafted,logistic,exp_20260731,2,4,8,180,120,0.012215791997732595,0.9047619047619048,0.886039886039886,0.9626322751322751,0.0013180887188778113
top,handcrafted,random_forest,exp_20260731,2,4,8,180,120,0.1968507910205517,0.7976190476190477,0.8119122257053292,0.9560185185185185,0.003904876733022612
top,handcrafted,rbf_svm,exp_20260731,2,4,8,180,120,0.007032083987724036,0.875,0.8720367484209663,0.9649470899470899,0.0019366849657403806
top,handcrafted,hist_gradient_boosting,exp_20260731,2,4,8,180,120,0.5034325000015087,0.7738095238095238,0.8,0.94510582010582,0.005001652160270084
top,handcrafted,mlp,exp_20260731,2,4,8,180,120,0.02857625001342967,0.9107142857142857,0.8647734956051386,0.968915343915344,0.0014937465720891176
top,handcrafted,logistic,exp_20260731,2,6,20,408,120,0.012477290991228074,0.876984126984127,0.865211810012837,0.951058201058201,0.0017010699111541525
top,handcrafted,random_forest,exp_20260731,2,6,20,408,120,0.1849742500053253,0.8611111111111112,0.8611111111111112,0.9588293650793651,0.0024632911075819107
top,handcrafted,rbf_svm,exp_20260731,2,6,20,408,120,0.006338166014757007,0.8988095238095237,0.8773488481798883,0.960978835978836,0.0015557908728286865
top,handcrafted,hist_gradient_boosting,exp_20260731,2,6,20,408,120,2.318626124993898,0.8035714285714286,0.8206593406593407,0.9500661375661377,0.003658685266004919
top,handcrafted,mlp,exp_20260731,2,6,20,408,120,0.06187783300993033,0.9166666666666667,0.8731501057082452,0.968584656084656,0.0013338400916020061
top,handcrafted,logistic,exp_20260731,2,8,26,528,120,0.013306208013091236,0.8432539682539683,0.8351515151515152,0.9490740740740742,0.002398648488883705
top,handcrafted,random_forest,exp_20260731,2,8,26,528,120,0.2030025830026716,0.8412698412698413,0.8412698412698413,0.9591600529100528,0.0027855787094855397
top,handcrafted,rbf_svm,exp_20260731,2,8,26,528,120,0.007648041995707899,0.876984126984127,0.865211810012837,0.9414682539682541,0.0017535567674936024
top,handcrafted,hist_gradient_boosting,exp_20260731,2,8,26,528,120,2.833156249980675,0.7777777777777777,0.7910135841170325,0.9371693121693123,0.0042451290054960214
top,handcrafted,mlp,exp_20260731,2,8,26,528,120,0.09141158399870619,0.8829365079365079,0.873939393939394,0.9659391534391534,0.001681164604533875
top_close,handcrafted,logistic,exp_20260715,0,2,7,132,24,0.01088620800874196,1.0,1.0,1.0,0.0
top_close,handcrafted,random_forest,exp_20260715,0,2,7,132,24,0.15272920799907297,1.0,1.0,1.0,0.0
top_close,handcrafted,rbf_svm,exp_20260715,0,2,7,132,24,0.004767583013745025,1.0,1.0,1.0,0.0
top_close,handcrafted,hist_gradient_boosting,exp_20260715,0,2,7,132,24,0.3189970000239555,1.0,1.0,1.0,0.0
top_close,handcrafted,mlp,exp_20260715,0,2,7,132,24,0.023619084007805213,0.8333333333333333,0.8285714285714285,0.9652777777777778,0.019938331445225842
top_close,handcrafted,logistic,exp_20260715,0,4,19,360,24,0.012645000009797513,1.0,1.0,1.0,0.0
top_close,handcrafted,random_forest,exp_20260715,0,4,19,360,24,0.19070508299046196,0.5416666666666666,0.4197802197802198,1.0,0.022076738797691096
top_close,handcrafted,rbf_svm,exp_20260715,0,4,19,360,24,0.0064070000080391765,0.875,0.873015873015873,1.0,0.007591818533339924
top_close,handcrafted,hist_gradient_boosting,exp_20260715,0,4,19,360,24,1.8021799159760121,0.75,0.7333333333333334,1.0,0.013717598527885129
top_close,handcrafted,mlp,exp_20260715,0,4,19,360,24,0.07178295898484066,1.0,1.0,1.0,0.0
top_close,handcrafted,logistic,exp_20260715,0,6,32,600,24,0.011865417007356882,1.0,1.0,1.0,0.0
top_close,handcrafted,random_forest,exp_20260715,0,6,32,600,24,0.18966729199746624,0.5,0.3333333333333333,1.0,0.02249851105037694
top_close,handcrafted,rbf_svm,exp_20260715,0,6,32,600,24,0.009516833000816405,0.8333333333333333,0.8285714285714285,1.0,0.009175162549930213
top_close,handcrafted,hist_gradient_boosting,exp_20260715,0,6,32,600,24,2.4011703330033924,0.5416666666666666,0.4197802197802198,1.0,0.022076738797691096
top_close,handcrafted,mlp,exp_20260715,0,6,32,600,24,0.08361262499238364,1.0,1.0,1.0,0.0
top_close,handcrafted,logistic,exp_20260715,0,8,37,720,24,0.014760666992515326,1.0,1.0,1.0,0.0
top_close,handcrafted,random_forest,exp_20260715,0,8,37,720,24,0.20354587500332855,0.7083333333333334,0.6812144212523719,1.0,0.013568273328702451
top_close,handcrafted,rbf_svm,exp_20260715,0,8,37,720,24,0.008576207997975871,1.0,1.0,1.0,0.0
top_close,handcrafted,hist_gradient_boosting,exp_20260715,0,8,37,720,24,3.661223750008503,0.8333333333333333,0.8285714285714285,1.0,0.007291684853130114
top_close,handcrafted,mlp,exp_20260715,0,8,37,720,24,0.12194308298057877,1.0,1.0,1.0,0.0
top_close,handcrafted,logistic,exp_20260715,0,10,44,864,24,0.01514200001838617,1.0,1.0,1.0,0.0
top_close,handcrafted,random_forest,exp_20260715,0,10,44,864,24,0.17880141700152308,0.75,0.7333333333333334,1.0,0.013717598527885129
top_close,handcrafted,rbf_svm,exp_20260715,0,10,44,864,24,0.009421750000910833,1.0,1.0,1.0,0.0
top_close,handcrafted,hist_gradient_boosting,exp_20260715,0,10,44,864,24,4.0203960000071675,0.7916666666666667,0.7822141560798548,1.0,0.008023866262858573
top_close,handcrafted,mlp,exp_20260715,0,10,44,864,24,0.08973666600650176,1.0,1.0,1.0,0.0
top_close,handcrafted,logistic,exp_20260715,1,2,5,120,24,0.010479041986400262,1.0,1.0,1.0,0.0
top_close,handcrafted,random_forest,exp_20260715,1,2,5,120,24,0.1949604580004234,1.0,1.0,1.0,0.0
top_close,handcrafted,rbf_svm,exp_20260715,1,2,5,120,24,0.006461250013671815,1.0,1.0,1.0,0.0
top_close,handcrafted,hist_gradient_boosting,exp_20260715,1,2,5,120,24,0.5896521669928916,1.0,1.0,1.0,0.0
top_close,handcrafted,mlp,exp_20260715,1,2,5,120,24,0.03837174997897819,1.0,1.0,1.0,0.0
top_close,handcrafted,logistic,exp_20260715,1,4,17,348,24,0.01090954098617658,1.0,1.0,1.0,0.0
top_close,handcrafted,random_forest,exp_20260715,1,4,17,348,24,0.20940116699784994,0.6666666666666666,0.625,1.0,0.015285894398588436
top_close,handcrafted,rbf_svm,exp_20260715,1,4,17,348,24,0.006525459000840783,1.0,1.0,1.0,0.0
top_close,handcrafted,hist_gradient_boosting,exp_20260715,1,4,17,348,24,2.174023125000531,1.0,1.0,1.0,0.0
top_close,handcrafted,mlp,exp_20260715,1,4,17,348,24,0.10358654201263562,1.0,1.0,1.0,0.0
top_close,handcrafted,logistic,exp_20260715,1,6,29,564,24,0.014718999998876825,1.0,1.0,1.0,0.0
top_close,handcrafted,random_forest,exp_20260715,1,6,29,564,24,0.1860459999879822,0.5833333333333334,0.4957983193277311,1.0,0.020029327330195048
top_close,handcrafted,rbf_svm,exp_20260715,1,6,29,564,24,0.007500541978515685,1.0,1.0,1.0,0.0
top_close,handcrafted,hist_gradient_boosting,exp_20260715,1,6,29,564,24,3.0258194589987397,1.0,1.0,1.0,0.0
top_close,handcrafted,mlp,exp_20260715,1,6,29,564,24,0.12608091699075885,1.0,1.0,1.0,0.0
top_close,handcrafted,logistic,exp_20260715,1,8,32,624,24,0.014334708015667275,1.0,1.0,1.0,0.0
top_close,handcrafted,random_forest,exp_20260715,1,8,32,624,24,0.17334716700133868,0.8333333333333333,0.8285714285714285,1.0,0.007515278465701315
top_close,handcrafted,rbf_svm,exp_20260715,1,8,32,624,24,0.007232416013721377,1.0,1.0,1.0,0.0
top_close,handcrafted,hist_gradient_boosting,exp_20260715,1,8,32,624,24,3.1259549999958836,1.0,1.0,1.0,0.0
top_close,handcrafted,mlp,exp_20260715,1,8,32,624,24,0.10509349999483675,1.0,1.0,1.0,0.0
top_close,handcrafted,logistic,exp_20260715,2,2,8,144,24,0.01311262501985766,1.0,1.0,1.0,0.0
top_close,handcrafted,random_forest,exp_20260715,2,2,8,144,24,0.17792499999632128,1.0,1.0,1.0,0.0
top_close,handcrafted,rbf_svm,exp_20260715,2,2,8,144,24,0.00785995801561512,0.7083333333333334,0.6812144212523719,0.9027777777777778,0.01649502134707098
top_close,handcrafted,hist_gradient_boosting,exp_20260715,2,2,8,144,24,0.52383458300028,1.0,1.0,1.0,0.0
top_close,handcrafted,mlp,exp_20260715,2,2,8,144,24,0.023550334008177742,0.9166666666666667,0.916083916083916,1.0,0.009880287263212858
top_close,handcrafted,logistic,exp_20260715,2,4,16,288,24,0.010412625008029863,1.0,1.0,1.0,0.0
top_close,handcrafted,random_forest,exp_20260715,2,4,16,288,24,0.19259595801122487,0.5416666666666666,0.4197802197802198,1.0,0.022076738797691096
top_close,handcrafted,rbf_svm,exp_20260715,2,4,16,288,24,0.0053107080166228116,1.0,1.0,1.0,0.0
top_close,handcrafted,hist_gradient_boosting,exp_20260715,2,4,16,288,24,1.564687791018514,0.7916666666666667,0.7822141560798548,1.0,0.007420208785693334
top_close,handcrafted,mlp,exp_20260715,2,4,16,288,24,0.05106487500597723,1.0,1.0,1.0,0.0
top_close,handcrafted,logistic,exp_20260715,2,6,21,408,24,0.013187583012040704,1.0,1.0,1.0,0.0
top_close,handcrafted,random_forest,exp_20260715,2,6,21,408,24,0.189057125011459,1.0,1.0,1.0,0.0
top_close,handcrafted,rbf_svm,exp_20260715,2,6,21,408,24,0.006466457998612896,1.0,1.0,1.0,0.0
top_close,handcrafted,hist_gradient_boosting,exp_20260715,2,6,21,408,24,2.463609375001397,1.0,1.0,1.0,0.0
top_close,handcrafted,mlp,exp_20260715,2,6,21,408,24,0.07088945902069099,1.0,1.0,1.0,0.0
top_close,handcrafted,logistic,exp_20260715,2,8,32,624,24,0.014310083002783358,1.0,1.0,1.0,0.0
top_close,handcrafted,random_forest,exp_20260715,2,8,32,624,24,0.20459541599848308,0.8333333333333333,0.8285714285714285,1.0,0.007515278465701315
top_close,handcrafted,rbf_svm,exp_20260715,2,8,32,624,24,0.007671415980439633,1.0,1.0,1.0,0.0
top_close,handcrafted,hist_gradient_boosting,exp_20260715,2,8,32,624,24,2.9730517079879064,1.0,1.0,1.0,0.0
top_close,handcrafted,mlp,exp_20260715,2,8,32,624,24,0.09513933301786892,1.0,1.0,1.0,0.0
top_close,handcrafted,logistic,exp_20260717,0,2,11,216,24,0.011004542000591755,0.5,0.3333333333333333,0.9444444444444444,0.023002229936077225
top_close,handcrafted,random_forest,exp_20260717,0,2,11,216,24,0.16490583401173353,0.5,0.3333333333333333,0.020833333333333343,0.023002229936077225
top_close,handcrafted,rbf_svm,exp_20260717,0,2,11,216,24,0.005271291011013091,0.5,0.3333333333333333,0.5,0.023002229936077225
top_close,handcrafted,hist_gradient_boosting,exp_20260717,0,2,11,216,24,0.5650124170060735,0.4166666666666667,0.29411764705882354,0.0625,0.030728846013347435
top_close,handcrafted,mlp,exp_20260717,0,2,11,216,24,0.04145241601509042,0.5,0.3333333333333333,1.0,0.039759992458746195
top_close,handcrafted,logistic,exp_20260717,0,4,13,264,24,0.011202541994862258,0.5,0.3333333333333333,0.0,0.023002229936077225
top_close,handcrafted,random_forest,exp_20260717,0,4,13,264,24,0.18809983399114572,0.5,0.3333333333333333,0.96875,0.023002229936077225
top_close,handcrafted,rbf_svm,exp_20260717,0,4,13,264,24,0.005545166990486905,0.5,0.3333333333333333,0.5,0.023002229936077225
top_close,handcrafted,hist_gradient_boosting,exp_20260717,0,4,13,264,24,1.503385582996998,0.5,0.3333333333333333,0.1388888888888889,0.023002229936077225
top_close,handcrafted,mlp,exp_20260717,0,4,13,264,24,0.050377832987578586,0.5,0.3333333333333333,0.5,0.039759992458746195
top_close,handcrafted,logistic,exp_20260717,0,6,25,492,24,0.01297912499285303,0.5,0.3333333333333333,0.06944444444444446,0.039759992458746195
top_close,handcrafted,random_forest,exp_20260717,0,6,25,492,24,0.18210866700974293,0.9166666666666667,0.916083916083916,0.982638888888889,0.001143609701197711
top_close,handcrafted,rbf_svm,exp_20260717,0,6,25,492,24,0.006268958008149639,0.5,0.3333333333333333,0.5,0.023002229936077225
top_close,handcrafted,hist_gradient_boosting,exp_20260717,0,6,25,492,24,2.6200872079934925,0.75,0.7333333333333334,0.9999999999999999,0.008423701704975717
top_close,handcrafted,mlp,exp_20260717,0,6,25,492,24,0.11442370899021626,0.5,0.3333333333333333,0.5,0.039759992458746195
top_close,handcrafted,logistic,exp_20260717,0,8,31,624,24,0.013123541983077303,0.0,0.0,0.0,0.06276222239482342
top_close,handcrafted,random_forest,exp_20260717,0,8,31,624,24,0.17521170800318941,0.7083333333333334,0.6812144212523719,0.5625,0.010776507399733086
top_close,handcrafted,rbf_svm,exp_20260717,0,8,31,624,24,0.006621250009629875,0.5,0.3333333333333333,0.5,0.023002229936077225
top_close,handcrafted,hist_gradient_boosting,exp_20260717,0,8,31,624,24,3.171647834009491,0.7916666666666667,0.7822141560798548,0.9305555555555555,0.005399109669268103
top_close,handcrafted,mlp,exp_20260717,0,8,31,624,24,0.0805372089962475,0.5,0.3333333333333333,0.5,0.039759992458746195
top_close,handcrafted,logistic,exp_20260717,0,10,44,864,24,0.015294874989194795,0.5,0.3333333333333333,0.9791666666666667,0.039759992458746195
top_close,handcrafted,random_forest,exp_20260717,0,10,44,864,24,0.18862295799772255,0.7916666666666667,0.7822141560798548,1.0,0.005399109669268103
top_close,handcrafted,rbf_svm,exp_20260717,0,10,44,864,24,0.011511834018165246,0.5,0.3333333333333333,0.5,0.023002229936077225
top_close,handcrafted,hist_gradient_boosting,exp_20260717,0,10,44,864,24,4.216476624977076,0.7083333333333334,0.6812144212523719,1.0,0.010776507399733086
top_close,handcrafted,mlp,exp_20260717,0,10,44,864,24,0.08176058399840258,0.5,0.3333333333333333,0.5,0.039759992458746195
top_close,handcrafted,logistic,exp_20260717,1,2,8,144,24,0.012212667003041133,0.5,0.3333333333333333,1.0,0.039759992458746195
top_close,handcrafted,random_forest,exp_20260717,1,2,8,144,24,0.16664850001689047,0.5,0.3333333333333333,1.0,0.023002229936077225
top_close,handcrafted,rbf_svm,exp_20260717,1,2,8,144,24,0.00471970799844712,0.5,0.3333333333333333,0.5,0.023002229936077225
top_close,handcrafted,hist_gradient_boosting,exp_20260717,1,2,8,144,24,0.46476237499155104,0.5,0.3333333333333333,0.0,0.039759992458746195
top_close,handcrafted,mlp,exp_20260717,1,2,8,144,24,0.02857220798614435,0.7916666666666667,0.7822141560798548,1.0,0.005399109669268103
top_close,handcrafted,logistic,exp_20260717,1,4,15,288,24,0.011042583995731547,0.5,0.3333333333333333,0.0,0.023002229936077225
top_close,handcrafted,random_forest,exp_20260717,1,4,15,288,24,0.18414620801922865,0.5,0.3333333333333333,1.0,0.023002229936077225
top_close,handcrafted,rbf_svm,exp_20260717,1,4,15,288,24,0.005590541986748576,0.5,0.3333333333333333,0.5,0.023002229936077225
top_close,handcrafted,hist_gradient_boosting,exp_20260717,1,4,15,288,24,1.5785116249753628,0.5,0.3333333333333333,0.375,0.023002229936077225
top_close,handcrafted,mlp,exp_20260717,1,4,15,288,24,0.04112858299049549,0.5,0.3333333333333333,0.5,0.039759992458746195
top_close,handcrafted,logistic,exp_20260717,1,6,25,492,24,0.012923750007757917,0.4166666666666667,0.29411764705882354,0.0,0.037827879373404275
top_close,handcrafted,random_forest,exp_20260717,1,6,25,492,24,0.19306862499797717,0.7083333333333334,0.6812144212523719,0.4305555555555555,0.010776507399733086
top_close,handcrafted,rbf_svm,exp_20260717,1,6,25,492,24,0.007616583985509351,0.5,0.3333333333333333,0.5,0.023002229936077225
top_close,handcrafted,hist_gradient_boosting,exp_20260717,1,6,25,492,24,2.743625792005332,0.7083333333333334,0.6812144212523719,1.0,0.010776507399733086
top_close,handcrafted,mlp,exp_20260717,1,6,25,492,24,0.08413183299126104,0.5,0.3333333333333333,0.5,0.039759992458746195
top_close,handcrafted,logistic,exp_20260717,1,8,32,624,24,0.013002749998122454,0.16666666666666666,0.14285714285714285,0.0,0.05942115960511481
top_close,handcrafted,random_forest,exp_20260717,1,8,32,624,24,0.199942250008462,0.7083333333333334,0.6812144212523719,0.9375,0.010776507399733086
top_close,handcrafted,rbf_svm,exp_20260717,1,8,32,624,24,0.0071106660179793835,0.5,0.3333333333333333,0.5,0.023002229936077225
top_close,handcrafted,hist_gradient_boosting,exp_20260717,1,8,32,624,24,3.3878654169966467,0.7083333333333334,0.6812144212523719,0.7638888888888888,0.010776507399733086
top_close,handcrafted,mlp,exp_20260717,1,8,32,624,24,0.08838270898559131,0.5,0.3333333333333333,0.5,0.039759992458746195
top_close,handcrafted,logistic,exp_20260717,2,2,7,132,24,0.011746292002499104,0.5,0.3333333333333333,1.0,0.039759992458746195
top_close,handcrafted,random_forest,exp_20260717,2,2,7,132,24,0.1610264999908395,0.5833333333333334,0.4957983193277311,1.0,0.021556525175321407
top_close,handcrafted,rbf_svm,exp_20260717,2,2,7,132,24,0.005741957982536405,0.5,0.3333333333333333,0.0,0.023002229936077225
top_close,handcrafted,hist_gradient_boosting,exp_20260717,2,2,7,132,24,0.6374393749865703,0.5,0.3333333333333333,1.0,0.039759992458746195
top_close,handcrafted,mlp,exp_20260717,2,2,7,132,24,0.027176332980161533,0.5,0.3333333333333333,1.0,0.039759992458746195
top_close,handcrafted,logistic,exp_20260717,2,4,12,252,24,0.01006841700291261,0.5,0.3333333333333333,1.0,0.039759992458746195
top_close,handcrafted,random_forest,exp_20260717,2,4,12,252,24,0.18751812502159737,0.5833333333333334,0.4957983193277311,0.42013888888888884,0.024934343021419152
top_close,handcrafted,rbf_svm,exp_20260717,2,4,12,252,24,0.005831582995597273,0.5,0.3333333333333333,0.5,0.023002229936077225
top_close,handcrafted,hist_gradient_boosting,exp_20260717,2,4,12,252,24,0.9769229590019677,0.5,0.3333333333333333,0.875,0.039759992458746195
top_close,handcrafted,mlp,exp_20260717,2,4,12,252,24,0.05843145900871605,0.5,0.3333333333333333,0.6666666666666667,0.039759992458746195
top_close,handcrafted,logistic,exp_20260717,2,6,24,492,24,0.011982500000158325,0.5,0.3333333333333333,1.0,0.039759992458746195
top_close,handcrafted,random_forest,exp_20260717,2,6,24,492,24,0.17694016700261272,0.7916666666666667,0.7822141560798548,0.986111111111111,0.0059034706563447885
top_close,handcrafted,rbf_svm,exp_20260717,2,6,24,492,24,0.006569041986949742,0.5,0.3333333333333333,0.5,0.023002229936077225
top_close,handcrafted,hist_gradient_boosting,exp_20260717,2,6,24,492,24,2.6388744169962592,1.0,1.0,1.0,0.0
top_close,handcrafted,mlp,exp_20260717,2,6,24,492,24,0.16121337498771027,0.5,0.3333333333333333,0.5,0.039759992458746195
top_close,handcrafted,logistic,exp_20260717,2,8,31,624,24,0.016382542002247646,0.0,0.0,0.0,0.06276222239482342
top_close,handcrafted,random_forest,exp_20260717,2,8,31,624,24,0.1487629589973949,0.7083333333333334,0.6812144212523719,0.5625,0.010776507399733086
top_close,handcrafted,rbf_svm,exp_20260717,2,8,31,624,24,0.007225999986985698,0.5,0.3333333333333333,0.5,0.023002229936077225
top_close,handcrafted,hist_gradient_boosting,exp_20260717,2,8,31,624,24,2.9076947499997914,0.7916666666666667,0.7822141560798548,0.9305555555555555,0.005399109669268103
top_close,handcrafted,mlp,exp_20260717,2,8,31,624,24,0.07956324997940101,0.5,0.3333333333333333,0.5,0.039759992458746195
top_close,handcrafted,logistic,exp_20260720,0,2,12,228,24,0.012158375000581145,0.9583333333333333,0.9582608695652174,1.0,0.005703963617443933
top_close,handcrafted,random_forest,exp_20260720,0,2,12,228,24,0.16379058398888446,1.0,1.0,0.9999999999999999,0.0
top_close,handcrafted,rbf_svm,exp_20260720,0,2,12,228,24,0.005087375000584871,1.0,1.0,1.0,0.0
top_close,handcrafted,hist_gradient_boosting,exp_20260720,0,2,12,228,24,0.6680906660039909,1.0,1.0,1.0,0.0
top_close,handcrafted,mlp,exp_20260720,0,2,12,228,24,0.1530930000008084,1.0,1.0,1.0,0.0
top_close,handcrafted,logistic,exp_20260720,0,4,17,348,24,0.012310916994465515,1.0,1.0,1.0,0.0
top_close,handcrafted,random_forest,exp_20260720,0,4,17,348,24,0.13483708299463615,1.0,1.0,1.0,0.0
top_close,handcrafted,rbf_svm,exp_20260720,0,4,17,348,24,0.00530608301050961,1.0,1.0,1.0,0.0
top_close,handcrafted,hist_gradient_boosting,exp_20260720,0,4,17,348,24,2.179817458993057,1.0,1.0,1.0,0.0
top_close,handcrafted,mlp,exp_20260720,0,4,17,348,24,0.09019354099291377,1.0,1.0,1.0,0.0
top_close,handcrafted,logistic,exp_20260720,0,6,28,564,24,0.014007207995746285,1.0,1.0,1.0,0.0
top_close,handcrafted,random_forest,exp_20260720,0,6,28,564,24,0.18746233300771564,1.0,1.0,1.0,0.0
top_close,handcrafted,rbf_svm,exp_20260720,0,6,28,564,24,0.006687000015517697,1.0,1.0,1.0,0.0
top_close,handcrafted,hist_gradient_boosting,exp_20260720,0,6,28,564,24,3.128390917001525,0.9583333333333333,0.9582608695652174,1.0,0.0013982072279158063
top_close,handcrafted,mlp,exp_20260720,0,6,28,564,24,0.1037672910024412,1.0,1.0,1.0,0.0
top_close,handcrafted,logistic,exp_20260720,0,8,37,720,24,0.010715208016335964,1.0,1.0,1.0,0.0
top_close,handcrafted,random_forest,exp_20260720,0,8,37,720,24,0.19589516700943932,1.0,1.0,1.0,0.0
top_close,handcrafted,rbf_svm,exp_20260720,0,8,37,720,24,0.007553749979706481,1.0,1.0,1.0,0.0
top_close,handcrafted,hist_gradient_boosting,exp_20260720,0,8,37,720,24,3.899649250000948,1.0,1.0,1.0,0.0
top_close,handcrafted,mlp,exp_20260720,0,8,37,720,24,0.09588629100471735,1.0,1.0,1.0,0.0
top_close,handcrafted,logistic,exp_20260720,0,10,44,864,24,0.013515334023395553,1.0,1.0,1.0,0.0
top_close,handcrafted,random_forest,exp_20260720,0,10,44,864,24,0.20117212500190362,1.0,1.0,1.0,0.0
top_close,handcrafted,rbf_svm,exp_20260720,0,10,44,864,24,0.011024417006410658,1.0,1.0,1.0,0.0
top_close,handcrafted,hist_gradient_boosting,exp_20260720,0,10,44,864,24,5.192046875017695,1.0,1.0,1.0,0.0
top_close,handcrafted,mlp,exp_20260720,0,10,44,864,24,0.07720900001004338,1.0,1.0,1.0,0.0
top_close,handcrafted,logistic,exp_20260720,1,2,7,132,24,0.00918841699603945,0.9583333333333333,0.9582608695652174,1.0,0.00043294883634766414
top_close,handcrafted,random_forest,exp_20260720,1,2,7,132,24,0.18605433299671859,1.0,1.0,1.0,0.0
top_close,handcrafted,rbf_svm,exp_20260720,1,2,7,132,24,0.005019458010792732,1.0,1.0,1.0,0.0
top_close,handcrafted,hist_gradient_boosting,exp_20260720,1,2,7,132,24,0.4735109999892302,0.9583333333333333,0.9582608695652174,1.0,0.00043294883634766414
top_close,handcrafted,mlp,exp_20260720,1,2,7,132,24,0.0261060000048019,0.625,0.5636363636363637,0.5833333333333333,0.03671721924474416
top_close,handcrafted,logistic,exp_20260720,1,4,12,252,24,0.012374125013593584,1.0,1.0,1.0,0.0
top_close,handcrafted,random_forest,exp_20260720,1,4,12,252,24,0.193900250014849,1.0,1.0,1.0,0.0
top_close,handcrafted,rbf_svm,exp_20260720,1,4,12,252,24,0.006334583013085648,1.0,1.0,1.0,0.0
top_close,handcrafted,hist_gradient_boosting,exp_20260720,1,4,12,252,24,1.1613852079899516,1.0,1.0,1.0,0.0
top_close,handcrafted,mlp,exp_20260720,1,4,12,252,24,0.06926904199644923,1.0,1.0,1.0,0.0
top_close,handcrafted,logistic,exp_20260720,1,6,24,480,24,0.012717542005702853,0.9583333333333333,0.9582608695652174,1.0,0.005703963617443933
top_close,handcrafted,random_forest,exp_20260720,1,6,24,480,24,0.18583345800288953,0.9583333333333333,0.9582608695652174,1.0,0.00043294883634766414
top_close,handcrafted,rbf_svm,exp_20260720,1,6,24,480,24,0.005994457984343171,1.0,1.0,1.0,0.0
top_close,handcrafted,hist_gradient_boosting,exp_20260720,1,6,24,480,24,3.8310674160020426,1.0,1.0,1.0,0.0
top_close,handcrafted,mlp,exp_20260720,1,6,24,480,24,0.06837720799376257,1.0,1.0,1.0,0.0
top_close,handcrafted,logistic,exp_20260720,1,8,37,720,24,0.024396875000093132,1.0,1.0,1.0,0.0
top_close,handcrafted,random_forest,exp_20260720,1,8,37,720,24,0.20344658300746232,0.9583333333333333,0.9582608695652174,1.0,0.00043294883634766414
top_close,handcrafted,rbf_svm,exp_20260720,1,8,37,720,24,0.00933758297469467,1.0,1.0,1.0,0.0
top_close,handcrafted,hist_gradient_boosting,exp_20260720,1,8,37,720,24,3.8995552079868503,1.0,1.0,1.0,0.0
top_close,handcrafted,mlp,exp_20260720,1,8,37,720,24,0.07390337501419708,1.0,1.0,1.0,0.0
top_close,handcrafted,logistic,exp_20260720,2,2,8,156,24,0.010404166008811444,1.0,1.0,1.0,0.0
top_close,handcrafted,random_forest,exp_20260720,2,2,8,156,24,0.17310637500486337,1.0,1.0,1.0,0.0
top_close,handcrafted,rbf_svm,exp_20260720,2,2,8,156,24,0.006580165994819254,1.0,1.0,1.0,0.0
top_close,handcrafted,hist_gradient_boosting,exp_20260720,2,2,8,156,24,0.5735016660182737,1.0,1.0,1.0,0.0
top_close,handcrafted,mlp,exp_20260720,2,2,8,156,24,0.034889458009274676,0.9583333333333333,0.9582608695652174,1.0,0.00042193647554989474
top_close,handcrafted,logistic,exp_20260720,2,4,10,204,24,0.012370500015094876,1.0,1.0,1.0,0.0
top_close,handcrafted,random_forest,exp_20260720,2,4,10,204,24,0.1816089999920223,1.0,1.0,1.0,0.0
top_close,handcrafted,rbf_svm,exp_20260720,2,4,10,204,24,0.006269208999583498,1.0,1.0,1.0,0.0
top_close,handcrafted,hist_gradient_boosting,exp_20260720,2,4,10,204,24,0.7872742500039749,1.0,1.0,1.0,0.0
top_close,handcrafted,mlp,exp_20260720,2,4,10,204,24,0.08492683299118653,0.9583333333333333,0.9582608695652174,1.0,0.00042193647554989474
top_close,handcrafted,logistic,exp_20260720,2,6,20,408,24,0.013123375014401972,0.9583333333333333,0.9582608695652174,1.0,0.005703963617443933
top_close,handcrafted,random_forest,exp_20260720,2,6,20,408,24,0.15603691700380296,1.0,1.0,1.0,0.0
top_close,handcrafted,rbf_svm,exp_20260720,2,6,20,408,24,0.007310832996154204,1.0,1.0,1.0,0.0
top_close,handcrafted,hist_gradient_boosting,exp_20260720,2,6,20,408,24,2.815415666991612,1.0,1.0,1.0,0.0
top_close,handcrafted,mlp,exp_20260720,2,6,20,408,24,0.09535091699217446,1.0,1.0,1.0,0.0
top_close,handcrafted,logistic,exp_20260720,2,8,31,624,24,0.01428945900988765,0.9583333333333333,0.9582608695652174,1.0,0.005703963617443933
top_close,handcrafted,random_forest,exp_20260720,2,8,31,624,24,0.18960170799982734,1.0,1.0,1.0,0.0
top_close,handcrafted,rbf_svm,exp_20260720,2,8,31,624,24,0.008745875005843118,1.0,1.0,1.0,0.0
top_close,handcrafted,hist_gradient_boosting,exp_20260720,2,8,31,624,24,3.360376249998808,1.0,1.0,1.0,0.0
top_close,handcrafted,mlp,exp_20260720,2,8,31,624,24,0.07233037499827333,1.0,1.0,1.0,0.0
top_close,handcrafted,logistic,exp_20260721,0,2,11,216,36,0.012137707992224023,0.9166666666666667,0.8831168831168831,0.8333333333333334,0.01683403661162176
top_close,handcrafted,random_forest,exp_20260721,0,2,11,216,36,0.178753374988446,1.0,1.0,1.0,0.0
top_close,handcrafted,rbf_svm,exp_20260721,0,2,11,216,36,0.005381166003644466,1.0,1.0,1.0,0.0
top_close,handcrafted,hist_gradient_boosting,exp_20260721,0,2,11,216,36,0.7988982499809936,0.9166666666666667,0.8831168831168831,1.0,0.01683403661162176
top_close,handcrafted,mlp,exp_20260721,0,2,11,216,36,0.04394366699852981,0.875,0.8285714285714285,1.0,0.004211943912837009
top_close,handcrafted,logistic,exp_20260721,0,4,13,264,36,0.010742374986875802,1.0,1.0,1.0,0.0
top_close,handcrafted,random_forest,exp_20260721,0,4,13,264,36,0.22468991699861363,1.0,1.0,1.0,0.0
top_close,handcrafted,rbf_svm,exp_20260721,0,4,13,264,36,0.016869042010512203,1.0,1.0,1.0,0.0
top_close,handcrafted,hist_gradient_boosting,exp_20260721,0,4,13,264,36,1.6146510830149055,1.0,1.0,1.0,0.0
top_close,handcrafted,mlp,exp_20260721,0,4,13,264,36,0.0752754170098342,1.0,1.0,1.0,0.0
top_close,handcrafted,logistic,exp_20260721,0,6,23,468,36,0.013168917008442804,1.0,1.0,1.0,0.0
top_close,handcrafted,random_forest,exp_20260721,0,6,23,468,36,0.16526599999633618,1.0,1.0,1.0,0.0
top_close,handcrafted,rbf_svm,exp_20260721,0,6,23,468,36,0.00724875001469627,1.0,1.0,1.0,0.0
top_close,handcrafted,hist_gradient_boosting,exp_20260721,0,6,23,468,36,3.266363041009754,1.0,1.0,1.0,0.0
top_close,handcrafted,mlp,exp_20260721,0,6,23,468,36,0.06918099999893457,1.0,1.0,1.0,0.0
top_close,handcrafted,logistic,exp_20260721,0,8,35,708,36,0.01457974998629652,1.0,1.0,1.0,0.0
top_close,handcrafted,random_forest,exp_20260721,0,8,35,708,36,0.2009293340088334,1.0,1.0,1.0,0.0
top_close,handcrafted,rbf_svm,exp_20260721,0,8,35,708,36,0.008235459012212232,1.0,1.0,1.0,0.0
top_close,handcrafted,hist_gradient_boosting,exp_20260721,0,8,35,708,36,4.342674207990058,1.0,1.0,1.0,0.0
top_close,handcrafted,mlp,exp_20260721,0,8,35,708,36,0.10872204197221436,1.0,1.0,1.0,0.0
top_close,handcrafted,logistic,exp_20260721,0,10,43,852,36,0.015644541999790817,1.0,1.0,1.0,0.0
top_close,handcrafted,random_forest,exp_20260721,0,10,43,852,36,0.19800895798834972,1.0,1.0,1.0,0.0
top_close,handcrafted,rbf_svm,exp_20260721,0,10,43,852,36,0.011629374988842756,1.0,1.0,1.0,0.0
top_close,handcrafted,hist_gradient_boosting,exp_20260721,0,10,43,852,36,4.414144916983787,1.0,1.0,1.0,0.0
top_close,handcrafted,mlp,exp_20260721,0,10,43,852,36,0.07948149999720044,1.0,1.0,1.0,0.0
top_close,handcrafted,logistic,exp_20260721,1,2,11,216,36,0.01304458300000988,1.0,1.0,1.0,0.0
top_close,handcrafted,random_forest,exp_20260721,1,2,11,216,36,0.17757887500920333,1.0,1.0,1.0,0.0
top_close,handcrafted,rbf_svm,exp_20260721,1,2,11,216,36,0.005401458009146154,1.0,1.0,1.0,0.0
top_close,handcrafted,hist_gradient_boosting,exp_20260721,1,2,11,216,36,1.4555809999874327,0.9166666666666667,0.9345454545454546,1.0,0.001943071356340145
top_close,handcrafted,mlp,exp_20260721,1,2,11,216,36,0.07208279098267667,0.9791666666666667,0.9693617021276595,1.0,0.00022101937024184728
top_close,handcrafted,logistic,exp_20260721,1,4,18,348,36,0.01094362500589341,1.0,1.0,1.0,0.0
top_close,handcrafted,random_forest,exp_20260721,1,4,18,348,36,0.18034404100035317,1.0,1.0,1.0,0.0
top_close,handcrafted,rbf_svm,exp_20260721,1,4,18,348,36,0.005852083006175235,1.0,1.0,1.0,0.0
top_close,handcrafted,hist_gradient_boosting,exp_20260721,1,4,18,348,36,2.486817166005494,0.9583333333333333,0.9680567879325643,1.0,0.0004287831199031905
top_close,handcrafted,mlp,exp_20260721,1,4,18,348,36,0.08198645798256621,1.0,1.0,1.0,0.0
top_close,handcrafted,logistic,exp_20260721,1,6,25,492,36,0.01570579200051725,1.0,1.0,1.0,0.0
top_close,handcrafted,random_forest,exp_20260721,1,6,25,492,36,0.36133704098756425,1.0,1.0,1.0,0.0
top_close,handcrafted,rbf_svm,exp_20260721,1,6,25,492,36,0.02314624999416992,1.0,1.0,1.0,0.0
top_close,handcrafted,hist_gradient_boosting,exp_20260721,1,6,25,492,36,3.319461333012441,1.0,1.0,1.0,0.0
top_close,handcrafted,mlp,exp_20260721,1,6,25,492,36,0.08793070798856206,1.0,1.0,1.0,0.0
top_close,handcrafted,logistic,exp_20260721,1,8,36,708,36,0.01492633399902843,1.0,1.0,1.0,0.0
top_close,handcrafted,random_forest,exp_20260721,1,8,36,708,36,0.18823137501021847,1.0,1.0,1.0,0.0
top_close,handcrafted,rbf_svm,exp_20260721,1,8,36,708,36,0.009577124990755692,1.0,1.0,1.0,0.0
top_close,handcrafted,hist_gradient_boosting,exp_20260721,1,8,36,708,36,3.890302874991903,1.0,1.0,1.0,0.0
top_close,handcrafted,mlp,exp_20260721,1,8,36,708,36,0.10318837498198263,1.0,1.0,1.0,0.0
top_close,handcrafted,logistic,exp_20260721,2,2,12,228,36,0.011557291989447549,1.0,1.0,1.0,0.0
top_close,handcrafted,random_forest,exp_20260721,2,2,12,228,36,0.1730166659981478,1.0,1.0,1.0,0.0
top_close,handcrafted,rbf_svm,exp_20260721,2,2,12,228,36,0.006660207989625633,1.0,1.0,1.0,0.0
top_close,handcrafted,hist_gradient_boosting,exp_20260721,2,2,12,228,36,0.859443250024924,1.0,1.0,1.0,0.0
top_close,handcrafted,mlp,exp_20260721,2,2,12,228,36,0.1456562919775024,0.9791666666666667,0.9693617021276595,1.0,0.00022101937024184728
top_close,handcrafted,logistic,exp_20260721,2,4,24,444,36,0.02772941702278331,1.0,1.0,1.0,0.0
top_close,handcrafted,random_forest,exp_20260721,2,4,24,444,36,0.3520905839977786,1.0,1.0,1.0,0.0
top_close,handcrafted,rbf_svm,exp_20260721,2,4,24,444,36,0.009106582991080359,1.0,1.0,1.0,0.0
top_close,handcrafted,hist_gradient_boosting,exp_20260721,2,4,24,444,36,3.373527957999613,0.875,0.8991596638655461,1.0,0.010912608761048062
top_close,handcrafted,mlp,exp_20260721,2,4,24,444,36,0.07061637501465157,0.9791666666666667,0.9693617021276595,1.0,0.00022101937024184728
top_close,handcrafted,logistic,exp_20260721,2,6,26,492,36,0.011910417000763118,1.0,1.0,1.0,0.0
top_close,handcrafted,random_forest,exp_20260721,2,6,26,492,36,0.196047625009669,1.0,1.0,1.0,0.0
top_close,handcrafted,rbf_svm,exp_20260721,2,6,26,492,36,0.008699584024725482,1.0,1.0,1.0,0.0
top_close,handcrafted,hist_gradient_boosting,exp_20260721,2,6,26,492,36,2.870699249993777,0.9166666666666667,0.9345454545454546,1.0,0.0055198540367224725
top_close,handcrafted,mlp,exp_20260721,2,6,26,492,36,0.07857133299694397,1.0,1.0,1.0,0.0
top_close,handcrafted,logistic,exp_20260721,2,8,38,732,36,0.012798292009392753,1.0,1.0,1.0,0.0
top_close,handcrafted,random_forest,exp_20260721,2,8,38,732,36,0.1917968329798896,1.0,1.0,1.0,0.0
top_close,handcrafted,rbf_svm,exp_20260721,2,8,38,732,36,0.01686504200915806,1.0,1.0,1.0,0.0
top_close,handcrafted,hist_gradient_boosting,exp_20260721,2,8,38,732,36,3.7100825830129907,1.0,1.0,1.0,0.0
top_close,handcrafted,mlp,exp_20260721,2,8,38,732,36,0.09405300000798889,1.0,1.0,1.0,0.0
top_close,handcrafted,logistic,exp_20260723,0,2,7,144,108,0.011895416013430804,0.8263888888888888,0.8515071390798519,0.9405864197530863,0.005821862624508705
top_close,handcrafted,random_forest,exp_20260723,0,2,7,144,108,0.16143024998018518,0.9444444444444444,0.9293655984303466,0.9932484567901234,0.0008288116765257129
top_close,handcrafted,rbf_svm,exp_20260723,0,2,7,144,108,0.008944915985921398,0.8125,0.8319327731092436,0.9378858024691358,0.006031948252953639
top_close,handcrafted,hist_gradient_boosting,exp_20260723,0,2,7,144,108,0.41120125001179986,0.7986111111111112,0.7816176470588235,0.8985339506172839,0.01605817999059166
top_close,handcrafted,mlp,exp_20260723,0,2,7,144,108,0.03328454200527631,0.625,0.5244755244755245,0.6199845679012346,0.03539858707693823
top_close,handcrafted,logistic,exp_20260723,0,4,15,300,108,0.010547082987613976,0.8194444444444444,0.8416422287390029,0.8533950617283951,0.005960099084586775
top_close,handcrafted,random_forest,exp_20260723,0,4,15,300,108,0.18609304100391455,0.8263888888888888,0.8515071390798519,0.9722222222222222,0.005821862624508705
top_close,handcrafted,rbf_svm,exp_20260723,0,4,15,300,108,0.006598250009119511,0.8194444444444444,0.8416422287390029,0.9714506172839505,0.005960099084586775
top_close,handcrafted,hist_gradient_boosting,exp_20260723,0,4,15,300,108,1.7491795840032864,0.9305555555555556,0.9365949119373776,0.9907407407407407,0.0016394444188530856
top_close,handcrafted,mlp,exp_20260723,0,4,15,300,108,0.05104629200650379,0.8472222222222222,0.7928147889780258,0.9251543209876543,0.005797749673894206
top_close,handcrafted,logistic,exp_20260723,0,6,26,516,108,0.012519625015556812,0.8263888888888888,0.8515071390798519,0.8811728395061729,0.005821862624508705
top_close,handcrafted,random_forest,exp_20260723,0,6,26,516,108,0.19962958298856393,0.8263888888888888,0.8515071390798519,0.9751157407407407,0.005821862624508705
top_close,handcrafted,rbf_svm,exp_20260723,0,6,26,516,108,0.00986654101870954,0.8194444444444444,0.8416422287390029,0.9699074074074074,0.005960099084586775
top_close,handcrafted,hist_gradient_boosting,exp_20260723,0,6,26,516,108,2.6797741669870447,0.9652777777777778,0.9588884659307195,0.9895833333333333,0.0007097453266593814
top_close,handcrafted,mlp,exp_20260723,0,6,26,516,108,0.06259962500189431,0.8472222222222222,0.7928147889780258,0.9521604938271604,0.005797749673894206
top_close,handcrafted,logistic,exp_20260723,0,8,37,732,108,0.0156220420030877,0.9097222222222222,0.8984962406015038,0.9780092592592593,0.0013775318637545858
top_close,handcrafted,random_forest,exp_20260723,0,8,37,732,108,0.19528112499392591,0.9305555555555556,0.9101912593550772,0.9741512345679012,0.0013474742861996848
top_close,handcrafted,rbf_svm,exp_20260723,0,8,37,732,108,0.009591083013219759,0.9166666666666666,0.899665551839465,0.9857253086419753,0.00143734458507222
top_close,handcrafted,hist_gradient_boosting,exp_20260723,0,8,37,732,108,3.8371801670000423,0.9305555555555556,0.9017109574080815,0.9645061728395062,0.001955090033751627
top_close,handcrafted,mlp,exp_20260723,0,8,37,732,108,0.11893058300483972,0.9097222222222222,0.8739110911540189,0.9915123456790123,0.0025788185308629843
top_close,handcrafted,logistic,exp_20260723,0,10,39,780,108,0.014362707996042445,0.9097222222222222,0.8984962406015038,0.9753086419753086,0.0013775318637545858
top_close,handcrafted,random_forest,exp_20260723,0,10,39,780,108,0.17929629201535136,0.9444444444444444,0.9205882352941177,0.974537037037037,0.0012084625537109347
top_close,handcrafted,rbf_svm,exp_20260723,0,10,39,780,108,0.010498957999516279,0.9166666666666666,0.899665551839465,0.9861111111111112,0.00143734458507222
top_close,handcrafted,hist_gradient_boosting,exp_20260723,0,10,39,780,108,4.40201629200601,0.8958333333333333,0.8795986622073578,0.9645061728395061,0.0032386189682252157
top_close,handcrafted,mlp,exp_20260723,0,10,39,780,108,0.11328654200769961,0.9027777777777778,0.8647584973166369,0.9903549382716049,0.003132909547947144
top_close,handcrafted,logistic,exp_20260723,1,2,8,156,108,0.009768167015863582,0.8055555555555556,0.8223684210526316,0.8680555555555556,0.006179062552061689
top_close,handcrafted,random_forest,exp_20260723,1,2,8,156,108,0.16133350000018254,0.8194444444444444,0.8416422287390029,0.8989197530864198,0.005960099084586775
top_close,handcrafted,rbf_svm,exp_20260723,1,2,8,156,108,0.005942791001871228,0.8194444444444444,0.8416422287390029,0.9085648148148149,0.005960099084586775
top_close,handcrafted,hist_gradient_boosting,exp_20260723,1,2,8,156,108,0.4117208749812562,0.8194444444444444,0.8416422287390029,0.9459876543209876,0.005960099084586775
top_close,handcrafted,mlp,exp_20260723,1,2,8,156,108,0.04522650002036244,0.8055555555555556,0.7393103448275862,0.939429012345679,0.008644646561207107
top_close,handcrafted,logistic,exp_20260723,1,4,10,204,108,0.011161999980686232,0.7986111111111112,0.8129393785022925,0.9212962962962963,0.0062503790860214325
top_close,handcrafted,random_forest,exp_20260723,1,4,10,204,108,0.17490241600899026,0.8194444444444444,0.8416422287390029,0.9440586419753086,0.005960099084586775
top_close,handcrafted,rbf_svm,exp_20260723,1,4,10,204,108,0.005897458002436906,0.7986111111111112,0.8129393785022925,0.9402006172839505,0.0062503790860214325
top_close,handcrafted,hist_gradient_boosting,exp_20260723,1,4,10,204,108,0.4607610839884728,0.8194444444444444,0.8416422287390029,0.970679012345679,0.005960099084586775
top_close,handcrafted,mlp,exp_20260723,1,4,10,204,108,0.041626332997111604,0.7638888888888888,0.6850771869639793,0.9305555555555556,0.01052940905341395
top_close,handcrafted,logistic,exp_20260723,1,6,21,420,108,0.010341957997297868,0.8958333333333333,0.8876595744680851,0.9652777777777778,0.0016582376247189184
top_close,handcrafted,random_forest,exp_20260723,1,6,21,420,108,0.16971099999500439,0.8055555555555556,0.8286620835536753,0.9596836419753086,0.006123586462735476
top_close,handcrafted,rbf_svm,exp_20260723,1,6,21,420,108,0.008720540994545445,0.8125,0.8319327731092436,0.9232253086419753,0.006031948252953639
top_close,handcrafted,hist_gradient_boosting,exp_20260723,1,6,21,420,108,2.7165994579845574,0.8125,0.8319327731092436,0.9367283950617283,0.006040826091983619
top_close,handcrafted,mlp,exp_20260723,1,6,21,420,108,0.07020245800958946,0.8541666666666667,0.8017309205350118,0.964891975308642,0.0052436586568100465
top_close,handcrafted,logistic,exp_20260723,1,8,34,660,108,0.01093441600096412,0.9375,0.9375,0.9795524691358024,0.0008324301786389901
top_close,handcrafted,random_forest,exp_20260723,1,8,34,660,108,0.2059264580020681,0.8194444444444444,0.8416422287390029,0.955054012345679,0.005893711792875568
top_close,handcrafted,rbf_svm,exp_20260723,1,8,34,660,108,0.009925499995006248,0.8055555555555556,0.8223684210526316,0.9371141975308642,0.006179062552061689
top_close,handcrafted,hist_gradient_boosting,exp_20260723,1,8,34,660,108,3.3789393329934683,0.8263888888888888,0.8515071390798519,0.9641203703703702,0.005821862624508705
top_close,handcrafted,mlp,exp_20260723,1,8,34,660,108,0.08997233401169069,0.8888888888888888,0.8545127974854063,0.9803240740740741,0.002853117630178927
top_close,handcrafted,logistic,exp_20260723,2,2,8,156,108,0.012097791011910886,0.9166666666666667,0.8831168831168831,0.9598765432098766,0.002313440887131458
top_close,handcrafted,random_forest,exp_20260723,2,2,8,156,108,0.17826287500793114,0.7986111111111112,0.8129393785022925,0.9402006172839505,0.006580725877433793
top_close,handcrafted,rbf_svm,exp_20260723,2,2,8,156,108,0.006155959010357037,0.8194444444444444,0.8416422287390029,0.9035493827160493,0.005960099084586775
top_close,handcrafted,hist_gradient_boosting,exp_20260723,2,2,8,156,108,0.5110527079959866,0.9166666666666667,0.8913580246913579,0.9436728395061729,0.001806302891069183
top_close,handcrafted,mlp,exp_20260723,2,2,8,156,108,0.03891779200057499,0.75,0.6666666666666666,0.927854938271605,0.012235905627887995
top_close,handcrafted,logistic,exp_20260723,2,4,15,300,108,0.011318333010422066,0.8194444444444444,0.8416422287390029,0.9529320987654321,0.005960099084586775
top_close,handcrafted,random_forest,exp_20260723,2,4,15,300,108,0.18469345901394263,0.8263888888888888,0.8515071390798519,0.9683641975308642,0.005821862624508705
top_close,handcrafted,rbf_svm,exp_20260723,2,4,15,300,108,0.0111015840084292,0.8472222222222222,0.8520547945205479,0.95679012345679,0.0032470988701748735
top_close,handcrafted,hist_gradient_boosting,exp_20260723,2,4,15,300,108,1.6908812079927884,0.9305555555555556,0.9017109574080815,0.9934413580246914,0.001955090033751627
top_close,handcrafted,mlp,exp_20260723,2,4,15,300,108,0.059616624988848343,0.8333333333333333,0.775,0.9286265432098766,0.006660182609611221
top_close,handcrafted,logistic,exp_20260723,2,6,27,516,108,0.01476929199998267,0.8263888888888888,0.8515071390798519,0.9583333333333333,0.005821862624508705
top_close,handcrafted,random_forest,exp_20260723,2,6,27,516,108,0.2893941249931231,0.8263888888888888,0.8515071390798519,0.9834104938271604,0.005821862624508705
top_close,handcrafted,rbf_svm,exp_20260723,2,6,27,516,108,0.008097459009150043,0.8402777777777778,0.856953642384106,0.9664351851851851,0.0042871034340485805
top_close,handcrafted,hist_gradient_boosting,exp_20260723,2,6,27,516,108,3.2718904170033056,0.8194444444444444,0.8416422287390029,0.9598765432098766,0.006247897959757969
top_close,handcrafted,mlp,exp_20260723,2,6,27,516,108,0.12728000001516193,0.8333333333333333,0.775,0.9560185185185185,0.006660182609611221
top_close,handcrafted,logistic,exp_20260723,2,8,32,636,108,0.02795275000971742,0.9166666666666667,0.8913580246913579,0.9768518518518519,0.0020826558643399417
top_close,handcrafted,random_forest,exp_20260723,2,8,32,636,108,0.18460933299502358,0.9305555555555556,0.9017109574080815,0.9749228395061729,0.0019436441318511914
top_close,handcrafted,rbf_svm,exp_20260723,2,8,32,636,108,0.009415374981472269,0.9097222222222222,0.8902337614339833,0.9872685185185185,0.0016655300647609463
top_close,handcrafted,hist_gradient_boosting,exp_20260723,2,8,32,636,108,3.1618699170066975,0.9305555555555556,0.9017109574080815,0.972608024691358,0.0019436441318511914
top_close,handcrafted,mlp,exp_20260723,2,8,32,636,108,0.15929395900457166,0.8958333333333333,0.855653568564555,0.9787808641975309,0.003688809650078521
top_close,handcrafted,logistic,exp_20260724,0,2,7,132,96,0.024891083012335002,0.875,0.873015873015873,0.9943576388888888,0.002409469015449736
top_close,handcrafted,random_forest,exp_20260724,0,2,7,132,96,0.1841902919986751,0.9895833333333333,0.9895822029300054,0.9995659722222222,0.00010449324063959352
top_close,handcrafted,rbf_svm,exp_20260724,0,2,7,132,96,0.005083083000499755,0.875,0.873015873015873,0.9835069444444444,0.002409469015449736
top_close,handcrafted,hist_gradient_boosting,exp_20260724,0,2,7,132,96,0.4655460829962976,0.9375,0.9372549019607843,0.993923611111111,0.0007029236003036524
top_close,handcrafted,mlp,exp_20260724,0,2,7,132,96,0.04480554099427536,0.84375,0.8398398398398399,1.0,0.007030639999030124
top_close,handcrafted,logistic,exp_20260724,0,4,10,192,96,0.01206658300361596,0.8854166666666667,0.8838922484881804,0.9917534722222222,0.0023049757748101426
top_close,handcrafted,random_forest,exp_20260724,0,4,10,192,96,0.17517641698941588,0.9375,0.9372549019607843,1.0,0.0010401247962517723
top_close,handcrafted,rbf_svm,exp_20260724,0,4,10,192,96,0.00564741698326543,1.0,1.0,1.0,0.0
top_close,handcrafted,hist_gradient_boosting,exp_20260724,0,4,10,192,96,0.40044041600776836,0.9583333333333333,0.9583152409900131,0.9986979166666666,0.0004509789892459556
top_close,handcrafted,mlp,exp_20260724,0,4,10,192,96,0.05872354097664356,0.8645833333333333,0.8620537194650161,1.0,0.005572568538776603
top_close,handcrafted,logistic,exp_20260724,0,6,22,408,96,0.012464166997233406,0.875,0.873015873015873,0.9908854166666666,0.002409469015449736
top_close,handcrafted,random_forest,exp_20260724,0,6,22,408,96,0.17478516601840965,0.9791666666666667,0.9791576204950065,1.0,0.0002407968492243043
top_close,handcrafted,rbf_svm,exp_20260724,0,6,22,408,96,0.006833333987742662,0.9791666666666667,0.9791576204950065,1.0,0.0002407968492243043
top_close,handcrafted,hist_gradient_boosting,exp_20260724,0,6,22,408,96,3.894409792002989,0.96875,0.9687466087900163,0.9991319444444443,0.0003455103878497358
top_close,handcrafted,mlp,exp_20260724,0,6,22,408,96,0.06677875001332723,0.9270833333333333,0.926693574779099,1.0,0.0017899340328483367
top_close,handcrafted,logistic,exp_20260724,0,8,29,552,96,0.014789665990974754,0.875,0.873015873015873,0.9800347222222222,0.002409469015449736
top_close,handcrafted,random_forest,exp_20260724,0,8,29,552,96,0.31159450000268407,0.96875,0.9687194525904204,1.0,0.0005395519597433851
top_close,handcrafted,rbf_svm,exp_20260724,0,8,29,552,96,0.012117125006625429,0.9479166666666667,0.9477749972799477,0.997829861111111,0.0006797963866407415
top_close,handcrafted,hist_gradient_boosting,exp_20260724,0,8,29,552,96,2.904927041992778,0.96875,0.9687194525904204,0.9995659722222222,0.00036094083390294894
top_close,handcrafted,mlp,exp_20260724,0,8,29,552,96,0.06259987500379793,0.9166666666666667,0.916083916083916,1.0,0.002295483025742339
top_close,handcrafted,logistic,exp_20260724,0,10,41,792,96,0.014548790990374982,0.875,0.873015873015873,0.98828125,0.002409469015449736
top_close,handcrafted,random_forest,exp_20260724,0,10,41,792,96,0.19886483400478028,0.9791666666666667,0.9791576204950065,1.0,0.00036906834726360916
top_close,handcrafted,rbf_svm,exp_20260724,0,10,41,792,96,0.011834709002869204,0.9375,0.9372549019607843,0.9973958333333334,0.0008658338862633687
top_close,handcrafted,hist_gradient_boosting,exp_20260724,0,10,41,792,96,4.971573333023116,0.96875,0.9687194525904204,0.9995659722222223,0.00036094083390294894
top_close,handcrafted,mlp,exp_20260724,0,10,41,792,96,0.06997504201717675,0.9270833333333333,0.926693574779099,1.0,0.0017899340328483367
top_close,handcrafted,logistic,exp_20260724,1,2,6,120,96,0.012841874995501712,1.0,1.0,1.0,0.0
top_close,handcrafted,random_forest,exp_20260724,1,2,6,120,96,0.1891673750069458,1.0,1.0,1.0,0.0
top_close,handcrafted,rbf_svm,exp_20260724,1,2,6,120,96,0.006215250003151596,0.875,0.873015873015873,0.9874131944444444,0.002409469015449736
top_close,handcrafted,hist_gradient_boosting,exp_20260724,1,2,6,120,96,0.5973762079956941,0.90625,0.9054187192118226,0.9891493055555555,0.017082127698832137
top_close,handcrafted,mlp,exp_20260724,1,2,6,120,96,0.026778917002957314,0.6979166666666666,0.6675820895522389,0.8862847222222222,0.03956706076136061
top_close,handcrafted,logistic,exp_20260724,1,4,14,276,96,0.011887458007549867,1.0,1.0,1.0,0.0
top_close,handcrafted,random_forest,exp_20260724,1,4,14,276,96,0.19284000000334345,0.875,0.873015873015873,0.9997829861111112,0.002409469015449736
top_close,handcrafted,rbf_svm,exp_20260724,1,4,14,276,96,0.009032667003339157,0.8645833333333333,0.862781748213304,0.984375,0.002514196661017616
top_close,handcrafted,hist_gradient_boosting,exp_20260724,1,4,14,276,96,1.374808041000506,0.9479166666666667,0.9477749972799477,1.0,0.0009199808115731278
top_close,handcrafted,mlp,exp_20260724,1,4,14,276,96,0.05356175001361407,0.8541666666666667,0.8509977827050997,1.0,0.006602468656566441
top_close,handcrafted,logistic,exp_20260724,1,6,27,516,96,0.011890249996213242,0.9895833333333333,0.9895822029300054,1.0,0.0002849288244972826
top_close,handcrafted,random_forest,exp_20260724,1,6,27,516,96,0.1975399589864537,0.875,0.873015873015873,0.9956597222222223,0.002409469015449736
top_close,handcrafted,rbf_svm,exp_20260724,1,6,27,516,96,0.008381791994906962,0.8645833333333333,0.862781748213304,0.9748263888888888,0.002514196661017616
top_close,handcrafted,hist_gradient_boosting,exp_20260724,1,6,27,516,96,2.54300195799442,0.875,0.873015873015873,0.990017361111111,0.002409469015449736
top_close,handcrafted,mlp,exp_20260724,1,6,27,516,96,0.08506695801042952,0.9479166666666667,0.9477749972799477,1.0,0.001200438124408912
top_close,handcrafted,logistic,exp_20260724,1,8,34,648,96,0.013977249996969476,0.9270833333333333,0.926693574779099,1.0,0.0013811319234006854
top_close,handcrafted,random_forest,exp_20260724,1,8,34,648,96,0.20582433298113756,0.9583333333333333,0.9582608695652174,0.9995659722222222,0.0006050660771479807
top_close,handcrafted,rbf_svm,exp_20260724,1,8,34,648,96,0.011082832992542535,0.875,0.873015873015873,0.9431423611111112,0.002409469015449736
top_close,handcrafted,hist_gradient_boosting,exp_20260724,1,8,34,648,96,3.3967885409947485,0.9583333333333333,0.9583152409900131,0.9986979166666666,0.0004953309923116774
top_close,handcrafted,mlp,exp_20260724,1,8,34,648,96,0.09612941701197997,0.9791666666666667,0.9791576204950065,1.0,0.00045506347700783445
top_close,handcrafted,logistic,exp_20260724,2,2,7,132,96,0.009824333974393085,0.875,0.8736287845546292,0.9835069444444444,0.0021992353183589216
top_close,handcrafted,random_forest,exp_20260724,2,2,7,132,96,0.1723161669797264,0.9791666666666667,0.9791576204950065,0.9999999999999999,0.0002407968492243043
top_close,handcrafted,rbf_svm,exp_20260724,2,2,7,132,96,0.004963999992469326,0.9166666666666667,0.916083916083916,0.99609375,0.0013008926053671604
top_close,handcrafted,hist_gradient_boosting,exp_20260724,2,2,7,132,96,0.4565263750264421,0.9479166666666667,0.9477749972799477,0.9908854166666666,0.0005986882188188711
top_close,handcrafted,mlp,exp_20260724,2,2,7,132,96,0.043523875006940216,0.8333333333333333,0.8285714285714285,1.0,0.007712632065048113
top_close,handcrafted,logistic,exp_20260724,2,4,15,288,96,0.012666208000155166,0.9270833333333333,0.926693574779099,0.9622395833333333,0.001648128369825961
top_close,handcrafted,random_forest,exp_20260724,2,4,15,288,96,0.1845739999844227,0.9895833333333333,0.9895822029300054,1.0,0.00010449324063959352
top_close,handcrafted,rbf_svm,exp_20260724,2,4,15,288,96,0.007245125016197562,0.875,0.8736287845546292,0.9657118055555555,0.00219924942530137
top_close,handcrafted,hist_gradient_boosting,exp_20260724,2,4,15,288,96,1.7329851249814965,0.9895833333333333,0.9895822029300054,0.9986979166666666,0.00010449324063959352
top_close,handcrafted,mlp,exp_20260724,2,4,15,288,96,0.051609709014883265,0.9270833333333333,0.926693574779099,1.0,0.0017899340328483367
top_close,handcrafted,logistic,exp_20260724,2,6,27,504,96,0.012600957998074591,0.90625,0.9054187192118226,0.9995659722222222,0.0019045759630893163
top_close,handcrafted,random_forest,exp_20260724,2,6,27,504,96,0.29934954197960906,0.9895833333333333,0.9895822029300054,1.0,0.00010449324063959352
top_close,handcrafted,rbf_svm,exp_20260724,2,6,27,504,96,0.015274083008989692,0.875,0.873015873015873,0.9535590277777777,0.002409469015449736
top_close,handcrafted,hist_gradient_boosting,exp_20260724,2,6,27,504,96,3.0872985839960165,0.96875,0.9687466087900163,0.9991319444444444,0.0003455103878497358
top_close,handcrafted,mlp,exp_20260724,2,6,27,504,96,0.06334599998081103,0.9375,0.9372549019607843,1.0,0.0014393568243529897
top_close,handcrafted,logistic,exp_20260724,2,8,29,552,96,0.013921499979915097,0.9375,0.9372549019607843,0.993923611111111,0.0015436351291863673
top_close,handcrafted,random_forest,exp_20260724,2,8,29,552,96,0.2049716250039637,0.9895833333333333,0.9895822029300054,1.0,0.00010449324063959352
top_close,handcrafted,rbf_svm,exp_20260724,2,8,29,552,96,0.010632249992340803,0.9583333333333333,0.9582608695652174,1.0,0.0005107614383648905
top_close,handcrafted,hist_gradient_boosting,exp_20260724,2,8,29,552,96,4.787410416000057,0.9791666666666667,0.9791576204950065,0.9991319444444445,0.0002407968492243043
top_close,handcrafted,mlp,exp_20260724,2,8,29,552,96,0.060583541984669864,0.9270833333333333,0.926693574779099,1.0,0.0017899340328483367
top_close,handcrafted,logistic,exp_20260727,0,2,13,240,96,0.010830249986611307,0.8999999999999999,0.8911070780399275,0.9699074074074074,0.001133644404139657
top_close,handcrafted,random_forest,exp_20260727,0,2,13,240,96,0.190102916007163,0.9138888888888889,0.9024280067758328,0.9587962962962964,0.0009742338509838534
top_close,handcrafted,rbf_svm,exp_20260727,0,2,13,240,96,0.011718416993971914,0.9166666666666667,0.893569844789357,0.9675925925925926,0.0009936958520079032
top_close,handcrafted,hist_gradient_boosting,exp_20260727,0,2,13,240,96,0.9696693329897244,0.875,0.8770806658130601,0.961111111111111,0.0014137602651278633
top_close,handcrafted,mlp,exp_20260727,0,2,13,240,96,0.03837454202584922,0.875,0.8423645320197044,0.9125,0.0016891704277184594
top_close,handcrafted,logistic,exp_20260727,0,4,25,480,96,0.01324195897905156,0.9166666666666667,0.893569844789357,0.9351851851851851,0.0009936958520079032
top_close,handcrafted,random_forest,exp_20260727,0,4,25,480,96,0.1898790410195943,0.9194444444444445,0.9032149658339867,0.9495370370370371,0.000931181314518668
top_close,handcrafted,rbf_svm,exp_20260727,0,4,25,480,96,0.008704000007128343,0.9166666666666667,0.893569844789357,0.9055555555555556,0.0009936958520079032
top_close,handcrafted,hist_gradient_boosting,exp_20260727,0,4,25,480,96,2.289700042019831,0.9111111111111111,0.8928571428571428,0.9291666666666667,0.0010272295570658361
top_close,handcrafted,mlp,exp_20260727,0,4,25,480,96,0.05556691699894145,0.8833333333333333,0.8525669153137341,0.9189814814814815,0.001566960705874306
top_close,handcrafted,logistic,exp_20260727,0,6,28,540,96,0.012200333003420383,0.9166666666666667,0.893569844789357,0.937962962962963,0.0009936958520079032
top_close,handcrafted,random_forest,exp_20260727,0,6,28,540,96,0.20378358298330568,0.9194444444444445,0.9032149658339867,0.9650462962962962,0.000931181314518668
top_close,handcrafted,rbf_svm,exp_20260727,0,6,28,540,96,0.008043791982345283,0.9166666666666667,0.893569844789357,0.9092592592592592,0.0009936958520079032
top_close,handcrafted,hist_gradient_boosting,exp_20260727,0,6,28,540,96,2.881528708996484,0.9166666666666667,0.893569844789357,0.9287037037037037,0.0009936958520079032
top_close,handcrafted,mlp,exp_20260727,0,6,28,540,96,0.05070724998950027,0.8833333333333333,0.8525669153137341,0.9388888888888889,0.001566960705874306
top_close,handcrafted,logistic,exp_20260727,0,8,30,588,96,0.013900874997489154,0.925,0.9039039039039038,0.9185185185185185,0.0008730975026837629
top_close,handcrafted,random_forest,exp_20260727,0,8,30,588,96,0.21554245898732916,0.9333333333333333,0.9142857142857144,0.9634259259259259,0.000788254753615264
top_close,handcrafted,rbf_svm,exp_20260727,0,8,30,588,96,0.009097417001612484,0.9166666666666667,0.893569844789357,0.9351851851851852,0.0009936958520079032
top_close,handcrafted,hist_gradient_boosting,exp_20260727,0,8,30,588,96,3.642165124998428,0.9083333333333333,0.8832762241627059,0.9333333333333333,0.0011531329232175437
top_close,handcrafted,mlp,exp_20260727,0,8,30,588,96,0.10228654200909659,0.9166666666666667,0.893569844789357,0.9703703703703703,0.0009936958520079032
top_close,handcrafted,logistic,exp_20260727,0,10,40,792,96,0.0146894589997828,0.925,0.9039039039039038,0.9421296296296297,0.0008730975026837629
top_close,handcrafted,random_forest,exp_20260727,0,10,40,792,96,0.19142750001628883,0.9333333333333333,0.9142857142857144,0.9523148148148148,0.000788254753615264
top_close,handcrafted,rbf_svm,exp_20260727,0,10,40,792,96,0.010174374998314306,0.925,0.9039039039039038,0.9490740740740741,0.0008730975026837629
top_close,handcrafted,hist_gradient_boosting,exp_20260727,0,10,40,792,96,3.686150875000749,0.9333333333333333,0.9142857142857144,0.9518518518518518,0.000788254753615264
top_close,handcrafted,mlp,exp_20260727,0,10,40,792,96,0.07888395802001469,0.9083333333333333,0.8832762241627059,0.9777777777777777,0.0011531329232175437
top_close,handcrafted,logistic,exp_20260727,1,2,12,228,96,0.013275457982672378,0.9416666666666667,0.924722751204212,0.9805555555555555,0.0006765979276814522
top_close,handcrafted,random_forest,exp_20260727,1,2,12,228,96,0.19425008399412036,0.8999999999999999,0.8911070780399275,0.98125,0.001133644404139657
top_close,handcrafted,rbf_svm,exp_20260727,1,2,12,228,96,0.0071827080100774765,0.9333333333333333,0.9142857142857144,0.9842592592592593,0.000788254753615264
top_close,handcrafted,hist_gradient_boosting,exp_20260727,1,2,12,228,96,0.6787424999929499,0.9416666666666667,0.924722751204212,0.9712962962962963,0.0006765979276814522
top_close,handcrafted,mlp,exp_20260727,1,2,12,228,96,0.08238629199331626,0.9166666666666667,0.893569844789357,0.9393518518518519,0.0009936958520079032
top_close,handcrafted,logistic,exp_20260727,1,4,14,276,96,0.013610958005301654,0.9333333333333333,0.9142857142857144,0.987037037037037,0.000788254753615264
top_close,handcrafted,random_forest,exp_20260727,1,4,14,276,96,0.17511287500383332,0.9333333333333333,0.9142857142857144,0.9886574074074074,0.000788254753615264
top_close,handcrafted,rbf_svm,exp_20260727,1,4,14,276,96,0.006010959012201056,0.925,0.9039039039039038,0.9731481481481482,0.0008730975026837629
top_close,handcrafted,hist_gradient_boosting,exp_20260727,1,4,14,276,96,1.5132228750153445,0.9333333333333333,0.9142857142857144,0.9643518518518519,0.000788254753615264
top_close,handcrafted,mlp,exp_20260727,1,4,14,276,96,0.054284291982185096,0.9166666666666667,0.893569844789357,0.9486111111111111,0.0009936958520079032
top_close,handcrafted,logistic,exp_20260727,1,6,25,492,96,0.012016499997116625,0.9333333333333333,0.9142857142857144,0.9712962962962963,0.000788254753615264
top_close,handcrafted,random_forest,exp_20260727,1,6,25,492,96,0.18428887499612756,0.9333333333333333,0.9142857142857144,0.9736111111111112,0.000788254753615264
top_close,handcrafted,rbf_svm,exp_20260727,1,6,25,492,96,0.007706417003646493,0.9333333333333333,0.9142857142857144,0.9703703703703703,0.000788254753615264
top_close,handcrafted,hist_gradient_boosting,exp_20260727,1,6,25,492,96,3.6960340829973575,0.9333333333333333,0.9142857142857144,0.9449074074074074,0.000788254753615264
top_close,handcrafted,mlp,exp_20260727,1,6,25,492,96,0.0972647919843439,0.925,0.9039039039039038,0.9675925925925926,0.0008730975026837629
top_close,handcrafted,logistic,exp_20260727,1,8,32,636,96,0.014773791015613824,0.9333333333333333,0.9142857142857144,0.9518518518518518,0.000788254753615264
top_close,handcrafted,random_forest,exp_20260727,1,8,32,636,96,0.22368141601327807,0.9333333333333333,0.9142857142857144,0.9425925925925925,0.000788254753615264
top_close,handcrafted,rbf_svm,exp_20260727,1,8,32,636,96,0.012117540987674147,0.9166666666666667,0.893569844789357,0.9416666666666667,0.0009936958520079032
top_close,handcrafted,hist_gradient_boosting,exp_20260727,1,8,32,636,96,4.473664459015708,0.9333333333333333,0.9142857142857144,0.961111111111111,0.000788254753615264
top_close,handcrafted,mlp,exp_20260727,1,8,32,636,96,0.11675495898816735,0.925,0.9039039039039038,0.9597222222222221,0.0008730975026837629
top_close,handcrafted,logistic,exp_20260727,2,2,3,60,96,0.010878333996515721,0.925,0.9039039039039038,0.9833333333333334,0.0008730975026837629
top_close,handcrafted,random_forest,exp_20260727,2,2,3,60,96,0.15147341700503603,0.9416666666666667,0.924722751204212,0.969212962962963,0.0006912922981006109
top_close,handcrafted,rbf_svm,exp_20260727,2,2,3,60,96,0.004998167016310617,0.925,0.9039039039039038,0.9847222222222222,0.0008730975026837629
top_close,handcrafted,hist_gradient_boosting,exp_20260727,2,2,3,60,96,0.203260083013447,0.9583333333333333,0.945793337097685,0.9583333333333333,0.0005015249644829945
top_close,handcrafted,mlp,exp_20260727,2,2,3,60,96,0.031923625007038936,0.7833333333333333,0.7290490664350847,0.9648148148148148,0.004433855927814304
top_close,handcrafted,logistic,exp_20260727,2,4,15,288,96,0.01270808299886994,0.9333333333333333,0.9142857142857144,0.9814814814814814,0.000788254753615264
top_close,handcrafted,random_forest,exp_20260727,2,4,15,288,96,0.20531237500836141,0.9333333333333333,0.9142857142857144,0.9766203703703704,0.000788254753615264
top_close,handcrafted,rbf_svm,exp_20260727,2,4,15,288,96,0.0065984999819193035,0.925,0.9039039039039038,0.9879629629629629,0.0008730975026837629
top_close,handcrafted,hist_gradient_boosting,exp_20260727,2,4,15,288,96,1.5692264590179548,0.9333333333333333,0.9142857142857144,0.975462962962963,0.000788254753615264
top_close,handcrafted,mlp,exp_20260727,2,4,15,288,96,0.06264925000141375,0.9166666666666667,0.893569844789357,0.9828703703703703,0.0009936958520079032
top_close,handcrafted,logistic,exp_20260727,2,6,20,408,96,0.013463292008964345,0.9333333333333333,0.9142857142857144,0.9722222222222222,0.000788254753615264
top_close,handcrafted,random_forest,exp_20260727,2,6,20,408,96,0.19333333300892264,0.9333333333333333,0.9142857142857144,0.9837962962962963,0.000788254753615264
top_close,handcrafted,rbf_svm,exp_20260727,2,6,20,408,96,0.006958417012356222,0.925,0.9039039039039038,0.9828703703703703,0.0008730975026837629
top_close,handcrafted,hist_gradient_boosting,exp_20260727,2,6,20,408,96,2.984625874989433,0.9333333333333333,0.9142857142857144,0.950925925925926,0.000788254753615264
top_close,handcrafted,mlp,exp_20260727,2,6,20,408,96,0.09720070802723058,0.925,0.9039039039039038,0.9791666666666666,0.0008730975026837629
top_close,handcrafted,logistic,exp_20260727,2,8,27,552,96,0.014387082977918908,0.9333333333333333,0.9142857142857144,0.9541666666666666,0.000788254753615264
top_close,handcrafted,random_forest,exp_20260727,2,8,27,552,96,0.19453641600557603,0.9333333333333333,0.9142857142857144,0.9682870370370371,0.000788254753615264
top_close,handcrafted,rbf_svm,exp_20260727,2,8,27,552,96,0.008933042001444846,0.925,0.9039039039039038,0.9495370370370371,0.0008730975026837629
top_close,handcrafted,hist_gradient_boosting,exp_20260727,2,8,27,552,96,3.065634416008834,0.9333333333333333,0.9142857142857144,0.9541666666666666,0.000788254753615264
top_close,handcrafted,mlp,exp_20260727,2,8,27,552,96,0.06643754098331556,0.9166666666666667,0.893569844789357,0.9888888888888889,0.0009936958520079032
top_close,handcrafted,logistic,exp_20260728,0,2,5,120,120,0.011202041991055012,0.9652777777777778,0.9572619132416839,0.9794560185185186,0.00039383945755213875
top_close,handcrafted,random_forest,exp_20260728,0,2,5,120,120,0.17138054099632427,0.9444444444444444,0.9398237696110037,0.9615162037037037,0.0007683908533397043
top_close,handcrafted,rbf_svm,exp_20260728,0,2,5,120,120,0.005331041000317782,0.9652777777777778,0.9572619132416839,0.9722222222222222,0.00039383945755213875
top_close,handcrafted,hist_gradient_boosting,exp_20260728,0,2,5,120,120,0.3594618339848239,0.9722222222222222,0.9657142857142857,0.9658564814814815,0.00031611177034036924
top_close,handcrafted,mlp,exp_20260728,0,2,5,120,120,0.040656041994225234,0.9236111111111112,0.9072447473824748,0.990162037037037,0.001154919845810635
top_close,handcrafted,logistic,exp_20260728,0,4,7,168,120,0.01190437498735264,0.9652777777777778,0.9572619132416839,0.9791666666666667,0.00039383945755213875
top_close,handcrafted,random_forest,exp_20260728,0,4,7,168,120,0.18498787499265745,0.9652777777777778,0.9572619132416839,0.9677372685185185,0.00039383945755213875
top_close,handcrafted,rbf_svm,exp_20260728,0,4,7,168,120,0.00575675000436604,0.9652777777777778,0.9572619132416839,0.9736689814814815,0.00039383945755213875
top_close,handcrafted,hist_gradient_boosting,exp_20260728,0,4,7,168,120,0.5086108749965206,0.9652777777777778,0.9572619132416839,0.970775462962963,0.00039383945755213875
top_close,handcrafted,mlp,exp_20260728,0,4,7,168,120,0.0420524170040153,0.9236111111111112,0.9072447473824748,0.9910300925925926,0.001154919845810635
top_close,handcrafted,logistic,exp_20260728,0,6,15,324,120,0.01195954199647531,0.9652777777777778,0.9572619132416839,0.9733796296296297,0.00039383945755213875
top_close,handcrafted,random_forest,exp_20260728,0,6,15,324,120,0.19749774999218062,0.9652777777777778,0.9572619132416839,0.978587962962963,0.00039383945755213875
top_close,handcrafted,rbf_svm,exp_20260728,0,6,15,324,120,0.006386499997461215,0.9652777777777778,0.9572619132416839,0.9571759259259259,0.00039383945755213875
top_close,handcrafted,hist_gradient_boosting,exp_20260728,0,6,15,324,120,1.8688720829959493,0.9340277777777778,0.9385560675883255,0.9916087962962963,0.0010522632720979884
top_close,handcrafted,mlp,exp_20260728,0,6,15,324,120,0.08215391699923202,0.9652777777777778,0.9572619132416839,0.9800347222222222,0.00039383945755213875
top_close,handcrafted,logistic,exp_20260728,0,8,27,540,120,0.016111666976939887,0.9652777777777778,0.9572619132416839,0.96875,0.00039383945755213875
top_close,handcrafted,random_forest,exp_20260728,0,8,27,540,120,0.20382037499803118,0.9652777777777778,0.9572619132416839,0.9539930555555555,0.00039383945755213875
top_close,handcrafted,rbf_svm,exp_20260728,0,8,27,540,120,0.009299792000092566,0.9652777777777778,0.9572619132416839,0.9554398148148149,0.00039383945755213875
top_close,handcrafted,hist_gradient_boosting,exp_20260728,0,8,27,540,120,4.620146750006825,0.9444444444444444,0.9398237696110037,0.9580439814814815,0.000898161493639091
top_close,handcrafted,mlp,exp_20260728,0,8,27,540,120,0.06124754197662696,0.9444444444444444,0.9321266968325792,0.9788773148148149,0.0007329768978255624
top_close,handcrafted,logistic,exp_20260728,0,10,39,768,120,0.01638145899050869,0.9652777777777778,0.9572619132416839,0.9618055555555556,0.00039383945755213875
top_close,handcrafted,random_forest,exp_20260728,0,10,39,768,120,0.238008540996816,0.9652777777777778,0.9572619132416839,0.9574652777777778,0.00039383945755213875
top_close,handcrafted,rbf_svm,exp_20260728,0,10,39,768,120,0.016059500019764528,0.9652777777777778,0.9572619132416839,0.9580439814814815,0.00039383945755213875
top_close,handcrafted,hist_gradient_boosting,exp_20260728,0,10,39,768,120,4.954085709003266,0.9236111111111112,0.9221397159541489,0.953125,0.0013923990278071395
top_close,handcrafted,mlp,exp_20260728,0,10,39,768,120,0.07182166600250639,0.9652777777777778,0.9572619132416839,0.96875,0.00039383945755213875
top_close,handcrafted,logistic,exp_20260728,1,2,10,204,120,0.011595457996008918,0.9340277777777778,0.9310146593848807,0.9528356481481481,0.0008194784161452912
top_close,handcrafted,random_forest,exp_20260728,1,2,10,204,120,0.1788884169945959,0.71875,0.7264734614132204,0.9626736111111112,0.004924340299459175
top_close,handcrafted,rbf_svm,exp_20260728,1,2,10,204,120,0.005759458988904953,0.9444444444444444,0.9398237696110037,0.9542824074074074,0.0006040486398418247
top_close,handcrafted,hist_gradient_boosting,exp_20260728,1,2,10,204,120,0.859297749993857,0.7361111111111112,0.7460110713122762,0.9623842592592592,0.004806887872979901
top_close,handcrafted,mlp,exp_20260728,1,2,10,204,120,0.0489586670009885,0.9652777777777778,0.9572619132416839,0.9658564814814815,0.00039383945755213875
top_close,handcrafted,logistic,exp_20260728,1,4,17,348,120,0.01319487500586547,0.9652777777777778,0.9572619132416839,0.9577546296296297,0.00039383945755213875
top_close,handcrafted,random_forest,exp_20260728,1,4,17,348,120,0.18795962500735186,0.9652777777777778,0.9572619132416839,0.9675925925925926,0.00039383945755213875
top_close,handcrafted,rbf_svm,exp_20260728,1,4,17,348,120,0.006715166993672028,0.9652777777777778,0.9572619132416839,0.9542824074074074,0.00039383945755213875
top_close,handcrafted,hist_gradient_boosting,exp_20260728,1,4,17,348,120,2.0986712079902645,0.8819444444444444,0.8858898398068905,0.9716435185185186,0.0022313688417150974
top_close,handcrafted,mlp,exp_20260728,1,4,17,348,120,0.10711445802007802,0.9652777777777778,0.9572619132416839,0.9606481481481481,0.00039383945755213875
top_close,handcrafted,logistic,exp_20260728,1,6,23,468,120,0.01440533300046809,0.9652777777777778,0.9572619132416839,0.9615162037037037,0.00039383945755213875
top_close,handcrafted,random_forest,exp_20260728,1,6,23,468,120,0.16688312499900348,0.9652777777777778,0.9572619132416839,0.9764178240740741,0.00039383945755213875
top_close,handcrafted,rbf_svm,exp_20260728,1,6,23,468,120,0.008360167004866526,0.9652777777777778,0.9572619132416839,0.9563078703703703,0.00039383945755213875
top_close,handcrafted,hist_gradient_boosting,exp_20260728,1,6,23,468,120,2.6382918749877717,0.8680555555555556,0.8755555555555555,0.9742476851851852,0.002581708187593514
top_close,handcrafted,mlp,exp_20260728,1,6,23,468,120,0.06881570900441147,0.9652777777777778,0.9572619132416839,0.9751157407407408,0.00039383945755213875
top_close,handcrafted,logistic,exp_20260728,1,8,31,612,120,0.015182249975623563,0.9652777777777778,0.9572619132416839,0.9632523148148149,0.00039383945755213875
top_close,handcrafted,random_forest,exp_20260728,1,8,31,612,120,0.20413700002245605,0.9652777777777778,0.9572619132416839,0.9521122685185185,0.00039383945755213875
top_close,handcrafted,rbf_svm,exp_20260728,1,8,31,612,120,0.009022374986670911,0.9652777777777778,0.9572619132416839,0.9560185185185186,0.00039383945755213875
top_close,handcrafted,hist_gradient_boosting,exp_20260728,1,8,31,612,120,6.3932117089862,0.9340277777777778,0.9310146593848807,0.9479166666666667,0.0011030794880878784
top_close,handcrafted,mlp,exp_20260728,1,8,31,612,120,0.06957908300682902,0.9652777777777778,0.9572619132416839,0.9713541666666667,0.00039383945755213875
top_close,handcrafted,logistic,exp_20260728,2,2,11,216,120,0.015341500024078414,0.8923611111111112,0.8950743223549986,0.9626736111111112,0.002009641059829452
top_close,handcrafted,random_forest,exp_20260728,2,2,11,216,120,0.18267300000297837,0.8784722222222222,0.8849472674976031,0.9697627314814815,0.002142516851732898
top_close,handcrafted,rbf_svm,exp_20260728,2,2,11,216,120,0.0063017079955898225,0.9652777777777778,0.9572619132416839,0.9710648148148149,0.00039383945755213875
top_close,handcrafted,hist_gradient_boosting,exp_20260728,2,2,11,216,120,0.8162463749758899,0.8020833333333334,0.8147576412472985,0.9641203703703703,0.0037689276467488824
top_close,handcrafted,mlp,exp_20260728,2,2,11,216,120,0.03883179201511666,0.9236111111111112,0.9072447473824748,0.9259259259259259,0.0015145657443099982
top_close,handcrafted,logistic,exp_20260728,2,4,13,264,120,0.011648250016150996,0.9444444444444444,0.9398237696110037,0.9649884259259259,0.0007367979262668295
top_close,handcrafted,random_forest,exp_20260728,2,4,13,264,120,0.2039255419804249,0.8854166666666667,0.8933333333333333,0.9738136574074074,0.0023054354082259723
top_close,handcrafted,rbf_svm,exp_20260728,2,4,13,264,120,0.006614750018343329,0.9652777777777778,0.9572619132416839,0.9710648148148149,0.00039383945755213875
top_close,handcrafted,hist_gradient_boosting,exp_20260728,2,4,13,264,120,1.7003367499855813,0.78125,0.79375,0.9655671296296297,0.0039830400230695465
top_close,handcrafted,mlp,exp_20260728,2,4,13,264,120,0.06146029199589975,0.9652777777777778,0.9572619132416839,0.9644097222222222,0.00039383945755213875
top_close,handcrafted,logistic,exp_20260728,2,6,21,408,120,0.013138457987224683,0.9444444444444444,0.9398237696110037,0.9684606481481481,0.0007367979262668295
top_close,handcrafted,random_forest,exp_20260728,2,6,21,408,120,0.1900257499946747,0.9097222222222222,0.9125619352958321,0.9690393518518519,0.0014504105948273751
top_close,handcrafted,rbf_svm,exp_20260728,2,6,21,408,120,0.007108290999894962,0.9652777777777778,0.9572619132416839,0.9699074074074074,0.00039383945755213875
top_close,handcrafted,hist_gradient_boosting,exp_20260728,2,6,21,408,120,4.51940358398133,0.7777777777777778,0.7910731244064577,0.9742476851851852,0.004139507171265658
top_close,handcrafted,mlp,exp_20260728,2,6,21,408,120,0.14773366699228063,0.9652777777777778,0.9572619132416839,0.9641203703703703,0.00039383945755213875
top_close,handcrafted,logistic,exp_20260728,2,8,29,552,120,0.03549462498631328,0.9652777777777778,0.9572619132416839,0.96875,0.00039383945755213875
top_close,handcrafted,random_forest,exp_20260728,2,8,29,552,120,0.30648254201514646,0.9305555555555556,0.9305555555555556,0.970486111111111,0.0009118970000866311
top_close,handcrafted,rbf_svm,exp_20260728,2,8,29,552,120,0.017525792005471885,0.9652777777777778,0.9572619132416839,0.9652777777777778,0.00039383945755213875
top_close,handcrafted,hist_gradient_boosting,exp_20260728,2,8,29,552,120,6.226409041992156,0.8263888888888888,0.8369072787677438,0.9615162037037037,0.002969218854905759
top_close,handcrafted,mlp,exp_20260728,2,8,29,552,120,0.1553780829999596,0.9652777777777778,0.9572619132416839,0.9713541666666667,0.00039383945755213875
top_close,handcrafted,logistic,exp_20260729,0,2,8,144,120,0.03180004199384712,0.9270833333333333,0.9151583710407241,0.9282407407407407,0.0015065308641691213
top_close,handcrafted,random_forest,exp_20260729,0,2,8,144,120,0.2490719170018565,0.8125,0.8205741626794258,0.9418402777777778,0.0038572582628330914
top_close,handcrafted,rbf_svm,exp_20260729,0,2,8,144,120,0.010016666987212375,0.9305555555555556,0.9155167558434244,0.9325810185185185,0.0015251326206994994
top_close,handcrafted,hist_gradient_boosting,exp_20260729,0,2,8,144,120,0.5703670829825569,0.75,0.7591849336214882,0.9409722222222222,0.0053311741812826705
top_close,handcrafted,mlp,exp_20260729,0,2,8,144,120,0.029722374980337918,0.7152777777777778,0.6513358372900574,0.9212962962962963,0.007029056069226021
top_close,handcrafted,logistic,exp_20260729,0,4,11,204,120,0.010511542001040652,0.9375,0.9238095238095239,0.9270833333333334,0.0014014032742416832
top_close,handcrafted,random_forest,exp_20260729,0,4,11,204,120,0.1934808750229422,0.8819444444444444,0.8792756539235412,0.9298321759259258,0.0020384448853940497
top_close,handcrafted,rbf_svm,exp_20260729,0,4,11,204,120,0.010717915982240811,0.9305555555555556,0.9155167558434244,0.9244791666666666,0.0015251326206994994
top_close,handcrafted,hist_gradient_boosting,exp_20260729,0,4,11,204,120,1.9125648339977488,0.8611111111111112,0.8611111111111112,0.9409722222222222,0.0026925565712546313
top_close,handcrafted,mlp,exp_20260729,0,4,11,204,120,0.03064404198084958,0.8263888888888888,0.7916521980693103,0.9149305555555556,0.0036567666652517245
top_close,handcrafted,logistic,exp_20260729,0,6,23,432,120,0.0164377499895636,0.9375,0.9238095238095239,0.9279513888888888,0.0014014032742416832
top_close,handcrafted,random_forest,exp_20260729,0,6,23,432,120,0.2003854170034174,0.9201388888888888,0.9142857142857144,0.9493634259259259,0.0014713460193225387
top_close,handcrafted,rbf_svm,exp_20260729,0,6,23,432,120,0.0139804579957854,0.9305555555555556,0.9155167558434244,0.9314236111111112,0.0015251326206994994
top_close,handcrafted,hist_gradient_boosting,exp_20260729,0,6,23,432,120,3.7960621250094846,0.8263888888888888,0.8318460063426506,0.9534143518518519,0.0032589137333682286
top_close,handcrafted,mlp,exp_20260729,0,6,23,432,120,0.11330887500662357,0.9305555555555556,0.9155167558434244,0.9502314814814815,0.0015251326206994994
top_close,handcrafted,logistic,exp_20260729,0,8,33,648,120,0.04182558399043046,0.9375,0.9238095238095239,0.9299768518518519,0.0014014032742416832
top_close,handcrafted,random_forest,exp_20260729,0,8,33,648,120,0.507433792023221,0.9305555555555556,0.9230714438350309,0.9623842592592593,0.0014235200232472287
top_close,handcrafted,rbf_svm,exp_20260729,0,8,33,648,120,0.018416458973661065,0.9305555555555556,0.9155167558434244,0.9458912037037037,0.0015251326206994994
top_close,handcrafted,hist_gradient_boosting,exp_20260729,0,8,33,648,120,4.565801707998617,0.8958333333333333,0.8958333333333333,0.9638310185185186,0.002271325040277759
top_close,handcrafted,mlp,exp_20260729,0,8,33,648,120,0.22916091699153185,0.9305555555555556,0.9155167558434244,0.9508101851851852,0.0015251326206994994
top_close,handcrafted,logistic,exp_20260729,0,10,39,768,120,0.04780337499687448,0.9375,0.9238095238095239,0.9256365740740741,0.0014014032742416832
top_close,handcrafted,random_forest,exp_20260729,0,10,39,768,120,0.36456637500668876,0.8854166666666666,0.8867513611615245,0.9537037037037037,0.002094611414255825
top_close,handcrafted,rbf_svm,exp_20260729,0,10,39,768,120,0.03163333298289217,0.9305555555555556,0.9155167558434244,0.9186921296296297,0.0015251326206994994
top_close,handcrafted,hist_gradient_boosting,exp_20260729,0,10,39,768,120,6.104876083001727,0.8680555555555556,0.8693284936479129,0.9539930555555556,0.0025240633672415583
top_close,handcrafted,mlp,exp_20260729,0,10,39,768,120,0.06981587500195019,0.9305555555555556,0.9155167558434244,0.9496527777777778,0.0015251326206994994
top_close,handcrafted,logistic,exp_20260729,1,2,3,60,120,0.01163575000828132,0.9305555555555556,0.9155167558434244,0.9265046296296297,0.0015251326206994994
top_close,handcrafted,random_forest,exp_20260729,1,2,3,60,120,0.1847121659957338,0.9305555555555556,0.9155167558434244,0.9285300925925926,0.0015251326206994994
top_close,handcrafted,rbf_svm,exp_20260729,1,2,3,60,120,0.005726333009079099,0.9305555555555556,0.9155167558434244,0.9288194444444444,0.0015251326206994994
top_close,handcrafted,hist_gradient_boosting,exp_20260729,1,2,3,60,120,0.20489374999306165,0.9201388888888888,0.9068783068783068,0.920138888888889,0.0018511303799483405
top_close,handcrafted,mlp,exp_20260729,1,2,3,60,120,0.03820295800687745,0.8611111111111112,0.8331479421579533,0.9574652777777778,0.002840523565041501
top_close,handcrafted,logistic,exp_20260729,1,4,9,180,120,0.011859582999022678,0.9270833333333333,0.9151583710407241,0.9178240740740741,0.001509792411909316
top_close,handcrafted,random_forest,exp_20260729,1,4,9,180,120,0.3090440840169322,0.8090277777777777,0.8141455859576665,0.9266493055555556,0.003447905678210934
top_close,handcrafted,rbf_svm,exp_20260729,1,4,9,180,120,0.019414959009736776,0.9375,0.9238095238095239,0.9267939814814815,0.0014014032742416832
top_close,handcrafted,hist_gradient_boosting,exp_20260729,1,4,9,180,120,0.986113542021485,0.78125,0.7866666666666666,0.896412037037037,0.003966422915256466
top_close,handcrafted,mlp,exp_20260729,1,4,9,180,120,0.04351354198297486,0.8402777777777778,0.8083200222237655,0.9525462962962963,0.003267557536877039
top_close,handcrafted,logistic,exp_20260729,1,6,21,420,120,0.017247208015760407,0.9305555555555556,0.9155167558434244,0.9241898148148148,0.0015251326206994994
top_close,handcrafted,random_forest,exp_20260729,1,6,21,420,120,0.21236924998811446,0.8854166666666667,0.88,0.9584780092592593,0.0020931703178995687
top_close,handcrafted,rbf_svm,exp_20260729,1,6,21,420,120,0.012604084011400118,0.9305555555555556,0.9155167558434244,0.9068287037037037,0.0015251326206994994
top_close,handcrafted,hist_gradient_boosting,exp_20260729,1,6,21,420,120,3.5688062910048757,0.8819444444444444,0.8792756539235412,0.9510995370370371,0.002017332684391581
top_close,handcrafted,mlp,exp_20260729,1,6,21,420,120,0.15690624999115244,0.9305555555555556,0.9155167558434244,0.9794560185185185,0.0015251326206994994
top_close,handcrafted,logistic,exp_20260729,1,8,28,552,120,0.03212670798529871,0.9375,0.9238095238095239,0.921875,0.0014014032742416832
top_close,handcrafted,random_forest,exp_20260729,1,8,28,552,120,0.32459166701301,0.8993055555555556,0.8965219890773211,0.9560185185185186,0.0017616152271630052
top_close,handcrafted,rbf_svm,exp_20260729,1,8,28,552,120,0.01185087498743087,0.9305555555555556,0.9155167558434244,0.9024884259259259,0.0015251326206994994
top_close,handcrafted,hist_gradient_boosting,exp_20260729,1,8,28,552,120,5.117038875003345,0.8854166666666666,0.8867513611615245,0.9649884259259259,0.002086747839167535
top_close,handcrafted,mlp,exp_20260729,1,8,28,552,120,0.06312674999935552,0.9305555555555556,0.9155167558434244,0.9432870370370371,0.0015251326206994994
top_close,handcrafted,logistic,exp_20260729,2,2,13,240,120,0.014060707995668054,0.9375,0.9238095238095239,0.9479166666666666,0.0014014032742416832
top_close,handcrafted,random_forest,exp_20260729,2,2,13,240,120,0.2034132909902837,0.9131944444444444,0.9059762091317045,0.9334490740740741,0.0016772773862671455
top_close,handcrafted,rbf_svm,exp_20260729,2,2,13,240,120,0.01162754200049676,0.9305555555555556,0.9155167558434244,0.9458912037037036,0.0015251326206994994
top_close,handcrafted,hist_gradient_boosting,exp_20260729,2,2,13,240,120,1.7095953749958426,0.9270833333333333,0.9151583710407241,0.9308449074074074,0.0015483995176097415
top_close,handcrafted,mlp,exp_20260729,2,2,13,240,120,0.14259987499099225,0.9027777777777778,0.8825174825174825,0.9947916666666666,0.0018598926120425871
top_close,handcrafted,logistic,exp_20260729,2,4,18,360,120,0.017334582982584834,0.9375,0.9238095238095239,0.9201388888888888,0.0014014032742416832
top_close,handcrafted,random_forest,exp_20260729,2,4,18,360,120,0.16414095801883377,0.9201388888888888,0.9142857142857144,0.9322916666666667,0.0015299490667062025
top_close,handcrafted,rbf_svm,exp_20260729,2,4,18,360,120,0.010854749998543411,0.9305555555555556,0.9155167558434244,0.9184027777777778,0.0015251326206994994
top_close,handcrafted,hist_gradient_boosting,exp_20260729,2,4,18,360,120,2.945559166983003,0.9409722222222222,0.9317988064791134,0.9458912037037036,0.001259789385936127
top_close,handcrafted,mlp,exp_20260729,2,4,18,360,120,0.056710208009462804,0.9236111111111112,0.9072447473824748,0.9424189814814815,0.0015996504918927507
top_close,handcrafted,logistic,exp_20260729,2,6,25,492,120,0.013914332987042144,0.9270833333333333,0.9151583710407241,0.9157986111111112,0.0015065308641691213
top_close,handcrafted,random_forest,exp_20260729,2,6,25,492,120,0.19359275000169873,0.8819444444444444,0.8792756539235412,0.9288194444444444,0.002098105261830309
top_close,handcrafted,rbf_svm,exp_20260729,2,6,25,492,120,0.007716500025708228,0.9305555555555556,0.9155167558434244,0.9039351851851851,0.0015251326206994994
top_close,handcrafted,hist_gradient_boosting,exp_20260729,2,6,25,492,120,4.12557837498025,0.8923611111111112,0.8882441435632925,0.9244791666666667,0.001992977671902871
top_close,handcrafted,mlp,exp_20260729,2,6,25,492,120,0.10222500000963919,0.9305555555555556,0.9155167558434244,0.931712962962963,0.0015251326206994994
top_close,handcrafted,logistic,exp_20260729,2,8,32,624,120,0.01674104100675322,0.9375,0.9238095238095239,0.9215856481481481,0.0014014032742416832
top_close,handcrafted,random_forest,exp_20260729,2,8,32,624,120,0.1996226659975946,0.8923611111111112,0.8882441435632925,0.9269386574074074,0.001915065664717411
top_close,handcrafted,rbf_svm,exp_20260729,2,8,32,624,120,0.009751874982612208,0.9305555555555556,0.9155167558434244,0.9181134259259259,0.0015251326206994994
top_close,handcrafted,hist_gradient_boosting,exp_20260729,2,8,32,624,120,4.06888337500277,0.8854166666666667,0.88,0.931712962962963,0.0020931703178995687
top_close,handcrafted,mlp,exp_20260729,2,8,32,624,120,0.08124116700491868,0.9305555555555556,0.9155167558434244,0.9476273148148149,0.0015251326206994994
top_close,handcrafted,logistic,exp_20260730,0,2,7,132,120,0.010797791997902095,0.8576388888888888,0.8403249527277821,0.9247685185185185,0.0031544190982978216
top_close,handcrafted,random_forest,exp_20260730,0,2,7,132,120,0.16398916600155644,0.7951388888888888,0.7981127935044986,0.9117476851851851,0.004661320991138142
top_close,handcrafted,rbf_svm,exp_20260730,0,2,7,132,120,0.005280666024191305,0.8611111111111112,0.8407710035617012,0.9149305555555556,0.003238341506479434
top_close,handcrafted,hist_gradient_boosting,exp_20260730,0,2,7,132,120,0.47207362501649186,0.6111111111111112,0.5868068140630663,0.9188368055555556,0.011047212739116897
top_close,handcrafted,mlp,exp_20260730,0,2,7,132,120,0.035447874979581684,0.8541666666666667,0.8248905565978737,0.8917824074074073,0.003563105752382074
top_close,handcrafted,logistic,exp_20260730,0,4,13,264,120,0.010443125007441267,0.8715277777777777,0.8493303571428572,0.9227430555555555,0.00312876646954542
top_close,handcrafted,random_forest,exp_20260730,0,4,13,264,120,0.22984083299525082,0.8506944444444444,0.8391534391534392,0.9120370370370371,0.002997298153924382
top_close,handcrafted,rbf_svm,exp_20260730,0,4,13,264,120,0.027647042006719857,0.8715277777777777,0.8493303571428572,0.9091435185185185,0.00312876646954542
top_close,handcrafted,hist_gradient_boosting,exp_20260730,0,4,13,264,120,2.6735697500116657,0.7881944444444444,0.7850848914678702,0.8965567129629629,0.00518601848673742
top_close,handcrafted,mlp,exp_20260730,0,4,13,264,120,0.054913542000576854,0.8680555555555556,0.841391304347826,0.8938078703703703,0.003368338701705457
top_close,handcrafted,logistic,exp_20260730,0,6,20,408,120,0.013891916983993724,0.8888888888888888,0.8660714285714286,0.8935185185185185,0.0027711139859976355
top_close,handcrafted,random_forest,exp_20260730,0,6,20,408,120,0.23375887499423698,0.8159722222222222,0.8114285714285714,0.892361111111111,0.003701359687152707
top_close,handcrafted,rbf_svm,exp_20260730,0,6,20,408,120,0.0088644580100663,0.8819444444444444,0.8578496272036792,0.9059606481481481,0.0030190336602429323
top_close,handcrafted,hist_gradient_boosting,exp_20260730,0,6,20,408,120,3.2471212499949615,0.7326388888888888,0.738562091503268,0.9050925925925926,0.006348245089193256
top_close,handcrafted,mlp,exp_20260730,0,6,20,408,120,0.12071312498301268,0.8819444444444444,0.8578496272036792,0.9082754629629629,0.0030190336602429323
top_close,handcrafted,logistic,exp_20260730,0,8,28,552,120,0.014197707991115749,0.8888888888888888,0.8660714285714286,0.8967013888888888,0.0027711139859976355
top_close,handcrafted,random_forest,exp_20260730,0,8,28,552,120,0.1747642919945065,0.8611111111111112,0.847930160518164,0.9075520833333333,0.002933671001197425
top_close,handcrafted,rbf_svm,exp_20260730,0,8,28,552,120,0.008956750010838732,0.8819444444444444,0.8578496272036792,0.9129050925925926,0.0030190336602429323
top_close,handcrafted,hist_gradient_boosting,exp_20260730,0,8,28,552,120,3.0638010000111535,0.8159722222222222,0.8114285714285714,0.9302662037037037,0.004668939479414772
top_close,handcrafted,mlp,exp_20260730,0,8,28,552,120,0.07661925000138581,0.8819444444444444,0.8578496272036792,0.9027777777777777,0.0030190336602429323
top_close,handcrafted,logistic,exp_20260730,0,10,39,768,120,0.018677375017432496,0.8888888888888888,0.8660714285714286,0.9039351851851851,0.0027711139859976355
top_close,handcrafted,random_forest,exp_20260730,0,10,39,768,120,0.19074887500028126,0.8506944444444444,0.8321678321678322,0.888888888888889,0.0034469915541723377
top_close,handcrafted,rbf_svm,exp_20260730,0,10,39,768,120,0.009244249988114461,0.8819444444444444,0.8578496272036792,0.90625,0.0030190336602429323
top_close,handcrafted,hist_gradient_boosting,exp_20260730,0,10,39,768,120,6.579894916998455,0.8576388888888888,0.8472850678733032,0.9210069444444444,0.0028571363119925175
top_close,handcrafted,mlp,exp_20260730,0,10,39,768,120,0.06795895801042207,0.875,0.849624060150376,0.9004629629629629,0.0032933618439082908
top_close,handcrafted,logistic,exp_20260730,1,2,9,192,120,0.009615416987799108,0.8715277777777777,0.8493303571428572,0.9181134259259258,0.00312876646954542
top_close,handcrafted,random_forest,exp_20260730,1,2,9,192,120,0.19163183399359696,0.84375,0.8310335116868488,0.9076967592592593,0.003097966411791881
top_close,handcrafted,rbf_svm,exp_20260730,1,2,9,192,120,0.006047291011782363,0.8819444444444444,0.8578496272036792,0.9065393518518519,0.0030190336602429323
top_close,handcrafted,hist_gradient_boosting,exp_20260730,1,2,9,192,120,1.329110041988315,0.8472222222222222,0.8316498316498316,0.9166666666666667,0.0034119046180573136
top_close,handcrafted,mlp,exp_20260730,1,2,9,192,120,0.03503108400036581,0.6944444444444444,0.6228571428571429,0.8752893518518519,0.006686604846049217
top_close,handcrafted,logistic,exp_20260730,1,4,11,240,120,0.013434166990919039,0.8819444444444444,0.8578496272036792,0.8923611111111112,0.0030190336602429323
top_close,handcrafted,random_forest,exp_20260730,1,4,11,240,120,0.22415620801621117,0.8055555555555556,0.7963800904977376,0.8985821759259258,0.004342140068415656
top_close,handcrafted,rbf_svm,exp_20260730,1,4,11,240,120,0.011762542009819299,0.8819444444444444,0.8578496272036792,0.884548611111111,0.0030190336602429323
top_close,handcrafted,hist_gradient_boosting,exp_20260730,1,4,11,240,120,2.306843124999432,0.8472222222222222,0.8316498316498316,0.8900462962962963,0.0034119046180573136
top_close,handcrafted,mlp,exp_20260730,1,4,11,240,120,0.054185040993615985,0.8541666666666667,0.8248905565978737,0.8723958333333333,0.003563105752382074
top_close,handcrafted,logistic,exp_20260730,1,6,19,384,120,0.016078042011940852,0.8680555555555556,0.848951048951049,0.9076967592592592,0.002990421832234137
top_close,handcrafted,random_forest,exp_20260730,1,6,19,384,120,0.25436212500790134,0.8263888888888888,0.8141368628555337,0.9027777777777778,0.0036248031600644923
top_close,handcrafted,rbf_svm,exp_20260730,1,6,19,384,120,0.01673683398985304,0.8819444444444444,0.8578496272036792,0.9024884259259258,0.0030190336602429323
top_close,handcrafted,hist_gradient_boosting,exp_20260730,1,6,19,384,120,2.993933666992234,0.8576388888888888,0.8472850678733032,0.8990162037037037,0.0030306552820675665
top_close,handcrafted,mlp,exp_20260730,1,6,19,384,120,0.07071724999696016,0.875,0.849624060150376,0.9048032407407407,0.0032933618439082908
top_close,handcrafted,logistic,exp_20260730,1,8,31,624,120,0.014606041979277506,0.8819444444444444,0.8578496272036792,0.9039351851851852,0.0030190336602429323
top_close,handcrafted,random_forest,exp_20260730,1,8,31,624,120,0.20036616700235754,0.7916666666666666,0.7863095662084194,0.8804976851851851,0.004586072956457745
top_close,handcrafted,rbf_svm,exp_20260730,1,8,31,624,120,0.010502042016014457,0.8819444444444444,0.8578496272036792,0.9059606481481481,0.0030190336602429323
top_close,handcrafted,hist_gradient_boosting,exp_20260730,1,8,31,624,120,4.818784958013566,0.7638888888888888,0.768888888888889,0.9068287037037037,0.005985454543612252
top_close,handcrafted,mlp,exp_20260730,1,8,31,624,120,0.07612658300786279,0.875,0.849624060150376,0.9059606481481481,0.0032933618439082908
top_close,handcrafted,logistic,exp_20260730,2,2,13,228,120,0.010708207992138341,0.8541666666666666,0.8397863818424566,0.9279513888888888,0.0036096102380304865
top_close,handcrafted,random_forest,exp_20260730,2,2,13,228,120,0.18869745801202953,0.8194444444444444,0.8124467178175618,0.9156539351851852,0.004011870212349321
top_close,handcrafted,rbf_svm,exp_20260730,2,2,13,228,120,0.007538042002124712,0.8715277777777777,0.8493303571428572,0.9241898148148148,0.00312876646954542
top_close,handcrafted,hist_gradient_boosting,exp_20260730,2,2,13,228,120,0.8742082089884207,0.8298611111111112,0.8275366484622018,0.9201388888888888,0.00387511274230061
top_close,handcrafted,mlp,exp_20260730,2,2,13,228,120,0.07315275000291876,0.8819444444444444,0.8578496272036792,0.9140625,0.0030190336602429323
top_close,handcrafted,logistic,exp_20260730,2,4,16,288,120,0.010994874988682568,0.8715277777777777,0.8493303571428572,0.9201388888888888,0.00312876646954542
top_close,handcrafted,random_forest,exp_20260730,2,4,16,288,120,0.2259845420194324,0.8368055555555556,0.822921790457452,0.9100115740740741,0.0033673176403050003
top_close,handcrafted,rbf_svm,exp_20260730,2,4,16,288,120,0.012219999975059181,0.8819444444444444,0.8578496272036792,0.9160879629629629,0.0030190336602429323
top_close,handcrafted,hist_gradient_boosting,exp_20260730,2,4,16,288,120,2.7774890000000596,0.8298611111111112,0.8214159166607611,0.9074074074074074,0.003437247765401042
top_close,handcrafted,mlp,exp_20260730,2,4,16,288,120,0.13067241598037072,0.875,0.849624060150376,0.8998842592592592,0.0032933618439082908
top_close,handcrafted,logistic,exp_20260730,2,6,23,432,120,0.033678125008009374,0.8819444444444444,0.8578496272036792,0.9027777777777777,0.0030190336602429323
top_close,handcrafted,random_forest,exp_20260730,2,6,23,432,120,0.35335266700712964,0.8506944444444444,0.8391534391534392,0.9169560185185185,0.003226078157541101
top_close,handcrafted,rbf_svm,exp_20260730,2,6,23,432,120,0.013326124986633658,0.8819444444444444,0.8578496272036792,0.9204282407407407,0.0030190336602429323
top_close,handcrafted,hist_gradient_boosting,exp_20260730,2,6,23,432,120,7.132966625009431,0.8472222222222222,0.8384239245978314,0.9302662037037037,0.003574071777679771
top_close,handcrafted,mlp,exp_20260730,2,6,23,432,120,0.2141527500061784,0.875,0.849624060150376,0.9059606481481481,0.0032933618439082908
top_close,handcrafted,logistic,exp_20260730,2,8,33,648,120,0.01860670797759667,0.8819444444444444,0.8578496272036792,0.8940972222222222,0.0030190336602429323
top_close,handcrafted,random_forest,exp_20260730,2,8,33,648,120,0.21944016698398627,0.8576388888888888,0.8403249527277821,0.8930844907407407,0.003199071879927041
top_close,handcrafted,rbf_svm,exp_20260730,2,8,33,648,120,0.014056624990189448,0.8819444444444444,0.8578496272036792,0.9053819444444444,0.0030190336602429323
top_close,handcrafted,hist_gradient_boosting,exp_20260730,2,8,33,648,120,4.831346916005714,0.8715277777777778,0.8566509732274612,0.9117476851851851,0.0032038557167149333
top_close,handcrafted,mlp,exp_20260730,2,8,33,648,120,0.12892916600685567,0.875,0.849624060150376,0.9039351851851851,0.0032933618439082908
top_close,handcrafted,logistic,exp_20260731,0,2,5,120,120,0.018098416010616347,0.9107142857142857,0.8647734956051386,0.9451058201058201,0.001445465567270601
top_close,handcrafted,random_forest,exp_20260731,0,2,5,120,120,0.18291649999446236,0.9226190476190477,0.8815939278937381,0.9659391534391535,0.001189186176970509
top_close,handcrafted,rbf_svm,exp_20260731,0,2,5,120,120,0.005850959016242996,0.9226190476190477,0.8815939278937381,0.9563492063492064,0.001189186176970509
top_close,handcrafted,hist_gradient_boosting,exp_20260731,0,2,5,120,120,0.4884514999866951,0.9166666666666667,0.8731501057082452,0.953042328042328,0.0013338400587424581
top_close,handcrafted,mlp,exp_20260731,0,2,5,120,120,0.09081700001843274,0.8333333333333333,0.76,0.8822751322751323,0.003040547987196443
top_close,handcrafted,logistic,exp_20260731,0,4,17,360,120,0.08598837500903755,0.9226190476190477,0.8815939278937381,0.9156746031746033,0.001189186176970509
top_close,handcrafted,random_forest,exp_20260731,0,4,17,360,120,0.27189208299387246,0.8551587301587302,0.8523500943318841,0.9419642857142857,0.0028579669115898435
top_close,handcrafted,rbf_svm,exp_20260731,0,4,17,360,120,0.01530254099634476,0.9166666666666667,0.8731501057082452,0.9265873015873016,0.0013338400587424581
top_close,handcrafted,hist_gradient_boosting,exp_20260731,0,4,17,360,120,2.6281033330014907,0.6051587301587302,0.6034188034188034,0.9404761904761905,0.010889602673881279
top_close,handcrafted,mlp,exp_20260731,0,4,17,360,120,0.07626033399719745,0.9047619047619048,0.8564593301435407,0.9312169312169313,0.0016679608091597056
top_close,handcrafted,logistic,exp_20260731,0,6,23,480,120,0.015277083992259577,0.9226190476190477,0.8815939278937381,0.9203042328042329,0.001189186176970509
top_close,handcrafted,random_forest,exp_20260731,0,6,23,480,120,0.21800166598404758,0.8571428571428572,0.8459563543003852,0.933531746031746,0.002665092795728937
top_close,handcrafted,rbf_svm,exp_20260731,0,6,23,480,120,0.01279412501025945,0.9166666666666667,0.8731501057082452,0.921957671957672,0.0013338400587424581
top_close,handcrafted,hist_gradient_boosting,exp_20260731,0,6,23,480,120,4.462177040986717,0.5496031746031746,0.5146464027454345,0.9500661375661374,0.012112366072637465
top_close,handcrafted,mlp,exp_20260731,0,6,23,480,120,0.1061604579736013,0.9047619047619048,0.8564593301435407,0.9404761904761906,0.0016679608091597056
top_close,handcrafted,logistic,exp_20260731,0,8,31,636,120,0.016850584011990577,0.9226190476190477,0.8815939278937381,0.9315476190476191,0.0011734668455795744
top_close,handcrafted,random_forest,exp_20260731,0,8,31,636,120,0.27474587500910275,0.9265873015873016,0.8975075704635453,0.9589947089947091,0.001060332923735109
top_close,handcrafted,rbf_svm,exp_20260731,0,8,31,636,120,0.017540000000735745,0.9166666666666667,0.8731501057082452,0.9255952380952381,0.0013338400587424581
top_close,handcrafted,hist_gradient_boosting,exp_20260731,0,8,31,636,120,4.426130958017893,0.9186507936507937,0.8962182561522132,0.9642857142857143,0.0012034972576129622
top_close,handcrafted,mlp,exp_20260731,0,8,31,636,120,0.06946937498287298,0.9047619047619048,0.8564593301435407,0.945436507936508,0.0016679608091597056
top_close,handcrafted,logistic,exp_20260731,0,10,38,768,120,0.013134708016877994,0.9146825396825397,0.8802854731026015,0.9365079365079365,0.001201814824887657
top_close,handcrafted,random_forest,exp_20260731,0,10,38,768,120,0.20414291601628065,0.9047619047619048,0.886039886039886,0.9457671957671958,0.001453608951793277
top_close,handcrafted,rbf_svm,exp_20260731,0,10,38,768,120,0.011683499993523583,0.9166666666666667,0.8731501057082452,0.9272486772486773,0.0013338400587424581
top_close,handcrafted,hist_gradient_boosting,exp_20260731,0,10,38,768,120,5.300832375010941,0.9186507936507937,0.8962182561522132,0.9537037037037037,0.0012080463794946882
top_close,handcrafted,mlp,exp_20260731,0,10,38,768,120,0.08059795800363645,0.9047619047619048,0.8564593301435407,0.9470899470899472,0.0016679608091597056
top_close,handcrafted,logistic,exp_20260731,1,2,10,204,120,0.01149537498713471,0.9325396825396826,0.90625,0.978505291005291,0.0009581509405507868
top_close,handcrafted,random_forest,exp_20260731,1,2,10,204,120,0.26480554198496975,0.8134920634920635,0.8444444444444446,0.9790013227513226,0.005423661924953816
top_close,handcrafted,rbf_svm,exp_20260731,1,2,10,204,120,0.010525749996304512,0.9325396825396826,0.90625,0.978505291005291,0.0009581509405507868
top_close,handcrafted,hist_gradient_boosting,exp_20260731,1,2,10,204,120,1.1911611669929698,0.6964285714285714,0.7215215417213197,0.962962962962963,0.007687175866811997
top_close,handcrafted,mlp,exp_20260731,1,2,10,204,120,0.052194416988641024,0.8988095238095238,0.848202991293995,0.9388227513227514,0.0017423450790544164
top_close,handcrafted,logistic,exp_20260731,1,4,18,360,120,0.012410916009685025,0.9325396825396826,0.90625,0.9765211640211641,0.0009581509405507868
top_close,handcrafted,random_forest,exp_20260731,1,4,18,360,120,0.30497512497822754,0.9047619047619048,0.886039886039886,0.9513888888888888,0.001453608951793277
top_close,handcrafted,rbf_svm,exp_20260731,1,4,18,360,120,0.03774266701657325,0.9166666666666667,0.8731501057082452,0.9679232804232805,0.0013338400587424581
top_close,handcrafted,hist_gradient_boosting,exp_20260731,1,4,18,360,120,2.881603540998185,0.9007936507936507,0.8703303488731089,0.9560185185185185,0.0015841528610234256
top_close,handcrafted,mlp,exp_20260731,1,4,18,360,120,0.06275779099087231,0.9107142857142857,0.8647734956051386,0.9533730158730159,0.0014937465392295699
top_close,handcrafted,logistic,exp_20260731,1,6,25,504,120,0.012577000015880913,0.9206349206349207,0.8888545847483791,0.9586640211640212,0.001171958432263252
top_close,handcrafted,random_forest,exp_20260731,1,6,25,504,120,0.22563612498925067,0.9186507936507937,0.8962182561522132,0.9581679894179894,0.001243000529391883
top_close,handcrafted,rbf_svm,exp_20260731,1,6,25,504,120,0.012546332989586517,0.9166666666666667,0.8731501057082452,0.945436507936508,0.0013338400587424581
top_close,handcrafted,hist_gradient_boosting,exp_20260731,1,6,25,504,120,3.8328970409929752,0.8988095238095237,0.8773488481798883,0.9351851851851852,0.001702097663409661
top_close,handcrafted,mlp,exp_20260731,1,6,25,504,120,0.09225066599901766,0.9166666666666667,0.8731501057082452,0.9632936507936508,0.0013338400587424581
top_close,handcrafted,logistic,exp_20260731,1,8,31,624,120,0.012464625004213303,0.9265873015873016,0.8975075704635453,0.957010582010582,0.0010697764490789298
top_close,handcrafted,random_forest,exp_20260731,1,8,31,624,120,0.2010687500005588,0.9047619047619048,0.886039886039886,0.9583333333333334,0.001453608951793277
top_close,handcrafted,rbf_svm,exp_20260731,1,8,31,624,120,0.01049912499729544,0.9166666666666667,0.8731501057082452,0.9431216931216931,0.0013338400587424581
top_close,handcrafted,hist_gradient_boosting,exp_20260731,1,8,31,624,120,5.12476050000987,0.8908730158730158,0.8757071149709187,0.9470899470899471,0.0018716172056716684
top_close,handcrafted,mlp,exp_20260731,1,8,31,624,120,0.125958292017458,0.9166666666666667,0.8731501057082452,0.9682539682539684,0.0013338400587424581
top_close,handcrafted,logistic,exp_20260731,2,2,6,132,120,0.024471042008372024,0.9166666666666667,0.8731501057082452,0.9748677248677249,0.001300811685498652
top_close,handcrafted,random_forest,exp_20260731,2,2,6,132,120,0.2685734169790521,0.9206349206349207,0.8888545847483791,0.9692460317460317,0.0011372513981359061
top_close,handcrafted,rbf_svm,exp_20260731,2,2,6,132,120,0.00643358298111707,0.9226190476190477,0.8815939278937381,0.9715608465608466,0.001189186176970509
top_close,handcrafted,hist_gradient_boosting,exp_20260731,2,2,6,132,120,0.5003428749914747,0.8809523809523809,0.8809523809523809,0.962962962962963,0.001828692369378208
top_close,handcrafted,mlp,exp_20260731,2,2,6,132,120,0.02806137499283068,0.6011904761904762,0.427309637438564,0.7890211640211641,0.010090393030559973
top_close,handcrafted,logistic,exp_20260731,2,4,8,180,120,0.014107625000178814,0.9107142857142857,0.8647734956051386,0.9464285714285715,0.001445465567270601
top_close,handcrafted,random_forest,exp_20260731,2,4,8,180,120,0.19732254202244803,0.9146825396825397,0.8802854731026015,0.9677579365079365,0.0012645962380549837
top_close,handcrafted,rbf_svm,exp_20260731,2,4,8,180,120,0.008243250020314008,0.9226190476190477,0.8815939278937381,0.9537037037037037,0.001189186176970509
top_close,handcrafted,hist_gradient_boosting,exp_20260731,2,4,8,180,120,0.9922288329980802,0.9166666666666667,0.8731501057082452,0.9619708994708994,0.0013338400587424581
top_close,handcrafted,mlp,exp_20260731,2,4,8,180,120,0.1316346249950584,0.8809523809523809,0.8237367802585194,0.8938492063492064,0.00225775819462019
top_close,handcrafted,logistic,exp_20260731,2,6,20,408,120,0.026583166007185355,0.9146825396825397,0.8802854731026015,0.941468253968254,0.001248876906664049
top_close,handcrafted,random_forest,exp_20260731,2,6,20,408,120,0.17737058299826458,0.8928571428571428,0.8991596638655461,0.9573412698412699,0.002047318828409906
top_close,handcrafted,rbf_svm,exp_20260731,2,6,20,408,120,0.01271412501228042,0.9166666666666667,0.8731501057082452,0.9424603174603176,0.0013338400587424581
top_close,handcrafted,hist_gradient_boosting,exp_20260731,2,6,20,408,120,3.6770781250088476,0.5674603174603174,0.5572916666666666,0.933531746031746,0.0115444928386771
top_close,handcrafted,mlp,exp_20260731,2,6,20,408,120,0.1931941660004668,0.9166666666666667,0.8731501057082452,0.9603174603174603,0.0013338400587424581
top_close,handcrafted,logistic,exp_20260731,2,8,26,528,120,0.04119020901271142,0.9206349206349207,0.8888545847483791,0.945436507936508,0.0011372513981359061
top_close,handcrafted,random_forest,exp_20260731,2,8,26,528,120,0.301012083014939,0.9027777777777777,0.8933333333333333,0.9560185185185185,0.0017385683957971481
top_close,handcrafted,rbf_svm,exp_20260731,2,8,26,528,120,0.02193479097331874,0.9166666666666667,0.8731501057082452,0.9460978835978836,0.0013338400587424581
top_close,handcrafted,hist_gradient_boosting,exp_20260731,2,8,26,528,120,5.718057833000785,0.6349206349206349,0.6463157894736842,0.9345238095238095,0.009842558064627546
top_close,handcrafted,mlp,exp_20260731,2,8,26,528,120,0.0639988339971751,0.9047619047619048,0.8564593301435407,0.9408068783068784,0.0016679608091597056
left,handcrafted,logistic,exp_20260715,0,2,7,132,24,0.011598709010286257,0.875,0.873015873015873,1.0,0.0029763916963848644
left,handcrafted,random_forest,exp_20260715,0,2,7,132,24,0.18340399998123758,0.7916666666666667,0.7822141560798548,1.0,0.00681230202195494
left,handcrafted,rbf_svm,exp_20260715,0,2,7,132,24,0.005449208023492247,0.9583333333333333,0.9582608695652174,1.0,0.0004217722526858483
left,handcrafted,hist_gradient_boosting,exp_20260715,0,2,7,132,24,0.5284636669966858,0.5833333333333334,0.4957983193277311,1.0,0.018105572231618475
left,handcrafted,mlp,exp_20260715,0,2,7,132,24,0.08598387497477233,1.0,1.0,1.0,0.0
left,handcrafted,logistic,exp_20260715,0,4,19,360,24,0.013352417008718476,0.9166666666666667,0.916083916083916,1.0,0.0018994654189131814
left,handcrafted,random_forest,exp_20260715,0,4,19,360,24,0.17769650000263937,0.75,0.7333333333333334,1.0,0.008650793772733853
left,handcrafted,rbf_svm,exp_20260715,0,4,19,360,24,0.012622790993191302,0.9583333333333333,0.9582608695652174,0.9722222222222223,0.0004217722526858483
left,handcrafted,hist_gradient_boosting,exp_20260715,0,4,19,360,24,3.0501752909913193,0.7083333333333334,0.6812144212523719,1.0,0.010698205240229899
left,handcrafted,mlp,exp_20260715,0,4,19,360,24,0.07374808398890309,1.0,1.0,1.0,0.0
left,handcrafted,logistic,exp_20260715,0,6,32,600,24,0.014450667018536478,0.7916666666666667,0.7822141560798548,1.0,0.00681230202195494
left,handcrafted,random_forest,exp_20260715,0,6,32,600,24,0.45347029200638644,0.875,0.873015873015873,1.0,0.0029763916963848644
left,handcrafted,rbf_svm,exp_20260715,0,6,32,600,24,0.012325415998930112,0.9583333333333333,0.9582608695652174,1.0,0.0004217722526858483
left,handcrafted,hist_gradient_boosting,exp_20260715,0,6,32,600,24,5.366274416999659,0.9583333333333333,0.9582608695652174,1.0,0.0004217722526858483
left,handcrafted,mlp,exp_20260715,0,6,32,600,24,0.06741183300619014,1.0,1.0,1.0,0.0
left,handcrafted,logistic,exp_20260715,0,8,37,720,24,0.011402125004678965,0.9583333333333333,0.9582608695652174,1.0,0.0004217722526858483
left,handcrafted,random_forest,exp_20260715,0,8,37,720,24,0.3259267919929698,0.9583333333333333,0.9582608695652174,1.0,0.0004217722526858483
left,handcrafted,rbf_svm,exp_20260715,0,8,37,720,24,0.01786650001304224,0.9583333333333333,0.9582608695652174,1.0,0.0004217722526858483
left,handcrafted,hist_gradient_boosting,exp_20260715,0,8,37,720,24,5.015025500004413,0.9583333333333333,0.9582608695652174,1.0,0.0004217722526858483
left,handcrafted,mlp,exp_20260715,0,8,37,720,24,0.09996049999608658,0.9583333333333333,0.9582608695652174,1.0,0.0004217722526858483
left,handcrafted,logistic,exp_20260715,0,10,44,864,24,0.01213466699118726,1.0,1.0,1.0,0.0
left,handcrafted,random_forest,exp_20260715,0,10,44,864,24,0.19564024999272078,0.9583333333333333,0.9582608695652174,1.0,0.0004217722526858483
left,handcrafted,rbf_svm,exp_20260715,0,10,44,864,24,0.01096545800101012,0.9583333333333333,0.9582608695652174,1.0,0.0004217722526858483
left,handcrafted,hist_gradient_boosting,exp_20260715,0,10,44,864,24,3.974838499998441,0.9166666666666667,0.916083916083916,1.0,0.001498698530157531
left,handcrafted,mlp,exp_20260715,0,10,44,864,24,0.07712795899715275,1.0,1.0,1.0,0.0
left,handcrafted,logistic,exp_20260715,1,2,5,120,24,0.01047054200898856,0.9583333333333333,0.9582608695652174,1.0,0.0004217722526858483
left,handcrafted,random_forest,exp_20260715,1,2,5,120,24,0.1660002499993425,0.9583333333333333,0.9582608695652174,1.0,0.0004217722526858483
left,handcrafted,rbf_svm,exp_20260715,1,2,5,120,24,0.004932082985760644,0.9583333333333333,0.9582608695652174,1.0,0.0004217722526858483
left,handcrafted,hist_gradient_boosting,exp_20260715,1,2,5,120,24,0.23448791698319837,0.9583333333333333,0.9582608695652174,0.9583333333333333,0.0004217722526858483
left,handcrafted,mlp,exp_20260715,1,2,5,120,24,0.038170541025465354,1.0,1.0,1.0,0.0
left,handcrafted,logistic,exp_20260715,1,4,17,348,24,0.011605834006331861,0.9583333333333333,0.9582608695652174,1.0,0.0004217722526858483
left,handcrafted,random_forest,exp_20260715,1,4,17,348,24,0.21365024999249727,0.9583333333333333,0.9582608695652174,1.0,0.0004217722526858483
left,handcrafted,rbf_svm,exp_20260715,1,4,17,348,24,0.022716500010574237,0.9583333333333333,0.9582608695652174,1.0,0.0004217722526858483
left,handcrafted,hist_gradient_boosting,exp_20260715,1,4,17,348,24,2.817184167011874,0.9583333333333333,0.9582608695652174,1.0,0.0004217722526858483
left,handcrafted,mlp,exp_20260715,1,4,17,348,24,0.06966841599205509,1.0,1.0,1.0,0.0
left,handcrafted,logistic,exp_20260715,1,6,29,564,24,0.015392957982840016,0.9583333333333333,0.9582608695652174,1.0,0.0004217722526858483
left,handcrafted,random_forest,exp_20260715,1,6,29,564,24,0.19922524999128655,0.9583333333333333,0.9582608695652174,1.0,0.0004217722526858483
left,handcrafted,rbf_svm,exp_20260715,1,6,29,564,24,0.007559249992482364,0.9583333333333333,0.9582608695652174,1.0,0.0004217722526858483
left,handcrafted,hist_gradient_boosting,exp_20260715,1,6,29,564,24,5.361468875024002,0.9166666666666667,0.916083916083916,1.0,0.001498698530157531
left,handcrafted,mlp,exp_20260715,1,6,29,564,24,0.09935937501722947,0.9583333333333333,0.9582608695652174,1.0,0.0004217722526858483
left,handcrafted,logistic,exp_20260715,1,8,32,624,24,0.013242125016404316,0.9583333333333333,0.9582608695652174,1.0,0.0004217722526858483
left,handcrafted,random_forest,exp_20260715,1,8,32,624,24,0.19965091699850745,0.9583333333333333,0.9582608695652174,1.0,0.0004217722526858483
left,handcrafted,rbf_svm,exp_20260715,1,8,32,624,24,0.00841249999939464,0.9583333333333333,0.9582608695652174,1.0,0.0004217722526858483
left,handcrafted,hist_gradient_boosting,exp_20260715,1,8,32,624,24,4.989247000019532,0.9583333333333333,0.9582608695652174,1.0,0.0004217722526858483
left,handcrafted,mlp,exp_20260715,1,8,32,624,24,0.19729275000281632,1.0,1.0,1.0,0.0
left,handcrafted,logistic,exp_20260715,2,2,8,144,24,0.012215750000905246,0.8333333333333333,0.8285714285714285,1.0,0.004420145686715671
left,handcrafted,random_forest,exp_20260715,2,2,8,144,24,0.13194112500059418,0.9583333333333333,0.9582608695652174,1.0,0.0004217722526858483
left,handcrafted,rbf_svm,exp_20260715,2,2,8,144,24,0.004937582998536527,1.0,1.0,1.0,0.0
left,handcrafted,hist_gradient_boosting,exp_20260715,2,2,8,144,24,0.61493291601073,0.7916666666666667,0.7822141560798548,1.0,0.007717439573712373
left,handcrafted,mlp,exp_20260715,2,2,8,144,24,0.026900083990767598,0.7083333333333334,0.6812144212523719,1.0,0.01845998845104188
left,handcrafted,logistic,exp_20260715,2,4,16,288,24,0.013507541996659711,0.8333333333333333,0.8285714285714285,1.0,0.004420145686715671
left,handcrafted,random_forest,exp_20260715,2,4,16,288,24,0.1971432919963263,0.6666666666666666,0.625,1.0,0.013233933653919368
left,handcrafted,rbf_svm,exp_20260715,2,4,16,288,24,0.00530141600756906,0.875,0.873015873015873,1.0,0.0029763916963848644
left,handcrafted,hist_gradient_boosting,exp_20260715,2,4,16,288,24,1.6080655830155592,0.6666666666666666,0.625,1.0,0.013233933653919368
left,handcrafted,mlp,exp_20260715,2,4,16,288,24,0.07292833298561163,1.0,1.0,1.0,0.0
left,handcrafted,logistic,exp_20260715,2,6,21,408,24,0.01318041599006392,0.9583333333333333,0.9582608695652174,1.0,0.0004217722526858483
left,handcrafted,random_forest,exp_20260715,2,6,21,408,24,0.18618525000056252,0.9583333333333333,0.9582608695652174,1.0,0.0004217722526858483
left,handcrafted,rbf_svm,exp_20260715,2,6,21,408,24,0.006092499999795109,0.9583333333333333,0.9582608695652174,1.0,0.0004217722526858483
left,handcrafted,hist_gradient_boosting,exp_20260715,2,6,21,408,24,2.6739289999823086,0.9583333333333333,0.9582608695652174,1.0,0.0004217722526858483
left,handcrafted,mlp,exp_20260715,2,6,21,408,24,0.08158929098863155,1.0,1.0,1.0,0.0
left,handcrafted,logistic,exp_20260715,2,8,32,624,24,0.016079499997431412,0.9583333333333333,0.9582608695652174,1.0,0.0004217722526858483
left,handcrafted,random_forest,exp_20260715,2,8,32,624,24,0.1990765419905074,0.9583333333333333,0.9582608695652174,1.0,0.0004217722526858483
left,handcrafted,rbf_svm,exp_20260715,2,8,32,624,24,0.008621874992968515,0.9583333333333333,0.9582608695652174,1.0,0.0004217722526858483
left,handcrafted,hist_gradient_boosting,exp_20260715,2,8,32,624,24,4.740547291003168,0.9583333333333333,0.9582608695652174,1.0,0.0004217722526858483
left,handcrafted,mlp,exp_20260715,2,8,32,624,24,0.09109100000932813,1.0,1.0,1.0,0.0
left,handcrafted,logistic,exp_20260717,0,2,11,216,24,0.012913209007820114,0.5416666666666666,0.4197802197802198,1.0,0.02123939503272783
left,handcrafted,random_forest,exp_20260717,0,2,11,216,24,0.1786612919822801,0.5,0.3333333333333333,1.0,0.023002229936077225
left,handcrafted,rbf_svm,exp_20260717,0,2,11,216,24,0.006844832998467609,0.9583333333333333,0.9582608695652174,1.0,0.00042041143510616083
left,handcrafted,hist_gradient_boosting,exp_20260717,0,2,11,216,24,0.831822165986523,0.5,0.3333333333333333,1.0,0.023002229936077225
left,handcrafted,mlp,exp_20260717,0,2,11,216,24,0.0382582499878481,0.9583333333333333,0.9582608695652174,1.0,0.00042041143510616083
left,handcrafted,logistic,exp_20260717,0,4,13,264,24,0.011992249987088144,1.0,1.0,1.0,0.0
left,handcrafted,random_forest,exp_20260717,0,4,13,264,24,0.19981208301032893,1.0,1.0,1.0,0.0
left,handcrafted,rbf_svm,exp_20260717,0,4,13,264,24,0.006762167002307251,1.0,1.0,1.0,0.0
left,handcrafted,hist_gradient_boosting,exp_20260717,0,4,13,264,24,1.9847631249867845,0.8333333333333333,0.8285714285714285,1.0,0.005702637516850885
left,handcrafted,mlp,exp_20260717,0,4,13,264,24,0.04438358300831169,1.0,1.0,1.0,0.0
left,handcrafted,logistic,exp_20260717,0,6,25,492,24,0.011346666986355558,1.0,1.0,1.0,0.0
left,handcrafted,random_forest,exp_20260717,0,6,25,492,24,0.1945376249786932,0.875,0.873015873015873,1.0,0.007895057122556065
left,handcrafted,rbf_svm,exp_20260717,0,6,25,492,24,0.007568125001853332,1.0,1.0,1.0,0.0
left,handcrafted,hist_gradient_boosting,exp_20260717,0,6,25,492,24,4.996645083010662,0.875,0.873015873015873,1.0,0.007895057122556065
left,handcrafted,mlp,exp_20260717,0,6,25,492,24,0.0770131669996772,0.9583333333333333,0.9582608695652174,1.0,0.00042041143510616083
left,handcrafted,logistic,exp_20260717,0,8,31,624,24,0.013400416006334126,1.0,1.0,1.0,0.0
left,handcrafted,random_forest,exp_20260717,0,8,31,624,24,0.24621262500295416,0.5416666666666666,0.4197802197802198,1.0,0.02123939503272783
left,handcrafted,rbf_svm,exp_20260717,0,8,31,624,24,0.008678000012878329,1.0,1.0,1.0,0.0
left,handcrafted,hist_gradient_boosting,exp_20260717,0,8,31,624,24,8.325436125014676,0.625,0.5636363636363637,1.0,0.01999994494392295
left,handcrafted,mlp,exp_20260717,0,8,31,624,24,0.08373087501968257,1.0,1.0,1.0,0.0
left,handcrafted,logistic,exp_20260717,0,10,44,864,24,0.01658650001627393,0.875,0.873015873015873,1.0,0.0043960626342758055
left,handcrafted,random_forest,exp_20260717,0,10,44,864,24,0.26197395799681544,0.9166666666666667,0.916083916083916,1.0,0.0045791460171302695
left,handcrafted,rbf_svm,exp_20260717,0,10,44,864,24,0.02006245800293982,0.9583333333333333,0.9582608695652174,1.0,0.0033159111054257943
left,handcrafted,hist_gradient_boosting,exp_20260717,0,10,44,864,24,8.604437959002098,0.5,0.3333333333333333,1.0,0.023002229936077225
left,handcrafted,mlp,exp_20260717,0,10,44,864,24,0.07537362500443123,0.9166666666666667,0.916083916083916,1.0,0.0014457047607558178
left,handcrafted,logistic,exp_20260717,1,2,8,144,24,0.011898624972673133,0.75,0.7333333333333334,1.0,0.013284231735718391
left,handcrafted,random_forest,exp_20260717,1,2,8,144,24,0.3728589579986874,0.875,0.873015873015873,1.0,0.007895057122556065
left,handcrafted,rbf_svm,exp_20260717,1,2,8,144,24,0.008237292000558227,1.0,1.0,1.0,0.0
left,handcrafted,hist_gradient_boosting,exp_20260717,1,2,8,144,24,1.4659050409973133,0.9166666666666667,0.916083916083916,1.0,0.0014457047607558178
left,handcrafted,mlp,exp_20260717,1,2,8,144,24,0.04665154198301025,0.875,0.873015873015873,0.9652777777777778,0.020481247785622218
left,handcrafted,logistic,exp_20260717,1,4,15,288,24,0.013341625017346814,0.5833333333333334,0.4957983193277311,1.0,0.02042035637902911
left,handcrafted,random_forest,exp_20260717,1,4,15,288,24,0.19562149999546818,0.7916666666666667,0.7822141560798548,1.0,0.009340761883311883
left,handcrafted,rbf_svm,exp_20260717,1,4,15,288,24,0.006903958012117073,1.0,1.0,1.0,0.0
left,handcrafted,hist_gradient_boosting,exp_20260717,1,4,15,288,24,2.8681429169955663,0.5,0.3333333333333333,1.0,0.023002229936077225
left,handcrafted,mlp,exp_20260717,1,4,15,288,24,0.057571415993152186,1.0,1.0,1.0,0.0
left,handcrafted,logistic,exp_20260717,1,6,25,492,24,0.014328874996863306,0.7083333333333334,0.6812144212523719,1.0,0.011020855182647074
left,handcrafted,random_forest,exp_20260717,1,6,25,492,24,0.1974397919839248,0.7916666666666667,0.7822141560798548,1.0,0.009340761883311883
left,handcrafted,rbf_svm,exp_20260717,1,6,25,492,24,0.0073375829961150885,1.0,1.0,1.0,0.0
left,handcrafted,hist_gradient_boosting,exp_20260717,1,6,25,492,24,4.735174875007942,0.5,0.3333333333333333,1.0,0.023002229936077225
left,handcrafted,mlp,exp_20260717,1,6,25,492,24,0.07193454101798125,1.0,1.0,1.0,0.0
left,handcrafted,logistic,exp_20260717,1,8,32,624,24,0.01421283298986964,0.5,0.3333333333333333,1.0,0.023002229936077225
left,handcrafted,random_forest,exp_20260717,1,8,32,624,24,0.22422954201465473,0.5416666666666666,0.4197802197802198,1.0,0.02123939503272783
left,handcrafted,rbf_svm,exp_20260717,1,8,32,624,24,0.009879541001282632,0.9166666666666667,0.916083916083916,1.0,0.0033197432590217333
left,handcrafted,hist_gradient_boosting,exp_20260717,1,8,32,624,24,4.0719083749863785,0.5,0.3333333333333333,1.0,0.023002229936077225
left,handcrafted,mlp,exp_20260717,1,8,32,624,24,0.08574837501510046,0.9583333333333333,0.9582608695652174,1.0,0.00042041143510616083
left,handcrafted,logistic,exp_20260717,2,2,7,132,24,0.011607082997215912,0.5,0.3333333333333333,1.0,0.023002229936077225
left,handcrafted,random_forest,exp_20260717,2,2,7,132,24,0.17803212499711663,0.5,0.3333333333333333,1.0,0.023002229936077225
left,handcrafted,rbf_svm,exp_20260717,2,2,7,132,24,0.005075875000329688,0.5,0.3333333333333333,0.4166666666666667,0.023002229936077225
left,handcrafted,hist_gradient_boosting,exp_20260717,2,2,7,132,24,0.521028249990195,0.5,0.3333333333333333,1.0,0.023002229936077225
left,handcrafted,mlp,exp_20260717,2,2,7,132,24,0.05788820801535621,1.0,1.0,1.0,0.0
left,handcrafted,logistic,exp_20260717,2,4,12,252,24,0.01052791700931266,0.5,0.3333333333333333,1.0,0.023002229936077225
left,handcrafted,random_forest,exp_20260717,2,4,12,252,24,0.19520208399626426,0.625,0.5636363636363637,1.0,0.01789039809099154
left,handcrafted,rbf_svm,exp_20260717,2,4,12,252,24,0.00596254100673832,1.0,1.0,1.0,0.0
left,handcrafted,hist_gradient_boosting,exp_20260717,2,4,12,252,24,1.2505691669939552,0.5,0.3333333333333333,1.0,0.023002229936077225
left,handcrafted,mlp,exp_20260717,2,4,12,252,24,0.04529008298413828,1.0,1.0,1.0,0.0
left,handcrafted,logistic,exp_20260717,2,6,24,492,24,0.011649499996565282,1.0,1.0,1.0,0.0
left,handcrafted,random_forest,exp_20260717,2,6,24,492,24,0.19674183300230652,0.5,0.3333333333333333,1.0,0.023002229936077225
left,handcrafted,rbf_svm,exp_20260717,2,6,24,492,24,0.006953165982849896,1.0,1.0,1.0,0.0
left,handcrafted,hist_gradient_boosting,exp_20260717,2,6,24,492,24,5.586320040980354,0.5416666666666666,0.4197802197802198,1.0,0.022581818500971063
left,handcrafted,mlp,exp_20260717,2,6,24,492,24,0.06845308298943564,0.9583333333333333,0.9582608695652174,1.0,0.00042041143510616083
left,handcrafted,logistic,exp_20260717,2,8,31,624,24,0.012897332984721288,1.0,1.0,1.0,0.0
left,handcrafted,random_forest,exp_20260717,2,8,31,624,24,0.25225024999235757,0.5416666666666666,0.4197802197802198,1.0,0.02123939503272783
left,handcrafted,rbf_svm,exp_20260717,2,8,31,624,24,0.008345834008650854,1.0,1.0,1.0,0.0
left,handcrafted,hist_gradient_boosting,exp_20260717,2,8,31,624,24,5.586607167002512,0.625,0.5636363636363637,1.0,0.01999994494392295
left,handcrafted,mlp,exp_20260717,2,8,31,624,24,0.07382633400266059,1.0,1.0,1.0,0.0
left,handcrafted,logistic,exp_20260720,0,2,12,228,24,0.009699208982056007,1.0,1.0,1.0,0.0
left,handcrafted,random_forest,exp_20260720,0,2,12,228,24,0.22809508300269954,1.0,1.0,1.0,0.0
left,handcrafted,rbf_svm,exp_20260720,0,2,12,228,24,0.005368082987843081,1.0,1.0,1.0,0.0
left,handcrafted,hist_gradient_boosting,exp_20260720,0,2,12,228,24,1.0781978749728296,1.0,1.0,1.0,0.0
left,handcrafted,mlp,exp_20260720,0,2,12,228,24,0.07726625000941567,1.0,1.0,1.0,0.0
left,handcrafted,logistic,exp_20260720,0,4,17,348,24,0.009960082999896258,1.0,1.0,1.0,0.0
left,handcrafted,random_forest,exp_20260720,0,4,17,348,24,0.18423237500246614,1.0,1.0,1.0,0.0
left,handcrafted,rbf_svm,exp_20260720,0,4,17,348,24,0.006022916990332305,1.0,1.0,1.0,0.0
left,handcrafted,hist_gradient_boosting,exp_20260720,0,4,17,348,24,4.174736959015718,1.0,1.0,1.0,0.0
left,handcrafted,mlp,exp_20260720,0,4,17,348,24,0.16614920800202526,1.0,1.0,1.0,0.0
left,handcrafted,logistic,exp_20260720,0,6,28,564,24,0.047137250017840415,1.0,1.0,1.0,0.0
left,handcrafted,random_forest,exp_20260720,0,6,28,564,24,0.3831494170008227,1.0,1.0,1.0,0.0
left,handcrafted,rbf_svm,exp_20260720,0,6,28,564,24,0.01240866701118648,1.0,1.0,1.0,0.0
left,handcrafted,hist_gradient_boosting,exp_20260720,0,6,28,564,24,4.6242777919978835,1.0,1.0,1.0,0.0
left,handcrafted,mlp,exp_20260720,0,6,28,564,24,0.1992355830152519,1.0,1.0,1.0,0.0
left,handcrafted,logistic,exp_20260720,0,8,37,720,24,0.026899165997747332,1.0,1.0,1.0,0.0
left,handcrafted,random_forest,exp_20260720,0,8,37,720,24,0.24699691598652862,1.0,1.0,1.0,0.0
left,handcrafted,rbf_svm,exp_20260720,0,8,37,720,24,0.008201999997254461,1.0,1.0,1.0,0.0
left,handcrafted,hist_gradient_boosting,exp_20260720,0,8,37,720,24,4.824049749993719,1.0,1.0,1.0,0.0
left,handcrafted,mlp,exp_20260720,0,8,37,720,24,0.10718012499273755,1.0,1.0,1.0,0.0
left,handcrafted,logistic,exp_20260720,0,10,44,864,24,0.01507245798711665,1.0,1.0,1.0,0.0
left,handcrafted,random_forest,exp_20260720,0,10,44,864,24,0.19141845899866894,1.0,1.0,1.0,0.0
left,handcrafted,rbf_svm,exp_20260720,0,10,44,864,24,0.011460708017693833,1.0,1.0,1.0,0.0
left,handcrafted,hist_gradient_boosting,exp_20260720,0,10,44,864,24,4.890366665989859,1.0,1.0,1.0,0.0
left,handcrafted,mlp,exp_20260720,0,10,44,864,24,0.07940841699019074,1.0,1.0,1.0,0.0
left,handcrafted,logistic,exp_20260720,1,2,7,132,24,0.010939416009932756,1.0,1.0,1.0,0.0
left,handcrafted,random_forest,exp_20260720,1,2,7,132,24,0.18070208400604315,1.0,1.0,1.0,0.0
left,handcrafted,rbf_svm,exp_20260720,1,2,7,132,24,0.0050660000124480575,1.0,1.0,1.0,0.0
left,handcrafted,hist_gradient_boosting,exp_20260720,1,2,7,132,24,0.42996279199724086,0.9583333333333333,0.9582608695652174,1.0,0.0009632025832367143
left,handcrafted,mlp,exp_20260720,1,2,7,132,24,0.05303141599870287,1.0,1.0,1.0,0.0
left,handcrafted,logistic,exp_20260720,1,4,12,252,24,0.010281832976033911,1.0,1.0,1.0,0.0
left,handcrafted,random_forest,exp_20260720,1,4,12,252,24,0.566643458994804,1.0,1.0,1.0,0.0
left,handcrafted,rbf_svm,exp_20260720,1,4,12,252,24,0.013365624996367842,1.0,1.0,1.0,0.0
left,handcrafted,hist_gradient_boosting,exp_20260720,1,4,12,252,24,1.1027631250035483,0.9583333333333333,0.9582608695652174,1.0,0.0009632025832367143
left,handcrafted,mlp,exp_20260720,1,4,12,252,24,0.03616045799572021,1.0,1.0,1.0,0.0
left,handcrafted,logistic,exp_20260720,1,6,24,480,24,0.010228375002043322,1.0,1.0,1.0,0.0
left,handcrafted,random_forest,exp_20260720,1,6,24,480,24,0.1781939580105245,1.0,1.0,1.0,0.0
left,handcrafted,rbf_svm,exp_20260720,1,6,24,480,24,0.005863083002623171,1.0,1.0,1.0,0.0
left,handcrafted,hist_gradient_boosting,exp_20260720,1,6,24,480,24,3.360868291987572,1.0,1.0,1.0,0.0
left,handcrafted,mlp,exp_20260720,1,6,24,480,24,0.1062278339813929,1.0,1.0,1.0,0.0
left,handcrafted,logistic,exp_20260720,1,8,37,720,24,0.013450792001094669,1.0,1.0,1.0,0.0
left,handcrafted,random_forest,exp_20260720,1,8,37,720,24,0.28553095800452866,1.0,1.0,1.0,0.0
left,handcrafted,rbf_svm,exp_20260720,1,8,37,720,24,0.00915050000185147,1.0,1.0,1.0,0.0
left,handcrafted,hist_gradient_boosting,exp_20260720,1,8,37,720,24,5.62456158400164,1.0,1.0,1.0,0.0
left,handcrafted,mlp,exp_20260720,1,8,37,720,24,0.107359790999908,1.0,1.0,1.0,0.0
left,handcrafted,logistic,exp_20260720,2,2,8,156,24,0.012503542006015778,1.0,1.0,1.0,0.0
left,handcrafted,random_forest,exp_20260720,2,2,8,156,24,0.3439308329834603,1.0,1.0,1.0,0.0
left,handcrafted,rbf_svm,exp_20260720,2,2,8,156,24,0.021128708991454914,1.0,1.0,1.0,0.0
left,handcrafted,hist_gradient_boosting,exp_20260720,2,2,8,156,24,0.7135028330085333,1.0,1.0,1.0,0.0
left,handcrafted,mlp,exp_20260720,2,2,8,156,24,0.04748199999448843,1.0,1.0,1.0,0.0
left,handcrafted,logistic,exp_20260720,2,4,10,204,24,0.011952291999477893,1.0,1.0,1.0,0.0
left,handcrafted,random_forest,exp_20260720,2,4,10,204,24,0.19457470899214968,1.0,1.0,1.0,0.0
left,handcrafted,rbf_svm,exp_20260720,2,4,10,204,24,0.0058007089828606695,1.0,1.0,1.0,0.0
left,handcrafted,hist_gradient_boosting,exp_20260720,2,4,10,204,24,0.7190821670228615,1.0,1.0,1.0,0.0
left,handcrafted,mlp,exp_20260720,2,4,10,204,24,0.043247624998912215,1.0,1.0,1.0,0.0
left,handcrafted,logistic,exp_20260720,2,6,20,408,24,0.013006708002649248,1.0,1.0,1.0,0.0
left,handcrafted,random_forest,exp_20260720,2,6,20,408,24,0.2180901670071762,1.0,1.0,1.0,0.0
left,handcrafted,rbf_svm,exp_20260720,2,6,20,408,24,0.029079166997689754,1.0,1.0,1.0,0.0
left,handcrafted,hist_gradient_boosting,exp_20260720,2,6,20,408,24,3.2713535420189146,1.0,1.0,1.0,0.0
left,handcrafted,mlp,exp_20260720,2,6,20,408,24,0.0707176249998156,1.0,1.0,1.0,0.0
left,handcrafted,logistic,exp_20260720,2,8,31,624,24,0.014617417007684708,1.0,1.0,1.0,0.0
left,handcrafted,random_forest,exp_20260720,2,8,31,624,24,0.21399725001538172,1.0,1.0,1.0,0.0
left,handcrafted,rbf_svm,exp_20260720,2,8,31,624,24,0.008693916985066608,1.0,1.0,1.0,0.0
left,handcrafted,hist_gradient_boosting,exp_20260720,2,8,31,624,24,4.525140999990981,1.0,1.0,1.0,0.0
left,handcrafted,mlp,exp_20260720,2,8,31,624,24,0.07173416702426039,1.0,1.0,1.0,0.0
left,handcrafted,logistic,exp_20260721,0,2,11,216,36,0.012761542020598426,1.0,1.0,1.0,0.0
left,handcrafted,random_forest,exp_20260721,0,2,11,216,36,0.17375925002852455,1.0,1.0,1.0,0.0
left,handcrafted,rbf_svm,exp_20260721,0,2,11,216,36,0.005628874991089106,1.0,1.0,1.0,0.0
left,handcrafted,hist_gradient_boosting,exp_20260721,0,2,11,216,36,0.8129628750029951,1.0,1.0,1.0,0.0
left,handcrafted,mlp,exp_20260721,0,2,11,216,36,0.030693584005348384,0.9791666666666667,0.9693617021276595,1.0,0.00022101937024184728
left,handcrafted,logistic,exp_20260721,0,4,13,264,36,0.01157220799359493,1.0,1.0,1.0,0.0
left,handcrafted,random_forest,exp_20260721,0,4,13,264,36,0.18411745800403878,1.0,1.0,1.0,0.0
left,handcrafted,rbf_svm,exp_20260721,0,4,13,264,36,0.006057583028450608,1.0,1.0,1.0,0.0
left,handcrafted,hist_gradient_boosting,exp_20260721,0,4,13,264,36,1.7406657919927966,1.0,1.0,1.0,0.0
left,handcrafted,mlp,exp_20260721,0,4,13,264,36,0.04578420802135952,0.9791666666666667,0.9693617021276595,1.0,0.00022101937024184728
left,handcrafted,logistic,exp_20260721,0,6,23,468,36,0.01306041600764729,1.0,1.0,1.0,0.0
left,handcrafted,random_forest,exp_20260721,0,6,23,468,36,0.2057614169898443,1.0,1.0,1.0,0.0
left,handcrafted,rbf_svm,exp_20260721,0,6,23,468,36,0.00719604198820889,1.0,1.0,1.0,0.0
left,handcrafted,hist_gradient_boosting,exp_20260721,0,6,23,468,36,3.102978000009898,1.0,1.0,1.0,0.0
left,handcrafted,mlp,exp_20260721,0,6,23,468,36,0.07084099997882731,1.0,1.0,1.0,0.0
left,handcrafted,logistic,exp_20260721,0,8,35,708,36,0.01384441601112485,1.0,1.0,1.0,0.0
left,handcrafted,random_forest,exp_20260721,0,8,35,708,36,0.31099362499662675,1.0,1.0,1.0,0.0
left,handcrafted,rbf_svm,exp_20260721,0,8,35,708,36,0.039607625018106773,1.0,1.0,1.0,0.0
left,handcrafted,hist_gradient_boosting,exp_20260721,0,8,35,708,36,4.1196225420280825,1.0,1.0,1.0,0.0
left,handcrafted,mlp,exp_20260721,0,8,35,708,36,0.17350666600395925,1.0,1.0,1.0,0.0
left,handcrafted,logistic,exp_20260721,0,10,43,852,36,0.031917624990455806,1.0,1.0,1.0,0.0
left,handcrafted,random_forest,exp_20260721,0,10,43,852,36,0.21070716698886827,1.0,1.0,1.0,0.0
left,handcrafted,rbf_svm,exp_20260721,0,10,43,852,36,0.01018074998864904,1.0,1.0,1.0,0.0
left,handcrafted,hist_gradient_boosting,exp_20260721,0,10,43,852,36,4.601355207996676,1.0,1.0,1.0,0.0
left,handcrafted,mlp,exp_20260721,0,10,43,852,36,0.09052358299959451,1.0,1.0,1.0,0.0
left,handcrafted,logistic,exp_20260721,1,2,11,216,36,0.010491541994269937,1.0,1.0,1.0,0.0
left,handcrafted,random_forest,exp_20260721,1,2,11,216,36,0.16860916701261885,1.0,1.0,1.0,0.0
left,handcrafted,rbf_svm,exp_20260721,1,2,11,216,36,0.005526916997041553,1.0,1.0,1.0,0.0
left,handcrafted,hist_gradient_boosting,exp_20260721,1,2,11,216,36,0.6811875409912318,1.0,1.0,1.0,0.0
left,handcrafted,mlp,exp_20260721,1,2,11,216,36,0.050045874988427386,0.9791666666666667,0.9693617021276595,1.0,0.00022101937024184728
left,handcrafted,logistic,exp_20260721,1,4,18,348,36,0.013521707995096222,1.0,1.0,1.0,0.0
left,handcrafted,random_forest,exp_20260721,1,4,18,348,36,0.1797237909922842,1.0,1.0,1.0,0.0
left,handcrafted,rbf_svm,exp_20260721,1,4,18,348,36,0.009987041994463652,1.0,1.0,1.0,0.0
left,handcrafted,hist_gradient_boosting,exp_20260721,1,4,18,348,36,2.5404211670102086,1.0,1.0,1.0,0.0
left,handcrafted,mlp,exp_20260721,1,4,18,348,36,0.05150620799395256,0.9791666666666667,0.9693617021276595,1.0,0.00022101937024184728
left,handcrafted,logistic,exp_20260721,1,6,25,492,36,0.013634207978611812,1.0,1.0,1.0,0.0
left,handcrafted,random_forest,exp_20260721,1,6,25,492,36,0.1786538749875035,1.0,1.0,1.0,0.0
left,handcrafted,rbf_svm,exp_20260721,1,6,25,492,36,0.008097208017716184,1.0,1.0,1.0,0.0
left,handcrafted,hist_gradient_boosting,exp_20260721,1,6,25,492,36,2.8088104159978684,1.0,1.0,1.0,0.0
left,handcrafted,mlp,exp_20260721,1,6,25,492,36,0.05856591701740399,1.0,1.0,1.0,0.0
left,handcrafted,logistic,exp_20260721,1,8,36,708,36,0.013947125000413507,1.0,1.0,1.0,0.0
left,handcrafted,random_forest,exp_20260721,1,8,36,708,36,0.208270667004399,1.0,1.0,1.0,0.0
left,handcrafted,rbf_svm,exp_20260721,1,8,36,708,36,0.009683500014944002,1.0,1.0,1.0,0.0
left,handcrafted,hist_gradient_boosting,exp_20260721,1,8,36,708,36,3.6686339160078205,1.0,1.0,1.0,0.0
left,handcrafted,mlp,exp_20260721,1,8,36,708,36,0.07994791699456982,1.0,1.0,1.0,0.0
left,handcrafted,logistic,exp_20260721,2,2,12,228,36,0.011242792010307312,1.0,1.0,1.0,0.0
left,handcrafted,random_forest,exp_20260721,2,2,12,228,36,0.17345974998897873,1.0,1.0,1.0,0.0
left,handcrafted,rbf_svm,exp_20260721,2,2,12,228,36,0.005534541996894404,1.0,1.0,1.0,0.0
left,handcrafted,hist_gradient_boosting,exp_20260721,2,2,12,228,36,0.8940462910104543,1.0,1.0,1.0,0.0
left,handcrafted,mlp,exp_20260721,2,2,12,228,36,0.06820095801958814,1.0,1.0,1.0,0.0
left,handcrafted,logistic,exp_20260721,2,4,24,444,36,0.011386290978407487,1.0,1.0,1.0,0.0
left,handcrafted,random_forest,exp_20260721,2,4,24,444,36,0.18804954199003987,1.0,1.0,1.0,0.0
left,handcrafted,rbf_svm,exp_20260721,2,4,24,444,36,0.008019707980565727,1.0,1.0,1.0,0.0
left,handcrafted,hist_gradient_boosting,exp_20260721,2,4,24,444,36,2.7931901249976363,1.0,1.0,1.0,0.0
left,handcrafted,mlp,exp_20260721,2,4,24,444,36,0.07396545901428908,1.0,1.0,1.0,0.0
left,handcrafted,logistic,exp_20260721,2,6,26,492,36,0.0141390000062529,1.0,1.0,1.0,0.0
left,handcrafted,random_forest,exp_20260721,2,6,26,492,36,0.17260566601180471,1.0,1.0,1.0,0.0
left,handcrafted,rbf_svm,exp_20260721,2,6,26,492,36,0.006515457993373275,1.0,1.0,1.0,0.0
left,handcrafted,hist_gradient_boosting,exp_20260721,2,6,26,492,36,3.441718582995236,1.0,1.0,1.0,0.0
left,handcrafted,mlp,exp_20260721,2,6,26,492,36,0.12773766700411215,1.0,1.0,1.0,0.0
left,handcrafted,logistic,exp_20260721,2,8,38,732,36,0.013032832997851074,1.0,1.0,1.0,0.0
left,handcrafted,random_forest,exp_20260721,2,8,38,732,36,0.1805446250073146,1.0,1.0,1.0,0.0
left,handcrafted,rbf_svm,exp_20260721,2,8,38,732,36,0.012806332990294322,1.0,1.0,1.0,0.0
left,handcrafted,hist_gradient_boosting,exp_20260721,2,8,38,732,36,5.593135957984487,1.0,1.0,1.0,0.0
left,handcrafted,mlp,exp_20260721,2,8,38,732,36,0.09520391601836309,1.0,1.0,1.0,0.0
left,handcrafted,logistic,exp_20260723,0,2,7,144,108,0.011447500000940636,0.8958333333333333,0.855653568564555,0.9780092592592593,0.0027684141672329396
left,handcrafted,random_forest,exp_20260723,0,2,7,144,108,0.1721421249967534,0.8125,0.8319327731092436,0.9776234567901234,0.00603293178457991
left,handcrafted,rbf_svm,exp_20260723,0,2,7,144,108,0.005604542006039992,0.6597222222222222,0.6089655172413793,0.8097993827160495,0.025804954994844392
left,handcrafted,hist_gradient_boosting,exp_20260723,0,2,7,144,108,0.47747654098202474,0.6041666666666667,0.6049382716049383,0.90625,0.01199695492140471
left,handcrafted,mlp,exp_20260723,0,2,7,144,108,0.04939566701068543,0.8472222222222222,0.7928147889780258,0.9857253086419754,0.007746696809085326
left,handcrafted,logistic,exp_20260723,0,4,15,300,108,0.012496833020122722,0.9791666666666667,0.9693617021276595,1.0,0.0002150682281987054
left,handcrafted,random_forest,exp_20260723,0,4,15,300,108,0.19000454200431705,0.8125,0.8384615384615385,0.9664351851851851,0.006095542978520582
left,handcrafted,rbf_svm,exp_20260723,0,4,15,300,108,0.007634415989741683,0.9791666666666667,0.9791666666666667,0.9907407407407407,0.0002118608230432531
left,handcrafted,hist_gradient_boosting,exp_20260723,0,4,15,300,108,2.1906496250012424,0.9444444444444444,0.9293655984303466,0.9695216049382717,0.0010490003601289783
left,handcrafted,mlp,exp_20260723,0,4,15,300,108,0.04479204100789502,0.8541666666666667,0.8017309205350118,1.0,0.00731121829133637
left,handcrafted,logistic,exp_20260723,0,6,26,516,108,0.012504249985795468,0.9930555555555556,0.9896541814350033,1.0,7.284909055450295e-05
left,handcrafted,random_forest,exp_20260723,0,6,26,516,108,0.4262684999848716,0.8263888888888888,0.8515071390798519,0.964891975308642,0.005821862624508705
left,handcrafted,rbf_svm,exp_20260723,0,6,26,516,108,0.015970832988386974,0.9652777777777778,0.9685284118504127,0.9907407407407407,0.00039168014152644436
left,handcrafted,hist_gradient_boosting,exp_20260723,0,6,26,516,108,3.451276167004835,0.8263888888888888,0.8515071390798519,0.9868827160493827,0.005821862624508705
left,handcrafted,mlp,exp_20260723,0,6,26,516,108,0.08908470798633061,0.9027777777777778,0.8647584973166369,1.0,0.0034310706883368246
left,handcrafted,logistic,exp_20260723,0,8,37,732,108,0.01652537501649931,0.9583333333333333,0.939799331103679,0.9884259259259259,0.0006888533793545572
left,handcrafted,random_forest,exp_20260723,0,8,37,732,108,0.20616883301408961,0.9722222222222222,0.9593984962406015,0.9845679012345678,0.0003631290919891607
left,handcrafted,rbf_svm,exp_20260723,0,8,37,732,108,0.014892332983436063,0.9722222222222222,0.96896254430501,0.9918981481481481,0.0010601883871350665
left,handcrafted,hist_gradient_boosting,exp_20260723,0,8,37,732,108,3.4748557090060785,0.9513888888888888,0.9301487572761711,0.9641203703703703,0.000852216929589414
left,handcrafted,mlp,exp_20260723,0,8,37,732,108,0.08111649999045767,0.9166666666666667,0.8831168831168831,0.9969135802469136,0.0034970886444829594
left,handcrafted,logistic,exp_20260723,0,10,39,780,108,0.013126332982210442,0.9513888888888888,0.9301487572761711,0.9810956790123457,0.0007607025477214211
left,handcrafted,random_forest,exp_20260723,0,10,39,780,108,0.1971960419905372,0.9513888888888888,0.9301487572761711,0.9822530864197532,0.000852216929589414
left,handcrafted,rbf_svm,exp_20260723,0,10,39,780,108,0.018132709024939686,0.9722222222222222,0.96896254430501,0.9918981481481481,0.0010601883871350665
left,handcrafted,hist_gradient_boosting,exp_20260723,0,10,39,780,108,4.0587365420069546,0.9513888888888888,0.9301487572761711,0.9822530864197531,0.000852216929589414
left,handcrafted,mlp,exp_20260723,0,10,39,780,108,0.08741841700975783,0.9027777777777778,0.8647584973166369,0.9988425925925927,0.0032487150036234667
left,handcrafted,logistic,exp_20260723,1,2,8,156,108,0.01075029099592939,0.9791666666666667,0.9693617021276595,0.9996141975308642,0.00021406830601106643
left,handcrafted,random_forest,exp_20260723,1,2,8,156,108,0.1481617919926066,0.8819444444444444,0.9009679062659195,0.9839891975308642,0.0027809134838099785
left,handcrafted,rbf_svm,exp_20260723,1,2,8,156,108,0.0060059590032324195,0.9791666666666667,0.9791666666666667,0.9934413580246914,0.0002118608230432531
left,handcrafted,hist_gradient_boosting,exp_20260723,1,2,8,156,108,0.4353178330056835,0.9722222222222222,0.96896254430501,0.9822530864197532,0.0003235710127221527
left,handcrafted,mlp,exp_20260723,1,2,8,156,108,0.034867709007812664,0.7777777777777778,0.7032967032967032,0.9996141975308642,0.011888512749735668
left,handcrafted,logistic,exp_20260723,1,4,10,204,108,0.010374667006544769,0.9097222222222222,0.8739110911540189,0.9903549382716049,0.002378503857955599
left,handcrafted,random_forest,exp_20260723,1,4,10,204,108,0.17379262499161996,0.8194444444444444,0.8282988871224165,0.9498456790123456,0.0052577019242625415
left,handcrafted,rbf_svm,exp_20260723,1,4,10,204,108,0.005354541004635394,0.9722222222222222,0.96896254430501,0.9891975308641976,0.0002831773570029971
left,handcrafted,hist_gradient_boosting,exp_20260723,1,4,10,204,108,0.4936028329830151,0.8958333333333333,0.8636363636363636,0.9540895061728396,0.00376890301240029
left,handcrafted,mlp,exp_20260723,1,4,10,204,108,0.03483995801070705,0.7430555555555556,0.6573780330961159,0.9996141975308642,0.015731922079548436
left,handcrafted,logistic,exp_20260723,1,6,21,420,108,0.011598125012824312,0.9791666666666667,0.9693617021276595,1.0,0.0002150682281987054
left,handcrafted,random_forest,exp_20260723,1,6,21,420,108,0.1741776670096442,0.8055555555555556,0.8223684210526316,0.9610339506172839,0.00626806500698994
left,handcrafted,rbf_svm,exp_20260723,1,6,21,420,108,0.007104374992195517,0.9791666666666667,0.9791666666666667,0.9915123456790124,0.0002118608230432531
left,handcrafted,hist_gradient_boosting,exp_20260723,1,6,21,420,108,2.184150875022169,0.8958333333333333,0.8636363636363636,0.9768518518518519,0.004031566232490043
left,handcrafted,mlp,exp_20260723,1,6,21,420,108,0.03371866699308157,0.8611111111111112,0.8106591865357644,1.0,0.006761085198973242
left,handcrafted,logistic,exp_20260723,1,8,34,660,108,0.013717750000068918,0.875,0.8285714285714285,0.8792438271604939,0.0053398596914560285
left,handcrafted,random_forest,exp_20260723,1,8,34,660,108,0.2044219170056749,0.8541666666666667,0.8615794143744455,0.9587191358024691,0.004679266602769549
left,handcrafted,rbf_svm,exp_20260723,1,8,34,660,108,0.009725915995659307,0.8680555555555556,0.8889802631578947,0.9814814814814815,0.004436229760540858
left,handcrafted,hist_gradient_boosting,exp_20260723,1,8,34,660,108,3.6535332500061486,0.9166666666666666,0.899665551839465,0.9537037037037037,0.002136210953509946
left,handcrafted,mlp,exp_20260723,1,8,34,660,108,0.06007516599493101,0.8819444444444444,0.8375652481642042,0.990354938271605,0.004551242585795536
left,handcrafted,logistic,exp_20260723,2,2,8,156,108,0.010007999982917681,0.9652777777777778,0.9685284118504127,0.9988425925925926,0.00039168014152644436
left,handcrafted,random_forest,exp_20260723,2,2,8,156,108,0.15914158400846645,0.9722222222222222,0.9593984962406015,0.9886188271604938,0.0003631290919891607
left,handcrafted,rbf_svm,exp_20260723,2,2,8,156,108,0.005043000011937693,0.9791666666666667,0.9791666666666667,0.992283950617284,0.0002118608230432531
left,handcrafted,hist_gradient_boosting,exp_20260723,2,2,8,156,108,0.5156924159964547,0.9097222222222222,0.8739110911540189,0.982638888888889,0.003065746125618579
left,handcrafted,mlp,exp_20260723,2,2,8,156,108,0.02891741698840633,0.7222222222222222,0.6291208791208791,0.9996141975308642,0.017459022953745077
left,handcrafted,logistic,exp_20260723,2,4,15,300,108,0.010932917008176446,0.9930555555555556,0.9896541814350033,1.0,7.284909055450295e-05
left,handcrafted,random_forest,exp_20260723,2,4,15,300,108,0.18357770898728631,0.9444444444444444,0.9293655984303466,0.9834104938271605,0.0007112798882404395
left,handcrafted,rbf_svm,exp_20260723,2,4,15,300,108,0.0062025419902056456,0.9652777777777778,0.9685284118504127,0.9899691358024691,0.00039168014152644436
left,handcrafted,hist_gradient_boosting,exp_20260723,2,4,15,300,108,1.6399584579921793,0.9236111111111112,0.8923815563003895,0.9498456790123457,0.0018341211471309686
left,handcrafted,mlp,exp_20260723,2,4,15,300,108,0.049834541976451874,0.8611111111111112,0.8106591865357644,0.9992283950617284,0.0060478495041187625
left,handcrafted,logistic,exp_20260723,2,6,27,516,108,0.013262583001051098,0.9583333333333333,0.939799331103679,0.9891975308641976,0.0006888533793545572
left,handcrafted,random_forest,exp_20260723,2,6,27,516,108,0.1920348340063356,0.9652777777777778,0.9685284118504127,0.9895833333333333,0.00039168014152644436
left,handcrafted,rbf_svm,exp_20260723,2,6,27,516,108,0.008492624998325482,0.8680555555555556,0.8889802631578947,0.9884259259259259,0.004436229760540858
left,handcrafted,hist_gradient_boosting,exp_20260723,2,6,27,516,108,2.7838866249949206,0.9513888888888888,0.9301487572761711,0.9868827160493827,0.0009214808822917018
left,handcrafted,mlp,exp_20260723,2,6,27,516,108,0.058379124995553866,0.8819444444444444,0.8375652481642042,0.990354938271605,0.004551242585795536
left,handcrafted,logistic,exp_20260723,2,8,32,636,108,0.012723792024189606,0.9583333333333333,0.939799331103679,0.9918981481481483,0.0006888533793545572
left,handcrafted,random_forest,exp_20260723,2,8,32,636,108,0.20744129200465977,0.9722222222222222,0.9593984962406015,0.9945987654320988,0.0003631290919891607
left,handcrafted,rbf_svm,exp_20260723,2,8,32,636,108,0.00917754101101309,0.9861111111111112,0.9794442329653598,0.9926697530864197,0.00014416562451424696
left,handcrafted,hist_gradient_boosting,exp_20260723,2,8,32,636,108,3.268296291003935,0.9513888888888888,0.9301487572761711,0.9876543209876543,0.000852216929589414
left,handcrafted,mlp,exp_20260723,2,8,32,636,108,0.06270662500173785,0.9027777777777778,0.8647584973166369,0.9996141975308642,0.0032487150036234667
left,handcrafted,logistic,exp_20260724,0,2,7,132,96,0.0094952909857966,1.0,1.0,1.0,0.0
left,handcrafted,random_forest,exp_20260724,0,2,7,132,96,0.16852379200281575,0.96875,0.9687194525904204,1.0,0.0006037843772350752
left,handcrafted,rbf_svm,exp_20260724,0,2,7,132,96,0.004874042002484202,0.9583333333333333,0.9582608695652174,1.0,0.0005694376378753342
left,handcrafted,hist_gradient_boosting,exp_20260724,0,2,7,132,96,0.23727804198279046,1.0,1.0,1.0,0.0
left,handcrafted,mlp,exp_20260724,0,2,7,132,96,0.028013332979753613,0.8645833333333333,0.8620537194650161,1.0,0.003793677367973109
left,handcrafted,logistic,exp_20260724,0,4,10,192,96,0.009062333003384992,1.0,1.0,1.0,0.0
left,handcrafted,random_forest,exp_20260724,0,4,10,192,96,0.18353833397850394,1.0,1.0,1.0,0.0
left,handcrafted,rbf_svm,exp_20260724,0,4,10,192,96,0.005181999993510544,0.9583333333333333,0.9582608695652174,1.0,0.0005694376378753342
left,handcrafted,hist_gradient_boosting,exp_20260724,0,4,10,192,96,0.35243050000281073,1.0,1.0,1.0,0.0
left,handcrafted,mlp,exp_20260724,0,4,10,192,96,0.03337350001675077,0.7083333333333334,0.6812144212523719,1.0,0.017718394367472908
left,handcrafted,logistic,exp_20260724,0,6,22,408,96,0.01303204198484309,1.0,1.0,1.0,0.0
left,handcrafted,random_forest,exp_20260724,0,6,22,408,96,0.16952412499813363,0.96875,0.9687194525904204,1.0,0.0006037843772350752
left,handcrafted,rbf_svm,exp_20260724,0,6,22,408,96,0.007664582983125001,0.90625,0.9054187192118226,1.0,0.0016033847579780686
left,handcrafted,hist_gradient_boosting,exp_20260724,0,6,22,408,96,2.413588499999605,0.9166666666666667,0.916083916083916,1.0,0.0016115122713387289
left,handcrafted,mlp,exp_20260724,0,6,22,408,96,0.05481562498607673,0.9375,0.9372549019607843,1.0,0.0010416676052383688
left,handcrafted,logistic,exp_20260724,0,8,29,552,96,0.011922415986191481,0.9375,0.9372549019607843,1.0,0.0015041732734898334
left,handcrafted,random_forest,exp_20260724,0,8,29,552,96,0.19236645800992846,0.9270833333333333,0.926884996191927,0.9952256944444444,0.0016698135498678058
left,handcrafted,rbf_svm,exp_20260724,0,8,29,552,96,0.007226582994917408,0.8854166666666667,0.8838922484881804,1.0,0.0021448939088257206
left,handcrafted,hist_gradient_boosting,exp_20260724,0,8,29,552,96,3.1420960419927724,0.9583333333333333,0.9582608695652174,1.0,0.0006817210764539098
left,handcrafted,mlp,exp_20260724,0,8,29,552,96,0.06439741697977297,0.9583333333333333,0.9582608695652174,1.0,0.000697693895315128
left,handcrafted,logistic,exp_20260724,0,10,41,792,96,0.013840375002473593,1.0,1.0,1.0,0.0
left,handcrafted,random_forest,exp_20260724,0,10,41,792,96,0.2142512499995064,1.0,1.0,1.0,0.0
left,handcrafted,rbf_svm,exp_20260724,0,10,41,792,96,0.009803833992918953,0.8854166666666667,0.8838922484881804,0.9995659722222222,0.0021448939088257206
left,handcrafted,hist_gradient_boosting,exp_20260724,0,10,41,792,96,4.013015833013924,0.9791666666666667,0.9791576204950065,1.0,0.0002407968492243043
left,handcrafted,mlp,exp_20260724,0,10,41,792,96,0.09446349999052472,0.9895833333333333,0.9895822029300054,1.0,0.00010472764556787967
left,handcrafted,logistic,exp_20260724,1,2,6,120,96,0.00954841697239317,0.9375,0.9372549019607843,1.0,0.0010484913443401997
left,handcrafted,random_forest,exp_20260724,1,2,6,120,96,0.15384766599163413,0.875,0.873015873015873,1.0,0.002409469015449736
left,handcrafted,rbf_svm,exp_20260724,1,2,6,120,96,0.005180250009289011,0.875,0.873015873015873,0.9947916666666666,0.002409469015449736
left,handcrafted,hist_gradient_boosting,exp_20260724,1,2,6,120,96,0.35408908300451003,1.0,1.0,1.0,0.0
left,handcrafted,mlp,exp_20260724,1,2,6,120,96,0.029061750014079735,0.6979166666666666,0.6675820895522389,1.0,0.02080366683051871
left,handcrafted,logistic,exp_20260724,1,4,14,276,96,0.010445666004670784,1.0,1.0,1.0,0.0
left,handcrafted,random_forest,exp_20260724,1,4,14,276,96,0.182741917000385,0.875,0.873015873015873,1.0,0.002409469015449736
left,handcrafted,rbf_svm,exp_20260724,1,4,14,276,96,0.006608833005884662,0.875,0.873015873015873,1.0,0.002409469015449736
left,handcrafted,hist_gradient_boosting,exp_20260724,1,4,14,276,96,1.4366572500148322,0.9791666666666667,0.9791576204950065,1.0,0.0003188555527377926
left,handcrafted,mlp,exp_20260724,1,4,14,276,96,0.045432499988237396,0.9166666666666667,0.916083916083916,1.0,0.0015069295923630837
left,handcrafted,logistic,exp_20260724,1,6,27,516,96,0.012916250008856878,1.0,1.0,1.0,0.0
left,handcrafted,random_forest,exp_20260724,1,6,27,516,96,0.20517054200172424,0.9270833333333333,0.926693574779099,1.0,0.001286827284617595
left,handcrafted,rbf_svm,exp_20260724,1,6,27,516,96,0.007968833000632003,0.875,0.873015873015873,1.0,0.002409469015449736
left,handcrafted,hist_gradient_boosting,exp_20260724,1,6,27,516,96,2.941922208003234,0.9375,0.9372549019607843,1.0,0.001071484933026452
left,handcrafted,mlp,exp_20260724,1,6,27,516,96,0.07334958299179561,0.9791666666666667,0.9791576204950065,1.0,0.00020978265554704288
left,handcrafted,logistic,exp_20260724,1,8,34,648,96,0.013322166982106864,1.0,1.0,1.0,0.0
left,handcrafted,random_forest,exp_20260724,1,8,34,648,96,0.1924224160029553,1.0,1.0,1.0,0.0
left,handcrafted,rbf_svm,exp_20260724,1,8,34,648,96,0.008957416983321309,0.8854166666666667,0.8838922484881804,0.9995659722222222,0.0021448939088257206
left,handcrafted,hist_gradient_boosting,exp_20260724,1,8,34,648,96,3.507550042006187,1.0,1.0,1.0,0.0
left,handcrafted,mlp,exp_20260724,1,8,34,648,96,0.05903658299939707,0.9791666666666667,0.9791576204950065,1.0,0.00026644248784806406
left,handcrafted,logistic,exp_20260724,2,2,7,132,96,0.009451708989217877,0.9895833333333333,0.9895822029300054,1.0,0.00010449324063959352
left,handcrafted,random_forest,exp_20260724,2,2,7,132,96,0.17240795798716135,1.0,1.0,0.9999999999999999,0.0
left,handcrafted,rbf_svm,exp_20260724,2,2,7,132,96,0.005577500007348135,0.9270833333333333,0.926693574779099,1.0,0.001074330690235754
left,handcrafted,hist_gradient_boosting,exp_20260724,2,2,7,132,96,0.32104262500070035,1.0,1.0,1.0,0.0
left,handcrafted,mlp,exp_20260724,2,2,7,132,96,0.032384624995756894,0.8541666666666667,0.8509977827050997,1.0,0.004457206315195851
left,handcrafted,logistic,exp_20260724,2,4,15,288,96,0.010178625001572073,1.0,1.0,1.0,0.0
left,handcrafted,random_forest,exp_20260724,2,4,15,288,96,0.17934116700780578,1.0,1.0,1.0,0.0
left,handcrafted,rbf_svm,exp_20260724,2,4,15,288,96,0.006933833006769419,0.9270833333333333,0.926693574779099,1.0,0.001074330690235754
left,handcrafted,hist_gradient_boosting,exp_20260724,2,4,15,288,96,1.4541398340079468,1.0,1.0,1.0,0.0
left,handcrafted,mlp,exp_20260724,2,4,15,288,96,0.06205024998052977,0.96875,0.9687194525904204,1.0,0.0005359790530349435
left,handcrafted,logistic,exp_20260724,2,6,27,504,96,0.010482041980139911,1.0,1.0,1.0,0.0
left,handcrafted,random_forest,exp_20260724,2,6,27,504,96,0.20429695802158676,0.9791666666666667,0.9791576204950065,1.0,0.00043474942895922416
left,handcrafted,rbf_svm,exp_20260724,2,6,27,504,96,0.012555040972074494,0.8854166666666667,0.8838922484881804,1.0,0.0021448939088257206
left,handcrafted,hist_gradient_boosting,exp_20260724,2,6,27,504,96,2.873383875004947,0.9895833333333333,0.9895822029300054,1.0,0.0002849288244972826
left,handcrafted,mlp,exp_20260724,2,6,27,504,96,0.06789287499850616,0.9895833333333333,0.9895822029300054,1.0,0.00010472764556787967
left,handcrafted,logistic,exp_20260724,2,8,29,552,96,0.011916165996808559,1.0,1.0,1.0,0.0
left,handcrafted,random_forest,exp_20260724,2,8,29,552,96,0.19795341699500568,1.0,1.0,1.0,0.0
left,handcrafted,rbf_svm,exp_20260724,2,8,29,552,96,0.007678791007492691,0.8958333333333333,0.8946906537955244,1.0,0.0018299466731094749
left,handcrafted,hist_gradient_boosting,exp_20260724,2,8,29,552,96,3.0334217500058003,1.0,1.0,1.0,0.0
left,handcrafted,mlp,exp_20260724,2,8,29,552,96,0.09055475000059232,0.9895833333333333,0.9895822029300054,1.0,0.00010472764556787967
left,handcrafted,logistic,exp_20260727,0,2,13,240,96,0.011282833002042025,0.8388888888888889,0.8272604588394061,0.912037037037037,0.0020230091833135433
left,handcrafted,random_forest,exp_20260727,0,2,13,240,96,0.15306720900116488,0.6277777777777778,0.6214084507042253,0.9030092592592592,0.004884582589413458
left,handcrafted,rbf_svm,exp_20260727,0,2,13,240,96,0.006075750017771497,0.9083333333333333,0.8832762241627059,0.8907407407407407,0.0011531329232175437
left,handcrafted,hist_gradient_boosting,exp_20260727,0,2,13,240,96,0.6311747079889756,0.625,0.6220985475770326,0.8990740740740741,0.004926256099807414
left,handcrafted,mlp,exp_20260727,0,2,13,240,96,0.04352154198568314,0.925,0.9039039039039038,0.9583333333333334,0.0008730975026837629
left,handcrafted,logistic,exp_20260727,0,4,25,480,96,0.012353250000160187,0.9083333333333333,0.8832762241627059,0.9495370370370371,0.0011531329232175437
left,handcrafted,random_forest,exp_20260727,0,4,25,480,96,0.17655025000567548,0.9333333333333333,0.9142857142857144,0.8990740740740741,0.000788254753615264
left,handcrafted,rbf_svm,exp_20260727,0,4,25,480,96,0.009388292004587129,0.9083333333333333,0.8832762241627059,0.8833333333333334,0.0011531329232175437
left,handcrafted,hist_gradient_boosting,exp_20260727,0,4,25,480,96,2.232004582998343,0.9194444444444445,0.9032149658339867,0.9083333333333333,0.0009429641160142613
left,handcrafted,mlp,exp_20260727,0,4,25,480,96,0.07732516698888503,0.9166666666666667,0.893569844789357,0.962037037037037,0.0009936958520079032
left,handcrafted,logistic,exp_20260727,0,6,28,540,96,0.03432999999495223,0.8944444444444444,0.8722838137472284,0.9532407407407407,0.0012960594841209478
left,handcrafted,random_forest,exp_20260727,0,6,28,540,96,0.21819737501209602,0.9333333333333333,0.9142857142857144,0.9099537037037038,0.000788254753615264
left,handcrafted,rbf_svm,exp_20260727,0,6,28,540,96,0.008339874999364838,0.9166666666666667,0.893569844789357,0.8958333333333334,0.0009936958520079032
left,handcrafted,hist_gradient_boosting,exp_20260727,0,6,28,540,96,2.733884292014409,0.9055555555555556,0.8920377867746289,0.9055555555555556,0.0010974611357244806
left,handcrafted,mlp,exp_20260727,0,6,28,540,96,0.062090624996926636,0.9166666666666667,0.893569844789357,0.9662037037037037,0.0009936958520079032
left,handcrafted,logistic,exp_20260727,0,8,30,588,96,0.012854125001467764,0.9083333333333333,0.8832762241627059,0.9518518518518518,0.0011531329232175437
left,handcrafted,random_forest,exp_20260727,0,8,30,588,96,0.19541008298983797,0.9333333333333333,0.9142857142857144,0.899537037037037,0.000788254753615264
left,handcrafted,rbf_svm,exp_20260727,0,8,30,588,96,0.009373000008054078,0.9166666666666667,0.893569844789357,0.8703703703703703,0.0009936958520079032
left,handcrafted,hist_gradient_boosting,exp_20260727,0,8,30,588,96,2.847250416991301,0.9333333333333333,0.9142857142857144,0.8935185185185186,0.000788254753615264
left,handcrafted,mlp,exp_20260727,0,8,30,588,96,0.053035707998787984,0.9083333333333333,0.8832762241627059,0.9625,0.0011531329232175437
left,handcrafted,logistic,exp_20260727,0,10,40,792,96,0.013060375000350177,0.9333333333333333,0.9142857142857144,0.9578703703703704,0.000788254753615264
left,handcrafted,random_forest,exp_20260727,0,10,40,792,96,0.19359770801384002,0.9333333333333333,0.9142857142857144,0.9145833333333333,0.000788254753615264
left,handcrafted,rbf_svm,exp_20260727,0,10,40,792,96,0.01097404200118035,0.9333333333333333,0.9142857142857144,0.9273148148148148,0.000788254753615264
left,handcrafted,hist_gradient_boosting,exp_20260727,0,10,40,792,96,3.3850323329970706,0.9333333333333333,0.9142857142857144,0.9120370370370371,0.000788254753615264
left,handcrafted,mlp,exp_20260727,0,10,40,792,96,0.07793741600471549,0.9333333333333333,0.9142857142857144,0.9685185185185186,0.000788254753615264
left,handcrafted,logistic,exp_20260727,1,2,12,228,96,0.010783208010252565,0.9194444444444445,0.9032149658339867,0.9564814814814815,0.000931181314518668
left,handcrafted,random_forest,exp_20260727,1,2,12,228,96,0.1725019580044318,0.8916666666666666,0.8807453416149068,0.9502314814814815,0.0014118118313548656
left,handcrafted,rbf_svm,exp_20260727,1,2,12,228,96,0.005683334020432085,0.9333333333333333,0.9142857142857144,0.9606481481481481,0.000788254753615264
left,handcrafted,hist_gradient_boosting,exp_20260727,1,2,12,228,96,0.6897934169974178,0.7749999999999999,0.7822089552238806,0.9342592592592593,0.0028412415874224895
left,handcrafted,mlp,exp_20260727,1,2,12,228,96,0.03594512501149438,0.925,0.9039039039039038,0.9527777777777778,0.0008730975026837629
left,handcrafted,logistic,exp_20260727,1,4,14,276,96,0.010559125017607585,0.9333333333333333,0.9142857142857144,0.9592592592592593,0.000788254753615264
left,handcrafted,random_forest,exp_20260727,1,4,14,276,96,0.17990595797891729,0.9055555555555556,0.8920377867746289,0.9606481481481481,0.0010780729765464884
left,handcrafted,rbf_svm,exp_20260727,1,4,14,276,96,0.005929166014539078,0.9333333333333333,0.9142857142857144,0.9541666666666667,0.000788254753615264
left,handcrafted,hist_gradient_boosting,exp_20260727,1,4,14,276,96,1.5761434579908382,0.8999999999999999,0.8911070780399275,0.9268518518518519,0.0011458770871171824
left,handcrafted,mlp,exp_20260727,1,4,14,276,96,0.04787112498888746,0.925,0.9039039039039038,0.9611111111111111,0.0008730975026837629
left,handcrafted,logistic,exp_20260727,1,6,25,492,96,0.01230962498812005,0.9333333333333333,0.9142857142857144,0.9606481481481481,0.000788254753615264
left,handcrafted,random_forest,exp_20260727,1,6,25,492,96,0.17726420902181417,0.9333333333333333,0.9142857142857144,0.9611111111111111,0.000788254753615264
left,handcrafted,rbf_svm,exp_20260727,1,6,25,492,96,0.0071997090126387775,0.9333333333333333,0.9142857142857144,0.9518518518518518,0.000788254753615264
left,handcrafted,hist_gradient_boosting,exp_20260727,1,6,25,492,96,2.7558334170025773,0.8861111111111111,0.8796581196581197,0.9342592592592592,0.001297907235239972
left,handcrafted,mlp,exp_20260727,1,6,25,492,96,0.053758750000270084,0.9166666666666667,0.893569844789357,0.9601851851851853,0.0009936958520079032
left,handcrafted,logistic,exp_20260727,1,8,32,636,96,0.012396833015372977,0.9333333333333333,0.9142857142857144,0.9555555555555556,0.000788254753615264
left,handcrafted,random_forest,exp_20260727,1,8,32,636,96,0.19980533298803493,0.9333333333333333,0.9142857142857144,0.938425925925926,0.000788254753615264
left,handcrafted,rbf_svm,exp_20260727,1,8,32,636,96,0.008885916002327576,0.9333333333333333,0.9142857142857144,0.9337962962962963,0.000788254753615264
left,handcrafted,hist_gradient_boosting,exp_20260727,1,8,32,636,96,3.330165291990852,0.9194444444444445,0.9032149658339867,0.9375,0.000931181314518668
left,handcrafted,mlp,exp_20260727,1,8,32,636,96,0.06362541700946167,0.9166666666666667,0.893569844789357,0.9634259259259259,0.0009936958520079032
left,handcrafted,logistic,exp_20260727,2,2,3,60,96,0.008879875007551163,0.9333333333333333,0.9142857142857144,0.9555555555555556,0.000788254753615264
left,handcrafted,random_forest,exp_20260727,2,2,3,60,96,0.17127912500291131,0.9333333333333333,0.9142857142857144,0.9428240740740741,0.000788254753615264
left,handcrafted,rbf_svm,exp_20260727,2,2,3,60,96,0.005019000003812835,0.9194444444444445,0.9032149658339867,0.9495370370370371,0.000931181314518668
left,handcrafted,hist_gradient_boosting,exp_20260727,2,2,3,60,96,0.07910562498727813,0.925,0.9039039039039038,0.9249999999999999,0.0008730975026837629
left,handcrafted,mlp,exp_20260727,2,2,3,60,96,0.03019695801776834,0.7333333333333334,0.6643356643356644,0.9481481481481482,0.005231849527725687
left,handcrafted,logistic,exp_20260727,2,4,15,288,96,0.011796334001701325,0.9194444444444445,0.9032149658339867,0.9532407407407408,0.000931181314518668
left,handcrafted,random_forest,exp_20260727,2,4,15,288,96,0.1693974999943748,0.9277777777777778,0.9136302294197032,0.9671296296296297,0.0008451821769356736
left,handcrafted,rbf_svm,exp_20260727,2,4,15,288,96,0.0068511670106090605,0.9333333333333333,0.9142857142857144,0.9495370370370371,0.000788254753615264
left,handcrafted,hist_gradient_boosting,exp_20260727,2,4,15,288,96,1.394199166999897,0.8999999999999999,0.8911070780399275,0.9162037037037036,0.001144103987086284
left,handcrafted,mlp,exp_20260727,2,4,15,288,96,0.04274829200585373,0.9166666666666667,0.893569844789357,0.9592592592592593,0.0009936958520079032
left,handcrafted,logistic,exp_20260727,2,6,20,408,96,0.010214040987193584,0.9194444444444445,0.9032149658339867,0.9560185185185186,0.000931181314518668
left,handcrafted,random_forest,exp_20260727,2,6,20,408,96,0.18901087500853464,0.9138888888888889,0.9024280067758328,0.95625,0.0009920738389634942
left,handcrafted,rbf_svm,exp_20260727,2,6,20,408,96,0.008018958993488923,0.9333333333333333,0.9142857142857144,0.9546296296296297,0.000788254753615264
left,handcrafted,hist_gradient_boosting,exp_20260727,2,6,20,408,96,2.136604166997131,0.8999999999999999,0.8911070780399275,0.9416666666666667,0.001144103987086284
left,handcrafted,mlp,exp_20260727,2,6,20,408,96,0.0589320000144653,0.925,0.9039039039039038,0.9638888888888889,0.0008730975026837629
left,handcrafted,logistic,exp_20260727,2,8,27,552,96,0.012136542005464435,0.9194444444444445,0.9032149658339867,0.9550925925925926,0.000931181314518668
left,handcrafted,random_forest,exp_20260727,2,8,27,552,96,0.19735770899569616,0.9333333333333333,0.9142857142857144,0.94375,0.000788254753615264
left,handcrafted,rbf_svm,exp_20260727,2,8,27,552,96,0.007567207998363301,0.9333333333333333,0.9142857142857144,0.9486111111111111,0.000788254753615264
left,handcrafted,hist_gradient_boosting,exp_20260727,2,8,27,552,96,3.0032065840205178,0.9194444444444445,0.9032149658339867,0.9458333333333333,0.000931181314518668
left,handcrafted,mlp,exp_20260727,2,8,27,552,96,0.07930937499622814,0.9333333333333333,0.9142857142857144,0.9685185185185186,0.000788254753615264
left,handcrafted,logistic,exp_20260728,0,2,5,120,120,0.009479375003138557,0.9652777777777778,0.9572619132416839,0.9638310185185186,0.00039383945755213875
left,handcrafted,random_forest,exp_20260728,0,2,5,120,120,0.1574957090197131,0.8715277777777778,0.8766157461809636,0.9529803240740741,0.001580568904981361
left,handcrafted,rbf_svm,exp_20260728,0,2,5,120,120,0.0052353329956531525,0.8402777777777778,0.848202991293995,0.9539930555555556,0.002166178331495537
left,handcrafted,hist_gradient_boosting,exp_20260728,0,2,5,120,120,0.20571179199032485,0.8506944444444444,0.8577777777777778,0.8506944444444445,0.0019175849033247435
left,handcrafted,mlp,exp_20260728,0,2,5,120,120,0.030620874982560053,0.9513888888888888,0.9404719722202537,0.9661458333333334,0.0005658650804178822
left,handcrafted,logistic,exp_20260728,0,4,7,168,120,0.00893683297908865,0.9652777777777778,0.9572619132416839,0.9644097222222222,0.00039383945755213875
left,handcrafted,random_forest,exp_20260728,0,4,7,168,120,0.17713629198260605,0.9652777777777778,0.9572619132416839,0.9558738425925926,0.00039383945755213875
left,handcrafted,rbf_svm,exp_20260728,0,4,7,168,120,0.0060794579912908375,0.8611111111111112,0.8672468471126189,0.9534143518518519,0.0018908292918871068
left,handcrafted,hist_gradient_boosting,exp_20260728,0,4,7,168,120,0.5041580840188544,0.9652777777777778,0.9572619132416839,0.9563078703703705,0.00039383945755213875
left,handcrafted,mlp,exp_20260728,0,4,7,168,120,0.04435658300644718,0.9513888888888888,0.9404719722202537,0.9667245370370371,0.0005658650804178822
left,handcrafted,logistic,exp_20260728,0,6,15,324,120,0.010518875002162531,0.9444444444444444,0.9398237696110037,0.9589120370370371,0.0006040486398418247
left,handcrafted,random_forest,exp_20260728,0,6,15,324,120,0.18250912500661798,0.9652777777777778,0.9572619132416839,0.9649884259259259,0.00039383945755213875
left,handcrafted,rbf_svm,exp_20260728,0,6,15,324,120,0.0062448339886032045,0.9652777777777778,0.9572619132416839,0.9649884259259259,0.00039383945755213875
left,handcrafted,hist_gradient_boosting,exp_20260728,0,6,15,324,120,1.4776744590199087,0.9548611111111112,0.9485714285714286,0.9539930555555556,0.0004989227422209062
left,handcrafted,mlp,exp_20260728,0,6,15,324,120,0.03868816699832678,0.9513888888888888,0.9404719722202537,0.9667245370370371,0.0005658650804178822
left,handcrafted,logistic,exp_20260728,0,8,27,540,120,0.012475083000026643,0.9444444444444444,0.9398237696110037,0.9545717592592593,0.0006040486398418247
left,handcrafted,random_forest,exp_20260728,0,8,27,540,120,0.19429016701178625,0.9548611111111112,0.9485714285714286,0.9628182870370371,0.0004989653551730573
left,handcrafted,rbf_svm,exp_20260728,0,8,27,540,120,0.008376540994504467,0.9652777777777778,0.9572619132416839,0.9745370370370371,0.00039383945755213875
left,handcrafted,hist_gradient_boosting,exp_20260728,0,8,27,540,120,3.1530742089962587,0.9652777777777778,0.9572619132416839,0.9479166666666667,0.00039383945755213875
left,handcrafted,mlp,exp_20260728,0,8,27,540,120,0.07731929101282731,0.9652777777777778,0.9572619132416839,0.9586226851851852,0.00039383945755213875
left,handcrafted,logistic,exp_20260728,0,10,39,768,120,0.014202249993104488,0.9340277777777778,0.9310146593848807,0.9537037037037037,0.0007086729802673513
left,handcrafted,random_forest,exp_20260728,0,10,39,768,120,0.19572270900243893,0.9548611111111112,0.9485714285714286,0.955005787037037,0.0004989653551730573
left,handcrafted,rbf_svm,exp_20260728,0,10,39,768,120,0.010688124981243163,0.9652777777777778,0.9572619132416839,0.9733796296296297,0.00039383945755213875
left,handcrafted,hist_gradient_boosting,exp_20260728,0,10,39,768,120,3.9365060420241207,0.9548611111111112,0.9485714285714286,0.9525462962962963,0.0004989653551730573
left,handcrafted,mlp,exp_20260728,0,10,39,768,120,0.08261179199325852,0.9652777777777778,0.9572619132416839,0.9583333333333334,0.00039383945755213875
left,handcrafted,logistic,exp_20260728,1,2,10,204,120,0.010981707979226485,0.9027777777777778,0.9041742286751361,0.955150462962963,0.0011316026337937456
left,handcrafted,random_forest,exp_20260728,1,2,10,204,120,0.17081375000998378,0.8402777777777778,0.848202991293995,0.955150462962963,0.0020661484298672597
left,handcrafted,rbf_svm,exp_20260728,1,2,10,204,120,0.005300541000906378,0.8923611111111112,0.8950743223549986,0.9508101851851852,0.0012376104362666705
left,handcrafted,hist_gradient_boosting,exp_20260728,1,2,10,204,120,0.2236782500112895,0.8506944444444444,0.8577777777777778,0.8506944444444445,0.0019175849033247435
left,handcrafted,mlp,exp_20260728,1,2,10,204,120,0.030889332992956042,0.9583333333333333,0.948849104859335,0.9675925925925927,0.0004908741424368117
left,handcrafted,logistic,exp_20260728,1,4,17,348,120,0.009481541987042874,0.9444444444444444,0.9398237696110037,0.959201388888889,0.0006040486398418247
left,handcrafted,random_forest,exp_20260728,1,4,17,348,120,0.17917579200002365,0.9444444444444444,0.9398237696110037,0.9541377314814814,0.0006035896955985838
left,handcrafted,rbf_svm,exp_20260728,1,4,17,348,120,0.0059639169776346534,0.9548611111111112,0.9485714285714286,0.9612268518518519,0.0004989653551730573
left,handcrafted,hist_gradient_boosting,exp_20260728,1,4,17,348,120,1.927098540996667,0.9131944444444444,0.9131944444444444,0.9583333333333334,0.0009724810143096463
left,handcrafted,mlp,exp_20260728,1,4,17,348,120,0.06297870798152871,0.9652777777777778,0.9572619132416839,0.9664351851851852,0.00039383945755213875
left,handcrafted,logistic,exp_20260728,1,6,23,468,120,0.010902667010668665,0.9444444444444444,0.9398237696110037,0.9623842592592593,0.0006040486398418247
left,handcrafted,random_forest,exp_20260728,1,6,23,468,120,0.1719470419920981,0.9340277777777778,0.9310146593848807,0.9529803240740741,0.0008190194719020502
left,handcrafted,rbf_svm,exp_20260728,1,6,23,468,120,0.006863457994768396,0.9548611111111112,0.9485714285714286,0.9641203703703703,0.0004989653551730573
left,handcrafted,hist_gradient_boosting,exp_20260728,1,6,23,468,120,3.3177952079859097,0.8923611111111112,0.8950743223549986,0.9534143518518519,0.001733688467891993
left,handcrafted,mlp,exp_20260728,1,6,23,468,120,0.05979900000966154,0.9652777777777778,0.9572619132416839,0.967013888888889,0.00039383945755213875
left,handcrafted,logistic,exp_20260728,1,8,31,612,120,0.01353595798718743,0.9340277777777778,0.9310146593848807,0.9542824074074074,0.0007086729802673513
left,handcrafted,random_forest,exp_20260728,1,8,31,612,120,0.1974229580082465,0.9652777777777778,0.9572619132416839,0.9563078703703703,0.00039383945755213875
left,handcrafted,rbf_svm,exp_20260728,1,8,31,612,120,0.010033375001512468,0.9652777777777778,0.9572619132416839,0.9777199074074074,0.00039383945755213875
left,handcrafted,hist_gradient_boosting,exp_20260728,1,8,31,612,120,3.4108741249947343,0.9444444444444444,0.9398237696110037,0.9479166666666667,0.0007394538832199773
left,handcrafted,mlp,exp_20260728,1,8,31,612,120,0.09911395798553713,0.9652777777777778,0.9572619132416839,0.9589120370370371,0.00039383945755213875
left,handcrafted,logistic,exp_20260728,2,2,11,216,120,0.010828041995409876,0.9548611111111112,0.9485714285714286,0.9615162037037037,0.0004989653551730573
left,handcrafted,random_forest,exp_20260728,2,2,11,216,120,0.1539794999989681,0.8506944444444444,0.8577777777777778,0.9444444444444444,0.0019175849033247435
left,handcrafted,rbf_svm,exp_20260728,2,2,11,216,120,0.006522291980218142,0.9444444444444444,0.9398237696110037,0.9487847222222222,0.0007948200095162915
left,handcrafted,hist_gradient_boosting,exp_20260728,2,2,11,216,120,0.5351284999924246,0.7673611111111112,0.7777091694967582,0.9369212962962963,0.003938122401655815
left,handcrafted,mlp,exp_20260728,2,2,11,216,120,0.04663345799781382,0.9652777777777778,0.9572619132416839,0.9603587962962963,0.00039383945755213875
left,handcrafted,logistic,exp_20260728,2,4,13,264,120,0.01088320801500231,0.9548611111111112,0.9485714285714286,0.9580439814814815,0.0004989653551730573
left,handcrafted,random_forest,exp_20260728,2,4,13,264,120,0.19125966599676758,0.9131944444444444,0.9131944444444444,0.9486400462962963,0.0011782897885691467
left,handcrafted,rbf_svm,exp_20260728,2,4,13,264,120,0.00663079199148342,0.9131944444444444,0.9131944444444444,0.9505208333333334,0.0012652153438184677
left,handcrafted,hist_gradient_boosting,exp_20260728,2,4,13,264,120,1.3350553330092225,0.7465277777777778,0.7562500000000001,0.9441550925925927,0.004392097286844588
left,handcrafted,mlp,exp_20260728,2,4,13,264,120,0.03757016602321528,0.9652777777777778,0.9572619132416839,0.9620949074074074,0.00039383945755213875
left,handcrafted,logistic,exp_20260728,2,6,21,408,120,0.01125520799541846,0.9548611111111112,0.9485714285714286,0.959201388888889,0.0004989653551730573
left,handcrafted,random_forest,exp_20260728,2,6,21,408,120,0.2180858750070911,0.8506944444444444,0.8577777777777778,0.955005787037037,0.0019175849033247435
left,handcrafted,rbf_svm,exp_20260728,2,6,21,408,120,0.0072753749846015126,0.9652777777777778,0.9572619132416839,0.9534143518518519,0.00039383945755213875
left,handcrafted,hist_gradient_boosting,exp_20260728,2,6,21,408,120,2.4000875419878867,0.7673611111111112,0.7777091694967582,0.9519675925925927,0.0038403899559704482
left,handcrafted,mlp,exp_20260728,2,6,21,408,120,0.0546764169994276,0.9652777777777778,0.9572619132416839,0.9606481481481481,0.00039383945755213875
left,handcrafted,logistic,exp_20260728,2,8,29,552,120,0.01212104200385511,0.9340277777777778,0.9310146593848807,0.9571759259259259,0.0007197745027707637
left,handcrafted,random_forest,exp_20260728,2,8,29,552,120,0.2006543749885168,0.9027777777777778,0.9041742286751361,0.9571759259259259,0.0012308049899728809
left,handcrafted,rbf_svm,exp_20260728,2,8,29,552,120,0.00878129099146463,0.9652777777777778,0.9572619132416839,0.9701967592592593,0.00039383945755213875
left,handcrafted,hist_gradient_boosting,exp_20260728,2,8,29,552,120,3.031919500004733,0.7673611111111112,0.7777091694967582,0.9458912037037037,0.0038321202205580393
left,handcrafted,mlp,exp_20260728,2,8,29,552,120,0.06767166699864902,0.9652777777777778,0.9572619132416839,0.9589120370370371,0.00039383945755213875
left,handcrafted,logistic,exp_20260729,0,2,8,144,120,0.010536749992752448,0.9166666666666667,0.898989898989899,0.9496527777777777,0.0016919384254390824
left,handcrafted,random_forest,exp_20260729,0,2,8,144,120,0.16776474998914637,0.9375,0.9238095238095239,0.9416956018518519,0.0014014032742416832
left,handcrafted,rbf_svm,exp_20260729,0,2,8,144,120,0.0054022079857531935,0.9305555555555556,0.9155167558434244,0.9299768518518519,0.0015251326206994994
left,handcrafted,hist_gradient_boosting,exp_20260729,0,2,8,144,120,0.5485889170086011,0.9375,0.9238095238095239,0.9234664351851852,0.0014014032742416832
left,handcrafted,mlp,exp_20260729,0,2,8,144,120,0.02656129200477153,0.5138888888888888,0.3161836535330511,0.9375,0.01776248188749012
left,handcrafted,logistic,exp_20260729,0,4,11,204,120,0.010988958994857967,0.9375,0.9238095238095239,0.9476273148148148,0.0014014032742416832
left,handcrafted,random_forest,exp_20260729,0,4,11,204,120,0.17844575000344776,0.9375,0.9238095238095239,0.9440104166666666,0.0014014032742416832
left,handcrafted,rbf_svm,exp_20260729,0,4,11,204,120,0.0059817500005010515,0.9305555555555556,0.9155167558434244,0.9542824074074074,0.0015251326206994994
left,handcrafted,hist_gradient_boosting,exp_20260729,0,4,11,204,120,1.0888371669861954,0.9305555555555556,0.9155167558434244,0.9544270833333333,0.0014739197178314817
left,handcrafted,mlp,exp_20260729,0,4,11,204,120,0.05747537498245947,0.9236111111111112,0.9072447473824748,0.9383680555555555,0.0015996504918927507
left,handcrafted,logistic,exp_20260729,0,6,23,432,120,0.012982208019820973,0.9375,0.9238095238095239,0.947048611111111,0.0014014032742416832
left,handcrafted,random_forest,exp_20260729,0,6,23,432,120,0.20199291699100286,0.9270833333333333,0.9151583710407241,0.9402488425925926,0.0015065308641691213
left,handcrafted,rbf_svm,exp_20260729,0,6,23,432,120,0.008017625019419938,0.9305555555555556,0.9155167558434244,0.9574652777777778,0.0015251326206994994
left,handcrafted,hist_gradient_boosting,exp_20260729,0,6,23,432,120,2.904031832993496,0.9027777777777777,0.8971428571428571,0.9493634259259259,0.0020277980741512996
left,handcrafted,mlp,exp_20260729,0,6,23,432,120,0.06899662499199621,0.9305555555555556,0.9155167558434244,0.9395254629629629,0.0015251326206994994
left,handcrafted,logistic,exp_20260729,0,8,33,648,120,0.013951000000815839,0.9375,0.9238095238095239,0.9484953703703703,0.0014014032742416832
left,handcrafted,random_forest,exp_20260729,0,8,33,648,120,0.21028995799133554,0.9375,0.9238095238095239,0.9314236111111113,0.0014014032742416832
left,handcrafted,rbf_svm,exp_20260729,0,8,33,648,120,0.013021708000451326,0.9375,0.9238095238095239,0.9623842592592593,0.0014014032742416832
left,handcrafted,hist_gradient_boosting,exp_20260729,0,8,33,648,120,4.767159582988825,0.9375,0.9238095238095239,0.9288194444444444,0.0014014032742416832
left,handcrafted,mlp,exp_20260729,0,8,33,648,120,0.08137791699846275,0.9305555555555556,0.9155167558434244,0.9409722222222222,0.0015251326206994994
left,handcrafted,logistic,exp_20260729,0,10,39,768,120,0.011248958995565772,0.9444444444444444,0.9321266968325792,0.943287037037037,0.0013012106282449855
left,handcrafted,random_forest,exp_20260729,0,10,39,768,120,0.20373300000210293,0.9375,0.9238095238095239,0.9269386574074074,0.0014014032742416832
left,handcrafted,rbf_svm,exp_20260729,0,10,39,768,120,0.010268375015584752,0.9375,0.9238095238095239,0.9618055555555556,0.0014014032742416832
left,handcrafted,hist_gradient_boosting,exp_20260729,0,10,39,768,120,4.403776416002074,0.9375,0.9238095238095239,0.9369212962962963,0.0014014032742416832
left,handcrafted,mlp,exp_20260729,0,10,39,768,120,0.08254375000251457,0.9375,0.9238095238095239,0.943287037037037,0.0014014032742416832
left,handcrafted,logistic,exp_20260729,1,2,3,60,120,0.00960958399809897,0.9305555555555556,0.9155167558434244,0.9250578703703703,0.0015251326206994994
left,handcrafted,random_forest,exp_20260729,1,2,3,60,120,0.4180857090104837,0.9375,0.9238095238095239,0.9383680555555556,0.0014014032742416832
left,handcrafted,rbf_svm,exp_20260729,1,2,3,60,120,0.020951167010935023,0.9305555555555556,0.9155167558434244,0.9534143518518519,0.0015251326206994994
left,handcrafted,hist_gradient_boosting,exp_20260729,1,2,3,60,120,0.1817658340150956,0.9375,0.9238095238095239,0.9375,0.0014014032742416832
left,handcrafted,mlp,exp_20260729,1,2,3,60,120,0.03414437500759959,0.7569444444444444,0.7058617550248617,0.9239004629629629,0.005461729446595536
left,handcrafted,logistic,exp_20260729,1,4,9,180,120,0.009660291980253533,0.9236111111111112,0.9147485080988917,0.923611111111111,0.001512245295424508
left,handcrafted,random_forest,exp_20260729,1,4,9,180,120,0.21497395797632635,0.9166666666666666,0.9137683242311009,0.9460358796296297,0.0015290323504970802
left,handcrafted,rbf_svm,exp_20260729,1,4,9,180,120,0.006219292001333088,0.9270833333333333,0.9151583710407241,0.9513888888888888,0.0016601669749545733
left,handcrafted,hist_gradient_boosting,exp_20260729,1,4,9,180,120,0.7438754589820746,0.7951388888888888,0.8026315789473684,0.9293981481481481,0.004199294780541589
left,handcrafted,mlp,exp_20260729,1,4,9,180,120,0.032845333975274116,0.9097222222222222,0.8907486518663772,0.9233217592592593,0.0019110439458174837
left,handcrafted,logistic,exp_20260729,1,6,21,420,120,0.012539332994492725,0.9444444444444444,0.9321266968325792,0.9343171296296295,0.0013012106282449855
left,handcrafted,random_forest,exp_20260729,1,6,21,420,120,0.1878152080171276,0.9375,0.9238095238095239,0.9428530092592592,0.0014014032742416832
left,handcrafted,rbf_svm,exp_20260729,1,6,21,420,120,0.008337250008480623,0.9375,0.9238095238095239,0.9661458333333334,0.0014014032742416832
left,handcrafted,hist_gradient_boosting,exp_20260729,1,6,21,420,120,2.953791000007186,0.9375,0.9238095238095239,0.9351851851851852,0.0014014032742416832
left,handcrafted,mlp,exp_20260729,1,6,21,420,120,0.1941317919990979,0.9305555555555556,0.9155167558434244,0.9366319444444444,0.0015251326206994994
left,handcrafted,logistic,exp_20260729,1,8,28,552,120,0.017045082990080118,0.9444444444444444,0.9321266968325792,0.9357638888888888,0.0013012106282449855
left,handcrafted,random_forest,exp_20260729,1,8,28,552,120,0.18431187499663793,0.9375,0.9238095238095239,0.93359375,0.0014014032742416832
left,handcrafted,rbf_svm,exp_20260729,1,8,28,552,120,0.009821165993344039,0.9375,0.9238095238095239,0.9626736111111112,0.0014014032742416832
left,handcrafted,hist_gradient_boosting,exp_20260729,1,8,28,552,120,3.4470648750138935,0.90625,0.8976982097186701,0.9366319444444444,0.0021702720923737263
left,handcrafted,mlp,exp_20260729,1,8,28,552,120,0.0866805829864461,0.9375,0.9238095238095239,0.9450231481481481,0.0014014032742416832
left,handcrafted,logistic,exp_20260729,2,2,13,240,120,0.011152332997880876,0.9375,0.9238095238095239,0.9244791666666666,0.0014014032742416832
left,handcrafted,random_forest,exp_20260729,2,2,13,240,120,0.1930492499959655,0.9375,0.9238095238095239,0.9285300925925926,0.0014014032742416832
left,handcrafted,rbf_svm,exp_20260729,2,2,13,240,120,0.010576250002486631,0.9305555555555556,0.9155167558434244,0.9346064814814815,0.0015251326206994994
left,handcrafted,hist_gradient_boosting,exp_20260729,2,2,13,240,120,1.5174331669986714,0.9375,0.9238095238095239,0.9321469907407407,0.0014014032742416832
left,handcrafted,mlp,exp_20260729,2,2,13,240,120,0.05605258300784044,0.9305555555555556,0.9155167558434244,0.9360532407407407,0.0015251326206994994
left,handcrafted,logistic,exp_20260729,2,4,18,360,120,0.013203917013015598,0.9375,0.9238095238095239,0.935474537037037,0.0014014032742416832
left,handcrafted,random_forest,exp_20260729,2,4,18,360,120,0.19835545899695717,0.9375,0.9238095238095239,0.9398148148148148,0.0014014032742416832
left,handcrafted,rbf_svm,exp_20260729,2,4,18,360,120,0.007037584000499919,0.9375,0.9238095238095239,0.9586226851851851,0.0014014032742416832
left,handcrafted,hist_gradient_boosting,exp_20260729,2,4,18,360,120,2.667283792019589,0.9166666666666667,0.906455956346113,0.9321469907407407,0.0017187140166496301
left,handcrafted,mlp,exp_20260729,2,4,18,360,120,0.04943658399861306,0.9305555555555556,0.9155167558434244,0.9317129629629629,0.0015251326206994994
left,handcrafted,logistic,exp_20260729,2,6,25,492,120,0.015184124989900738,0.9375,0.9238095238095239,0.9311342592592592,0.0014014032742416832
left,handcrafted,random_forest,exp_20260729,2,6,25,492,120,0.3219877920055296,0.9375,0.9238095238095239,0.9207175925925926,0.0014014032742416832
left,handcrafted,rbf_svm,exp_20260729,2,6,25,492,120,0.034308542002690956,0.9375,0.9238095238095239,0.9456018518518519,0.0014014032742416832
left,handcrafted,hist_gradient_boosting,exp_20260729,2,6,25,492,120,2.9903473339800257,0.9270833333333333,0.9151583710407241,0.9311342592592593,0.0016704141729606647
left,handcrafted,mlp,exp_20260729,2,6,25,492,120,0.05858112499117851,0.9305555555555556,0.9155167558434244,0.9366319444444444,0.0015251326206994994
left,handcrafted,logistic,exp_20260729,2,8,32,624,120,0.012604124989593402,0.9444444444444444,0.9321266968325792,0.9351851851851851,0.0013012106282449855
left,handcrafted,random_forest,exp_20260729,2,8,32,624,120,0.18950466701062396,0.9375,0.9238095238095239,0.9382233796296297,0.0014014032742416832
left,handcrafted,rbf_svm,exp_20260729,2,8,32,624,120,0.007938875001855195,0.9375,0.9238095238095239,0.9409722222222222,0.0014014032742416832
left,handcrafted,hist_gradient_boosting,exp_20260729,2,8,32,624,120,3.5740892499743495,0.90625,0.8976982097186701,0.9291087962962963,0.002032543702316224
left,handcrafted,mlp,exp_20260729,2,8,32,624,120,0.07569354199222289,0.9375,0.9238095238095239,0.9406828703703703,0.0014014032742416832
left,handcrafted,logistic,exp_20260730,0,2,7,132,120,0.009194083977490664,0.8888888888888888,0.8660714285714286,0.9114583333333334,0.0027711139859976355
left,handcrafted,random_forest,exp_20260730,0,2,7,132,120,0.16386091700405814,0.8472222222222222,0.8316498316498316,0.9204282407407407,0.0034307131799199745
left,handcrafted,rbf_svm,exp_20260730,0,2,7,132,120,0.007582916994579136,0.8784722222222222,0.8575319505552064,0.9007523148148148,0.0028793939203538114
left,handcrafted,hist_gradient_boosting,exp_20260730,0,2,7,132,120,0.4881059580075089,0.8194444444444444,0.8183260038930142,0.9172453703703703,0.003954106924770947
left,handcrafted,mlp,exp_20260730,0,2,7,132,120,0.028312834008829668,0.5,0.2857142857142857,0.8952546296296297,0.011782390996972588
left,handcrafted,logistic,exp_20260730,0,4,13,264,120,0.009847209003055468,0.8888888888888888,0.8660714285714286,0.9186921296296297,0.0027711139859976355
left,handcrafted,random_forest,exp_20260730,0,4,13,264,120,0.18978524999693036,0.8298611111111112,0.8275366484622018,0.9188368055555555,0.0036229819098892975
left,handcrafted,rbf_svm,exp_20260730,0,4,13,264,120,0.005361249990528449,0.8541666666666666,0.8397863818424566,0.9157986111111112,0.0029339691457281967
left,handcrafted,hist_gradient_boosting,exp_20260730,0,4,13,264,120,1.8888876249839086,0.8194444444444444,0.8183260038930142,0.9182581018518519,0.003954106924770947
left,handcrafted,mlp,exp_20260730,0,4,13,264,120,0.05118745900108479,0.5069444444444444,0.3011237798375851,0.9221643518518519,0.011694643638756958
left,handcrafted,logistic,exp_20260730,0,6,20,408,120,0.010693791991798207,0.8819444444444444,0.8578496272036792,0.9291087962962963,0.0030190336602429323
left,handcrafted,random_forest,exp_20260730,0,6,20,408,120,0.17218104097992182,0.8333333333333333,0.8222222222222222,0.9085648148148148,0.004148526173702092
left,handcrafted,rbf_svm,exp_20260730,0,6,20,408,120,0.006189957988681272,0.8819444444444444,0.8578496272036792,0.9129050925925926,0.0030190336602429323
left,handcrafted,hist_gradient_boosting,exp_20260730,0,6,20,408,120,2.8218955830088817,0.8333333333333333,0.8222222222222222,0.9008969907407407,0.0036037749974186474
left,handcrafted,mlp,exp_20260730,0,6,20,408,120,0.08796883400646038,0.5069444444444444,0.3011237798375851,0.9204282407407408,0.011694643638756958
left,handcrafted,logistic,exp_20260730,0,8,28,552,120,0.010055666993139312,0.8888888888888888,0.8660714285714286,0.9253472222222222,0.0027711139859976355
left,handcrafted,random_forest,exp_20260730,0,8,28,552,120,0.19175925001036376,0.8888888888888888,0.8660714285714286,0.9105902777777777,0.0027711139859976355
left,handcrafted,rbf_svm,exp_20260730,0,8,28,552,120,0.008445459010545164,0.8819444444444444,0.8578496272036792,0.9039351851851852,0.0030190336602429323
left,handcrafted,hist_gradient_boosting,exp_20260730,0,8,28,552,120,3.848005333013134,0.8368055555555556,0.822921790457452,0.9059606481481481,0.0037380732036559525
left,handcrafted,mlp,exp_20260730,0,8,28,552,120,0.0801635000098031,0.8819444444444444,0.8578496272036792,0.921875,0.0030190336602429323
left,handcrafted,logistic,exp_20260730,0,10,39,768,120,0.013534208992496133,0.8888888888888888,0.8660714285714286,0.9267939814814815,0.0027711139859976355
left,handcrafted,random_forest,exp_20260730,0,10,39,768,120,0.19147304102079943,0.8888888888888888,0.8660714285714286,0.8940972222222222,0.0027711139859976355
left,handcrafted,rbf_svm,exp_20260730,0,10,39,768,120,0.009312374982982874,0.8888888888888888,0.8660714285714286,0.8862847222222222,0.0027711139859976355
left,handcrafted,hist_gradient_boosting,exp_20260730,0,10,39,768,120,4.045796541991876,0.8680555555555556,0.848951048951049,0.9036458333333334,0.003044844061363808
left,handcrafted,mlp,exp_20260730,0,10,39,768,120,0.08676874998491257,0.8819444444444444,0.8578496272036792,0.9221643518518519,0.0030190336602429323
left,handcrafted,logistic,exp_20260730,1,2,9,192,120,0.009507625014521182,0.8333333333333333,0.8222222222222222,0.9062499999999999,0.0033806697976433565
left,handcrafted,random_forest,exp_20260730,1,2,9,192,120,0.15781745899585076,0.7361111111111112,0.7435897435897436,0.9063946759259259,0.006296365026718183
left,handcrafted,rbf_svm,exp_20260730,1,2,9,192,120,0.005514707998372614,0.8680555555555556,0.848951048951049,0.8501157407407407,0.002984012528004814
left,handcrafted,hist_gradient_boosting,exp_20260730,1,2,9,192,120,0.6440060419845395,0.7986111111111112,0.7996370235934664,0.8054108796296297,0.004622112948468442
left,handcrafted,mlp,exp_20260730,1,2,9,192,120,0.04393220800557174,0.5,0.2857142857142857,0.9114583333333333,0.011782390996972588
left,handcrafted,logistic,exp_20260730,1,4,11,240,120,0.010129709000466391,0.8055555555555556,0.7827903091060986,0.8912037037037037,0.004327054326175459
left,handcrafted,random_forest,exp_20260730,1,4,11,240,120,0.36173612499260344,0.8194444444444444,0.8124467178175618,0.8721064814814815,0.003961441026234644
left,handcrafted,rbf_svm,exp_20260730,1,4,11,240,120,0.023684625019086525,0.8784722222222222,0.8575319505552064,0.8998842592592593,0.0028793939203538114
left,handcrafted,hist_gradient_boosting,exp_20260730,1,4,11,240,120,0.667865499999607,0.7951388888888888,0.7930439781546421,0.8140914351851853,0.0049145977083597785
left,handcrafted,mlp,exp_20260730,1,4,11,240,120,0.03744454201660119,0.5,0.2857142857142857,0.8914930555555556,0.011782390996972588
left,handcrafted,logistic,exp_20260730,1,6,19,384,120,0.011092875007307157,0.8055555555555556,0.7827903091060986,0.9050925925925926,0.004327054326175459
left,handcrafted,random_forest,exp_20260730,1,6,19,384,120,0.1773138749995269,0.8298611111111112,0.8214159166607611,0.9076967592592593,0.0035919092886650206
left,handcrafted,rbf_svm,exp_20260730,1,6,19,384,120,0.006223999982466921,0.8784722222222222,0.8575319505552064,0.9019097222222223,0.0028793939203538114
left,handcrafted,hist_gradient_boosting,exp_20260730,1,6,19,384,120,1.9682960829813965,0.8229166666666667,0.819471308833011,0.7977430555555557,0.0041672832781466055
left,handcrafted,mlp,exp_20260730,1,6,19,384,120,0.08258695801487193,0.5138888888888888,0.3161836535330511,0.9210069444444444,0.011621361511133273
left,handcrafted,logistic,exp_20260730,1,8,31,624,120,0.011366499995347112,0.6944444444444444,0.6228571428571429,0.9192708333333333,0.00798381233619776
left,handcrafted,random_forest,exp_20260730,1,8,31,624,120,0.18966170799103566,0.8680555555555556,0.848951048951049,0.9061053240740742,0.002984012528004814
left,handcrafted,rbf_svm,exp_20260730,1,8,31,624,120,0.008578167005907744,0.8819444444444444,0.8578496272036792,0.8582175925925926,0.0030190336602429323
left,handcrafted,hist_gradient_boosting,exp_20260730,1,8,31,624,120,3.1470791659958195,0.8333333333333333,0.8222222222222222,0.8914930555555556,0.0034350920267730276
left,handcrafted,mlp,exp_20260730,1,8,31,624,120,0.0699549579876475,0.5069444444444444,0.3011237798375851,0.9244791666666666,0.011694643638756958
left,handcrafted,logistic,exp_20260730,2,2,13,228,120,0.011075667018303648,0.8888888888888888,0.8660714285714286,0.9033564814814814,0.0027711139859976355
left,handcrafted,random_forest,exp_20260730,2,2,13,228,120,0.15929829198285006,0.8888888888888888,0.8660714285714286,0.9071180555555556,0.0027711139859976355
left,handcrafted,rbf_svm,exp_20260730,2,2,13,228,120,0.005493333999766037,0.8819444444444444,0.8578496272036792,0.8912037037037037,0.0030190336602429323
left,handcrafted,hist_gradient_boosting,exp_20260730,2,2,13,228,120,0.5280588339956012,0.8333333333333333,0.8222222222222222,0.9074074074074074,0.0037437860652091187
left,handcrafted,mlp,exp_20260730,2,2,13,228,120,0.05511766698327847,0.8819444444444444,0.8578496272036792,0.9169560185185185,0.0030190336602429323
left,handcrafted,logistic,exp_20260730,2,4,16,288,120,0.01114304200746119,0.8888888888888888,0.8660714285714286,0.9056712962962963,0.0027711139859976355
left,handcrafted,random_forest,exp_20260730,2,4,16,288,120,0.16752124999766238,0.8888888888888888,0.8660714285714286,0.9026331018518519,0.0027711139859976355
left,handcrafted,rbf_svm,exp_20260730,2,4,16,288,120,0.005911249987548217,0.8819444444444444,0.8578496272036792,0.8938078703703705,0.0030190336602429323
left,handcrafted,hist_gradient_boosting,exp_20260730,2,4,16,288,120,1.5051423749828245,0.8402777777777778,0.8303167420814479,0.9247685185185185,0.0036317108699650317
left,handcrafted,mlp,exp_20260730,2,4,16,288,120,0.06950454198522493,0.8819444444444444,0.8578496272036792,0.9207175925925926,0.0030190336602429323
left,handcrafted,logistic,exp_20260730,2,6,23,432,120,0.011169042001711205,0.8888888888888888,0.8660714285714286,0.9241898148148149,0.0027711139859976355
left,handcrafted,random_forest,exp_20260730,2,6,23,432,120,0.17206941702170298,0.8784722222222222,0.8575319505552064,0.9088541666666667,0.0028757325936486383
left,handcrafted,rbf_svm,exp_20260730,2,6,23,432,120,0.006912041018949822,0.8819444444444444,0.8578496272036792,0.9048032407407407,0.0030190336602429323
left,handcrafted,hist_gradient_boosting,exp_20260730,2,6,23,432,120,2.521261042013066,0.8680555555555556,0.848951048951049,0.9019097222222222,0.003044844061363808
left,handcrafted,mlp,exp_20260730,2,6,23,432,120,0.10136841601342894,0.8680555555555556,0.841391304347826,0.9224537037037037,0.0033262397306865915
left,handcrafted,logistic,exp_20260730,2,8,33,648,120,0.032993624976370484,0.8819444444444444,0.8578496272036792,0.9250578703703703,0.0030190336602429323
left,handcrafted,random_forest,exp_20260730,2,8,33,648,120,0.32108925000648014,0.8888888888888888,0.8660714285714286,0.9116030092592593,0.0027711139859976355
left,handcrafted,rbf_svm,exp_20260730,2,8,33,648,120,0.010479415999725461,0.8819444444444444,0.8578496272036792,0.904224537037037,0.0030190336602429323
left,handcrafted,hist_gradient_boosting,exp_20260730,2,8,33,648,120,2.4921040420013014,0.8645833333333333,0.8484848484848485,0.9050925925925926,0.003048794411147311
left,handcrafted,mlp,exp_20260730,2,8,33,648,120,0.07854204199975356,0.8819444444444444,0.8578496272036792,0.921875,0.0030190336602429323
left,handcrafted,logistic,exp_20260731,0,2,5,120,120,0.009883958991849795,0.8154761904761905,0.7363758769754093,0.9365079365079365,0.004703171561622498
left,handcrafted,random_forest,exp_20260731,0,2,5,120,120,0.16868308300036006,0.8313492063492063,0.8447071003364679,0.933531746031746,0.0030624877574196886
left,handcrafted,rbf_svm,exp_20260731,0,2,5,120,120,0.004943000007187948,0.8630952380952381,0.8545454545454545,0.9166666666666666,0.0028842508170435193
left,handcrafted,hist_gradient_boosting,exp_20260731,0,2,5,120,120,0.22107450000476092,0.8293650793650793,0.8508522727272727,0.8293650793650793,0.003700656906922939
left,handcrafted,mlp,exp_20260731,0,2,5,120,120,0.035950499994214624,0.6547619047619048,0.5132867132867133,0.8154761904761905,0.008182233283967262
left,handcrafted,logistic,exp_20260731,0,4,17,360,120,0.010610999976051971,0.6329365079365079,0.506654588530416,0.8187830687830688,0.008464316939480758
left,handcrafted,random_forest,exp_20260731,0,4,17,360,120,0.1734753750206437,0.7738095238095238,0.8,0.9249338624338624,0.006801947534987215
left,handcrafted,rbf_svm,exp_20260731,0,4,17,360,120,0.007336500013479963,0.8650793650793651,0.8205741626794258,0.9537037037037037,0.003036709340390527
left,handcrafted,hist_gradient_boosting,exp_20260731,0,4,17,360,120,1.99496124999132,0.8333333333333333,0.838655462184874,0.9317129629629629,0.0034989813211795395
left,handcrafted,mlp,exp_20260731,0,4,17,360,120,0.03807866701390594,0.6607142857142857,0.5223130106851037,0.8452380952380952,0.008113735029243138
left,handcrafted,logistic,exp_20260731,0,6,23,480,120,0.01107049998245202,0.7182539682539683,0.6451703745423825,0.7837301587301587,0.0075786511033768
left,handcrafted,random_forest,exp_20260731,0,6,23,480,120,0.4495094170270022,0.7242063492063492,0.7523341523341524,0.9573412698412699,0.006914524406898286
left,handcrafted,rbf_svm,exp_20260731,0,6,23,480,120,0.015534708014456555,0.8849206349206349,0.8670465337132003,0.9543650793650793,0.002985373055934141
left,handcrafted,hist_gradient_boosting,exp_20260731,0,6,23,480,120,2.7043908330088016,0.748015873015873,0.7692096345819214,0.8912037037037037,0.00729806215394706
left,handcrafted,mlp,exp_20260731,0,6,23,480,120,0.0530625420215074,0.6607142857142857,0.5223130106851037,0.8564814814814814,0.008113735029243138
left,handcrafted,logistic,exp_20260731,0,8,31,636,120,0.01159275000100024,0.8511904761904763,0.8374631503465859,0.9136904761904763,0.002165255604297096
left,handcrafted,random_forest,exp_20260731,0,8,31,636,120,0.20699912498821504,0.8571428571428572,0.8746081504702194,0.9717261904761905,0.0052305380606172255
left,handcrafted,rbf_svm,exp_20260731,0,8,31,636,120,0.009507624985417351,0.9146825396825397,0.9114100565991305,0.9758597883597884,0.0022834403875096067
left,handcrafted,hist_gradient_boosting,exp_20260731,0,8,31,636,120,3.0760340410051867,0.8273809523809523,0.8299858321526794,0.9550264550264551,0.004544100025878191
left,handcrafted,mlp,exp_20260731,0,8,31,636,120,0.1446125420043245,0.9345238095238095,0.8987030926252781,0.9183201058201058,0.0009660283313129796
left,handcrafted,logistic,exp_20260731,0,10,38,768,120,0.036240207991795614,0.8650793650793651,0.8480531813865146,0.9037698412698413,0.0018600846137574165
left,handcrafted,random_forest,exp_20260731,0,10,38,768,120,0.2894991250068415,0.8511904761904762,0.8654128202916056,0.9723875661375662,0.00469640471608946
left,handcrafted,rbf_svm,exp_20260731,0,10,38,768,120,0.012326209020102397,0.9345238095238095,0.8987030926252781,0.9811507936507937,0.0009660283313129796
left,handcrafted,hist_gradient_boosting,exp_20260731,0,10,38,768,120,4.679726250004023,0.8015873015873016,0.8260239217107648,0.9695767195767195,0.005998696300323745
left,handcrafted,mlp,exp_20260731,0,10,38,768,120,0.11177816599956714,0.8988095238095237,0.8773488481798883,0.9206349206349207,0.0013935474966654147
left,handcrafted,logistic,exp_20260731,1,2,10,204,120,0.010215958027401939,0.876984126984127,0.865211810012837,0.9563492063492063,0.0017580831739431326
left,handcrafted,random_forest,exp_20260731,1,2,10,204,120,0.15735679198405705,0.7599206349206349,0.7864968630021538,0.9422949735449735,0.005676625941693611
left,handcrafted,rbf_svm,exp_20260731,1,2,10,204,120,0.004990417015505955,0.8134920634920635,0.8184873949579832,0.9242724867724867,0.003258793470667626
left,handcrafted,hist_gradient_boosting,exp_20260731,1,2,10,204,120,0.22406791700632311,0.7876984126984128,0.8131697041853649,0.7876984126984127,0.004913164411387791
left,handcrafted,mlp,exp_20260731,1,2,10,204,120,0.031024000025354326,0.6607142857142857,0.5223130106851037,0.7437169312169313,0.008113735029243138
left,handcrafted,logistic,exp_20260731,1,4,18,360,120,0.011468582990346476,0.8988095238095237,0.8773488481798883,0.9503968253968255,0.0015368964036399447
left,handcrafted,random_forest,exp_20260731,1,4,18,360,120,0.1803443340177182,0.873015873015873,0.8789915966386554,0.9621362433862435,0.002918871886588323
left,handcrafted,rbf_svm,exp_20260731,1,4,18,360,120,0.006549542013090104,0.8948412698412698,0.8618678535799248,0.9768518518518519,0.0015397682777859366
left,handcrafted,hist_gradient_boosting,exp_20260731,1,4,18,360,120,2.8258685000182595,0.8234126984126984,0.8417582417582418,0.9560185185185186,0.004326478038137232
left,handcrafted,mlp,exp_20260731,1,4,18,360,120,0.05197462500655092,0.8452380952380952,0.7757976430008624,0.9209656084656085,0.0037748266405288286
left,handcrafted,logistic,exp_20260731,1,6,25,504,120,0.012994500022614375,0.8809523809523809,0.8518061129978389,0.9143518518518519,0.0017896637167298382
left,handcrafted,random_forest,exp_20260731,1,6,25,504,120,0.20339162499294616,0.8809523809523809,0.8809523809523809,0.9748677248677249,0.0025507129590629585
left,handcrafted,rbf_svm,exp_20260731,1,6,25,504,120,0.0084837089816574,0.9226190476190477,0.8815939278937381,0.9788359788359788,0.001189186367548317
left,handcrafted,hist_gradient_boosting,exp_20260731,1,6,25,504,120,3.528007125016302,0.8273809523809523,0.8571297737888085,0.9571759259259259,0.0051474576878423155
left,handcrafted,mlp,exp_20260731,1,6,25,504,120,0.05537887499667704,0.8452380952380952,0.7757976430008624,0.919973544973545,0.0037748266405288286
left,handcrafted,logistic,exp_20260731,1,8,31,624,120,0.010116417019162327,0.878968253968254,0.8584794402075635,0.9110449735449735,0.0017158350985690437
left,handcrafted,random_forest,exp_20260731,1,8,31,624,120,0.1983663339924533,0.8591269841269842,0.8677854055428427,0.9722222222222221,0.004472314536023518
left,handcrafted,rbf_svm,exp_20260731,1,8,31,624,120,0.00988712499383837,0.9345238095238095,0.8987030926252781,0.9758597883597884,0.0009660283313129796
left,handcrafted,hist_gradient_boosting,exp_20260731,1,8,31,624,120,2.6270699159940705,0.8214285714285714,0.8477709314969192,0.9690806878306878,0.005261054539626385
left,handcrafted,mlp,exp_20260731,1,8,31,624,120,0.0668079589959234,0.9345238095238095,0.8987030926252781,0.9173280423280423,0.0009660283313129796
left,handcrafted,logistic,exp_20260731,2,2,6,132,120,0.009355999995023012,0.9206349206349207,0.8888545847483791,0.9477513227513228,0.0011060018191492052
left,handcrafted,random_forest,exp_20260731,2,2,6,132,120,0.16891070798737928,0.7321428571428572,0.7584124245038826,0.9494047619047619,0.006099706916676023
left,handcrafted,rbf_svm,exp_20260731,2,2,6,132,120,0.005022958997869864,0.8591269841269842,0.8677854055428427,0.957010582010582,0.0028177161243596194
left,handcrafted,hist_gradient_boosting,exp_20260731,2,2,6,132,120,0.21374949999153614,0.5138888888888888,0.4408201304753029,0.5138888888888888,0.013401969248668693
left,handcrafted,mlp,exp_20260731,2,2,6,132,120,0.03074979200027883,0.6547619047619048,0.5132867132867133,0.7642195767195767,0.008182233283967262
left,handcrafted,logistic,exp_20260731,2,4,8,180,120,0.008268625009804964,0.8630952380952381,0.7996370235934664,0.9325396825396826,0.0032902028016099016
left,handcrafted,random_forest,exp_20260731,2,4,8,180,120,0.2759959590039216,0.8253968253968254,0.8358413132694937,0.9442791005291005,0.003170480415930774
left,handcrafted,rbf_svm,exp_20260731,2,4,8,180,120,0.010395874996902421,0.8888888888888888,0.8827743406056658,0.9384920634920635,0.002450484358406788
left,handcrafted,hist_gradient_boosting,exp_20260731,2,4,8,180,120,0.7234842909965664,0.8452380952380952,0.8563611491108071,0.9434523809523809,0.002830125024918042
left,handcrafted,mlp,exp_20260731,2,4,8,180,120,0.04196829200373031,0.6547619047619048,0.5132867132867133,0.8842592592592593,0.008182233283967262
left,handcrafted,logistic,exp_20260731,2,6,20,408,120,0.011173292004968971,0.8650793650793651,0.8205741626794258,0.8931878306878306,0.002753801976779968
left,handcrafted,random_forest,exp_20260731,2,6,20,408,120,0.18143958298605867,0.8095238095238095,0.8295454545454546,0.9540343915343915,0.004159099005305234
left,handcrafted,rbf_svm,exp_20260731,2,6,20,408,120,0.006170374981593341,0.9206349206349207,0.8888545847483791,0.9480820105820106,0.0011060018191492052
left,handcrafted,hist_gradient_boosting,exp_20260731,2,6,20,408,120,3.3570972500019707,0.8095238095238095,0.8295454545454546,0.9097222222222222,0.004483275215987159
left,handcrafted,mlp,exp_20260731,2,6,20,408,120,0.08700204201159067,0.6468253968253969,0.5145089285714286,0.8058862433862434,0.008253708517079364
left,handcrafted,logistic,exp_20260731,2,8,26,528,120,0.012635124992812052,0.8234126984126984,0.7905123339658444,0.8521825396825398,0.0037804600408365835
left,handcrafted,random_forest,exp_20260731,2,8,26,528,120,0.20643483300227672,0.7678571428571428,0.7911896693836431,0.9512235449735449,0.005886548907162914
left,handcrafted,rbf_svm,exp_20260731,2,8,26,528,120,0.011159874993609264,0.9226190476190477,0.8815939278937381,0.9580026455026456,0.001189186367548317
left,handcrafted,hist_gradient_boosting,exp_20260731,2,8,26,528,120,4.261597625009017,0.7956349206349206,0.8170567662093086,0.9239417989417988,0.0053480033364525
left,handcrafted,mlp,exp_20260731,2,8,26,528,120,0.08899783398373984,0.6329365079365079,0.506654588530416,0.7863756613756614,0.008464316939480758
left_close,handcrafted,logistic,exp_20260715,0,2,7,132,24,0.009694624983239919,0.7083333333333334,0.6812144212523719,1.0,0.011458299910966018
left_close,handcrafted,random_forest,exp_20260715,0,2,7,132,24,0.17495208399486728,0.9583333333333333,0.9582608695652174,1.0,0.0004217722526858483
left_close,handcrafted,rbf_svm,exp_20260715,0,2,7,132,24,0.005392874998506159,0.8333333333333333,0.8285714285714285,0.888888888888889,0.004814883447163778
left_close,handcrafted,hist_gradient_boosting,exp_20260715,0,2,7,132,24,0.36411270798998885,0.9583333333333333,0.9582608695652174,0.9930555555555555,0.0004217722526858483
left_close,handcrafted,mlp,exp_20260715,0,2,7,132,24,0.04255033301888034,0.6666666666666666,0.625,0.9027777777777777,0.010302938648850088
left_close,handcrafted,logistic,exp_20260715,0,4,19,360,24,0.013121416006470099,0.5,0.3333333333333333,1.0,0.022498511958892464
left_close,handcrafted,random_forest,exp_20260715,0,4,19,360,24,0.18167049999465235,0.875,0.873015873015873,1.0,0.004467968521381905
left_close,handcrafted,rbf_svm,exp_20260715,0,4,19,360,24,0.00686070800293237,0.9166666666666667,0.916083916083916,0.9722222222222223,0.001498698530157531
left_close,handcrafted,hist_gradient_boosting,exp_20260715,0,4,19,360,24,3.333644667000044,0.9166666666666667,0.916083916083916,0.9652777777777777,0.001498698530157531
left_close,handcrafted,mlp,exp_20260715,0,4,19,360,24,0.05953554197913036,0.9583333333333333,0.9582608695652174,1.0,0.0004217722526858483
left_close,handcrafted,logistic,exp_20260715,0,6,32,598,24,0.014464084000792354,0.5,0.3333333333333333,1.0,0.022498511958892464
left_close,handcrafted,random_forest,exp_20260715,0,6,32,598,24,0.21853424998698756,0.9583333333333333,0.9582608695652174,0.9861111111111112,0.0004217722526858483
left_close,handcrafted,rbf_svm,exp_20260715,0,6,32,598,24,0.008602416986832395,0.9583333333333333,0.9582608695652174,0.9791666666666666,0.0004217722526858483
left_close,handcrafted,hist_gradient_boosting,exp_20260715,0,6,32,598,24,4.947028583002975,0.9583333333333333,0.9582608695652174,0.9791666666666666,0.0004217722526858483
left_close,handcrafted,mlp,exp_20260715,0,6,32,598,24,0.058095584012335166,0.9583333333333333,0.9582608695652174,1.0,0.0004217722526858483
left_close,handcrafted,logistic,exp_20260715,0,8,37,718,24,0.01611283398233354,0.9583333333333333,0.9582608695652174,1.0,0.0004217722526858483
left_close,handcrafted,random_forest,exp_20260715,0,8,37,718,24,0.2026645000150893,0.9583333333333333,0.9582608695652174,0.9965277777777777,0.0004217722526858483
left_close,handcrafted,rbf_svm,exp_20260715,0,8,37,718,24,0.009187875024508685,0.9583333333333333,0.9582608695652174,0.9791666666666666,0.0004217722526858483
left_close,handcrafted,hist_gradient_boosting,exp_20260715,0,8,37,718,24,4.086881957977312,0.9583333333333333,0.9582608695652174,0.9930555555555555,0.0004217722526858483
left_close,handcrafted,mlp,exp_20260715,0,8,37,718,24,0.0706175829982385,0.9583333333333333,0.9582608695652174,1.0,0.0004217722526858483
left_close,handcrafted,logistic,exp_20260715,0,10,44,862,24,0.014290333987446502,0.9583333333333333,0.9582608695652174,1.0,0.0004217722526858483
left_close,handcrafted,random_forest,exp_20260715,0,10,44,862,24,0.2152473329915665,0.9583333333333333,0.9582608695652174,0.9583333333333333,0.0004217722526858483
left_close,handcrafted,rbf_svm,exp_20260715,0,10,44,862,24,0.02092954100226052,0.9583333333333333,0.9582608695652174,0.9861111111111112,0.0004217722526858483
left_close,handcrafted,hist_gradient_boosting,exp_20260715,0,10,44,862,24,5.270625167002436,0.9583333333333333,0.9582608695652174,0.9791666666666666,0.0004217722526858483
left_close,handcrafted,mlp,exp_20260715,0,10,44,862,24,0.07314241700805724,1.0,1.0,1.0,0.0
left_close,handcrafted,logistic,exp_20260715,1,2,5,120,24,0.011165083007654175,0.9583333333333333,0.9582608695652174,1.0,0.0004217722526858483
left_close,handcrafted,random_forest,exp_20260715,1,2,5,120,24,0.1780913750117179,0.9583333333333333,0.9582608695652174,1.0,0.0004217722526858483
left_close,handcrafted,rbf_svm,exp_20260715,1,2,5,120,24,0.0056842080084607005,0.9583333333333333,0.9582608695652174,0.9722222222222223,0.0004217722526858483
left_close,handcrafted,hist_gradient_boosting,exp_20260715,1,2,5,120,24,0.48343900000327267,0.6666666666666666,0.625,0.9791666666666666,0.014407485647909201
left_close,handcrafted,mlp,exp_20260715,1,2,5,120,24,0.03101224999409169,0.8333333333333333,0.8285714285714285,1.0,0.0029916651908239236
left_close,handcrafted,logistic,exp_20260715,1,4,17,348,24,0.01324179201037623,0.9583333333333333,0.9582608695652174,1.0,0.0004217722526858483
left_close,handcrafted,random_forest,exp_20260715,1,4,17,348,24,0.3028960840019863,0.9583333333333333,0.9582608695652174,1.0,0.0004217722526858483
left_close,handcrafted,rbf_svm,exp_20260715,1,4,17,348,24,0.006897749990457669,0.9583333333333333,0.9582608695652174,0.9722222222222223,0.0004217722526858483
left_close,handcrafted,hist_gradient_boosting,exp_20260715,1,4,17,348,24,3.8344936670036986,0.9583333333333333,0.9582608695652174,0.9652777777777777,0.0004217722526858483
left_close,handcrafted,mlp,exp_20260715,1,4,17,348,24,0.142124292004155,0.9583333333333333,0.9582608695652174,1.0,0.0004217722526858483
left_close,handcrafted,logistic,exp_20260715,1,6,29,562,24,0.03701600001659244,0.9583333333333333,0.9582608695652174,1.0,0.0004217722526858483
left_close,handcrafted,random_forest,exp_20260715,1,6,29,562,24,0.23320445799618028,0.9583333333333333,0.9582608695652174,1.0,0.0004217722526858483
left_close,handcrafted,rbf_svm,exp_20260715,1,6,29,562,24,0.014297417015768588,0.9583333333333333,0.9582608695652174,0.9791666666666666,0.0004217722526858483
left_close,handcrafted,hist_gradient_boosting,exp_20260715,1,6,29,562,24,4.545938541996293,0.9583333333333333,0.9582608695652174,0.9791666666666666,0.0004217722526858483
left_close,handcrafted,mlp,exp_20260715,1,6,29,562,24,0.05409262498142198,1.0,1.0,1.0,0.0
left_close,handcrafted,logistic,exp_20260715,1,8,32,622,24,0.01217820798046887,0.9583333333333333,0.9582608695652174,1.0,0.0004217722526858483
left_close,handcrafted,random_forest,exp_20260715,1,8,32,622,24,0.20793654100270942,0.9583333333333333,0.9582608695652174,1.0,0.0004217722526858483
left_close,handcrafted,rbf_svm,exp_20260715,1,8,32,622,24,0.006975083000725135,0.9583333333333333,0.9582608695652174,0.9791666666666666,0.0004217722526858483
left_close,handcrafted,hist_gradient_boosting,exp_20260715,1,8,32,622,24,5.533966208982747,0.9583333333333333,0.9582608695652174,0.9791666666666666,0.0004217722526858483
left_close,handcrafted,mlp,exp_20260715,1,8,32,622,24,0.12304120798944496,0.9583333333333333,0.9582608695652174,1.0,0.0004217722526858483
left_close,handcrafted,logistic,exp_20260715,2,2,8,142,24,0.014740707993041724,0.7083333333333334,0.7037037037037037,0.8333333333333334,0.009172981833150991
left_close,handcrafted,random_forest,exp_20260715,2,2,8,142,24,0.1960555829864461,0.6666666666666666,0.625,1.0,0.015184125075060334
left_close,handcrafted,rbf_svm,exp_20260715,2,2,8,142,24,0.009422041999641806,0.9583333333333333,0.9582608695652174,1.0,0.0004217722526858483
left_close,handcrafted,hist_gradient_boosting,exp_20260715,2,2,8,142,24,1.0728803340170998,0.9583333333333333,0.9582608695652174,1.0,0.0004217722526858483
left_close,handcrafted,mlp,exp_20260715,2,2,8,142,24,0.10955204200581647,0.625,0.5636363636363637,0.4444444444444444,0.013379143325293738
left_close,handcrafted,logistic,exp_20260715,2,4,16,286,24,0.026335959002608433,0.9583333333333333,0.9582608695652174,1.0,0.0004217722526858483
left_close,handcrafted,random_forest,exp_20260715,2,4,16,286,24,0.2293889590073377,0.7916666666666667,0.7822141560798548,0.9270833333333333,0.008048535808214453
left_close,handcrafted,rbf_svm,exp_20260715,2,4,16,286,24,0.010672833974240348,0.9583333333333333,0.9582608695652174,0.9791666666666666,0.0004217722526858483
left_close,handcrafted,hist_gradient_boosting,exp_20260715,2,4,16,286,24,2.861781042010989,0.9583333333333333,0.9582608695652174,0.9583333333333334,0.0004217722526858483
left_close,handcrafted,mlp,exp_20260715,2,4,16,286,24,0.06572812498779967,0.9583333333333333,0.9582608695652174,1.0,0.0004217722526858483
left_close,handcrafted,logistic,exp_20260715,2,6,21,406,24,0.013217125000664964,0.9583333333333333,0.9582608695652174,1.0,0.0004217722526858483
left_close,handcrafted,random_forest,exp_20260715,2,6,21,406,24,0.20076920799328946,0.9583333333333333,0.9582608695652174,0.9965277777777777,0.0004217722526858483
left_close,handcrafted,rbf_svm,exp_20260715,2,6,21,406,24,0.007074374996591359,0.9583333333333333,0.9582608695652174,0.9791666666666666,0.0004217722526858483
left_close,handcrafted,hist_gradient_boosting,exp_20260715,2,6,21,406,24,3.1519745830155443,0.9583333333333333,0.9582608695652174,0.9652777777777777,0.0004217722526858483
left_close,handcrafted,mlp,exp_20260715,2,6,21,406,24,0.0511768750147894,0.9583333333333333,0.9582608695652174,1.0,0.0004217722526858483
left_close,handcrafted,logistic,exp_20260715,2,8,32,622,24,0.014007583988131955,0.9583333333333333,0.9582608695652174,1.0,0.0004217722526858483
left_close,handcrafted,random_forest,exp_20260715,2,8,32,622,24,0.2050650000164751,0.9583333333333333,0.9582608695652174,1.0,0.0004217722526858483
left_close,handcrafted,rbf_svm,exp_20260715,2,8,32,622,24,0.008638250001240522,0.9583333333333333,0.9582608695652174,0.9791666666666666,0.0004217722526858483
left_close,handcrafted,hist_gradient_boosting,exp_20260715,2,8,32,622,24,4.1524357500020415,0.9583333333333333,0.9582608695652174,0.9791666666666666,0.0004217722526858483
left_close,handcrafted,mlp,exp_20260715,2,8,32,622,24,0.11386941699311137,0.9583333333333333,0.9582608695652174,1.0,0.0004217722526858483
left_close,handcrafted,logistic,exp_20260717,0,2,11,216,24,0.013157374982256442,0.5,0.3333333333333333,1.0,0.022950078468016208
left_close,handcrafted,random_forest,exp_20260717,0,2,11,216,24,0.18670187500538304,0.5,0.3333333333333333,1.0,0.022950078468016208
left_close,handcrafted,rbf_svm,exp_20260717,0,2,11,216,24,0.009264708001865074,0.5,0.3333333333333333,1.0,0.022950078468016208
left_close,handcrafted,hist_gradient_boosting,exp_20260717,0,2,11,216,24,2.0980014580127317,0.8333333333333333,0.8285714285714285,1.0,0.009400611304350106
left_close,handcrafted,mlp,exp_20260717,0,2,11,216,24,0.03179558299598284,1.0,1.0,1.0,0.0
left_close,handcrafted,logistic,exp_20260717,0,4,13,264,24,0.012772707996191457,1.0,1.0,1.0,0.0
left_close,handcrafted,random_forest,exp_20260717,0,4,13,264,24,0.20618400000967085,1.0,1.0,1.0,0.0
left_close,handcrafted,rbf_svm,exp_20260717,0,4,13,264,24,0.0108962919912301,1.0,1.0,1.0,0.0
left_close,handcrafted,hist_gradient_boosting,exp_20260717,0,4,13,264,24,1.922448582976358,1.0,1.0,1.0,0.0
left_close,handcrafted,mlp,exp_20260717,0,4,13,264,24,0.04102554198470898,1.0,1.0,1.0,0.0
left_close,handcrafted,logistic,exp_20260717,0,6,25,492,24,0.030070041015278548,0.625,0.5636363636363637,1.0,0.017070577870902003
left_close,handcrafted,random_forest,exp_20260717,0,6,25,492,24,0.18635283401818015,1.0,1.0,1.0,0.0
left_close,handcrafted,rbf_svm,exp_20260717,0,6,25,492,24,0.012404834007611498,1.0,1.0,1.0,0.0
left_close,handcrafted,hist_gradient_boosting,exp_20260717,0,6,25,492,24,3.5539732500037644,1.0,1.0,1.0,0.0
left_close,handcrafted,mlp,exp_20260717,0,6,25,492,24,0.08093341701896861,1.0,1.0,1.0,0.0
left_close,handcrafted,logistic,exp_20260717,0,8,31,624,24,0.014487249980447814,0.9166666666666667,0.916083916083916,1.0,0.0012394500888048786
left_close,handcrafted,random_forest,exp_20260717,0,8,31,624,24,0.20426637498894706,1.0,1.0,1.0,0.0
left_close,handcrafted,rbf_svm,exp_20260717,0,8,31,624,24,0.008658957987790927,1.0,1.0,1.0,0.0
left_close,handcrafted,hist_gradient_boosting,exp_20260717,0,8,31,624,24,3.6748822499939706,1.0,1.0,1.0,0.0
left_close,handcrafted,mlp,exp_20260717,0,8,31,624,24,0.0754230419988744,1.0,1.0,1.0,0.0
left_close,handcrafted,logistic,exp_20260717,0,10,44,862,24,0.01662112498888746,0.75,0.7333333333333334,1.0,0.009510780640475761
left_close,handcrafted,random_forest,exp_20260717,0,10,44,862,24,0.21206237497972324,1.0,1.0,1.0,0.0
left_close,handcrafted,rbf_svm,exp_20260717,0,10,44,862,24,0.011449625017121434,1.0,1.0,1.0,0.0
left_close,handcrafted,hist_gradient_boosting,exp_20260717,0,10,44,862,24,3.8716205829987302,1.0,1.0,1.0,0.0
left_close,handcrafted,mlp,exp_20260717,0,10,44,862,24,0.06782762499642558,1.0,1.0,1.0,0.0
left_close,handcrafted,logistic,exp_20260717,1,2,8,142,24,0.012234124995302409,1.0,1.0,1.0,0.0
left_close,handcrafted,random_forest,exp_20260717,1,2,8,142,24,0.176342165999813,1.0,1.0,1.0,0.0
left_close,handcrafted,rbf_svm,exp_20260717,1,2,8,142,24,0.005824874999234453,1.0,1.0,1.0,0.0
left_close,handcrafted,hist_gradient_boosting,exp_20260717,1,2,8,142,24,0.37345275000552647,1.0,1.0,1.0,0.0
left_close,handcrafted,mlp,exp_20260717,1,2,8,142,24,0.04619983400334604,1.0,1.0,1.0,0.0
left_close,handcrafted,logistic,exp_20260717,1,4,15,286,24,0.011188584001502022,1.0,1.0,1.0,0.0
left_close,handcrafted,random_forest,exp_20260717,1,4,15,286,24,0.18405587499728426,1.0,1.0,1.0,0.0
left_close,handcrafted,rbf_svm,exp_20260717,1,4,15,286,24,0.005647875019349158,1.0,1.0,1.0,0.0
left_close,handcrafted,hist_gradient_boosting,exp_20260717,1,4,15,286,24,3.175334333005594,1.0,1.0,1.0,0.0
left_close,handcrafted,mlp,exp_20260717,1,4,15,286,24,0.06360787499579601,0.9166666666666667,0.916083916083916,1.0,0.001143609701197711
left_close,handcrafted,logistic,exp_20260717,1,6,25,490,24,0.013349874992854893,0.9166666666666667,0.916083916083916,1.0,0.0012394500888048786
left_close,handcrafted,random_forest,exp_20260717,1,6,25,490,24,0.18302333299652673,1.0,1.0,1.0,0.0
left_close,handcrafted,rbf_svm,exp_20260717,1,6,25,490,24,0.007894833979662508,1.0,1.0,1.0,0.0
left_close,handcrafted,hist_gradient_boosting,exp_20260717,1,6,25,490,24,5.634013792005135,1.0,1.0,1.0,0.0
left_close,handcrafted,mlp,exp_20260717,1,6,25,490,24,0.08842633300810121,1.0,1.0,1.0,0.0
left_close,handcrafted,logistic,exp_20260717,1,8,32,622,24,0.013838000013493001,0.8333333333333333,0.8285714285714285,1.0,0.00512477046238704
left_close,handcrafted,random_forest,exp_20260717,1,8,32,622,24,0.2131487920123618,1.0,1.0,1.0,0.0
left_close,handcrafted,rbf_svm,exp_20260717,1,8,32,622,24,0.010984791995724663,1.0,1.0,1.0,0.0
left_close,handcrafted,hist_gradient_boosting,exp_20260717,1,8,32,622,24,5.004657957993913,1.0,1.0,1.0,0.0
left_close,handcrafted,mlp,exp_20260717,1,8,32,622,24,0.09326916700229049,0.9583333333333333,0.9582608695652174,1.0,0.00042041143510616083
left_close,handcrafted,logistic,exp_20260717,2,2,7,132,24,0.013604957988718525,0.5,0.3333333333333333,1.0,0.022950078468016208
left_close,handcrafted,random_forest,exp_20260717,2,2,7,132,24,0.16939141700277105,0.75,0.7333333333333334,1.0,0.014316456129477705
left_close,handcrafted,rbf_svm,exp_20260717,2,2,7,132,24,0.005970583006273955,0.5,0.3333333333333333,1.0,0.022950078468016208
left_close,handcrafted,hist_gradient_boosting,exp_20260717,2,2,7,132,24,0.5861375840031542,0.875,0.873015873015873,1.0,0.007637776401000711
left_close,handcrafted,mlp,exp_20260717,2,2,7,132,24,0.04580320799141191,1.0,1.0,1.0,0.0
left_close,handcrafted,logistic,exp_20260717,2,4,12,252,24,0.012350333010545,1.0,1.0,1.0,0.0
left_close,handcrafted,random_forest,exp_20260717,2,4,12,252,24,0.3021365419845097,1.0,1.0,1.0,0.0
left_close,handcrafted,rbf_svm,exp_20260717,2,4,12,252,24,0.02700566698331386,1.0,1.0,1.0,0.0
left_close,handcrafted,hist_gradient_boosting,exp_20260717,2,4,12,252,24,1.3438661659893114,1.0,1.0,1.0,0.0
left_close,handcrafted,mlp,exp_20260717,2,4,12,252,24,0.03713308399892412,1.0,1.0,1.0,0.0
left_close,handcrafted,logistic,exp_20260717,2,6,24,492,24,0.013963584002340212,0.9166666666666667,0.916083916083916,1.0,0.004134949759124512
left_close,handcrafted,random_forest,exp_20260717,2,6,24,492,24,0.20220662499195896,1.0,1.0,1.0,0.0
left_close,handcrafted,rbf_svm,exp_20260717,2,6,24,492,24,0.00826670799870044,1.0,1.0,1.0,0.0
left_close,handcrafted,hist_gradient_boosting,exp_20260717,2,6,24,492,24,3.06010362500092,1.0,1.0,1.0,0.0
left_close,handcrafted,mlp,exp_20260717,2,6,24,492,24,0.057008542004041374,1.0,1.0,1.0,0.0
left_close,handcrafted,logistic,exp_20260717,2,8,31,624,24,0.01264270898536779,0.9166666666666667,0.916083916083916,1.0,0.0012394500888048786
left_close,handcrafted,random_forest,exp_20260717,2,8,31,624,24,0.3357174589764327,1.0,1.0,1.0,0.0
left_close,handcrafted,rbf_svm,exp_20260717,2,8,31,624,24,0.02725854198797606,1.0,1.0,1.0,0.0
left_close,handcrafted,hist_gradient_boosting,exp_20260717,2,8,31,624,24,4.36009600001853,1.0,1.0,1.0,0.0
left_close,handcrafted,mlp,exp_20260717,2,8,31,624,24,0.07140691598760895,1.0,1.0,1.0,0.0
left_close,handcrafted,logistic,exp_20260720,0,2,12,228,24,0.01168791699456051,1.0,1.0,1.0,0.0
left_close,handcrafted,random_forest,exp_20260720,0,2,12,228,24,0.16757845800020732,1.0,1.0,1.0,0.0
left_close,handcrafted,rbf_svm,exp_20260720,0,2,12,228,24,0.005247166991466656,1.0,1.0,1.0,0.0
left_close,handcrafted,hist_gradient_boosting,exp_20260720,0,2,12,228,24,1.095899834006559,1.0,1.0,1.0,0.0
left_close,handcrafted,mlp,exp_20260720,0,2,12,228,24,0.03774654198787175,0.9583333333333333,0.9582608695652174,0.9791666666666666,0.003473688568466408
left_close,handcrafted,logistic,exp_20260720,0,4,17,348,24,0.011178540997207165,1.0,1.0,1.0,0.0
left_close,handcrafted,random_forest,exp_20260720,0,4,17,348,24,0.1951210830011405,1.0,1.0,1.0,0.0
left_close,handcrafted,rbf_svm,exp_20260720,0,4,17,348,24,0.006032458011759445,1.0,1.0,1.0,0.0
left_close,handcrafted,hist_gradient_boosting,exp_20260720,0,4,17,348,24,2.4014027079974767,1.0,1.0,1.0,0.0
left_close,handcrafted,mlp,exp_20260720,0,4,17,348,24,0.05496362497797236,1.0,1.0,1.0,0.0
left_close,handcrafted,logistic,exp_20260720,0,6,28,564,24,0.013310040987562388,1.0,1.0,1.0,0.0
left_close,handcrafted,random_forest,exp_20260720,0,6,28,564,24,0.21671700000297278,0.9166666666666667,0.916083916083916,1.0,0.006230565759379682
left_close,handcrafted,rbf_svm,exp_20260720,0,6,28,564,24,0.007153957994887605,1.0,1.0,1.0,0.0
left_close,handcrafted,hist_gradient_boosting,exp_20260720,0,6,28,564,24,4.801934459013864,1.0,1.0,1.0,0.0
left_close,handcrafted,mlp,exp_20260720,0,6,28,564,24,0.05398633301956579,1.0,1.0,1.0,0.0
left_close,handcrafted,logistic,exp_20260720,0,8,37,718,24,0.03243945899885148,1.0,1.0,1.0,0.0
left_close,handcrafted,random_forest,exp_20260720,0,8,37,718,24,0.4756408749963157,1.0,1.0,1.0,0.0
left_close,handcrafted,rbf_svm,exp_20260720,0,8,37,718,24,0.018048124999040738,1.0,1.0,1.0,0.0
left_close,handcrafted,hist_gradient_boosting,exp_20260720,0,8,37,718,24,9.48128775000805,1.0,1.0,1.0,0.0
left_close,handcrafted,mlp,exp_20260720,0,8,37,718,24,0.09633508301340044,1.0,1.0,1.0,0.0
left_close,handcrafted,logistic,exp_20260720,0,10,44,862,24,0.017045500018866733,1.0,1.0,1.0,0.0
left_close,handcrafted,random_forest,exp_20260720,0,10,44,862,24,0.22907900001155213,1.0,1.0,1.0,0.0
left_close,handcrafted,rbf_svm,exp_20260720,0,10,44,862,24,0.012737209006445482,1.0,1.0,1.0,0.0
left_close,handcrafted,hist_gradient_boosting,exp_20260720,0,10,44,862,24,4.989179291995242,1.0,1.0,1.0,0.0
left_close,handcrafted,mlp,exp_20260720,0,10,44,862,24,0.06388925001374446,1.0,1.0,1.0,0.0
left_close,handcrafted,logistic,exp_20260720,1,2,7,132,24,0.012305167008889839,1.0,1.0,1.0,0.0
left_close,handcrafted,random_forest,exp_20260720,1,2,7,132,24,0.17602808299125172,1.0,1.0,1.0,0.0
left_close,handcrafted,rbf_svm,exp_20260720,1,2,7,132,24,0.005820416990900412,0.9583333333333333,0.9582608695652174,1.0,0.00043294883634766414
left_close,handcrafted,hist_gradient_boosting,exp_20260720,1,2,7,132,24,0.44994525000220165,0.9583333333333333,0.9582608695652174,1.0,0.00043294883634766414
left_close,handcrafted,mlp,exp_20260720,1,2,7,132,24,0.045782625005813316,0.9583333333333333,0.9582608695652174,1.0,0.003473688568466408
left_close,handcrafted,logistic,exp_20260720,1,4,12,252,24,0.011858083016704768,1.0,1.0,1.0,0.0
left_close,handcrafted,random_forest,exp_20260720,1,4,12,252,24,0.18148129200562835,1.0,1.0,1.0,0.0
left_close,handcrafted,rbf_svm,exp_20260720,1,4,12,252,24,0.00515079201431945,1.0,1.0,1.0,0.0
left_close,handcrafted,hist_gradient_boosting,exp_20260720,1,4,12,252,24,0.8366231670079287,1.0,1.0,1.0,0.0
left_close,handcrafted,mlp,exp_20260720,1,4,12,252,24,0.040785707999020815,1.0,1.0,1.0,0.0
left_close,handcrafted,logistic,exp_20260720,1,6,24,480,24,0.012944999994942918,1.0,1.0,1.0,0.0
left_close,handcrafted,random_forest,exp_20260720,1,6,24,480,24,0.18627995799761266,1.0,1.0,1.0,0.0
left_close,handcrafted,rbf_svm,exp_20260720,1,6,24,480,24,0.006300583016127348,1.0,1.0,1.0,0.0
left_close,handcrafted,hist_gradient_boosting,exp_20260720,1,6,24,480,24,3.8257153329905123,1.0,1.0,1.0,0.0
left_close,handcrafted,mlp,exp_20260720,1,6,24,480,24,0.09689895799965598,0.9166666666666667,0.916083916083916,0.9166666666666666,0.008044788356382058
left_close,handcrafted,logistic,exp_20260720,1,8,37,718,24,0.01635037499363534,1.0,1.0,1.0,0.0
left_close,handcrafted,random_forest,exp_20260720,1,8,37,718,24,0.20703675001277588,1.0,1.0,1.0,0.0
left_close,handcrafted,rbf_svm,exp_20260720,1,8,37,718,24,0.014152916002785787,1.0,1.0,1.0,0.0
left_close,handcrafted,hist_gradient_boosting,exp_20260720,1,8,37,718,24,7.1994023750012275,1.0,1.0,1.0,0.0
left_close,handcrafted,mlp,exp_20260720,1,8,37,718,24,0.09146016699378379,1.0,1.0,1.0,0.0
left_close,handcrafted,logistic,exp_20260720,2,2,8,156,24,0.016378208994865417,1.0,1.0,1.0,0.0
left_close,handcrafted,random_forest,exp_20260720,2,2,8,156,24,0.18656170801841654,1.0,1.0,1.0,0.0
left_close,handcrafted,rbf_svm,exp_20260720,2,2,8,156,24,0.00612199999159202,1.0,1.0,1.0,0.0
left_close,handcrafted,hist_gradient_boosting,exp_20260720,2,2,8,156,24,1.1776297919859644,0.875,0.873015873015873,1.0,0.005118911096178524
left_close,handcrafted,mlp,exp_20260720,2,2,8,156,24,0.02934133299277164,0.5,0.3333333333333333,0.6597222222222222,0.0476346787785732
left_close,handcrafted,logistic,exp_20260720,2,4,10,204,24,0.011783708003349602,1.0,1.0,1.0,0.0
left_close,handcrafted,random_forest,exp_20260720,2,4,10,204,24,0.20449224999174476,1.0,1.0,1.0,0.0
left_close,handcrafted,rbf_svm,exp_20260720,2,4,10,204,24,0.009315792005509138,1.0,1.0,1.0,0.0
left_close,handcrafted,hist_gradient_boosting,exp_20260720,2,4,10,204,24,2.142272958008107,1.0,1.0,1.0,0.0
left_close,handcrafted,mlp,exp_20260720,2,4,10,204,24,0.05251091701211408,0.9583333333333333,0.9582608695652174,0.9583333333333333,0.003473688568466408
left_close,handcrafted,logistic,exp_20260720,2,6,20,408,24,0.013130250008543953,1.0,1.0,1.0,0.0
left_close,handcrafted,random_forest,exp_20260720,2,6,20,408,24,0.1947709170053713,1.0,1.0,1.0,0.0
left_close,handcrafted,rbf_svm,exp_20260720,2,6,20,408,24,0.006852584017906338,1.0,1.0,1.0,0.0
left_close,handcrafted,hist_gradient_boosting,exp_20260720,2,6,20,408,24,4.628177541017067,1.0,1.0,1.0,0.0
left_close,handcrafted,mlp,exp_20260720,2,6,20,408,24,0.041450041986536235,1.0,1.0,1.0,0.0
left_close,handcrafted,logistic,exp_20260720,2,8,31,624,24,0.017854666977655143,1.0,1.0,1.0,0.0
left_close,handcrafted,random_forest,exp_20260720,2,8,31,624,24,0.2333886669948697,1.0,1.0,0.9999999999999999,0.0
left_close,handcrafted,rbf_svm,exp_20260720,2,8,31,624,24,0.009117500012507662,1.0,1.0,1.0,0.0
left_close,handcrafted,hist_gradient_boosting,exp_20260720,2,8,31,624,24,7.5636059579846915,1.0,1.0,1.0,0.0
left_close,handcrafted,mlp,exp_20260720,2,8,31,624,24,0.07345837500179186,1.0,1.0,1.0,0.0
left_close,handcrafted,logistic,exp_20260721,0,2,11,216,36,0.012727167020784691,0.9583333333333333,0.939799331103679,0.923611111111111,0.00908454128963348
left_close,handcrafted,random_forest,exp_20260721,0,2,11,216,36,0.20667104198946618,1.0,1.0,1.0,0.0
left_close,handcrafted,rbf_svm,exp_20260721,0,2,11,216,36,0.007260792015586048,1.0,1.0,1.0,0.0
left_close,handcrafted,hist_gradient_boosting,exp_20260721,0,2,11,216,36,1.5491722079750616,1.0,1.0,1.0,0.0
left_close,handcrafted,mlp,exp_20260721,0,2,11,216,36,0.10730587501893751,0.8958333333333333,0.855653568564555,0.9722222222222222,0.012147663548968268
left_close,handcrafted,logistic,exp_20260721,0,4,13,264,36,0.01344999999855645,1.0,1.0,1.0,0.0
left_close,handcrafted,random_forest,exp_20260721,0,4,13,264,36,0.16577895800583065,1.0,1.0,0.9999999999999999,0.0
left_close,handcrafted,rbf_svm,exp_20260721,0,4,13,264,36,0.006036625010892749,0.9791666666666667,0.9693617021276595,1.0,0.00036227899411866846
left_close,handcrafted,hist_gradient_boosting,exp_20260721,0,4,13,264,36,3.6258329580014106,1.0,1.0,1.0,0.0
left_close,handcrafted,mlp,exp_20260721,0,4,13,264,36,0.0434940829873085,0.9375,0.9111111111111111,1.0,0.0011273226828259078
left_close,handcrafted,logistic,exp_20260721,0,6,23,468,36,0.017377832991769537,1.0,1.0,1.0,0.0
left_close,handcrafted,random_forest,exp_20260721,0,6,23,468,36,0.20237650000490248,1.0,1.0,1.0,0.0
left_close,handcrafted,rbf_svm,exp_20260721,0,6,23,468,36,0.01020691602025181,1.0,1.0,1.0,0.0
left_close,handcrafted,hist_gradient_boosting,exp_20260721,0,6,23,468,36,3.7296917919884436,1.0,1.0,1.0,0.0
left_close,handcrafted,mlp,exp_20260721,0,6,23,468,36,0.0889720419945661,1.0,1.0,1.0,0.0
left_close,handcrafted,logistic,exp_20260721,0,8,35,708,36,0.015049167006509379,1.0,1.0,1.0,0.0
left_close,handcrafted,random_forest,exp_20260721,0,8,35,708,36,0.2076452920155134,1.0,1.0,1.0,0.0
left_close,handcrafted,rbf_svm,exp_20260721,0,8,35,708,36,0.011007958004483953,1.0,1.0,1.0,0.0
left_close,handcrafted,hist_gradient_boosting,exp_20260721,0,8,35,708,36,3.9368679170147516,0.9583333333333333,0.9680567879325643,1.0,0.004455804241791729
left_close,handcrafted,mlp,exp_20260721,0,8,35,708,36,0.07231474999571219,1.0,1.0,1.0,0.0
left_close,handcrafted,logistic,exp_20260721,0,10,43,850,36,0.015119624993531033,1.0,1.0,1.0,0.0
left_close,handcrafted,random_forest,exp_20260721,0,10,43,850,36,0.20759199999156408,1.0,1.0,1.0,0.0
left_close,handcrafted,rbf_svm,exp_20260721,0,10,43,850,36,0.011279874976025894,1.0,1.0,1.0,0.0
left_close,handcrafted,hist_gradient_boosting,exp_20260721,0,10,43,850,36,4.504027166985907,0.9583333333333333,0.9680567879325643,1.0,0.004455804241791729
left_close,handcrafted,mlp,exp_20260721,0,10,43,850,36,0.11089454099419527,1.0,1.0,1.0,0.0
left_close,handcrafted,logistic,exp_20260721,1,2,11,214,36,0.0131103330058977,1.0,1.0,1.0,0.0
left_close,handcrafted,random_forest,exp_20260721,1,2,11,214,36,0.1787645419826731,1.0,1.0,1.0,0.0
left_close,handcrafted,rbf_svm,exp_20260721,1,2,11,214,36,0.0075800839986186475,1.0,1.0,1.0,0.0
left_close,handcrafted,hist_gradient_boosting,exp_20260721,1,2,11,214,36,0.797399208007846,1.0,1.0,1.0,0.0
left_close,handcrafted,mlp,exp_20260721,1,2,11,214,36,0.049676167021971196,0.9791666666666667,0.9693617021276595,1.0,0.00036227899411866846
left_close,handcrafted,logistic,exp_20260721,1,4,18,346,36,0.01237987499916926,1.0,1.0,1.0,0.0
left_close,handcrafted,random_forest,exp_20260721,1,4,18,346,36,0.1939291669987142,1.0,1.0,1.0,0.0
left_close,handcrafted,rbf_svm,exp_20260721,1,4,18,346,36,0.006015666993334889,1.0,1.0,1.0,0.0
left_close,handcrafted,hist_gradient_boosting,exp_20260721,1,4,18,346,36,2.350369124993449,1.0,1.0,1.0,0.0
left_close,handcrafted,mlp,exp_20260721,1,4,18,346,36,0.04849483401631005,0.9791666666666667,0.9693617021276595,1.0,0.00036227899411866846
left_close,handcrafted,logistic,exp_20260721,1,6,25,490,36,0.015934832976199687,1.0,1.0,1.0,0.0
left_close,handcrafted,random_forest,exp_20260721,1,6,25,490,36,0.20328079198952764,1.0,1.0,1.0,0.0
left_close,handcrafted,rbf_svm,exp_20260721,1,6,25,490,36,0.008201999997254461,1.0,1.0,1.0,0.0
left_close,handcrafted,hist_gradient_boosting,exp_20260721,1,6,25,490,36,2.9089517910033464,0.9583333333333333,0.9680567879325643,1.0,0.004134521917575069
left_close,handcrafted,mlp,exp_20260721,1,6,25,490,36,0.06279570897459053,1.0,1.0,1.0,0.0
left_close,handcrafted,logistic,exp_20260721,1,8,36,706,36,0.013580208993516862,1.0,1.0,1.0,0.0
left_close,handcrafted,random_forest,exp_20260721,1,8,36,706,36,0.20638200000394136,1.0,1.0,1.0,0.0
left_close,handcrafted,rbf_svm,exp_20260721,1,8,36,706,36,0.009781374974409118,1.0,1.0,1.0,0.0
left_close,handcrafted,hist_gradient_boosting,exp_20260721,1,8,36,706,36,5.394636290991912,1.0,1.0,1.0,0.0
left_close,handcrafted,mlp,exp_20260721,1,8,36,706,36,0.06268004199955612,0.9791666666666667,0.9693617021276595,1.0,0.00036227899411866846
left_close,handcrafted,logistic,exp_20260721,2,2,12,228,36,0.01538279201486148,1.0,1.0,1.0,0.0
left_close,handcrafted,random_forest,exp_20260721,2,2,12,228,36,0.190191292000236,0.9166666666666667,0.9345454545454546,1.0,0.009854167510300148
left_close,handcrafted,rbf_svm,exp_20260721,2,2,12,228,36,0.006103291001636535,1.0,1.0,1.0,0.0
left_close,handcrafted,hist_gradient_boosting,exp_20260721,2,2,12,228,36,1.626635124994209,0.9583333333333333,0.9680567879325643,0.9965277777777778,0.004455804241791729
left_close,handcrafted,mlp,exp_20260721,2,2,12,228,36,0.07212875000550412,0.875,0.8285714285714285,0.9930555555555556,0.01269168786743366
left_close,handcrafted,logistic,exp_20260721,2,4,24,442,36,0.016933499980950728,1.0,1.0,1.0,0.0
left_close,handcrafted,random_forest,exp_20260721,2,4,24,442,36,0.20868099998915568,1.0,1.0,1.0,0.0
left_close,handcrafted,rbf_svm,exp_20260721,2,4,24,442,36,0.007666042016353458,1.0,1.0,1.0,0.0
left_close,handcrafted,hist_gradient_boosting,exp_20260721,2,4,24,442,36,5.774068833008641,1.0,1.0,1.0,0.0
left_close,handcrafted,mlp,exp_20260721,2,4,24,442,36,0.05697262499597855,1.0,1.0,1.0,0.0
left_close,handcrafted,logistic,exp_20260721,2,6,26,490,36,0.01245708399801515,1.0,1.0,1.0,0.0
left_close,handcrafted,random_forest,exp_20260721,2,6,26,490,36,0.20231754198903218,1.0,1.0,1.0,0.0
left_close,handcrafted,rbf_svm,exp_20260721,2,6,26,490,36,0.010306333017069846,1.0,1.0,1.0,0.0
left_close,handcrafted,hist_gradient_boosting,exp_20260721,2,6,26,490,36,4.790505707991542,0.9583333333333333,0.9680567879325643,1.0,0.004455804241791729
left_close,handcrafted,mlp,exp_20260721,2,6,26,490,36,0.16280187500524335,1.0,1.0,1.0,0.0
left_close,handcrafted,logistic,exp_20260721,2,8,38,730,36,0.0328121249913238,1.0,1.0,1.0,0.0
left_close,handcrafted,random_forest,exp_20260721,2,8,38,730,36,0.2956234159937594,1.0,1.0,1.0,0.0
left_close,handcrafted,rbf_svm,exp_20260721,2,8,38,730,36,0.01747099999920465,1.0,1.0,1.0,0.0
left_close,handcrafted,hist_gradient_boosting,exp_20260721,2,8,38,730,36,6.010963292006636,1.0,1.0,1.0,0.0
left_close,handcrafted,mlp,exp_20260721,2,8,38,730,36,0.09006720801698975,1.0,1.0,1.0,0.0
left_close,handcrafted,logistic,exp_20260723,0,2,7,144,108,0.013189250021241605,0.5763888888888888,0.5773664727657324,0.5933641975308643,0.014510676714453281
left_close,handcrafted,random_forest,exp_20260723,0,2,7,144,108,0.17285841700504534,0.9930555555555556,0.9896541814350033,0.9982638888888888,7.284909055450295e-05
left_close,handcrafted,rbf_svm,exp_20260723,0,2,7,144,108,0.006706999993184581,0.611111111111111,0.6142857142857143,0.8653549382716048,0.011650363035157617
left_close,handcrafted,hist_gradient_boosting,exp_20260723,0,2,7,144,108,0.585588749992894,0.9722222222222222,0.96896254430501,0.9992283950617283,0.0003239847316312467
left_close,handcrafted,mlp,exp_20260723,0,2,7,144,108,0.027896666986634955,0.75,0.6666666666666666,0.8707561728395061,0.026022637699834875
left_close,handcrafted,logistic,exp_20260723,0,4,15,300,108,0.014608041994506493,0.7430555555555556,0.7413545358750838,0.8603395061728395,0.007984756251106236
left_close,handcrafted,random_forest,exp_20260723,0,4,15,300,108,0.18818212498445064,0.9791666666666667,0.9693617021276595,0.9913194444444444,0.0004311999439343342
left_close,handcrafted,rbf_svm,exp_20260723,0,4,15,300,108,0.007474291982362047,0.6805555555555556,0.6950875211744777,0.9097222222222222,0.010485419864435498
left_close,handcrafted,hist_gradient_boosting,exp_20260723,0,4,15,300,108,2.3813785419915803,0.9791666666666667,0.9693617021276595,0.9884259259259259,0.00028240208459231705
left_close,handcrafted,mlp,exp_20260723,0,4,15,300,108,0.04259483399800956,0.8402777777777778,0.7839060461070031,0.9444444444444444,0.013451826742476825
left_close,handcrafted,logistic,exp_20260723,0,6,26,516,108,0.015305832988815382,0.9652777777777778,0.9495468560216762,0.9930555555555556,0.0005004189873848254
left_close,handcrafted,random_forest,exp_20260723,0,6,26,516,108,0.21306666699820198,0.9791666666666667,0.9693617021276595,0.9795524691358024,0.0004311999439343342
left_close,handcrafted,rbf_svm,exp_20260723,0,6,26,516,108,0.008810541010461748,0.7916666666666666,0.8095238095238095,0.9475308641975309,0.00682583840803288
left_close,handcrafted,hist_gradient_boosting,exp_20260723,0,6,26,516,108,4.599854875006713,0.9722222222222222,0.9593984962406015,0.9872685185185184,0.00035425125295918103
left_close,handcrafted,mlp,exp_20260723,0,6,26,516,108,0.044959416991332546,0.8402777777777778,0.7839060461070031,0.9444444444444444,0.014673293231956359
left_close,handcrafted,logistic,exp_20260723,0,8,37,730,108,0.014075540995690972,0.9791666666666667,0.9693617021276595,1.0,0.0005587550578630757
left_close,handcrafted,random_forest,exp_20260723,0,8,37,730,108,0.22949908298323862,0.9861111111111112,0.9794442329653598,0.9988425925925926,0.00014416562451424696
left_close,handcrafted,rbf_svm,exp_20260723,0,8,37,730,108,0.016099333006422967,0.8194444444444444,0.8416422287390029,0.9741512345679012,0.005960098873220584
left_close,handcrafted,hist_gradient_boosting,exp_20260723,0,8,37,730,108,6.19925449998118,0.9791666666666667,0.9693617021276595,0.9911265432098766,0.00028240208459231705
left_close,handcrafted,mlp,exp_20260723,0,8,37,730,108,0.14242258400190622,0.8680555555555556,0.8196043956043956,0.9768518518518519,0.009028625940030668
left_close,handcrafted,logistic,exp_20260723,0,10,39,778,108,0.04687579200253822,0.9791666666666667,0.9693617021276595,1.0,0.0005587550578630757
left_close,handcrafted,random_forest,exp_20260723,0,10,39,778,108,0.4194638339977246,0.9791666666666667,0.9693617021276595,0.9984567901234568,0.00021601479288111091
left_close,handcrafted,rbf_svm,exp_20260723,0,10,39,778,108,0.01879370800452307,0.8194444444444444,0.8416422287390029,0.970679012345679,0.005960098873220584
left_close,handcrafted,hist_gradient_boosting,exp_20260723,0,10,39,778,108,4.994959249976091,0.9722222222222222,0.9593984962406015,0.9934413580246914,0.00041011018852286587
left_close,handcrafted,mlp,exp_20260723,0,10,39,778,108,0.13464841700624675,0.8819444444444444,0.8375652481642042,0.9814814814814815,0.006515187141053483
left_close,handcrafted,logistic,exp_20260723,1,2,8,156,108,0.025165791012113914,0.9444444444444444,0.9205882352941177,0.9899691358024691,0.0018135688007266315
left_close,handcrafted,random_forest,exp_20260723,1,2,8,156,108,0.26049145800061524,0.9305555555555556,0.9365949119373776,0.9814814814814814,0.002844535779001159
left_close,handcrafted,rbf_svm,exp_20260723,1,2,8,156,108,0.010829250008100644,0.6805555555555556,0.6950875211744777,0.9155092592592593,0.010485419864435498
left_close,handcrafted,hist_gradient_boosting,exp_20260723,1,2,8,156,108,0.7131053330085706,0.9722222222222222,0.9593984962406015,0.9957561728395061,0.0003433089665363742
left_close,handcrafted,mlp,exp_20260723,1,2,8,156,108,0.03109741600928828,0.8125,0.7482517482517483,0.888888888888889,0.018214078912651425
left_close,handcrafted,logistic,exp_20260723,1,4,10,204,108,0.011294083000393584,0.7916666666666666,0.8036363636363637,0.9297839506172839,0.005349135245976049
left_close,handcrafted,random_forest,exp_20260723,1,4,10,204,108,0.23394370899768546,0.9513888888888888,0.9301487572761711,0.9992283950617283,0.0010381522173337299
left_close,handcrafted,rbf_svm,exp_20260723,1,4,10,204,108,0.011570790986297652,0.6736111111111112,0.6866071428571429,0.8919753086419753,0.010556736398395243
left_close,handcrafted,hist_gradient_boosting,exp_20260723,1,4,10,204,108,1.4827558329852764,0.9027777777777778,0.872814566536824,0.9239969135802469,0.0019432676838616002
left_close,handcrafted,mlp,exp_20260723,1,4,10,204,108,0.09475916699739173,0.8472222222222222,0.7928147889780258,0.9718364197530864,0.013017489286974647
left_close,handcrafted,logistic,exp_20260723,1,6,21,420,108,0.018924292002338916,0.9722222222222222,0.9593984962406015,0.994212962962963,0.0006969915179411458
left_close,handcrafted,random_forest,exp_20260723,1,6,21,420,108,0.18702816698350944,0.9513888888888888,0.9301487572761711,0.9791666666666666,0.0010381522173337299
left_close,handcrafted,rbf_svm,exp_20260723,1,6,21,420,108,0.01447395799914375,0.7916666666666666,0.8095238095238095,0.931712962962963,0.00682583840803288
left_close,handcrafted,hist_gradient_boosting,exp_20260723,1,6,21,420,108,3.234393667022232,0.9513888888888888,0.9301487572761711,0.9772376543209876,0.0008938398728959623
left_close,handcrafted,mlp,exp_20260723,1,6,21,420,108,0.059015999984694645,0.8958333333333333,0.855653568564555,0.9814814814814815,0.005867901728433327
left_close,handcrafted,logistic,exp_20260723,1,8,34,658,108,0.015048583009047434,0.9583333333333333,0.939799331103679,0.9888117283950617,0.0013827114267489465
left_close,handcrafted,random_forest,exp_20260723,1,8,34,658,108,0.22718508398975246,0.9652777777777778,0.9495468560216762,0.9918981481481481,0.0005743656462609422
left_close,handcrafted,rbf_svm,exp_20260723,1,8,34,658,108,0.01208545800182037,0.7847222222222222,0.8001644736842105,0.90625,0.0070248011561501325
left_close,handcrafted,hist_gradient_boosting,exp_20260723,1,8,34,658,108,5.550403208006173,0.9722222222222222,0.9593984962406015,0.9818672839506173,0.00041011018852286587
left_close,handcrafted,mlp,exp_20260723,1,8,34,658,108,0.06311625000671484,0.8611111111111112,0.8106591865357644,0.9359567901234568,0.010684429885012376
left_close,handcrafted,logistic,exp_20260723,2,2,8,156,108,0.011296957993181422,0.9444444444444444,0.9205882352941177,0.9934413580246914,0.001812371581494668
left_close,handcrafted,random_forest,exp_20260723,2,2,8,156,108,0.18930625001667067,0.9305555555555556,0.9017109574080815,0.9874614197530864,0.0013319711689902317
left_close,handcrafted,rbf_svm,exp_20260723,2,2,8,156,108,0.007342541008256376,0.7083333333333333,0.7259185700099304,0.9270833333333334,0.009746193703525141
left_close,handcrafted,hist_gradient_boosting,exp_20260723,2,2,8,156,108,1.0215395419800188,0.9375,0.9111111111111111,0.9714506172839505,0.0014657691110554958
left_close,handcrafted,mlp,exp_20260723,2,2,8,156,108,0.09672162498463877,0.8125,0.7482517482517483,0.8885030864197531,0.018214078912651425
left_close,handcrafted,logistic,exp_20260723,2,4,15,300,108,0.01826949999667704,0.8819444444444444,0.8375652481642042,0.8912037037037037,0.004551242585795536
left_close,handcrafted,random_forest,exp_20260723,2,4,15,300,108,0.23380541702499613,0.9513888888888888,0.9301487572761711,0.9756944444444443,0.0010381522173337299
left_close,handcrafted,rbf_svm,exp_20260723,2,4,15,300,108,0.01560441599576734,0.7291666666666667,0.7461538461538462,0.908179012345679,0.009174964860708384
left_close,handcrafted,hist_gradient_boosting,exp_20260723,2,4,15,300,108,3.013540457992349,0.9513888888888888,0.9301487572761711,0.9621913580246914,0.0007729763538759495
left_close,handcrafted,mlp,exp_20260723,2,4,15,300,108,0.04735358399921097,0.8333333333333333,0.775,0.9444444444444444,0.015107630687458537
left_close,handcrafted,logistic,exp_20260723,2,6,27,514,108,0.014007667021360248,0.9097222222222222,0.8739110911540189,0.9803240740740741,0.003826392950911023
left_close,handcrafted,random_forest,exp_20260723,2,6,27,514,108,0.20022141598747112,0.9791666666666667,0.9693617021276595,0.9891975308641975,0.0004311999439343342
left_close,handcrafted,rbf_svm,exp_20260723,2,6,27,514,108,0.015318707999540493,0.7777777777777777,0.7909322465613857,0.9197530864197532,0.007289624979105668
left_close,handcrafted,hist_gradient_boosting,exp_20260723,2,6,27,514,108,4.214340583013836,0.9652777777777778,0.9495468560216762,0.9903549382716049,0.00048195935688972986
left_close,handcrafted,mlp,exp_20260723,2,6,27,514,108,0.11448587500490248,0.8263888888888888,0.766092003811834,0.8989197530864197,0.014477182139825287
left_close,handcrafted,logistic,exp_20260723,2,8,32,634,108,0.042743916012113914,0.9791666666666667,0.9693617021276595,1.0,0.0005587550578630757
left_close,handcrafted,random_forest,exp_20260723,2,8,32,634,108,0.332264833006775,0.9791666666666667,0.9693617021276595,0.9972993827160495,0.00021601479288111091
left_close,handcrafted,rbf_svm,exp_20260723,2,8,32,634,108,0.04450345897930674,0.8333333333333333,0.8543417366946778,0.978395061728395,0.005780279766103584
left_close,handcrafted,hist_gradient_boosting,exp_20260723,2,8,32,634,108,5.118999124999391,0.9791666666666667,0.9693617021276595,0.9934413580246914,0.00027187372844479575
left_close,handcrafted,mlp,exp_20260723,2,8,32,634,108,0.06175674998667091,0.9027777777777778,0.8647584973166369,0.9888117283950617,0.00447688672705821
left_close,handcrafted,logistic,exp_20260724,0,2,7,132,96,0.0103632080135867,0.9791666666666667,0.9791576204950065,0.986545138888889,0.0002731267562109568
left_close,handcrafted,random_forest,exp_20260724,0,2,7,132,96,0.198810957983369,0.9166666666666667,0.9165217391304348,0.9748263888888888,0.001537222543416612
left_close,handcrafted,rbf_svm,exp_20260724,0,2,7,132,96,0.010209041007328779,0.96875,0.9687466087900163,0.9813368055555556,0.0003932707408896014
left_close,handcrafted,hist_gradient_boosting,exp_20260724,0,2,7,132,96,0.39085708299535327,0.9791666666666667,0.9791576204950065,0.9791666666666667,0.0002731267562109568
left_close,handcrafted,mlp,exp_20260724,0,2,7,132,96,0.03721187499468215,0.84375,0.8398398398398399,0.9661458333333334,0.008466081307848218
left_close,handcrafted,logistic,exp_20260724,0,4,10,192,96,0.009115083026699722,0.9791666666666667,0.9791576204950065,0.9839409722222222,0.0002731267562109568
left_close,handcrafted,random_forest,exp_20260724,0,4,10,192,96,0.18233079102355987,0.9791666666666667,0.9791576204950065,0.9750434027777778,0.0002731267562109568
left_close,handcrafted,rbf_svm,exp_20260724,0,4,10,192,96,0.007277374999830499,0.96875,0.9687466087900163,0.9822048611111112,0.0003932707408896014
left_close,handcrafted,hist_gradient_boosting,exp_20260724,0,4,10,192,96,0.474066374998074,0.9791666666666667,0.9791576204950065,0.9791666666666665,0.0002731267562109568
left_close,handcrafted,mlp,exp_20260724,0,4,10,192,96,0.037844749982468784,0.8645833333333333,0.8620537194650161,0.9848090277777778,0.003418549994298845
left_close,handcrafted,logistic,exp_20260724,0,6,22,406,96,0.010863249975955114,0.9791666666666667,0.9791576204950065,0.9930555555555555,0.0002731267562109568
left_close,handcrafted,random_forest,exp_20260724,0,6,22,406,96,0.30934987499495037,0.9270833333333334,0.927012056044314,0.968967013888889,0.0017359525204020847
left_close,handcrafted,rbf_svm,exp_20260724,0,6,22,406,96,0.028129667014582083,0.9479166666666667,0.9479110146500271,0.9778645833333334,0.0007418892247742267
left_close,handcrafted,hist_gradient_boosting,exp_20260724,0,6,22,406,96,3.637797250004951,0.8854166666666667,0.885104994015885,0.9639756944444444,0.0022672566556620837
left_close,handcrafted,mlp,exp_20260724,0,6,22,406,96,0.05843662499682978,0.9166666666666667,0.916083916083916,0.9921875,0.0017310102552548854
left_close,handcrafted,logistic,exp_20260724,0,8,29,550,96,0.014552209002431482,0.9791666666666667,0.9791576204950065,0.9861111111111112,0.0002731267562109568
left_close,handcrafted,random_forest,exp_20260724,0,8,29,550,96,0.19602995898458175,0.9479166666666666,0.9478657543173672,0.9559461805555556,0.000962777972058547
left_close,handcrafted,rbf_svm,exp_20260724,0,8,29,550,96,0.011414082982810214,0.8645833333333333,0.8642149929278642,0.9583333333333334,0.002658857131175478
left_close,handcrafted,hist_gradient_boosting,exp_20260724,0,8,29,550,96,4.855810874985764,0.9270833333333333,0.927075420510038,0.9513888888888888,0.0020409426428214545
left_close,handcrafted,mlp,exp_20260724,0,8,29,550,96,0.054230332985753193,0.8854166666666667,0.8838922484881804,0.9926215277777778,0.00276375987382137
left_close,handcrafted,logistic,exp_20260724,0,10,41,790,96,0.01728954099235125,0.9791666666666667,0.9791576204950065,0.9830729166666667,0.0002731267562109568
left_close,handcrafted,random_forest,exp_20260724,0,10,41,790,96,0.21622287499485537,0.9375,0.9374728614850196,0.9583333333333333,0.0010829219567371916
left_close,handcrafted,rbf_svm,exp_20260724,0,10,41,790,96,0.01253558398457244,0.8333333333333333,0.8321678321678322,0.9483506944444444,0.003163749991669625
left_close,handcrafted,hist_gradient_boosting,exp_20260724,0,10,41,790,96,5.732972167024855,0.9583333333333333,0.9582608695652174,0.9691840277777778,0.0007542811680861617
left_close,handcrafted,mlp,exp_20260724,0,10,41,790,96,0.0734025000128895,0.9166666666666667,0.916083916083916,0.993923611111111,0.0017310102552548854
left_close,handcrafted,logistic,exp_20260724,1,2,6,120,96,0.010188500018557534,0.8333333333333333,0.8321678321678322,0.8077256944444444,0.003163749991669625
left_close,handcrafted,random_forest,exp_20260724,1,2,6,120,96,0.17088387499097735,0.8854166666666667,0.884804188938584,0.9620225694444445,0.0019826052098192767
left_close,handcrafted,rbf_svm,exp_20260724,1,2,6,120,96,0.005971375008812174,0.8125,0.8117647058823529,0.9045138888888888,0.0034322296186195533
left_close,handcrafted,hist_gradient_boosting,exp_20260724,1,2,6,120,96,0.4767969999811612,0.8854166666666667,0.884804188938584,0.9613715277777778,0.002592550339513038
left_close,handcrafted,mlp,exp_20260724,1,2,6,120,96,0.07331945799523965,0.8229166666666667,0.8171838243530861,0.9309895833333334,0.00822747647460686
left_close,handcrafted,logistic,exp_20260724,1,4,14,276,96,0.02540070898248814,0.84375,0.8423645320197044,0.9140625,0.0027873232253622995
left_close,handcrafted,random_forest,exp_20260724,1,4,14,276,96,0.2201319999876432,0.8958333333333334,0.8954248366013071,0.9696180555555556,0.0018274954245240207
left_close,handcrafted,rbf_svm,exp_20260724,1,4,14,276,96,0.006397832999937236,0.8229166666666667,0.8219701101778116,0.9296875,0.0032705147763393686
left_close,handcrafted,hist_gradient_boosting,exp_20260724,1,4,14,276,96,2.058890166983474,0.9479166666666667,0.9479110146500271,0.97265625,0.0007515881493239282
left_close,handcrafted,mlp,exp_20260724,1,4,14,276,96,0.04957420800928958,0.84375,0.8398398398398399,0.9457465277777778,0.003902818891078181
left_close,handcrafted,logistic,exp_20260724,1,6,27,514,96,0.016306208010064438,0.96875,0.9687194525904204,0.98828125,0.0003778544017788365
left_close,handcrafted,random_forest,exp_20260724,1,6,27,514,96,0.21130850000190549,0.9375,0.9374728614850196,0.9730902777777777,0.0010829219567371916
left_close,handcrafted,rbf_svm,exp_20260724,1,6,27,514,96,0.009548832982545719,0.7708333333333333,0.7707338254450716,0.9092881944444444,0.005068173687425671
left_close,handcrafted,hist_gradient_boosting,exp_20260724,1,6,27,514,96,4.11383637500694,0.9479166666666667,0.9477749972799477,0.9700520833333333,0.0008610459527559055
left_close,handcrafted,mlp,exp_20260724,1,6,27,514,96,0.055179832997964695,0.8541666666666667,0.8509977827050997,0.9505208333333333,0.0035273667300433943
left_close,handcrafted,logistic,exp_20260724,1,8,34,646,96,0.01405154200620018,0.9791666666666667,0.9791576204950065,0.9852430555555556,0.0002731267562109568
left_close,handcrafted,random_forest,exp_20260724,1,8,34,646,96,0.20553329100948758,0.9479166666666667,0.9479110146500271,0.966796875,0.0008129456221737268
left_close,handcrafted,rbf_svm,exp_20260724,1,8,34,646,96,0.011705459008226171,0.8541666666666666,0.8535947712418301,0.959201388888889,0.0028086777356374198
left_close,handcrafted,hist_gradient_boosting,exp_20260724,1,8,34,646,96,6.89960091697867,0.9791666666666667,0.9791576204950065,0.9791666666666666,0.0002731267562109568
left_close,handcrafted,mlp,exp_20260724,1,8,34,646,96,0.14238141701207496,0.9166666666666667,0.916083916083916,0.9930555555555555,0.0017310102552548854
left_close,handcrafted,logistic,exp_20260724,2,2,7,132,96,0.02622395899379626,0.9791666666666667,0.9791576204950065,0.98828125,0.0002731267562109568
left_close,handcrafted,random_forest,exp_20260724,2,2,7,132,96,0.37260541698196903,0.9791666666666667,0.9791576204950065,0.9750434027777778,0.0002731267562109568
left_close,handcrafted,rbf_svm,exp_20260724,2,2,7,132,96,0.013736957975197583,0.9375,0.9373913043478261,0.9869791666666666,0.0010085347262924931
left_close,handcrafted,hist_gradient_boosting,exp_20260724,2,2,7,132,96,0.7950020419957582,0.9791666666666667,0.9791576204950065,0.9811197916666666,0.0002731267562109568
left_close,handcrafted,mlp,exp_20260724,2,2,7,132,96,0.035847292019752786,0.8854166666666667,0.8838922484881804,0.9670138888888888,0.0030341570248769937
left_close,handcrafted,logistic,exp_20260724,2,4,15,288,96,0.012326708005275577,0.9791666666666667,0.9791576204950065,0.994357638888889,0.0002731267562109568
left_close,handcrafted,random_forest,exp_20260724,2,4,15,288,96,0.20319800000288524,0.9583333333333334,0.9583333333333334,0.9798177083333334,0.0007082179766058472
left_close,handcrafted,rbf_svm,exp_20260724,2,4,15,288,96,0.006563166010892019,0.8958333333333334,0.8954248366013071,0.9782986111111112,0.0018927738948029905
left_close,handcrafted,hist_gradient_boosting,exp_20260724,2,4,15,288,96,2.5111846669751685,0.96875,0.9687194525904204,0.9835069444444444,0.0006495535225182822
left_close,handcrafted,mlp,exp_20260724,2,4,15,288,96,0.042284291004762053,0.8958333333333333,0.8946906537955244,0.9852430555555556,0.0023453811162337497
left_close,handcrafted,logistic,exp_20260724,2,6,27,502,96,0.013994417007779703,0.9791666666666667,0.9791576204950065,0.9913194444444445,0.0002731267562109568
left_close,handcrafted,random_forest,exp_20260724,2,6,27,502,96,0.21974770800443366,0.9270833333333334,0.927012056044314,0.9728732638888888,0.0012795803042943495
left_close,handcrafted,rbf_svm,exp_20260724,2,6,27,502,96,0.009666708996519446,0.8854166666666666,0.8853046594982079,0.96484375,0.0021354130914868472
left_close,handcrafted,hist_gradient_boosting,exp_20260724,2,6,27,502,96,3.758354290999705,0.96875,0.9687194525904204,0.9774305555555555,0.0003778544017788365
left_close,handcrafted,mlp,exp_20260724,2,6,27,502,96,0.07965658299508505,0.90625,0.9054187192118226,0.9926215277777778,0.0018360652652340487
left_close,handcrafted,logistic,exp_20260724,2,8,29,550,96,0.015880207996815443,0.9791666666666667,0.9791576204950065,0.9917534722222222,0.0002731267562109568
left_close,handcrafted,random_forest,exp_20260724,2,8,29,550,96,0.17729354201583192,0.9375,0.9374728614850196,0.9713541666666667,0.0009646330685781038
left_close,handcrafted,rbf_svm,exp_20260724,2,8,29,550,96,0.00829470797907561,0.8645833333333333,0.8642149929278642,0.9670138888888888,0.002658857131175478
left_close,handcrafted,hist_gradient_boosting,exp_20260724,2,8,29,550,96,3.634385832992848,0.96875,0.9687194525904204,0.9717881944444445,0.0003778544017788365
left_close,handcrafted,mlp,exp_20260724,2,8,29,550,96,0.05000937500153668,0.8958333333333333,0.8946906537955244,0.9934895833333333,0.002074983965178126
left_close,handcrafted,logistic,exp_20260727,0,2,13,238,96,0.012713999982224777,0.875,0.8601993950935365,0.9472222222222223,0.0014424558091877852
left_close,handcrafted,random_forest,exp_20260727,0,2,13,238,96,0.1837437089998275,0.9305555555555556,0.9234188034188033,0.9814814814814815,0.000768828510106947
left_close,handcrafted,rbf_svm,exp_20260727,0,2,13,238,96,0.0061952499963808805,0.9111111111111111,0.8928571428571428,0.9069444444444444,0.0010177365862619058
left_close,handcrafted,hist_gradient_boosting,exp_20260727,0,2,13,238,96,1.5834359579894226,0.9333333333333333,0.9142857142857144,0.9680555555555556,0.000788254753615264
left_close,handcrafted,mlp,exp_20260727,0,2,13,238,96,0.033898041991051286,0.925,0.9039039039039038,0.9300925925925926,0.0008730975026837629
left_close,handcrafted,logistic,exp_20260727,0,4,25,478,96,0.014315292006358504,0.9,0.873015873015873,0.9018518518518518,0.0013588049777011244
left_close,handcrafted,random_forest,exp_20260727,0,4,25,478,96,0.26405458300723694,0.925,0.9039039039039038,0.9358796296296296,0.0008730975026837629
left_close,handcrafted,rbf_svm,exp_20260727,0,4,25,478,96,0.009513791999779642,0.9027777777777778,0.8825492158825492,0.9064814814814814,0.001136622412911307
left_close,handcrafted,hist_gradient_boosting,exp_20260727,0,4,25,478,96,4.296105375018669,0.925,0.9039039039039038,0.9222222222222223,0.0008730975026837629
left_close,handcrafted,mlp,exp_20260727,0,4,25,478,96,0.055578958010300994,0.925,0.9039039039039038,0.9203703703703703,0.0008730975026837629
left_close,handcrafted,logistic,exp_20260727,0,6,28,538,96,0.017864541994640604,0.9,0.873015873015873,0.9310185185185185,0.0013588049777011244
left_close,handcrafted,random_forest,exp_20260727,0,6,28,538,96,0.21398333300021477,0.925,0.9039039039039038,0.9414351851851852,0.0008730975026837629
left_close,handcrafted,rbf_svm,exp_20260727,0,6,28,538,96,0.010018417000537738,0.9111111111111111,0.8928571428571428,0.9175925925925925,0.0010160240635871667
left_close,handcrafted,hist_gradient_boosting,exp_20260727,0,6,28,538,96,5.4817894590087235,0.925,0.9039039039039038,0.9212962962962963,0.0008730975026837629
left_close,handcrafted,mlp,exp_20260727,0,6,28,538,96,0.05717945800279267,0.925,0.9039039039039038,0.9282407407407408,0.0008730975026837629
left_close,handcrafted,logistic,exp_20260727,0,8,30,586,96,0.015115082991542295,0.9083333333333333,0.8832762241627059,0.9055555555555556,0.0011531329232175437
left_close,handcrafted,random_forest,exp_20260727,0,8,30,586,96,0.20808170799864456,0.925,0.9039039039039038,0.9263888888888889,0.0008730975026837629
left_close,handcrafted,rbf_svm,exp_20260727,0,8,30,586,96,0.010099000006448478,0.925,0.9039039039039038,0.9074074074074073,0.0008730975026837629
left_close,handcrafted,hist_gradient_boosting,exp_20260727,0,8,30,586,96,4.434381332976045,0.925,0.9039039039039038,0.9296296296296296,0.0008730975026837629
left_close,handcrafted,mlp,exp_20260727,0,8,30,586,96,0.05220383300911635,0.925,0.9039039039039038,0.9296296296296297,0.0008730975026837629
left_close,handcrafted,logistic,exp_20260727,0,10,40,790,96,0.01228083300520666,0.9166666666666667,0.893569844789357,0.9476851851851852,0.0009936958520079032
left_close,handcrafted,random_forest,exp_20260727,0,10,40,790,96,0.19869295798707753,0.9333333333333333,0.9142857142857144,0.9592592592592593,0.000788254753615264
left_close,handcrafted,rbf_svm,exp_20260727,0,10,40,790,96,0.010523333010496572,0.925,0.9039039039039038,0.9467592592592593,0.0008730975026837629
left_close,handcrafted,hist_gradient_boosting,exp_20260727,0,10,40,790,96,4.080564040981699,0.9194444444444445,0.9032149658339867,0.9111111111111112,0.001015895666376447
left_close,handcrafted,mlp,exp_20260727,0,10,40,790,96,0.062433790997602046,0.9333333333333333,0.9142857142857144,0.9569444444444445,0.000788254753615264
left_close,handcrafted,logistic,exp_20260727,1,2,12,228,96,0.010528250015340745,0.8583333333333334,0.8720775287704422,0.975462962962963,0.001632571772012102
left_close,handcrafted,random_forest,exp_20260727,1,2,12,228,96,0.16813583299517632,0.9388888888888889,0.9340357306459002,0.9828703703703704,0.0006863974728807488
left_close,handcrafted,rbf_svm,exp_20260727,1,2,12,228,96,0.0061228749982547015,0.9333333333333333,0.9142857142857144,0.9750000000000001,0.000788254753615264
left_close,handcrafted,hist_gradient_boosting,exp_20260727,1,2,12,228,96,0.8095749159983825,0.8805555555555555,0.8784390468516173,0.9652777777777778,0.0013404817685158917
left_close,handcrafted,mlp,exp_20260727,1,2,12,228,96,0.03914141599670984,0.9333333333333333,0.9142857142857144,0.9625,0.000788254753615264
left_close,handcrafted,logistic,exp_20260727,1,4,14,276,96,0.012471041001845151,0.9055555555555556,0.9100702576112412,0.9726851851851852,0.0010393705783200149
left_close,handcrafted,random_forest,exp_20260727,1,4,14,276,96,0.1771407909982372,0.9416666666666667,0.924722751204212,0.9796296296296296,0.0006765979276814522
left_close,handcrafted,rbf_svm,exp_20260727,1,4,14,276,96,0.005989625002257526,0.9333333333333333,0.9142857142857144,0.9726851851851852,0.000788254753615264
left_close,handcrafted,hist_gradient_boosting,exp_20260727,1,4,14,276,96,1.8534286249778233,0.9222222222222223,0.9128856624319419,0.9578703703703704,0.0008804170130296822
left_close,handcrafted,mlp,exp_20260727,1,4,14,276,96,0.046279708010843024,0.9333333333333333,0.9142857142857144,0.9625,0.000788254753615264
left_close,handcrafted,logistic,exp_20260727,1,6,25,490,96,0.012737540993839502,0.9333333333333333,0.9142857142857144,0.9652777777777778,0.000788254753615264
left_close,handcrafted,random_forest,exp_20260727,1,6,25,490,96,0.1868974580138456,0.9333333333333333,0.9142857142857144,0.9520833333333333,0.000788254753615264
left_close,handcrafted,rbf_svm,exp_20260727,1,6,25,490,96,0.007640499999979511,0.9333333333333333,0.9142857142857144,0.9648148148148148,0.000788254753615264
left_close,handcrafted,hist_gradient_boosting,exp_20260727,1,6,25,490,96,4.4991507079976145,0.8805555555555555,0.8784390468516173,0.9435185185185185,0.0013404817685158917
left_close,handcrafted,mlp,exp_20260727,1,6,25,490,96,0.05672116597997956,0.9333333333333333,0.9142857142857144,0.9638888888888889,0.000788254753615264
left_close,handcrafted,logistic,exp_20260727,1,8,32,634,96,0.012912292004330084,0.925,0.9039039039039038,0.9550925925925926,0.0008730975026837629
left_close,handcrafted,random_forest,exp_20260727,1,8,32,634,96,0.23465749999741092,0.9333333333333333,0.9142857142857144,0.9407407407407408,0.000788254753615264
left_close,handcrafted,rbf_svm,exp_20260727,1,8,32,634,96,0.011473165999632329,0.9333333333333333,0.9142857142857144,0.9611111111111111,0.000788254753615264
left_close,handcrafted,hist_gradient_boosting,exp_20260727,1,8,32,634,96,5.179224375024205,0.9333333333333333,0.9142857142857144,0.9152777777777779,0.000788254753615264
left_close,handcrafted,mlp,exp_20260727,1,8,32,634,96,0.09942600000067614,0.9333333333333333,0.9142857142857144,0.937962962962963,0.000788254753615264
left_close,handcrafted,logistic,exp_20260727,2,2,3,60,96,0.008520625007804483,0.9333333333333333,0.9142857142857144,0.9527777777777778,0.000788254753615264
left_close,handcrafted,random_forest,exp_20260727,2,2,3,60,96,0.1736838750075549,0.9333333333333333,0.9142857142857144,0.9576388888888889,0.000788254753615264
left_close,handcrafted,rbf_svm,exp_20260727,2,2,3,60,96,0.0058126249932684,0.9333333333333333,0.9142857142857144,0.9500000000000001,0.000788254753615264
left_close,handcrafted,hist_gradient_boosting,exp_20260727,2,2,3,60,96,0.2612986250023823,0.9333333333333333,0.9142857142857144,0.9333333333333333,0.000788254753615264
left_close,handcrafted,mlp,exp_20260727,2,2,3,60,96,0.07165825000265613,0.8416666666666667,0.8015449896638016,0.9685185185185186,0.002749581366988049
left_close,handcrafted,logistic,exp_20260727,2,4,15,288,96,0.030638249998446554,0.8944444444444444,0.8900595510765003,0.9675925925925926,0.0011862504093061604
left_close,handcrafted,random_forest,exp_20260727,2,4,15,288,96,0.2788407079933677,0.9333333333333333,0.9142857142857144,0.9673611111111111,0.000788254753615264
left_close,handcrafted,rbf_svm,exp_20260727,2,4,15,288,96,0.010978250007610768,0.9333333333333333,0.9142857142857144,0.9657407407407408,0.000788254753615264
left_close,handcrafted,hist_gradient_boosting,exp_20260727,2,4,15,288,96,2.551191500009736,0.9138888888888889,0.9024280067758328,0.9393518518518519,0.0009920738389634942
left_close,handcrafted,mlp,exp_20260727,2,4,15,288,96,0.05819383400375955,0.9333333333333333,0.9142857142857144,0.9606481481481481,0.000788254753615264
left_close,handcrafted,logistic,exp_20260727,2,6,20,408,96,0.02016191597795114,0.9333333333333333,0.9142857142857144,0.9597222222222223,0.000788254753615264
left_close,handcrafted,random_forest,exp_20260727,2,6,20,408,96,0.21734070900129154,0.9333333333333333,0.9142857142857144,0.9430555555555555,0.000788254753615264
left_close,handcrafted,rbf_svm,exp_20260727,2,6,20,408,96,0.012704709020908922,0.9333333333333333,0.9142857142857144,0.9365740740740741,0.000788254753615264
left_close,handcrafted,hist_gradient_boosting,exp_20260727,2,6,20,408,96,3.640117500006454,0.9222222222222223,0.9128856624319419,0.9236111111111112,0.0008804170130296822
left_close,handcrafted,mlp,exp_20260727,2,6,20,408,96,0.07909983399440534,0.9333333333333333,0.9142857142857144,0.9685185185185186,0.000788254753615264
left_close,handcrafted,logistic,exp_20260727,2,8,27,552,96,0.03769058399484493,0.925,0.9039039039039038,0.9453703703703703,0.0008730975026837629
left_close,handcrafted,random_forest,exp_20260727,2,8,27,552,96,0.2945197079970967,0.9333333333333333,0.9142857142857144,0.9571759259259259,0.000788254753615264
left_close,handcrafted,rbf_svm,exp_20260727,2,8,27,552,96,0.015074249997269362,0.9333333333333333,0.9142857142857144,0.9523148148148148,0.000788254753615264
left_close,handcrafted,hist_gradient_boosting,exp_20260727,2,8,27,552,96,3.598000833997503,0.9333333333333333,0.9142857142857144,0.9162037037037037,0.000788254753615264
left_close,handcrafted,mlp,exp_20260727,2,8,27,552,96,0.057621915999334306,0.9333333333333333,0.9142857142857144,0.9564814814814815,0.000788254753615264
left_close,handcrafted,logistic,exp_20260728,0,2,5,120,120,0.011490208009490743,0.8506944444444444,0.8577777777777778,0.951388888888889,0.0019175849033247435
left_close,handcrafted,random_forest,exp_20260728,0,2,5,120,120,0.1820661670062691,0.8506944444444444,0.8577777777777778,0.9380787037037036,0.001924418459496865
left_close,handcrafted,rbf_svm,exp_20260728,0,2,5,120,120,0.006704750005155802,0.8611111111111112,0.8672468471126189,0.943576388888889,0.0017758549329543489
left_close,handcrafted,hist_gradient_boosting,exp_20260728,0,2,5,120,120,0.5906511250068434,0.7708333333333334,0.7830018083182639,0.7557870370370371,0.0037819090625889236
left_close,handcrafted,mlp,exp_20260728,0,2,5,120,120,0.02913683300721459,0.9513888888888888,0.9404719722202537,0.9589120370370371,0.0006289046543246249
left_close,handcrafted,logistic,exp_20260728,0,4,7,168,120,0.011123750009573996,0.8611111111111112,0.8672468471126189,0.9618055555555556,0.0017758549329543489
left_close,handcrafted,random_forest,exp_20260728,0,4,7,168,120,0.1927516249998007,0.8611111111111112,0.8672468471126189,0.9427083333333334,0.0017758549329543489
left_close,handcrafted,rbf_svm,exp_20260728,0,4,7,168,120,0.007284708000952378,0.8611111111111112,0.8672468471126189,0.9522569444444444,0.0017758549329543489
left_close,handcrafted,hist_gradient_boosting,exp_20260728,0,4,7,168,120,0.6332160000165459,0.7777777777777778,0.788197375489218,0.9528356481481481,0.0034621797621652147
left_close,handcrafted,mlp,exp_20260728,0,4,7,168,120,0.03211645799456164,0.9513888888888888,0.9404719722202537,0.9606481481481481,0.0006289046543246249
left_close,handcrafted,logistic,exp_20260728,0,6,15,324,120,0.01385920899338089,0.9131944444444444,0.9131944444444444,0.9450231481481481,0.0010153752136694146
left_close,handcrafted,random_forest,exp_20260728,0,6,15,324,120,0.1976995829900261,0.9131944444444444,0.9131944444444444,0.9402488425925927,0.0011261806495473546
left_close,handcrafted,rbf_svm,exp_20260728,0,6,15,324,120,0.006965916982153431,0.9131944444444444,0.9131944444444444,0.9482060185185186,0.0010153752136694146
left_close,handcrafted,hist_gradient_boosting,exp_20260728,0,6,15,324,120,2.381178457988426,0.9548611111111112,0.9485714285714286,0.9432870370370371,0.0006092692338556051
left_close,handcrafted,mlp,exp_20260728,0,6,15,324,120,0.06354350000037812,0.9652777777777778,0.9572619132416839,0.9664351851851852,0.00039383945755213875
left_close,handcrafted,logistic,exp_20260728,0,8,27,538,120,0.01323429201147519,0.9131944444444444,0.9131944444444444,0.9554398148148149,0.0010153752136694146
left_close,handcrafted,random_forest,exp_20260728,0,8,27,538,120,0.19733154197456315,0.9236111111111112,0.9221397159541489,0.950954861111111,0.0009666000858200143
left_close,handcrafted,rbf_svm,exp_20260728,0,8,27,538,120,0.011327666987199336,0.9548611111111112,0.9485714285714286,0.9615162037037037,0.0004989653551730573
left_close,handcrafted,hist_gradient_boosting,exp_20260728,0,8,27,538,120,3.3004168330226094,0.9131944444444444,0.9131944444444444,0.9476273148148149,0.00105340536141844
left_close,handcrafted,mlp,exp_20260728,0,8,27,538,120,0.05291408399352804,0.9652777777777778,0.9572619132416839,0.9638310185185186,0.00039383945755213875
left_close,handcrafted,logistic,exp_20260728,0,10,39,766,120,0.015380124998046085,0.9131944444444444,0.9131944444444444,0.9615162037037037,0.0010153752136694146
left_close,handcrafted,random_forest,exp_20260728,0,10,39,766,120,0.31617658300092444,0.8819444444444444,0.8858898398068905,0.9497974537037037,0.0014530402125701367
left_close,handcrafted,rbf_svm,exp_20260728,0,10,39,766,120,0.010799292009323835,0.9652777777777778,0.9572619132416839,0.9583333333333334,0.00039383945755213875
left_close,handcrafted,hist_gradient_boosting,exp_20260728,0,10,39,766,120,4.3901507499977015,0.8819444444444444,0.8858898398068905,0.9490740740740741,0.0015687455061204206
left_close,handcrafted,mlp,exp_20260728,0,10,39,766,120,0.06380929102306254,0.9652777777777778,0.9572619132416839,0.9644097222222222,0.00039383945755213875
left_close,handcrafted,logistic,exp_20260728,1,2,10,204,120,0.012161416991148144,0.8611111111111112,0.8672468471126189,0.9615162037037037,0.0017758549329543489
left_close,handcrafted,random_forest,exp_20260728,1,2,10,204,120,0.1737301670073066,0.8298611111111112,0.8385167464114832,0.9522569444444444,0.002251699205527946
left_close,handcrafted,rbf_svm,exp_20260728,1,2,10,204,120,0.005403040995588526,0.8611111111111112,0.8672468471126189,0.9464699074074074,0.0017758549329543489
left_close,handcrafted,hist_gradient_boosting,exp_20260728,1,2,10,204,120,0.722638957988238,0.7673611111111112,0.7777091694967582,0.6604456018518519,0.003621301381649314
left_close,handcrafted,mlp,exp_20260728,1,2,10,204,120,0.036207083001499996,0.9652777777777778,0.9572619132416839,0.9644097222222222,0.00039383945755213875
left_close,handcrafted,logistic,exp_20260728,1,4,17,348,120,0.013376374990912154,0.9027777777777778,0.9041742286751361,0.9409722222222222,0.0011316026337937456
left_close,handcrafted,random_forest,exp_20260728,1,4,17,348,120,0.19634224998299032,0.9027777777777778,0.9041742286751361,0.94140625,0.0011316026337937456
left_close,handcrafted,rbf_svm,exp_20260728,1,4,17,348,120,0.00826295799924992,0.8923611111111112,0.8950743223549986,0.9464699074074074,0.001347032410097212
left_close,handcrafted,hist_gradient_boosting,exp_20260728,1,4,17,348,120,2.4373695829999633,0.9236111111111112,0.9221397159541489,0.9487847222222222,0.0009107508732438882
left_close,handcrafted,mlp,exp_20260728,1,4,17,348,120,0.0588895829860121,0.9652777777777778,0.9572619132416839,0.9641203703703703,0.00039383945755213875
left_close,handcrafted,logistic,exp_20260728,1,6,23,468,120,0.016062832990428433,0.9027777777777778,0.9041742286751361,0.9484953703703703,0.0011316026337937456
left_close,handcrafted,random_forest,exp_20260728,1,6,23,468,120,0.22784591699019074,0.8923611111111112,0.8950743223549986,0.9484953703703703,0.001347032410097212
left_close,handcrafted,rbf_svm,exp_20260728,1,6,23,468,120,0.014304749987786636,0.9131944444444444,0.9131944444444444,0.951388888888889,0.0010153752136694146
left_close,handcrafted,hist_gradient_boosting,exp_20260728,1,6,23,468,120,4.76774683300755,0.8819444444444444,0.8858898398068905,0.9484953703703703,0.0014813033664714196
left_close,handcrafted,mlp,exp_20260728,1,6,23,468,120,0.0848403749987483,0.9652777777777778,0.9572619132416839,0.9620949074074074,0.00039383945755213875
left_close,handcrafted,logistic,exp_20260728,1,8,31,610,120,0.01413670799229294,0.9131944444444444,0.9131944444444444,0.9557291666666667,0.0010153752136694146
left_close,handcrafted,random_forest,exp_20260728,1,8,31,610,120,0.2080002079892438,0.8923611111111112,0.8950743223549986,0.9505208333333333,0.001426091017945869
left_close,handcrafted,rbf_svm,exp_20260728,1,8,31,610,120,0.010085082991281524,0.9444444444444444,0.9398237696110037,0.9641203703703703,0.0006040486398418247
left_close,handcrafted,hist_gradient_boosting,exp_20260728,1,8,31,610,120,4.830336624989286,0.8923611111111112,0.8950743223549986,0.9467592592592593,0.0013734594781474327
left_close,handcrafted,mlp,exp_20260728,1,8,31,610,120,0.051474915992002934,0.9652777777777778,0.9572619132416839,0.9658564814814815,0.00039383945755213875
left_close,handcrafted,logistic,exp_20260728,2,2,11,216,120,0.012797625007806346,0.8194444444444444,0.8287130944331755,0.9574652777777778,0.002663536513808072
left_close,handcrafted,random_forest,exp_20260728,2,2,11,216,120,0.1954214999859687,0.7986111111111112,0.8087286527514231,0.9592013888888888,0.0031649318050582477
left_close,handcrafted,rbf_svm,exp_20260728,2,2,11,216,120,0.008015916973818094,0.9652777777777778,0.9572619132416839,0.9568865740740741,0.00039383945755213875
left_close,handcrafted,hist_gradient_boosting,exp_20260728,2,2,11,216,120,1.04358745799982,0.7986111111111112,0.8087286527514231,0.9557291666666667,0.003287769708920264
left_close,handcrafted,mlp,exp_20260728,2,2,11,216,120,0.03259124999749474,0.9652777777777778,0.9572619132416839,0.951388888888889,0.00039383945755213875
left_close,handcrafted,logistic,exp_20260728,2,4,13,264,120,0.013022999977692962,0.8263888888888888,0.8369072787677438,0.9667245370370371,0.0024048546478025665
left_close,handcrafted,random_forest,exp_20260728,2,4,13,264,120,0.19734149999567308,0.8298611111111112,0.8385167464114832,0.957175925925926,0.0025095783268184848
left_close,handcrafted,rbf_svm,exp_20260728,2,4,13,264,120,0.010327957978006452,0.9652777777777778,0.9572619132416839,0.9675925925925927,0.00039383945755213875
left_close,handcrafted,hist_gradient_boosting,exp_20260728,2,4,13,264,120,2.1060309589956887,0.8090277777777778,0.8187858652974932,0.9571759259259259,0.003163124362787201
left_close,handcrafted,mlp,exp_20260728,2,4,13,264,120,0.03508570799021982,0.9652777777777778,0.9572619132416839,0.962962962962963,0.00039383945755213875
left_close,handcrafted,logistic,exp_20260728,2,6,21,408,120,0.01328308301162906,0.8506944444444444,0.8577777777777778,0.9641203703703703,0.0019175849033247435
left_close,handcrafted,random_forest,exp_20260728,2,6,21,408,120,0.1846690830134321,0.8298611111111112,0.8385167464114832,0.9528356481481481,0.0025095783268184848
left_close,handcrafted,rbf_svm,exp_20260728,2,6,21,408,120,0.013263874978292733,0.9444444444444444,0.9398237696110037,0.9644097222222222,0.0006035896955985838
left_close,handcrafted,hist_gradient_boosting,exp_20260728,2,6,21,408,120,2.9381445410253946,0.7986111111111112,0.8087286527514231,0.9565972222222222,0.0033635932207707296
left_close,handcrafted,mlp,exp_20260728,2,6,21,408,120,0.052287041005911306,0.9652777777777778,0.9572619132416839,0.9664351851851852,0.00039383945755213875
left_close,handcrafted,logistic,exp_20260728,2,8,29,550,120,0.015177790977759287,0.8611111111111112,0.8672468471126189,0.9678819444444444,0.0017758549329543489
left_close,handcrafted,random_forest,exp_20260728,2,8,29,550,120,0.2171698329912033,0.8402777777777778,0.848202991293995,0.9565972222222223,0.00218584242279192
left_close,handcrafted,rbf_svm,exp_20260728,2,8,29,550,120,0.009954584005754441,0.9548611111111112,0.9485714285714286,0.9675925925925926,0.0004989653551730573
left_close,handcrafted,hist_gradient_boosting,exp_20260728,2,8,29,550,120,4.536977041978389,0.8298611111111112,0.8385167464114832,0.9597800925925927,0.0025278005530391104
left_close,handcrafted,mlp,exp_20260728,2,8,29,550,120,0.054275125003186986,0.9652777777777778,0.9572619132416839,0.9658564814814815,0.00039383945755213875
left_close,handcrafted,logistic,exp_20260729,0,2,8,142,120,0.011114499997347593,0.9375,0.9238095238095239,0.9195601851851852,0.0014014032742416832
left_close,handcrafted,random_forest,exp_20260729,0,2,8,142,120,0.17808424998656847,0.9270833333333333,0.9151583710407241,0.9325810185185186,0.0015065308641691213
left_close,handcrafted,rbf_svm,exp_20260729,0,2,8,142,120,0.006443208985729143,0.9375,0.9238095238095239,0.9334490740740741,0.0014014032742416832
left_close,handcrafted,hist_gradient_boosting,exp_20260729,0,2,8,142,120,0.5404225419915747,0.9270833333333333,0.9151583710407241,0.943431712962963,0.0015065308641691213
left_close,handcrafted,mlp,exp_20260729,0,2,8,142,120,0.041109625017270446,0.9375,0.9238095238095239,0.9175347222222222,0.0014014032742416832
left_close,handcrafted,logistic,exp_20260729,0,4,11,202,120,0.010734874987974763,0.9375,0.9238095238095239,0.916087962962963,0.0014014032742416832
left_close,handcrafted,random_forest,exp_20260729,0,4,11,202,120,0.18501133300014772,0.9270833333333333,0.9151583710407241,0.9296875,0.0015065308641691213
left_close,handcrafted,rbf_svm,exp_20260729,0,4,11,202,120,0.006235540990019217,0.9375,0.9238095238095239,0.9386574074074074,0.0014014032742416832
left_close,handcrafted,hist_gradient_boosting,exp_20260729,0,4,11,202,120,0.8541512909869198,0.9270833333333333,0.9151583710407241,0.9435763888888888,0.0015065308641691213
left_close,handcrafted,mlp,exp_20260729,0,4,11,202,120,0.04754270799458027,0.9375,0.9238095238095239,0.916087962962963,0.0014014032742416832
left_close,handcrafted,logistic,exp_20260729,0,6,23,430,120,0.012338416010607034,0.9236111111111112,0.9147485080988917,0.9169560185185185,0.0015618466666767385
left_close,handcrafted,random_forest,exp_20260729,0,6,23,430,120,0.23011699999915436,0.9236111111111112,0.9147485080988917,0.9632523148148148,0.0015618466666767385
left_close,handcrafted,rbf_svm,exp_20260729,0,6,23,430,120,0.007777582999551669,0.9270833333333333,0.9151583710407241,0.9184027777777778,0.0015065308641691213
left_close,handcrafted,hist_gradient_boosting,exp_20260729,0,6,23,430,120,3.5159013330121525,0.9027777777777777,0.8971428571428571,0.9759837962962963,0.002023170978350292
left_close,handcrafted,mlp,exp_20260729,0,6,23,430,120,0.06100962500204332,0.9375,0.9238095238095239,0.9181134259259259,0.0014014032742416832
left_close,handcrafted,logistic,exp_20260729,0,8,33,646,120,0.041323999990709126,0.9444444444444444,0.9321266968325792,0.9204282407407407,0.0013012106282449855
left_close,handcrafted,random_forest,exp_20260729,0,8,33,646,120,0.22467745901667513,0.9444444444444444,0.9321266968325792,0.9615162037037037,0.0013012106282449855
left_close,handcrafted,rbf_svm,exp_20260729,0,8,33,646,120,0.01782504201401025,0.9375,0.9238095238095239,0.9230324074074073,0.0014014032742416832
left_close,handcrafted,hist_gradient_boosting,exp_20260729,0,8,33,646,120,6.7602659999975,0.9340277777777777,0.9234639642831833,0.9864004629629629,0.0014063382181724235
left_close,handcrafted,mlp,exp_20260729,0,8,33,646,120,0.06129537502420135,0.9375,0.9238095238095239,0.9210069444444444,0.0014014032742416832
left_close,handcrafted,logistic,exp_20260729,0,10,39,766,120,0.01560462499037385,0.9444444444444444,0.9321266968325792,0.9195601851851851,0.0013012106282449855
left_close,handcrafted,random_forest,exp_20260729,0,10,39,766,120,0.23303800000576302,0.9131944444444444,0.9059762091317045,0.9583333333333334,0.001828662004648696
left_close,handcrafted,rbf_svm,exp_20260729,0,10,39,766,120,0.01312550000147894,0.9375,0.9238095238095239,0.935474537037037,0.0014014032742416832
left_close,handcrafted,hist_gradient_boosting,exp_20260729,0,10,39,766,120,7.917037040984724,0.9340277777777777,0.9234639642831833,0.9670138888888888,0.0014063382181724235
left_close,handcrafted,mlp,exp_20260729,0,10,39,766,120,0.07193979099974968,0.9375,0.9238095238095239,0.921875,0.0014014032742416832
left_close,handcrafted,logistic,exp_20260729,1,2,3,60,120,0.01046449999557808,0.9375,0.9238095238095239,0.9210069444444444,0.0014014032742416832
left_close,handcrafted,random_forest,exp_20260729,1,2,3,60,120,0.17550270800711587,0.9375,0.9238095238095239,0.9351851851851852,0.0014014032742416832
left_close,handcrafted,rbf_svm,exp_20260729,1,2,3,60,120,0.0059172499750275165,0.9236111111111112,0.9147485080988917,0.9366319444444444,0.0015618466666767385
left_close,handcrafted,hist_gradient_boosting,exp_20260729,1,2,3,60,120,0.19801974997972138,0.9375,0.9238095238095239,0.9375,0.0014014032742416832
left_close,handcrafted,mlp,exp_20260729,1,2,3,60,120,0.0355812500056345,0.8263888888888888,0.7916521980693103,0.919849537037037,0.0031619576487764613
left_close,handcrafted,logistic,exp_20260729,1,4,9,180,120,0.01212104200385511,0.8854166666666667,0.88,0.9019097222222222,0.0021254449460749395
left_close,handcrafted,random_forest,exp_20260729,1,4,9,180,120,0.1807324170076754,0.875,0.871050934880722,0.927662037037037,0.002413808540483655
left_close,handcrafted,rbf_svm,exp_20260729,1,4,9,180,120,0.0062133749888744205,0.9270833333333333,0.9151583710407241,0.9215856481481481,0.0015065308641691213
left_close,handcrafted,hist_gradient_boosting,exp_20260729,1,4,9,180,120,0.805948334018467,0.8541666666666667,0.852930574580059,0.9262152777777778,0.0027348847192159636
left_close,handcrafted,mlp,exp_20260729,1,4,9,180,120,0.0458587909815833,0.9305555555555556,0.9155167558434244,0.9181134259259259,0.0015251326206994994
left_close,handcrafted,logistic,exp_20260729,1,6,21,420,120,0.014449374983087182,0.9375,0.9238095238095239,0.9160879629629628,0.0014014032742416832
left_close,handcrafted,random_forest,exp_20260729,1,6,21,420,120,0.20491475000744686,0.9166666666666667,0.906455956346113,0.9639756944444444,0.001842445621372742
left_close,handcrafted,rbf_svm,exp_20260729,1,6,21,420,120,0.0081270829832647,0.9375,0.9238095238095239,0.9429976851851852,0.0014014032742416832
left_close,handcrafted,hist_gradient_boosting,exp_20260729,1,6,21,420,120,2.810157291998621,0.9097222222222223,0.8981900452488687,0.9713541666666667,0.0019307220132327282
left_close,handcrafted,mlp,exp_20260729,1,6,21,420,120,0.06994820799445733,0.9375,0.9238095238095239,0.9215856481481481,0.0014014032742416832
left_close,handcrafted,logistic,exp_20260729,1,8,28,552,120,0.014172583993058652,0.9444444444444444,0.9321266968325792,0.9195601851851851,0.0013012106282449855
left_close,handcrafted,random_forest,exp_20260729,1,8,28,552,120,0.21447012497810647,0.9270833333333333,0.9151583710407241,0.9597800925925926,0.0016599964234068538
left_close,handcrafted,rbf_svm,exp_20260729,1,8,28,552,120,0.01002995899762027,0.9375,0.9238095238095239,0.9421296296296297,0.0014014032742416832
left_close,handcrafted,hist_gradient_boosting,exp_20260729,1,8,28,552,120,3.7598380840208847,0.9270833333333333,0.9151583710407241,0.9762731481481483,0.0016363974503037268
left_close,handcrafted,mlp,exp_20260729,1,8,28,552,120,0.07209120798506774,0.9375,0.9238095238095239,0.9215856481481481,0.0014014032742416832
left_close,handcrafted,logistic,exp_20260729,2,2,13,238,120,0.010419208992971107,0.9305555555555556,0.9155167558434244,0.9071180555555556,0.0015251326206994994
left_close,handcrafted,random_forest,exp_20260729,2,2,13,238,120,0.18374474998563528,0.9375,0.9238095238095239,0.9340277777777779,0.0014014032742416832
left_close,handcrafted,rbf_svm,exp_20260729,2,2,13,238,120,0.006817332992795855,0.9305555555555556,0.9155167558434244,0.9427083333333334,0.0015251326206994994
left_close,handcrafted,hist_gradient_boosting,exp_20260729,2,2,13,238,120,2.190859124995768,0.9375,0.9238095238095239,0.931712962962963,0.0014014032742416832
left_close,handcrafted,mlp,exp_20260729,2,2,13,238,120,0.039248708984814584,0.9305555555555556,0.9155167558434244,0.925636574074074,0.0015251326206994994
left_close,handcrafted,logistic,exp_20260729,2,4,18,358,120,0.01587920798920095,0.9375,0.9238095238095239,0.9227430555555555,0.0014014032742416832
left_close,handcrafted,random_forest,exp_20260729,2,4,18,358,120,0.2205898749816697,0.9375,0.9238095238095239,0.9225983796296297,0.0014014032742416832
left_close,handcrafted,rbf_svm,exp_20260729,2,4,18,358,120,0.01021254199440591,0.9375,0.9238095238095239,0.9487847222222222,0.0014014032742416832
left_close,handcrafted,hist_gradient_boosting,exp_20260729,2,4,18,358,120,4.258991999988211,0.9444444444444444,0.9321266968325792,0.9377893518518517,0.0013012106282449855
left_close,handcrafted,mlp,exp_20260729,2,4,18,358,120,0.05779733299277723,0.9375,0.9238095238095239,0.9230324074074074,0.0014014032742416832
left_close,handcrafted,logistic,exp_20260729,2,6,25,490,120,0.014370457996847108,0.9375,0.9238095238095239,0.9146412037037037,0.0014014032742416832
left_close,handcrafted,random_forest,exp_20260729,2,6,25,490,120,0.22648141701938584,0.9236111111111112,0.9147485080988917,0.9210069444444444,0.0017235344147212579
left_close,handcrafted,rbf_svm,exp_20260729,2,6,25,490,120,0.009323707985458896,0.9375,0.9238095238095239,0.9357638888888888,0.0014014032742416832
left_close,handcrafted,hist_gradient_boosting,exp_20260729,2,6,25,490,120,5.197512749989983,0.9340277777777777,0.9234639642831833,0.9230324074074074,0.0014063382181724235
left_close,handcrafted,mlp,exp_20260729,2,6,25,490,120,0.058002333011245355,0.9375,0.9238095238095239,0.9233217592592593,0.0014014032742416832
left_close,handcrafted,logistic,exp_20260729,2,8,32,622,120,0.013827457994921133,0.9340277777777777,0.9234639642831833,0.9163773148148148,0.0014063382181724235
left_close,handcrafted,random_forest,exp_20260729,2,8,32,622,120,0.22195166599703953,0.9131944444444444,0.9059762091317045,0.9134837962962964,0.001828662004648696
left_close,handcrafted,rbf_svm,exp_20260729,2,8,32,622,120,0.01332774999900721,0.9375,0.9238095238095239,0.9262152777777777,0.0014014032742416832
left_close,handcrafted,hist_gradient_boosting,exp_20260729,2,8,32,622,120,3.929858916992089,0.9444444444444444,0.9321266968325792,0.9207175925925926,0.0013012106282449855
left_close,handcrafted,mlp,exp_20260729,2,8,32,622,120,0.08528124997974373,0.9375,0.9238095238095239,0.9204282407407407,0.0014014032742416832
left_close,handcrafted,logistic,exp_20260730,0,2,7,132,120,0.011175042018294334,0.8819444444444444,0.8653198653198653,0.9215856481481481,0.002746129935617613
left_close,handcrafted,random_forest,exp_20260730,0,2,7,132,120,0.1726569169841241,0.875,0.8571328524406472,0.884693287037037,0.002714661299491695
left_close,handcrafted,rbf_svm,exp_20260730,0,2,7,132,120,0.005135207989951596,0.8472222222222223,0.8447829836159816,0.9007523148148149,0.002997967765387381
left_close,handcrafted,hist_gradient_boosting,exp_20260730,0,2,7,132,120,0.445315249991836,0.8506944444444444,0.8391534391534392,0.8816550925925926,0.0031452086367498608
left_close,handcrafted,mlp,exp_20260730,0,2,7,132,120,0.03678420800133608,0.8680555555555556,0.841391304347826,0.9296875,0.003366392224769586
left_close,handcrafted,logistic,exp_20260730,0,4,13,264,120,0.010763333004433662,0.8506944444444444,0.8391534391534392,0.9074074074074074,0.003124478618634788
left_close,handcrafted,random_forest,exp_20260730,0,4,13,264,120,0.20550879198708571,0.8333333333333334,0.8285714285714285,0.8938078703703705,0.003333415439893965
left_close,handcrafted,rbf_svm,exp_20260730,0,4,13,264,120,0.014104874979238957,0.8298611111111112,0.8275366484622018,0.8839699074074074,0.0036229819098892975
left_close,handcrafted,hist_gradient_boosting,exp_20260730,0,4,13,264,120,3.494745082978625,0.8402777777777778,0.8366645175155814,0.9227430555555556,0.0032846052981706513
left_close,handcrafted,mlp,exp_20260730,0,4,13,264,120,0.0696158749924507,0.8819444444444444,0.8578496272036792,0.9288194444444444,0.0030190336602429323
left_close,handcrafted,logistic,exp_20260730,0,6,20,408,120,0.021642834006343037,0.8506944444444444,0.8391534391534392,0.869212962962963,0.0031452086367498608
left_close,handcrafted,random_forest,exp_20260730,0,6,20,408,120,0.2335973340086639,0.875,0.8571328524406472,0.9147858796296297,0.002714661299491695
left_close,handcrafted,rbf_svm,exp_20260730,0,6,20,408,120,0.008158707991242409,0.8611111111111112,0.847930160518164,0.8799189814814814,0.002887723116990369
left_close,handcrafted,hist_gradient_boosting,exp_20260730,0,6,20,408,120,4.560006124986103,0.8576388888888888,0.8472850678733032,0.931423611111111,0.002955935692014005
left_close,handcrafted,mlp,exp_20260730,0,6,20,408,120,0.06558904200210236,0.8819444444444444,0.8578496272036792,0.9273726851851851,0.0030190336602429323
left_close,handcrafted,logistic,exp_20260730,0,8,28,550,120,0.01665941599640064,0.8645833333333333,0.8484848484848485,0.8683449074074073,0.0028243941087941833
left_close,handcrafted,random_forest,exp_20260730,0,8,28,550,120,0.21082604202092625,0.8784722222222222,0.8575319505552064,0.9299768518518519,0.0028808467953001233
left_close,handcrafted,rbf_svm,exp_20260730,0,8,28,550,120,0.009353832982014865,0.8888888888888888,0.8660714285714286,0.8637152777777778,0.0027711139859976355
left_close,handcrafted,hist_gradient_boosting,exp_20260730,0,8,28,550,120,3.6373860420135316,0.8645833333333333,0.8484848484848485,0.9331597222222221,0.003041048800475897
left_close,handcrafted,mlp,exp_20260730,0,8,28,550,120,0.06461641701753251,0.8819444444444444,0.8578496272036792,0.9108796296296297,0.0030190336602429323
left_close,handcrafted,logistic,exp_20260730,0,10,39,766,120,0.014784958999371156,0.8854166666666666,0.8657342657342657,0.8729745370370371,0.0026100426918406923
left_close,handcrafted,random_forest,exp_20260730,0,10,39,766,120,0.20201470798929222,0.8854166666666666,0.8657342657342657,0.9270833333333333,0.0027787256624863125
left_close,handcrafted,rbf_svm,exp_20260730,0,10,39,766,120,0.02052512500085868,0.8888888888888888,0.8660714285714286,0.8544560185185185,0.0027711139859976355
left_close,handcrafted,hist_gradient_boosting,exp_20260730,0,10,39,766,120,8.502947250002762,0.8611111111111112,0.8546905050217252,0.9331597222222221,0.0029076309172699306
left_close,handcrafted,mlp,exp_20260730,0,10,39,766,120,0.16181016698828898,0.8819444444444444,0.8578496272036792,0.9137731481481481,0.0030190336602429323
left_close,handcrafted,logistic,exp_20260730,1,2,9,192,120,0.02629612499731593,0.8854166666666666,0.8657342657342657,0.927662037037037,0.0026100426918406923
left_close,handcrafted,random_forest,exp_20260730,1,2,9,192,120,0.19494612500420772,0.875,0.8642533936651584,0.925636574074074,0.0025810898735528446
left_close,handcrafted,rbf_svm,exp_20260730,1,2,9,192,120,0.011475167004391551,0.84375,0.8310335116868488,0.8946759259259259,0.003271094760709343
left_close,handcrafted,hist_gradient_boosting,exp_20260730,1,2,9,192,120,0.7530264999950305,0.8402777777777778,0.8366645175155814,0.9370659722222222,0.003600630577681483
left_close,handcrafted,mlp,exp_20260730,1,2,9,192,120,0.03305841700057499,0.875,0.849624060150376,0.9302662037037037,0.0032933618439082908
left_close,handcrafted,logistic,exp_20260730,1,4,11,240,120,0.012860374990850687,0.8854166666666666,0.8657342657342657,0.921875,0.0026100426918406923
left_close,handcrafted,random_forest,exp_20260730,1,4,11,240,120,0.1798455840034876,0.875,0.8571328524406472,0.9262152777777778,0.002714661299491695
left_close,handcrafted,rbf_svm,exp_20260730,1,4,11,240,120,0.009225167013937607,0.875,0.8571328524406472,0.8923611111111112,0.002714661299491695
left_close,handcrafted,hist_gradient_boosting,exp_20260730,1,4,11,240,120,1.3789973749953788,0.8888888888888888,0.8735155646124657,0.9346064814814815,0.0023671943734986005
left_close,handcrafted,mlp,exp_20260730,1,4,11,240,120,0.10766924999188632,0.875,0.849624060150376,0.9262152777777778,0.0032933618439082908
left_close,handcrafted,logistic,exp_20260730,1,6,19,384,120,0.030239999992772937,0.875,0.8571328524406472,0.9267939814814814,0.002714661299491695
left_close,handcrafted,random_forest,exp_20260730,1,6,19,384,120,0.2725661660078913,0.875,0.8571328524406472,0.9126157407407407,0.002714661299491695
left_close,handcrafted,rbf_svm,exp_20260730,1,6,19,384,120,0.012271124986000359,0.8576388888888888,0.8472850678733032,0.8935185185185185,0.0027964945102833777
left_close,handcrafted,hist_gradient_boosting,exp_20260730,1,6,19,384,120,3.552638499997556,0.8715277777777778,0.8566509732274612,0.9241898148148148,0.00258388817639369
left_close,handcrafted,mlp,exp_20260730,1,6,19,384,120,0.03932487501879223,0.8680555555555556,0.841391304347826,0.931712962962963,0.003366392224769586
left_close,handcrafted,logistic,exp_20260730,1,8,31,624,120,0.012799082993296906,0.8958333333333333,0.8742928975487115,0.8828125,0.0025017627574845163
left_close,handcrafted,random_forest,exp_20260730,1,8,31,624,120,0.20360233300016262,0.8715277777777778,0.8566509732274612,0.9066840277777778,0.0024964100004427735
left_close,handcrafted,rbf_svm,exp_20260730,1,8,31,624,120,0.011196625011507422,0.8888888888888888,0.8660714285714286,0.8660300925925926,0.0027711139859976355
left_close,handcrafted,hist_gradient_boosting,exp_20260730,1,8,31,624,120,5.260720750025939,0.8715277777777778,0.8635976129582268,0.9270833333333333,0.0027947041904540946
left_close,handcrafted,mlp,exp_20260730,1,8,31,624,120,0.08136683300836012,0.8819444444444444,0.8578496272036792,0.9273726851851851,0.0030190336602429323
left_close,handcrafted,logistic,exp_20260730,2,2,13,226,120,0.014793500013183802,0.8784722222222222,0.8575319505552064,0.9189814814814815,0.0028793939203538114
left_close,handcrafted,random_forest,exp_20260730,2,2,13,226,120,0.185787333000917,0.8854166666666666,0.8657342657342657,0.876880787037037,0.002780178537432624
left_close,handcrafted,rbf_svm,exp_20260730,2,2,13,226,120,0.0074780410213861614,0.8888888888888888,0.8660714285714286,0.904224537037037,0.0027711139859976355
left_close,handcrafted,hist_gradient_boosting,exp_20260730,2,2,13,226,120,1.446408625022741,0.8923611111111112,0.8739407521535122,0.9013310185185185,0.0026487067326596623
left_close,handcrafted,mlp,exp_20260730,2,2,13,226,120,0.08209958299994469,0.8819444444444444,0.8578496272036792,0.9207175925925926,0.0030190336602429323
left_close,handcrafted,logistic,exp_20260730,2,4,16,286,120,0.014780165976844728,0.8784722222222222,0.8575319505552064,0.919849537037037,0.0028793939203538114
left_close,handcrafted,random_forest,exp_20260730,2,4,16,286,120,0.18826033399091102,0.8888888888888888,0.8660714285714286,0.88671875,0.0027711139859976355
left_close,handcrafted,rbf_svm,exp_20260730,2,4,16,286,120,0.011584833002416417,0.8888888888888888,0.8660714285714286,0.9010416666666667,0.0027711139859976355
left_close,handcrafted,hist_gradient_boosting,exp_20260730,2,4,16,286,120,2.7211553340021055,0.8888888888888888,0.8660714285714286,0.8923611111111112,0.002906958464998845
left_close,handcrafted,mlp,exp_20260730,2,4,16,286,120,0.06661233300110325,0.8819444444444444,0.8578496272036792,0.9204282407407407,0.0030190336602429323
left_close,handcrafted,logistic,exp_20260730,2,6,23,430,120,0.01224179202108644,0.8576388888888888,0.8403249527277821,0.8683449074074074,0.0030937453373073025
left_close,handcrafted,random_forest,exp_20260730,2,6,23,430,120,0.21203479100950062,0.8784722222222222,0.8575319505552064,0.9217303240740741,0.0028808467953001233
left_close,handcrafted,rbf_svm,exp_20260730,2,6,23,430,120,0.014718666992848739,0.8888888888888888,0.8660714285714286,0.8582175925925926,0.0027711139859976355
left_close,handcrafted,hist_gradient_boosting,exp_20260730,2,6,23,430,120,4.213534916983917,0.8715277777777778,0.8566509732274612,0.9438657407407407,0.0027794431826341924
left_close,handcrafted,mlp,exp_20260730,2,6,23,430,120,0.10103066702140495,0.8819444444444444,0.8578496272036792,0.9149305555555556,0.0030190336602429323
left_close,handcrafted,logistic,exp_20260730,2,8,33,646,120,0.041738125000847504,0.8888888888888888,0.8660714285714286,0.8695023148148148,0.0027711139859976355
left_close,handcrafted,random_forest,exp_20260730,2,8,33,646,120,0.7047075830050744,0.8645833333333333,0.8484848484848485,0.9150752314814815,0.002993077079439803
left_close,handcrafted,rbf_svm,exp_20260730,2,8,33,646,120,0.01729733298998326,0.8888888888888888,0.8660714285714286,0.8579282407407407,0.0027711139859976355
left_close,handcrafted,hist_gradient_boosting,exp_20260730,2,8,33,646,120,5.365602124977158,0.8784722222222222,0.8648268093494791,0.9357638888888888,0.0026042160669613795
left_close,handcrafted,mlp,exp_20260730,2,8,33,646,120,0.055010832991683856,0.8819444444444444,0.8578496272036792,0.9155092592592593,0.0030190336602429323
left_close,handcrafted,logistic,exp_20260731,0,2,5,120,118,0.011284957989118993,0.709349593495935,0.6529411764705882,0.6307588075880759,0.0061814315080474785
left_close,handcrafted,random_forest,exp_20260731,0,2,5,120,118,0.1725253330077976,0.6941056910569106,0.692579208336835,0.858739837398374,0.008163370662309453
left_close,handcrafted,rbf_svm,exp_20260731,0,2,5,120,118,0.011343083024257794,0.7638888888888888,0.7984932194876946,0.8810975609756098,0.006950292665112379
left_close,handcrafted,hist_gradient_boosting,exp_20260731,0,2,5,120,118,0.5030689999985043,0.6527777777777778,0.6679049870539232,0.8326558265582655,0.009872481533151223
left_close,handcrafted,mlp,exp_20260731,0,2,5,120,118,0.027677167003275827,0.6829268292682926,0.5581797235023042,0.7046070460704608,0.007261058736218546
left_close,handcrafted,logistic,exp_20260731,0,4,17,360,118,0.018295999994734302,0.7926829268292683,0.7088534107402031,0.6666666666666666,0.004560604873225148
left_close,handcrafted,random_forest,exp_20260731,0,4,17,360,118,0.17859508300898597,0.8089430894308942,0.8284883720930232,0.92920054200542,0.006167976249324064
left_close,handcrafted,rbf_svm,exp_20260731,0,4,17,360,118,0.009506875008810312,0.8089430894308942,0.8284883720930232,0.9491869918699187,0.006167976249324064
left_close,handcrafted,hist_gradient_boosting,exp_20260731,0,4,17,360,118,2.2206558330217376,0.7726964769647696,0.6917271407837445,0.8109756097560976,0.005041080961589586
left_close,handcrafted,mlp,exp_20260731,0,4,17,360,118,0.05360504100099206,0.7560975609756098,0.6601382488479263,0.6968157181571816,0.005352967405627569
left_close,handcrafted,logistic,exp_20260731,0,6,23,480,118,0.014350084005855024,0.9207317073170731,0.8804830541488118,0.9180216802168022,0.001218190751533229
left_close,handcrafted,random_forest,exp_20260731,0,6,23,480,118,0.1929978339758236,0.8089430894308942,0.8284883720930232,0.9363143631436314,0.006167976249324064
left_close,handcrafted,rbf_svm,exp_20260731,0,6,23,480,118,0.009462582995183766,0.8089430894308942,0.8284883720930232,0.9478319783197833,0.006167976249324064
left_close,handcrafted,hist_gradient_boosting,exp_20260731,0,6,23,480,118,4.019530833000317,0.7693089430894309,0.7050000000000001,0.7738821138211383,0.00474751736980769
left_close,handcrafted,mlp,exp_20260731,0,6,23,480,118,0.15652391698677093,0.7560975609756098,0.6601382488479263,0.6314363143631437,0.0054059327654970585
left_close,handcrafted,logistic,exp_20260731,0,8,31,636,118,0.033753208990674466,0.8231707317073171,0.749028236156949,0.8296070460704608,0.004063744405683228
left_close,handcrafted,random_forest,exp_20260731,0,8,31,636,118,0.25078520900569856,0.8109756097560976,0.7329732097233375,0.9126016260162602,0.004220145727318416
left_close,handcrafted,rbf_svm,exp_20260731,0,8,31,636,118,0.018108249991200864,0.8028455284552845,0.8195231668915879,0.959010840108401,0.006316158274553866
left_close,handcrafted,hist_gradient_boosting,exp_20260731,0,8,31,636,118,4.70594958300353,0.7588075880758807,0.6825881497637223,0.7433943089430894,0.0053803148520504395
left_close,handcrafted,mlp,exp_20260731,0,8,31,636,118,0.12079704098869115,0.7560975609756098,0.6601382488479263,0.6758130081300814,0.0054059327654970585
left_close,handcrafted,logistic,exp_20260731,0,10,38,768,118,0.030567292007617652,0.7909891598915989,0.7157456748667785,0.8218157181571816,0.004451522357653855
left_close,handcrafted,random_forest,exp_20260731,0,10,38,768,118,0.3780722919909749,0.8292682926829269,0.7570588235294118,0.9383468834688348,0.0039493963237763495
left_close,handcrafted,rbf_svm,exp_20260731,0,10,38,768,118,0.019158292008796707,0.8028455284552845,0.8195231668915879,0.9542682926829269,0.006316158274553866
left_close,handcrafted,hist_gradient_boosting,exp_20260731,0,10,38,768,118,5.405403999990085,0.7726964769647696,0.6917271407837445,0.7217140921409215,0.004831993664623511
left_close,handcrafted,mlp,exp_20260731,0,10,38,768,118,0.08755666701472364,0.774390243902439,0.6846059380192155,0.682249322493225,0.004979596019812607
left_close,handcrafted,logistic,exp_20260731,1,2,10,204,118,0.014369874988915399,0.6253387533875339,0.6146555157307845,0.7100271002710028,0.010718852169856758
left_close,handcrafted,random_forest,exp_20260731,1,2,10,204,118,0.19764062500325963,0.7916666666666667,0.8265216112907968,0.8628048780487805,0.005361996146202597
left_close,handcrafted,rbf_svm,exp_20260731,1,2,10,204,118,0.00972920801723376,0.75,0.7838827838827839,0.8760162601626017,0.00725546365565206
left_close,handcrafted,hist_gradient_boosting,exp_20260731,1,2,10,204,118,0.8087704160134308,0.8133468834688347,0.843560606060606,0.7593157181571815,0.005296981492089617
left_close,handcrafted,mlp,exp_20260731,1,2,10,204,118,0.03910337502020411,0.6951219512195121,0.5757837215990796,0.7076558265582656,0.0071276633113678866
left_close,handcrafted,logistic,exp_20260731,1,4,18,360,118,0.013320333004230633,0.7181571815718157,0.6793478260869565,0.7859078590785908,0.008630779562097363
left_close,handcrafted,random_forest,exp_20260731,1,4,18,360,118,0.19368674998986535,0.8214769647696477,0.7556935817805384,0.8893970189701896,0.003940293932111771
left_close,handcrafted,rbf_svm,exp_20260731,1,4,18,360,118,0.007971334009198472,0.8072493224932249,0.8341920374707259,0.9586720867208672,0.006088704913795748
left_close,handcrafted,hist_gradient_boosting,exp_20260731,1,4,18,360,118,3.379710167006124,0.7815040650406504,0.7207926648920437,0.8511178861788619,0.004843082209171655
left_close,handcrafted,mlp,exp_20260731,1,4,18,360,118,0.12974658299935982,0.7560975609756098,0.6601382488479263,0.6981707317073171,0.0054059327654970585
left_close,handcrafted,logistic,exp_20260731,1,6,25,504,118,0.033564292010851204,0.76659891598916,0.6836919510251395,0.6012872628726288,0.005014672766191167
left_close,handcrafted,random_forest,exp_20260731,1,6,25,504,118,0.3680046249937732,0.7987804878048781,0.7169029443838604,0.8536585365853658,0.004446352201529167
left_close,handcrafted,rbf_svm,exp_20260731,1,6,25,504,118,0.015631499991286546,0.8089430894308942,0.8284883720930232,0.962059620596206,0.006167976249324064
left_close,handcrafted,hist_gradient_boosting,exp_20260731,1,6,25,504,118,4.163534999999683,0.7544037940379404,0.6675576103445785,0.6846205962059622,0.005343839540663385
left_close,handcrafted,mlp,exp_20260731,1,6,25,504,118,0.05175370801589452,0.7560975609756098,0.6601382488479263,0.6900406504065041,0.0054059327654970585
left_close,handcrafted,logistic,exp_20260731,1,8,31,624,118,0.018142832996090874,0.7970867208672087,0.7237342698273339,0.8384146341463414,0.004353372415675416
left_close,handcrafted,random_forest,exp_20260731,1,8,31,624,118,0.22010400000726804,0.8353658536585367,0.7650962176509621,0.9114159891598916,0.0038189455121519283
left_close,handcrafted,rbf_svm,exp_20260731,1,8,31,624,118,0.01164866698672995,0.8089430894308942,0.8284883720930232,0.9546070460704608,0.006167976249324064
left_close,handcrafted,hist_gradient_boosting,exp_20260731,1,8,31,624,118,5.6566636670031585,0.77710027100271,0.7064676616915423,0.77710027100271,0.0047417501577483355
left_close,handcrafted,mlp,exp_20260731,1,8,31,624,118,0.1336045830103103,0.7621951219512195,0.6683243243243243,0.7056233062330624,0.00529158468359018
left_close,handcrafted,logistic,exp_20260731,2,2,6,132,118,0.026938291994156316,0.709349593495935,0.6529411764705882,0.6852981029810299,0.0061814315080474785
left_close,handcrafted,random_forest,exp_20260731,2,2,6,132,118,0.4096715410123579,0.785569105691057,0.8171251452925223,0.8782181571815718,0.005423522825425338
left_close,handcrafted,rbf_svm,exp_20260731,2,2,6,132,118,0.028951749991392717,0.75,0.7838827838827839,0.9139566395663957,0.00725546365565206
left_close,handcrafted,hist_gradient_boosting,exp_20260731,2,2,6,132,118,0.4432776249886956,0.758130081300813,0.7149758454106281,0.888380758807588,0.0051685793531908225
left_close,handcrafted,mlp,exp_20260731,2,2,6,132,118,0.06077383301453665,0.7560975609756098,0.6601382488479263,0.7235772357723578,0.0054059327654970585
left_close,handcrafted,logistic,exp_20260731,2,4,8,180,118,0.013208749995101243,0.7588075880758807,0.6825881497637223,0.6974932249322494,0.005190410379664129
left_close,handcrafted,random_forest,exp_20260731,2,4,8,180,118,0.218000499997288,0.7520325203252033,0.707196029776675,0.8604336043360433,0.005296500423412161
left_close,handcrafted,rbf_svm,exp_20260731,2,4,8,180,118,0.010618458007229492,0.7638888888888888,0.7984932194876946,0.9119241192411924,0.006950292665112379
left_close,handcrafted,hist_gradient_boosting,exp_20260731,2,4,8,180,118,1.0325602079974487,0.7997967479674797,0.7445315416200076,0.9051490514905149,0.004348394278086377
left_close,handcrafted,mlp,exp_20260731,2,4,8,180,118,0.035351958009414375,0.6951219512195121,0.5757837215990796,0.7032520325203253,0.0071276633113678866
left_close,handcrafted,logistic,exp_20260731,2,6,20,408,118,0.010535042005358264,0.752710027100271,0.6746008708272859,0.6205962059620597,0.00515892228137954
left_close,handcrafted,random_forest,exp_20260731,2,6,20,408,118,0.20603150001261383,0.7831978319783197,0.7144114411441145,0.861449864498645,0.004587069714690878
left_close,handcrafted,rbf_svm,exp_20260731,2,6,20,408,118,0.016847416991367936,0.8133468834688347,0.843560606060606,0.9610433604336044,0.006014547088324807
left_close,handcrafted,hist_gradient_boosting,exp_20260731,2,6,20,408,118,3.8503913750173524,0.7327235772357723,0.6574746008708272,0.8128387533875339,0.005523070392019424
left_close,handcrafted,mlp,exp_20260731,2,6,20,408,118,0.05917029199190438,0.7560975609756098,0.6601382488479263,0.6903794037940381,0.0054059327654970585
left_close,handcrafted,logistic,exp_20260731,2,8,26,528,118,0.01465508301043883,0.8092818428184282,0.7397058823529412,0.8414634146341463,0.0041527919559970865
left_close,handcrafted,random_forest,exp_20260731,2,8,26,528,118,0.19417274999432266,0.7997967479674797,0.7445315416200076,0.9278455284552847,0.004264269942380307
left_close,handcrafted,rbf_svm,exp_20260731,2,8,26,528,118,0.009465000010095537,0.8011517615176151,0.824990730441231,0.9498644986449865,0.006186854855774186
left_close,handcrafted,hist_gradient_boosting,exp_20260731,2,8,26,528,118,4.758439124998404,0.7754065040650406,0.7128953771289537,0.8385840108401085,0.004657398919333849
left_close,handcrafted,mlp,exp_20260731,2,8,26,528,118,0.06650029099546373,0.7621951219512195,0.6683243243243243,0.7059620596205962,0.00529158468359018
front,handcrafted,logistic,exp_20260715,0,2,7,132,24,0.015050207992317155,0.9583333333333333,0.9582608695652174,1.0,0.0004217722526858483
front,handcrafted,random_forest,exp_20260715,0,2,7,132,24,0.20098837499972433,0.9583333333333333,0.9582608695652174,1.0,0.0004217722526858483
front,handcrafted,rbf_svm,exp_20260715,0,2,7,132,24,0.008151124988216907,1.0,1.0,1.0,0.0
front,handcrafted,hist_gradient_boosting,exp_20260715,0,2,7,132,24,0.8486926249752287,0.9583333333333333,0.9582608695652174,1.0,0.0004217722526858483
front,handcrafted,mlp,exp_20260715,0,2,7,132,24,0.041569333989173174,0.9583333333333333,0.9582608695652174,1.0,0.00042005503621542336
front,handcrafted,logistic,exp_20260715,0,4,19,360,24,0.011862582992762327,0.9583333333333333,0.9582608695652174,1.0,0.0004217722526858483
front,handcrafted,random_forest,exp_20260715,0,4,19,360,24,0.19503595799324103,0.9583333333333333,0.9582608695652174,1.0,0.0004217722526858483
front,handcrafted,rbf_svm,exp_20260715,0,4,19,360,24,0.007382709009107202,1.0,1.0,1.0,0.0
front,handcrafted,hist_gradient_boosting,exp_20260715,0,4,19,360,24,3.620466124993982,0.9583333333333333,0.9582608695652174,1.0,0.0004217722526858483
front,handcrafted,mlp,exp_20260715,0,4,19,360,24,0.09854229199117981,1.0,1.0,1.0,0.0
front,handcrafted,logistic,exp_20260715,0,6,32,600,24,0.017000292020384222,1.0,1.0,1.0,0.0
front,handcrafted,random_forest,exp_20260715,0,6,32,600,24,0.23531950000324287,0.9583333333333333,0.9582608695652174,1.0,0.0018384917507789143
front,handcrafted,rbf_svm,exp_20260715,0,6,32,600,24,0.015471332997549325,1.0,1.0,1.0,0.0
front,handcrafted,hist_gradient_boosting,exp_20260715,0,6,32,600,24,4.840340416005347,1.0,1.0,1.0,0.0
front,handcrafted,mlp,exp_20260715,0,6,32,600,24,0.1549253329867497,1.0,1.0,1.0,0.0
front,handcrafted,logistic,exp_20260715,0,8,37,719,24,0.01612108398694545,1.0,1.0,1.0,0.0
front,handcrafted,random_forest,exp_20260715,0,8,37,719,24,0.23681237499113195,0.9583333333333333,0.9582608695652174,1.0,0.0004217722526858483
front,handcrafted,rbf_svm,exp_20260715,0,8,37,719,24,0.01704833298572339,1.0,1.0,1.0,0.0
front,handcrafted,hist_gradient_boosting,exp_20260715,0,8,37,719,24,5.551218459004303,1.0,1.0,1.0,0.0
front,handcrafted,mlp,exp_20260715,0,8,37,719,24,0.10654066599090584,1.0,1.0,1.0,0.0
front,handcrafted,logistic,exp_20260715,0,10,44,863,24,0.01777124998625368,1.0,1.0,1.0,0.0
front,handcrafted,random_forest,exp_20260715,0,10,44,863,24,0.19432908299495466,1.0,1.0,1.0,0.0
front,handcrafted,rbf_svm,exp_20260715,0,10,44,863,24,0.017892250005388632,1.0,1.0,1.0,0.0
front,handcrafted,hist_gradient_boosting,exp_20260715,0,10,44,863,24,6.166378249996342,1.0,1.0,1.0,0.0
front,handcrafted,mlp,exp_20260715,0,10,44,863,24,0.08964212500723079,1.0,1.0,1.0,0.0
front,handcrafted,logistic,exp_20260715,1,2,5,119,24,0.010142875020392239,1.0,1.0,1.0,0.0
front,handcrafted,random_forest,exp_20260715,1,2,5,119,24,0.18429925001692027,1.0,1.0,1.0,0.0
front,handcrafted,rbf_svm,exp_20260715,1,2,5,119,24,0.009407042001839727,0.9583333333333333,0.9582608695652174,1.0,0.0004217722526858483
front,handcrafted,hist_gradient_boosting,exp_20260715,1,2,5,119,24,0.38663899997482076,1.0,1.0,1.0,0.0
front,handcrafted,mlp,exp_20260715,1,2,5,119,24,0.06002287499723025,1.0,1.0,1.0,0.0
front,handcrafted,logistic,exp_20260715,1,4,17,347,24,0.01285299999290146,1.0,1.0,1.0,0.0
front,handcrafted,random_forest,exp_20260715,1,4,17,347,24,0.21541970898397267,0.9583333333333333,0.9582608695652174,1.0,0.0004217722526858483
front,handcrafted,rbf_svm,exp_20260715,1,4,17,347,24,0.010037999978521839,1.0,1.0,1.0,0.0
front,handcrafted,hist_gradient_boosting,exp_20260715,1,4,17,347,24,2.484844124992378,0.7916666666666667,0.7822141560798548,1.0,0.008652388589928594
front,handcrafted,mlp,exp_20260715,1,4,17,347,24,0.05844045800040476,1.0,1.0,1.0,0.0
front,handcrafted,logistic,exp_20260715,1,6,29,563,24,0.016436083998996764,1.0,1.0,1.0,0.0
front,handcrafted,random_forest,exp_20260715,1,6,29,563,24,0.21423937499639578,0.9583333333333333,0.9582608695652174,1.0,0.0004217722526858483
front,handcrafted,rbf_svm,exp_20260715,1,6,29,563,24,0.024923791992478073,1.0,1.0,1.0,0.0
front,handcrafted,hist_gradient_boosting,exp_20260715,1,6,29,563,24,4.409153624990722,0.9583333333333333,0.9582608695652174,1.0,0.00280959549324465
front,handcrafted,mlp,exp_20260715,1,6,29,563,24,0.0910062079783529,1.0,1.0,1.0,0.0
front,handcrafted,logistic,exp_20260715,1,8,32,623,24,0.018651749996934086,1.0,1.0,1.0,0.0
front,handcrafted,random_forest,exp_20260715,1,8,32,623,24,0.22777358401799574,1.0,1.0,1.0,0.0
front,handcrafted,rbf_svm,exp_20260715,1,8,32,623,24,0.008828332996927202,1.0,1.0,1.0,0.0
front,handcrafted,hist_gradient_boosting,exp_20260715,1,8,32,623,24,6.268156749982154,1.0,1.0,1.0,0.0
front,handcrafted,mlp,exp_20260715,1,8,32,623,24,0.08676516602281481,1.0,1.0,1.0,0.0
front,handcrafted,logistic,exp_20260715,2,2,8,144,24,0.01535991599666886,1.0,1.0,1.0,0.0
front,handcrafted,random_forest,exp_20260715,2,2,8,144,24,0.25612962499144487,1.0,1.0,1.0,0.0
front,handcrafted,rbf_svm,exp_20260715,2,2,8,144,24,0.00851816701469943,1.0,1.0,1.0,0.0
front,handcrafted,hist_gradient_boosting,exp_20260715,2,2,8,144,24,0.8863174169964623,0.9166666666666667,0.916083916083916,1.0,0.001498698530157531
front,handcrafted,mlp,exp_20260715,2,2,8,144,24,0.04641945898765698,1.0,1.0,1.0,0.0
front,handcrafted,logistic,exp_20260715,2,4,16,288,24,0.011883917002705857,1.0,1.0,1.0,0.0
front,handcrafted,random_forest,exp_20260715,2,4,16,288,24,0.17840137501480058,1.0,1.0,1.0,0.0
front,handcrafted,rbf_svm,exp_20260715,2,4,16,288,24,0.0061264579999260604,1.0,1.0,1.0,0.0
front,handcrafted,hist_gradient_boosting,exp_20260715,2,4,16,288,24,2.7048274579865392,1.0,1.0,1.0,0.0
front,handcrafted,mlp,exp_20260715,2,4,16,288,24,0.10725037500378676,1.0,1.0,1.0,0.0
front,handcrafted,logistic,exp_20260715,2,6,21,407,24,0.02916458301478997,1.0,1.0,1.0,0.0
front,handcrafted,random_forest,exp_20260715,2,6,21,407,24,0.24313370900927112,1.0,1.0,1.0,0.0
front,handcrafted,rbf_svm,exp_20260715,2,6,21,407,24,0.01056641701143235,1.0,1.0,1.0,0.0
front,handcrafted,hist_gradient_boosting,exp_20260715,2,6,21,407,24,4.246513124991907,1.0,1.0,1.0,0.0
front,handcrafted,mlp,exp_20260715,2,6,21,407,24,0.0991682920139283,1.0,1.0,1.0,0.0
front,handcrafted,logistic,exp_20260715,2,8,32,623,24,0.017194249987369403,1.0,1.0,1.0,0.0
front,handcrafted,random_forest,exp_20260715,2,8,32,623,24,0.22310116700828075,1.0,1.0,1.0,0.0
front,handcrafted,rbf_svm,exp_20260715,2,8,32,623,24,0.015276332997018471,1.0,1.0,1.0,0.0
front,handcrafted,hist_gradient_boosting,exp_20260715,2,8,32,623,24,6.214570000011008,1.0,1.0,1.0,0.0
front,handcrafted,mlp,exp_20260715,2,8,32,623,24,0.07541654200758785,1.0,1.0,1.0,0.0
front,handcrafted,logistic,exp_20260717,0,2,11,216,24,0.011433792009484023,0.7083333333333334,0.6812144212523719,1.0,0.013432714957772332
front,handcrafted,random_forest,exp_20260717,0,2,11,216,24,0.1856804999988526,0.5416666666666666,0.4197802197802198,1.0,0.01982311157517711
front,handcrafted,rbf_svm,exp_20260717,0,2,11,216,24,0.009526042005745694,0.8333333333333333,0.8285714285714285,1.0,0.010085849369462276
front,handcrafted,hist_gradient_boosting,exp_20260717,0,2,11,216,24,1.3288587910064962,1.0,1.0,1.0,0.0
front,handcrafted,mlp,exp_20260717,0,2,11,216,24,0.07195020801736973,0.9166666666666667,0.916083916083916,1.0,0.001143609701197711
front,handcrafted,logistic,exp_20260717,0,4,13,264,24,0.02686354098841548,1.0,1.0,1.0,0.0
front,handcrafted,random_forest,exp_20260717,0,4,13,264,24,0.29825154098216444,0.9583333333333333,0.9582608695652174,1.0,0.00042041143510616083
front,handcrafted,rbf_svm,exp_20260717,0,4,13,264,24,0.009686167002655566,1.0,1.0,1.0,0.0
front,handcrafted,hist_gradient_boosting,exp_20260717,0,4,13,264,24,2.3752226250071544,1.0,1.0,1.0,0.0
front,handcrafted,mlp,exp_20260717,0,4,13,264,24,0.045543957996414974,0.9166666666666667,0.916083916083916,1.0,0.001143609701197711
front,handcrafted,logistic,exp_20260717,0,6,25,492,24,0.01495491698733531,1.0,1.0,1.0,0.0
front,handcrafted,random_forest,exp_20260717,0,6,25,492,24,0.20266491701477207,0.9166666666666667,0.916083916083916,1.0,0.003923238076982359
front,handcrafted,rbf_svm,exp_20260717,0,6,25,492,24,0.011435874999733642,1.0,1.0,1.0,0.0
front,handcrafted,hist_gradient_boosting,exp_20260717,0,6,25,492,24,4.994870499998797,1.0,1.0,1.0,0.0
front,handcrafted,mlp,exp_20260717,0,6,25,492,24,0.08193983300589025,1.0,1.0,1.0,0.0
front,handcrafted,logistic,exp_20260717,0,8,31,623,24,0.017830457974923775,1.0,1.0,1.0,0.0
front,handcrafted,random_forest,exp_20260717,0,8,31,623,24,0.19241262500872836,0.9166666666666667,0.916083916083916,1.0,0.003923238076982359
front,handcrafted,rbf_svm,exp_20260717,0,8,31,623,24,0.012983916996745393,1.0,1.0,1.0,0.0
front,handcrafted,hist_gradient_boosting,exp_20260717,0,8,31,623,24,4.496201416972326,1.0,1.0,1.0,0.0
front,handcrafted,mlp,exp_20260717,0,8,31,623,24,0.08614425000268966,1.0,1.0,1.0,0.0
front,handcrafted,logistic,exp_20260717,0,10,44,863,24,0.013721709023229778,0.9583333333333333,0.9582608695652174,1.0,0.00042041143510616083
front,handcrafted,random_forest,exp_20260717,0,10,44,863,24,0.20653404100448824,0.9166666666666667,0.916083916083916,1.0,0.003923238076982359
front,handcrafted,rbf_svm,exp_20260717,0,10,44,863,24,0.011286749999271706,1.0,1.0,1.0,0.0
front,handcrafted,hist_gradient_boosting,exp_20260717,0,10,44,863,24,5.368827917001909,1.0,1.0,1.0,0.0
front,handcrafted,mlp,exp_20260717,0,10,44,863,24,0.08707295800559223,1.0,1.0,1.0,0.0
front,handcrafted,logistic,exp_20260717,1,2,8,144,24,0.010866249998798594,1.0,1.0,1.0,0.0
front,handcrafted,random_forest,exp_20260717,1,2,8,144,24,0.35515424999175593,0.7916666666666667,0.7822141560798548,1.0,0.011952071557276784
front,handcrafted,rbf_svm,exp_20260717,1,2,8,144,24,0.009749499993631616,1.0,1.0,1.0,0.0
front,handcrafted,hist_gradient_boosting,exp_20260717,1,2,8,144,24,0.9422162090195343,0.9583333333333333,0.9582608695652174,1.0,0.003502826641876198
front,handcrafted,mlp,exp_20260717,1,2,8,144,24,0.04465462500229478,0.9583333333333333,0.9582608695652174,1.0,0.00043328953302599493
front,handcrafted,logistic,exp_20260717,1,4,15,288,24,0.015151375002460554,1.0,1.0,1.0,0.0
front,handcrafted,random_forest,exp_20260717,1,4,15,288,24,0.23876966699026525,1.0,1.0,1.0,0.0
front,handcrafted,rbf_svm,exp_20260717,1,4,15,288,24,0.006865041999844834,1.0,1.0,1.0,0.0
front,handcrafted,hist_gradient_boosting,exp_20260717,1,4,15,288,24,3.0460224589915015,1.0,1.0,1.0,0.0
front,handcrafted,mlp,exp_20260717,1,4,15,288,24,0.07852924999315292,0.9583333333333333,0.9582608695652174,1.0,0.00043328953302599493
front,handcrafted,logistic,exp_20260717,1,6,25,491,24,0.032078374992124736,0.9583333333333333,0.9582608695652174,1.0,0.00042041143510616083
front,handcrafted,random_forest,exp_20260717,1,6,25,491,24,0.26883683301275596,0.9166666666666667,0.916083916083916,1.0,0.003923238076982359
front,handcrafted,rbf_svm,exp_20260717,1,6,25,491,24,0.009074083995074034,1.0,1.0,1.0,0.0
front,handcrafted,hist_gradient_boosting,exp_20260717,1,6,25,491,24,4.073902208998334,0.9583333333333333,0.9582608695652174,1.0,0.003502826641876198
front,handcrafted,mlp,exp_20260717,1,6,25,491,24,0.06824395802686922,1.0,1.0,1.0,0.0
front,handcrafted,logistic,exp_20260717,1,8,32,623,24,0.012521833996288478,0.9583333333333333,0.9582608695652174,1.0,0.00042041143510616083
front,handcrafted,random_forest,exp_20260717,1,8,32,623,24,0.2590755419805646,0.9166666666666667,0.916083916083916,1.0,0.003923238076982359
front,handcrafted,rbf_svm,exp_20260717,1,8,32,623,24,0.0199065420019906,1.0,1.0,1.0,0.0
front,handcrafted,hist_gradient_boosting,exp_20260717,1,8,32,623,24,3.0682324999943376,1.0,1.0,1.0,0.0
front,handcrafted,mlp,exp_20260717,1,8,32,623,24,0.08025316699058749,1.0,1.0,1.0,0.0
front,handcrafted,logistic,exp_20260717,2,2,7,132,24,0.010323042020900175,1.0,1.0,1.0,0.0
front,handcrafted,random_forest,exp_20260717,2,2,7,132,24,0.15337758301757276,0.9166666666666667,0.916083916083916,1.0,0.0012078074960152954
front,handcrafted,rbf_svm,exp_20260717,2,2,7,132,24,0.004656082979636267,1.0,1.0,1.0,0.0
front,handcrafted,hist_gradient_boosting,exp_20260717,2,2,7,132,24,0.267601083003683,1.0,1.0,1.0,0.0
front,handcrafted,mlp,exp_20260717,2,2,7,132,24,0.043606959021417424,0.9583333333333333,0.9582608695652174,1.0,0.00043328953302599493
front,handcrafted,logistic,exp_20260717,2,4,12,251,24,0.010013708000769839,1.0,1.0,1.0,0.0
front,handcrafted,random_forest,exp_20260717,2,4,12,251,24,0.24820837497827597,0.9583333333333333,0.9582608695652174,1.0,0.00042041143510616083
front,handcrafted,rbf_svm,exp_20260717,2,4,12,251,24,0.01198583299992606,1.0,1.0,1.0,0.0
front,handcrafted,hist_gradient_boosting,exp_20260717,2,4,12,251,24,0.4882595830131322,0.9583333333333333,0.9582608695652174,1.0,0.00042041143510616083
front,handcrafted,mlp,exp_20260717,2,4,12,251,24,0.04581599999801256,1.0,1.0,1.0,0.0
front,handcrafted,logistic,exp_20260717,2,6,24,491,24,0.008903957990696654,1.0,1.0,1.0,0.0
front,handcrafted,random_forest,exp_20260717,2,6,24,491,24,0.172449959005462,0.9166666666666667,0.916083916083916,1.0,0.003923238076982359
front,handcrafted,rbf_svm,exp_20260717,2,6,24,491,24,0.010749124980065972,1.0,1.0,1.0,0.0
front,handcrafted,hist_gradient_boosting,exp_20260717,2,6,24,491,24,2.3590900839772075,1.0,1.0,1.0,0.0
front,handcrafted,mlp,exp_20260717,2,6,24,491,24,0.0548332080070395,1.0,1.0,1.0,0.0
front,handcrafted,logistic,exp_20260717,2,8,31,623,24,0.011324624996632338,1.0,1.0,1.0,0.0
front,handcrafted,random_forest,exp_20260717,2,8,31,623,24,0.19850083300843835,0.9166666666666667,0.916083916083916,1.0,0.003923238076982359
front,handcrafted,rbf_svm,exp_20260717,2,8,31,623,24,0.006877792009618133,1.0,1.0,1.0,0.0
front,handcrafted,hist_gradient_boosting,exp_20260717,2,8,31,623,24,3.3796967919915915,1.0,1.0,1.0,0.0
front,handcrafted,mlp,exp_20260717,2,8,31,623,24,0.08332975002122112,1.0,1.0,1.0,0.0
front,handcrafted,logistic,exp_20260720,0,2,12,228,24,0.01196249999338761,1.0,1.0,1.0,0.0
front,handcrafted,random_forest,exp_20260720,0,2,12,228,24,0.1688704999978654,1.0,1.0,1.0,0.0
front,handcrafted,rbf_svm,exp_20260720,0,2,12,228,24,0.0055654589959885925,1.0,1.0,1.0,0.0
front,handcrafted,hist_gradient_boosting,exp_20260720,0,2,12,228,24,1.5619753329956438,1.0,1.0,1.0,0.0
front,handcrafted,mlp,exp_20260720,0,2,12,228,24,0.1331613750080578,1.0,1.0,1.0,0.0
front,handcrafted,logistic,exp_20260720,0,4,17,347,24,0.013581166014773771,1.0,1.0,1.0,0.0
front,handcrafted,random_forest,exp_20260720,0,4,17,347,24,0.19268187499255873,1.0,1.0,1.0,0.0
front,handcrafted,rbf_svm,exp_20260720,0,4,17,347,24,0.010344334004912525,1.0,1.0,1.0,0.0
front,handcrafted,hist_gradient_boosting,exp_20260720,0,4,17,347,24,3.041643792006653,1.0,1.0,1.0,0.0
front,handcrafted,mlp,exp_20260720,0,4,17,347,24,0.05887220898875967,1.0,1.0,1.0,0.0
front,handcrafted,logistic,exp_20260720,0,6,28,563,24,0.013071416993625462,1.0,1.0,1.0,0.0
front,handcrafted,random_forest,exp_20260720,0,6,28,563,24,0.19253162501263432,1.0,1.0,1.0,0.0
front,handcrafted,rbf_svm,exp_20260720,0,6,28,563,24,0.006937457976164296,1.0,1.0,1.0,0.0
front,handcrafted,hist_gradient_boosting,exp_20260720,0,6,28,563,24,3.405728666984942,1.0,1.0,1.0,0.0
front,handcrafted,mlp,exp_20260720,0,6,28,563,24,0.10480875000939704,1.0,1.0,1.0,0.0
front,handcrafted,logistic,exp_20260720,0,8,37,719,24,0.019695374998264015,1.0,1.0,1.0,0.0
front,handcrafted,random_forest,exp_20260720,0,8,37,719,24,0.1793239169928711,1.0,1.0,1.0,0.0
front,handcrafted,rbf_svm,exp_20260720,0,8,37,719,24,0.007920250005554408,1.0,1.0,1.0,0.0
front,handcrafted,hist_gradient_boosting,exp_20260720,0,8,37,719,24,2.8431495420227293,1.0,1.0,1.0,0.0
front,handcrafted,mlp,exp_20260720,0,8,37,719,24,0.07915574999060482,1.0,1.0,1.0,0.0
front,handcrafted,logistic,exp_20260720,0,10,44,863,24,0.014099084015469998,1.0,1.0,1.0,0.0
front,handcrafted,random_forest,exp_20260720,0,10,44,863,24,0.189765958028147,1.0,1.0,1.0,0.0
front,handcrafted,rbf_svm,exp_20260720,0,10,44,863,24,0.009664625016739592,1.0,1.0,1.0,0.0
front,handcrafted,hist_gradient_boosting,exp_20260720,0,10,44,863,24,2.8355728749884292,1.0,1.0,1.0,0.0
front,handcrafted,mlp,exp_20260720,0,10,44,863,24,0.08451324998168275,1.0,1.0,1.0,0.0
front,handcrafted,logistic,exp_20260720,1,2,7,132,24,0.009753749996889383,1.0,1.0,1.0,0.0
front,handcrafted,random_forest,exp_20260720,1,2,7,132,24,0.1499063330120407,1.0,1.0,1.0,0.0
front,handcrafted,rbf_svm,exp_20260720,1,2,7,132,24,0.004790292005054653,1.0,1.0,1.0,0.0
front,handcrafted,hist_gradient_boosting,exp_20260720,1,2,7,132,24,0.1876876659807749,1.0,1.0,1.0,0.0
front,handcrafted,mlp,exp_20260720,1,2,7,132,24,0.046143999992636964,1.0,1.0,1.0,0.0
front,handcrafted,logistic,exp_20260720,1,4,12,251,24,0.009779417014215142,1.0,1.0,1.0,0.0
front,handcrafted,random_forest,exp_20260720,1,4,12,251,24,0.1641805410035886,1.0,1.0,1.0,0.0
front,handcrafted,rbf_svm,exp_20260720,1,4,12,251,24,0.005040082993218675,1.0,1.0,1.0,0.0
front,handcrafted,hist_gradient_boosting,exp_20260720,1,4,12,251,24,0.5403127500030678,1.0,1.0,1.0,0.0
front,handcrafted,mlp,exp_20260720,1,4,12,251,24,0.046512958011589944,1.0,1.0,1.0,0.0
front,handcrafted,logistic,exp_20260720,1,6,24,479,24,0.011371166998287663,1.0,1.0,1.0,0.0
front,handcrafted,random_forest,exp_20260720,1,6,24,479,24,0.176249749987619,1.0,1.0,1.0,0.0
front,handcrafted,rbf_svm,exp_20260720,1,6,24,479,24,0.0060537079989444464,1.0,1.0,1.0,0.0
front,handcrafted,hist_gradient_boosting,exp_20260720,1,6,24,479,24,1.854919625009643,1.0,1.0,1.0,0.0
front,handcrafted,mlp,exp_20260720,1,6,24,479,24,0.06048195800394751,1.0,1.0,1.0,0.0
front,handcrafted,logistic,exp_20260720,1,8,37,719,24,0.012974665994988754,1.0,1.0,1.0,0.0
front,handcrafted,random_forest,exp_20260720,1,8,37,719,24,0.20188174999202602,1.0,1.0,1.0,0.0
front,handcrafted,rbf_svm,exp_20260720,1,8,37,719,24,0.007458834006683901,1.0,1.0,1.0,0.0
front,handcrafted,hist_gradient_boosting,exp_20260720,1,8,37,719,24,2.4287768749927636,1.0,1.0,1.0,0.0
front,handcrafted,mlp,exp_20260720,1,8,37,719,24,0.07555462498567067,1.0,1.0,1.0,0.0
front,handcrafted,logistic,exp_20260720,2,2,8,156,24,0.011109292012406513,1.0,1.0,1.0,0.0
front,handcrafted,random_forest,exp_20260720,2,2,8,156,24,0.167355374986073,0.9583333333333333,0.9582608695652174,1.0,0.00043294883634766414
front,handcrafted,rbf_svm,exp_20260720,2,2,8,156,24,0.005138667009305209,1.0,1.0,1.0,0.0
front,handcrafted,hist_gradient_boosting,exp_20260720,2,2,8,156,24,0.33365079198847525,0.9583333333333333,0.9582608695652174,1.0,0.00043294883634766414
front,handcrafted,mlp,exp_20260720,2,2,8,156,24,0.03623920798418112,0.9583333333333333,0.9582608695652174,1.0,0.00042193647554989474
front,handcrafted,logistic,exp_20260720,2,4,10,204,24,0.010791082982905209,1.0,1.0,1.0,0.0
front,handcrafted,random_forest,exp_20260720,2,4,10,204,24,0.1778804160130676,1.0,1.0,1.0,0.0
front,handcrafted,rbf_svm,exp_20260720,2,4,10,204,24,0.005321375007042661,1.0,1.0,1.0,0.0
front,handcrafted,hist_gradient_boosting,exp_20260720,2,4,10,204,24,0.5240298750286456,0.9583333333333333,0.9582608695652174,1.0,0.00043294883634766414
front,handcrafted,mlp,exp_20260720,2,4,10,204,24,0.039687749987933785,1.0,1.0,1.0,0.0
front,handcrafted,logistic,exp_20260720,2,6,20,407,24,0.010590541001874954,1.0,1.0,1.0,0.0
front,handcrafted,random_forest,exp_20260720,2,6,20,407,24,0.18137904099421576,0.9583333333333333,0.9582608695652174,1.0,0.00043294883634766414
front,handcrafted,rbf_svm,exp_20260720,2,6,20,407,24,0.006094541982747614,1.0,1.0,1.0,0.0
front,handcrafted,hist_gradient_boosting,exp_20260720,2,6,20,407,24,1.6359063330164645,0.9583333333333333,0.9582608695652174,1.0,0.00043294883634766414
front,handcrafted,mlp,exp_20260720,2,6,20,407,24,0.06702795799355954,1.0,1.0,1.0,0.0
front,handcrafted,logistic,exp_20260720,2,8,31,623,24,0.010241749987471849,1.0,1.0,1.0,0.0
front,handcrafted,random_forest,exp_20260720,2,8,31,623,24,0.20477087498875335,1.0,1.0,1.0,0.0
front,handcrafted,rbf_svm,exp_20260720,2,8,31,623,24,0.006912708020536229,1.0,1.0,1.0,0.0
front,handcrafted,hist_gradient_boosting,exp_20260720,2,8,31,623,24,2.8662156669888645,1.0,1.0,1.0,0.0
front,handcrafted,mlp,exp_20260720,2,8,31,623,24,0.0733627500012517,1.0,1.0,1.0,0.0
front,handcrafted,logistic,exp_20260721,0,2,11,216,36,0.008550041995476931,0.8958333333333333,0.855653568564555,0.829861111111111,0.019502731884846632
front,handcrafted,random_forest,exp_20260721,0,2,11,216,36,0.20251412500510924,1.0,1.0,1.0,0.0
front,handcrafted,rbf_svm,exp_20260721,0,2,11,216,36,0.0058941250026691705,1.0,1.0,1.0,0.0
front,handcrafted,hist_gradient_boosting,exp_20260721,0,2,11,216,36,0.49783541602664627,1.0,1.0,1.0,0.0
front,handcrafted,mlp,exp_20260721,0,2,11,216,36,0.031885167001746595,0.7916666666666667,0.7213622291021672,0.9305555555555555,0.01067149254069088
front,handcrafted,logistic,exp_20260721,0,4,13,264,36,0.008292667014757171,1.0,1.0,1.0,0.0
front,handcrafted,random_forest,exp_20260721,0,4,13,264,36,0.17829566600266844,1.0,1.0,1.0,0.0
front,handcrafted,rbf_svm,exp_20260721,0,4,13,264,36,0.005233291012700647,1.0,1.0,1.0,0.0
front,handcrafted,hist_gradient_boosting,exp_20260721,0,4,13,264,36,1.053314374992624,1.0,1.0,1.0,0.0
front,handcrafted,mlp,exp_20260721,0,4,13,264,36,0.04310983401956037,1.0,1.0,1.0,0.0
front,handcrafted,logistic,exp_20260721,0,6,23,467,36,0.010798292001709342,1.0,1.0,1.0,0.0
front,handcrafted,random_forest,exp_20260721,0,6,23,467,36,0.1777187919942662,1.0,1.0,1.0,0.0
front,handcrafted,rbf_svm,exp_20260721,0,6,23,467,36,0.0062947910046204925,1.0,1.0,1.0,0.0
front,handcrafted,hist_gradient_boosting,exp_20260721,0,6,23,467,36,1.6730803329846822,1.0,1.0,1.0,0.0
front,handcrafted,mlp,exp_20260721,0,6,23,467,36,0.07484454099903814,1.0,1.0,1.0,0.0
front,handcrafted,logistic,exp_20260721,0,8,35,707,36,0.012448542023776099,1.0,1.0,1.0,0.0
front,handcrafted,random_forest,exp_20260721,0,8,35,707,36,0.18860716701601632,1.0,1.0,1.0,0.0
front,handcrafted,rbf_svm,exp_20260721,0,8,35,707,36,0.008122917002765462,1.0,1.0,1.0,0.0
front,handcrafted,hist_gradient_boosting,exp_20260721,0,8,35,707,36,2.790940666978713,1.0,1.0,1.0,0.0
front,handcrafted,mlp,exp_20260721,0,8,35,707,36,0.07377279200591147,1.0,1.0,1.0,0.0
front,handcrafted,logistic,exp_20260721,0,10,43,851,36,0.013280167011544108,1.0,1.0,1.0,0.0
front,handcrafted,random_forest,exp_20260721,0,10,43,851,36,0.18633483300800435,1.0,1.0,1.0,0.0
front,handcrafted,rbf_svm,exp_20260721,0,10,43,851,36,0.009465709008509293,1.0,1.0,1.0,0.0
front,handcrafted,hist_gradient_boosting,exp_20260721,0,10,43,851,36,2.769670333014801,1.0,1.0,1.0,0.0
front,handcrafted,mlp,exp_20260721,0,10,43,851,36,0.07821725000394508,1.0,1.0,1.0,0.0
front,handcrafted,logistic,exp_20260721,1,2,11,215,36,0.010509125015232712,1.0,1.0,1.0,0.0
front,handcrafted,random_forest,exp_20260721,1,2,11,215,36,0.16847054101526737,1.0,1.0,1.0,0.0
front,handcrafted,rbf_svm,exp_20260721,1,2,11,215,36,0.005168000003322959,1.0,1.0,1.0,0.0
front,handcrafted,hist_gradient_boosting,exp_20260721,1,2,11,215,36,0.5530979169998318,1.0,1.0,1.0,0.0
front,handcrafted,mlp,exp_20260721,1,2,11,215,36,0.07155150000471622,1.0,1.0,1.0,0.0
front,handcrafted,logistic,exp_20260721,1,4,18,347,36,0.011106999998446554,1.0,1.0,1.0,0.0
front,handcrafted,random_forest,exp_20260721,1,4,18,347,36,0.16391833301167935,1.0,1.0,1.0,0.0
front,handcrafted,rbf_svm,exp_20260721,1,4,18,347,36,0.0056458339968230575,1.0,1.0,1.0,0.0
front,handcrafted,hist_gradient_boosting,exp_20260721,1,4,18,347,36,1.6081053340167273,1.0,1.0,1.0,0.0
front,handcrafted,mlp,exp_20260721,1,4,18,347,36,0.054514957999344915,1.0,1.0,1.0,0.0
front,handcrafted,logistic,exp_20260721,1,6,25,491,36,0.009703084011562169,1.0,1.0,1.0,0.0
front,handcrafted,random_forest,exp_20260721,1,6,25,491,36,0.17355304199736565,1.0,1.0,1.0,0.0
front,handcrafted,rbf_svm,exp_20260721,1,6,25,491,36,0.006799458002205938,1.0,1.0,1.0,0.0
front,handcrafted,hist_gradient_boosting,exp_20260721,1,6,25,491,36,1.9049429580045398,1.0,1.0,1.0,0.0
front,handcrafted,mlp,exp_20260721,1,6,25,491,36,0.06539408297976479,1.0,1.0,1.0,0.0
front,handcrafted,logistic,exp_20260721,1,8,36,707,36,0.012395875004585832,1.0,1.0,1.0,0.0
front,handcrafted,random_forest,exp_20260721,1,8,36,707,36,0.19270166699425317,1.0,1.0,1.0,0.0
front,handcrafted,rbf_svm,exp_20260721,1,8,36,707,36,0.008132666000165045,1.0,1.0,1.0,0.0
front,handcrafted,hist_gradient_boosting,exp_20260721,1,8,36,707,36,3.147018500021659,1.0,1.0,1.0,0.0
front,handcrafted,mlp,exp_20260721,1,8,36,707,36,0.08811024998431094,1.0,1.0,1.0,0.0
front,handcrafted,logistic,exp_20260721,2,2,12,228,36,0.010664292000001296,1.0,1.0,1.0,0.0
front,handcrafted,random_forest,exp_20260721,2,2,12,228,36,0.14973391697276384,1.0,1.0,1.0,0.0
front,handcrafted,rbf_svm,exp_20260721,2,2,12,228,36,0.004974083014531061,1.0,1.0,1.0,0.0
front,handcrafted,hist_gradient_boosting,exp_20260721,2,2,12,228,36,0.4262861250026617,1.0,1.0,1.0,0.0
front,handcrafted,mlp,exp_20260721,2,2,12,228,36,0.061386709014186636,1.0,1.0,1.0,0.0
front,handcrafted,logistic,exp_20260721,2,4,24,444,36,0.009912084002280608,1.0,1.0,1.0,0.0
front,handcrafted,random_forest,exp_20260721,2,4,24,444,36,0.17021045798901469,1.0,1.0,1.0,0.0
front,handcrafted,rbf_svm,exp_20260721,2,4,24,444,36,0.006371875002514571,1.0,1.0,1.0,0.0
front,handcrafted,hist_gradient_boosting,exp_20260721,2,4,24,444,36,2.160868125007255,0.9583333333333333,0.9680567879325643,1.0,0.0008664571231390875
front,handcrafted,mlp,exp_20260721,2,4,24,444,36,0.07769283300149255,1.0,1.0,1.0,0.0
front,handcrafted,logistic,exp_20260721,2,6,26,492,36,0.013741540984483436,1.0,1.0,1.0,0.0
front,handcrafted,random_forest,exp_20260721,2,6,26,492,36,0.1558815830212552,1.0,1.0,1.0,0.0
front,handcrafted,rbf_svm,exp_20260721,2,6,26,492,36,0.006720000004861504,1.0,1.0,1.0,0.0
front,handcrafted,hist_gradient_boosting,exp_20260721,2,6,26,492,36,1.5282091249828227,1.0,1.0,1.0,0.0
front,handcrafted,mlp,exp_20260721,2,6,26,492,36,0.10031129099661484,1.0,1.0,1.0,0.0
front,handcrafted,logistic,exp_20260721,2,8,38,732,36,0.01218979200348258,1.0,1.0,1.0,0.0
front,handcrafted,random_forest,exp_20260721,2,8,38,732,36,0.17316633299924433,1.0,1.0,1.0,0.0
front,handcrafted,rbf_svm,exp_20260721,2,8,38,732,36,0.008510250016115606,1.0,1.0,1.0,0.0
front,handcrafted,hist_gradient_boosting,exp_20260721,2,8,38,732,36,2.24836483297986,1.0,1.0,1.0,0.0
front,handcrafted,mlp,exp_20260721,2,8,38,732,36,0.08010137500241399,1.0,1.0,1.0,0.0
front,handcrafted,logistic,exp_20260723,0,2,7,144,108,0.010857000015676022,0.8263888888888888,0.8515071390798519,0.8121141975308642,0.005821862624508705
front,handcrafted,random_forest,exp_20260723,0,2,7,144,108,0.1574852500052657,0.8333333333333333,0.8615384615384616,0.994212962962963,0.005749013533954202
front,handcrafted,rbf_svm,exp_20260723,0,2,7,144,108,0.005453916994156316,0.8194444444444444,0.8416422287390029,0.9747299382716049,0.005960099084586775
front,handcrafted,hist_gradient_boosting,exp_20260723,0,2,7,144,108,0.2035359159926884,0.8263888888888888,0.8515071390798519,0.9618055555555555,0.005821862624508705
front,handcrafted,mlp,exp_20260723,0,2,7,144,108,0.03636749999714084,0.75,0.6666666666666666,0.804783950617284,0.013426123159157205
front,handcrafted,logistic,exp_20260723,0,4,15,300,108,0.011487291019875556,0.8263888888888888,0.8515071390798519,0.8279320987654321,0.005821862624508705
front,handcrafted,random_forest,exp_20260723,0,4,15,300,108,0.17324466700665653,0.8263888888888888,0.8515071390798519,0.9809027777777778,0.005821862624508705
front,handcrafted,rbf_svm,exp_20260723,0,4,15,300,108,0.006597458996111527,0.8194444444444444,0.8416422287390029,0.9764660493827161,0.005960099084586775
front,handcrafted,hist_gradient_boosting,exp_20260723,0,4,15,300,108,1.0300613330036867,0.8263888888888888,0.8515071390798519,0.9540895061728395,0.005821862624508705
front,handcrafted,mlp,exp_20260723,0,4,15,300,108,0.040659082995262,0.8194444444444444,0.7571774472500865,0.9683641975308641,0.00786972596431089
front,handcrafted,logistic,exp_20260723,0,6,26,516,108,0.011781084001995623,0.8194444444444444,0.8416422287390029,0.8549382716049383,0.005960099084586775
front,handcrafted,random_forest,exp_20260723,0,6,26,516,108,0.20652070897631347,0.8263888888888888,0.8515071390798519,0.9893904320987654,0.005821862624508705
front,handcrafted,rbf_svm,exp_20260723,0,6,26,516,108,0.00808558301650919,0.8194444444444444,0.8416422287390029,0.9787808641975309,0.005960099084586775
front,handcrafted,hist_gradient_boosting,exp_20260723,0,6,26,516,108,1.7425664170004893,0.8263888888888888,0.8515071390798519,0.9888117283950617,0.005821862624508705
front,handcrafted,mlp,exp_20260723,0,6,26,516,108,0.042391124996356666,0.7569444444444444,0.6758981394152448,0.9182098765432098,0.012749071277372315
front,handcrafted,logistic,exp_20260723,0,8,37,731,108,0.012118499987991527,0.9652777777777778,0.9588884659307195,0.9965277777777777,0.00035502652536986104
front,handcrafted,random_forest,exp_20260723,0,8,37,731,108,0.19003716699080542,0.9791666666666667,0.9693617021276595,0.9938271604938271,0.00021601479288111091
front,handcrafted,rbf_svm,exp_20260723,0,8,37,731,108,0.009576042008120567,0.9791666666666667,0.9693617021276595,0.9953703703703705,0.00021601479288111091
front,handcrafted,hist_gradient_boosting,exp_20260723,0,8,37,731,108,1.8541033749934286,0.9791666666666667,0.9693617021276595,0.9992283950617284,0.00021601479288111091
front,handcrafted,mlp,exp_20260723,0,8,37,731,108,0.07460920899757184,0.9305555555555556,0.9017109574080815,1.0,0.0019436441318511914
front,handcrafted,logistic,exp_20260723,0,10,39,779,108,0.011908375017810613,0.9652777777777778,0.9588884659307195,0.9965277777777777,0.00035502652536986104
front,handcrafted,random_forest,exp_20260723,0,10,39,779,108,0.1939267079869751,0.9791666666666667,0.9693617021276595,0.9953703703703703,0.00021601479288111091
front,handcrafted,rbf_svm,exp_20260723,0,10,39,779,108,0.011182499991264194,0.9791666666666667,0.9693617021276595,0.9953703703703705,0.00021601479288111091
front,handcrafted,hist_gradient_boosting,exp_20260723,0,10,39,779,108,2.3404579169873614,0.9791666666666667,0.9693617021276595,0.9949845679012346,0.00021601479288111091
front,handcrafted,mlp,exp_20260723,0,10,39,779,108,0.08149387498269789,0.9444444444444444,0.9205882352941177,1.0,0.0012385775685171169
front,handcrafted,logistic,exp_20260723,1,2,8,156,108,0.010452749993419275,0.8263888888888888,0.8515071390798519,0.8715277777777778,0.005821862624508705
front,handcrafted,random_forest,exp_20260723,1,2,8,156,108,0.15729804200236686,0.8263888888888888,0.8515071390798519,0.9820601851851851,0.005821862624508705
front,handcrafted,rbf_svm,exp_20260723,1,2,8,156,108,0.005225874978350475,0.8194444444444444,0.8416422287390029,0.9834104938271605,0.005960099084586775
front,handcrafted,hist_gradient_boosting,exp_20260723,1,2,8,156,108,0.3369429580052383,0.8125,0.8384615384615385,0.8526234567901234,0.006234639551849919
front,handcrafted,mlp,exp_20260723,1,2,8,156,108,0.04078641699743457,0.8333333333333333,0.775,0.9803240740740741,0.006254191094231963
front,handcrafted,logistic,exp_20260723,1,4,10,204,108,0.01123329100664705,0.8263888888888888,0.8515071390798519,0.9521604938271605,0.005821862624508705
front,handcrafted,random_forest,exp_20260723,1,4,10,204,108,0.1710763750015758,0.8194444444444444,0.8416422287390029,0.9861111111111112,0.005960099084586775
front,handcrafted,rbf_svm,exp_20260723,1,4,10,204,108,0.005490666982950643,0.8402777777777778,0.856953642384106,0.9807098765432098,0.0044643764236717495
front,handcrafted,hist_gradient_boosting,exp_20260723,1,4,10,204,108,0.3560086250072345,0.8263888888888888,0.8515071390798519,0.9664351851851851,0.005821862624508705
front,handcrafted,mlp,exp_20260723,1,4,10,204,108,0.045441499998560175,0.8333333333333333,0.775,0.9810956790123457,0.006254191094231963
front,handcrafted,logistic,exp_20260723,1,6,21,420,108,0.010969291994115338,0.8402777777777778,0.8642647674905739,0.9826388888888888,0.005413980442558418
front,handcrafted,random_forest,exp_20260723,1,6,21,420,108,0.1671257909911219,0.8263888888888888,0.8515071390798519,0.9832175925925926,0.005821862624508705
front,handcrafted,rbf_svm,exp_20260723,1,6,21,420,108,0.007155792001867667,0.8194444444444444,0.8416422287390029,0.9768518518518519,0.005960099084586775
front,handcrafted,hist_gradient_boosting,exp_20260723,1,6,21,420,108,1.0204923329874873,0.8402777777777778,0.8642647674905739,0.9787808641975309,0.005483969664979399
front,handcrafted,mlp,exp_20260723,1,6,21,420,108,0.04467074997955933,0.8194444444444444,0.7571774472500865,0.9702932098765432,0.007762174877735708
front,handcrafted,logistic,exp_20260723,1,8,34,660,108,0.012405999994371086,0.8263888888888888,0.8515071390798519,0.9101080246913579,0.005821862624508705
front,handcrafted,random_forest,exp_20260723,1,8,34,660,108,0.19792874998529442,0.8541666666666667,0.876750700280112,0.9924768518518519,0.00492981877366794
front,handcrafted,rbf_svm,exp_20260723,1,8,34,660,108,0.009754166996572167,0.8194444444444444,0.8416422287390029,0.9772376543209876,0.005960099084586775
front,handcrafted,hist_gradient_boosting,exp_20260723,1,8,34,660,108,3.4376023749937303,0.9097222222222223,0.9242712611439448,0.9930555555555556,0.002775071551049401
front,handcrafted,mlp,exp_20260723,1,8,34,660,108,0.04811800000607036,0.8194444444444444,0.7571774472500865,0.9363425925925926,0.00786972596431089
front,handcrafted,logistic,exp_20260723,2,2,8,156,108,0.009881832986138761,0.9305555555555556,0.9275792700450234,0.9880401234567902,0.0021475028866592824
front,handcrafted,random_forest,exp_20260723,2,2,8,156,108,0.1729873750009574,0.8958333333333334,0.904170363797693,0.9880401234567902,0.002890436630598571
front,handcrafted,rbf_svm,exp_20260723,2,2,8,156,108,0.005830000009154901,0.8194444444444444,0.8416422287390029,0.9834104938271604,0.005960099084586775
front,handcrafted,hist_gradient_boosting,exp_20260723,2,2,8,156,108,0.5181867910141591,0.8402777777777778,0.856953642384106,0.9747299382716048,0.0055714231735061156
front,handcrafted,mlp,exp_20260723,2,2,8,156,108,0.051341042009880766,0.8541666666666667,0.8017309205350118,0.9787808641975309,0.004800515775073415
front,handcrafted,logistic,exp_20260723,2,4,15,300,108,0.008717167016584426,0.8194444444444444,0.8416422287390029,0.9286265432098766,0.005960099084586775
front,handcrafted,random_forest,exp_20260723,2,4,15,300,108,0.1627742910059169,0.8194444444444444,0.8416422287390029,0.9864969135802469,0.005960099084586775
front,handcrafted,rbf_svm,exp_20260723,2,4,15,300,108,0.006090792012400925,0.8194444444444444,0.8416422287390029,0.9737654320987654,0.005960099084586775
front,handcrafted,hist_gradient_boosting,exp_20260723,2,4,15,300,108,1.617737666994799,0.9027777777777778,0.9141494435612083,0.9876543209876543,0.003086964899747497
front,handcrafted,mlp,exp_20260723,2,4,15,300,108,0.03369437498622574,0.8263888888888888,0.766092003811834,0.9760802469135803,0.006957254093937322
front,handcrafted,logistic,exp_20260723,2,6,27,516,108,0.012252541986526921,0.8194444444444444,0.8416422287390029,0.9178240740740741,0.005960099084586775
front,handcrafted,random_forest,exp_20260723,2,6,27,516,108,0.20392224998795427,0.8263888888888888,0.8515071390798519,0.9926697530864197,0.005821862624508705
front,handcrafted,rbf_svm,exp_20260723,2,6,27,516,108,0.008543208008632064,0.8194444444444444,0.8416422287390029,0.9783950617283951,0.005960099084586775
front,handcrafted,hist_gradient_boosting,exp_20260723,2,6,27,516,108,2.2598355000081938,0.8263888888888888,0.8515071390798519,0.9876543209876544,0.005821862624508705
front,handcrafted,mlp,exp_20260723,2,6,27,516,108,0.048883624986046925,0.8819444444444444,0.8375652481642042,0.9729938271604939,0.004039569814826189
front,handcrafted,logistic,exp_20260723,2,8,32,635,108,0.027169000008143485,0.9652777777777778,0.9588884659307195,0.9976851851851852,0.00035502652536986104
front,handcrafted,random_forest,exp_20260723,2,8,32,635,108,0.20121533298515715,0.9791666666666667,0.9693617021276595,0.998070987654321,0.00021601479288111091
front,handcrafted,rbf_svm,exp_20260723,2,8,32,635,108,0.00933495900244452,0.9791666666666667,0.9693617021276595,0.9953703703703705,0.00021601479288111091
front,handcrafted,hist_gradient_boosting,exp_20260723,2,8,32,635,108,1.6963709580013528,0.9791666666666667,0.9693617021276595,1.0,0.00021601479288111091
front,handcrafted,mlp,exp_20260723,2,8,32,635,108,0.062054208014160395,0.9305555555555556,0.9017109574080815,1.0,0.0019436441318511914
front,handcrafted,logistic,exp_20260724,0,2,7,132,95,0.009420375019544736,1.0,1.0,1.0,0.0
front,handcrafted,random_forest,exp_20260724,0,2,7,132,95,0.1624570410058368,0.9680851063829787,0.9683649683649684,1.0,0.0006206559096022767
front,handcrafted,rbf_svm,exp_20260724,0,2,7,132,95,0.004798999987542629,1.0,1.0,1.0,0.0
front,handcrafted,hist_gradient_boosting,exp_20260724,0,2,7,132,95,0.19505108398152515,0.9787234042553192,0.9789263531499557,1.0,0.0005709676380881133
front,handcrafted,mlp,exp_20260724,0,2,7,132,95,0.04662016700603999,0.9270833333333333,0.9260206919568361,1.0,0.0015552480330252817
front,handcrafted,logistic,exp_20260724,0,4,10,192,95,0.008520959003362805,1.0,1.0,1.0,0.0
front,handcrafted,random_forest,exp_20260724,0,4,10,192,95,0.16185516599216498,1.0,1.0,1.0,0.0
front,handcrafted,rbf_svm,exp_20260724,0,4,10,192,95,0.004853249993175268,1.0,1.0,1.0,0.0
front,handcrafted,hist_gradient_boosting,exp_20260724,0,4,10,192,95,1.2092268749838695,1.0,1.0,1.0,0.0
front,handcrafted,mlp,exp_20260724,0,4,10,192,95,0.0664840420067776,0.9166666666666667,0.9153297682709447,1.0,0.0019058252415206287
front,handcrafted,logistic,exp_20260724,0,6,22,408,95,0.02345091602182947,1.0,1.0,1.0,0.0
front,handcrafted,random_forest,exp_20260724,0,6,22,408,95,0.1803150410123635,1.0,1.0,1.0,0.0
front,handcrafted,rbf_svm,exp_20260724,0,6,22,408,95,0.00806687498698011,1.0,1.0,1.0,0.0
front,handcrafted,hist_gradient_boosting,exp_20260724,0,6,22,408,95,2.8802620000205934,0.9787234042553192,0.9789263531499557,1.0,0.0006126393806436036
front,handcrafted,mlp,exp_20260724,0,6,22,408,95,0.05969066600664519,0.9583333333333333,0.9578527062999113,1.0,0.000697693895315128
front,handcrafted,logistic,exp_20260724,0,8,29,552,95,0.012370667012874037,1.0,1.0,1.0,0.0
front,handcrafted,random_forest,exp_20260724,0,8,29,552,95,0.2056039159942884,1.0,1.0,1.0,0.0
front,handcrafted,rbf_svm,exp_20260724,0,8,29,552,95,0.008262624993221834,1.0,1.0,1.0,0.0
front,handcrafted,hist_gradient_boosting,exp_20260724,0,8,29,552,95,4.329066000005696,0.9680851063829787,0.9683649683649684,1.0,0.0008828437448553641
front,handcrafted,mlp,exp_20260724,0,8,29,552,95,0.057643208012450486,0.9166666666666667,0.9153297682709447,1.0,0.0019058252415206287
front,handcrafted,logistic,exp_20260724,0,10,41,792,95,0.01631400000769645,1.0,1.0,1.0,0.0
front,handcrafted,random_forest,exp_20260724,0,10,41,792,95,0.20882800000254065,1.0,1.0,1.0,0.0
front,handcrafted,rbf_svm,exp_20260724,0,10,41,792,95,0.010923458990873769,1.0,1.0,1.0,0.0
front,handcrafted,hist_gradient_boosting,exp_20260724,0,10,41,792,95,3.0495897909859195,0.9680851063829787,0.9683649683649684,1.0,0.0008828437448553641
front,handcrafted,mlp,exp_20260724,0,10,41,792,95,0.11172220797743648,1.0,1.0,1.0,0.0
front,handcrafted,logistic,exp_20260724,1,2,6,120,95,0.012040458008414134,0.8723404255319149,0.8712737127371273,0.9964539007092199,0.002460734313650794
front,handcrafted,random_forest,exp_20260724,1,2,6,120,95,0.16422304100706242,0.7978723404255319,0.7907246376811594,0.9758421985815603,0.003539903575708797
front,handcrafted,rbf_svm,exp_20260724,1,2,6,120,95,0.005162374989595264,0.8723404255319149,0.8712737127371273,0.9946808510638298,0.002460734313650794
front,handcrafted,hist_gradient_boosting,exp_20260724,1,2,6,120,95,0.09080087498296052,0.8723404255319149,0.8712737127371273,0.9592198581560283,0.002460734313650794
front,handcrafted,mlp,exp_20260724,1,2,6,120,95,0.028021582984365523,0.6458333333333334,0.5929939516129032,0.6812943262411347,0.035979187536147976
front,handcrafted,logistic,exp_20260724,1,4,14,276,95,0.028103249991545454,0.8723404255319149,0.8712737127371273,0.9277482269503546,0.002460734313650794
front,handcrafted,random_forest,exp_20260724,1,4,14,276,95,0.17925783398095518,0.8191489361702128,0.8143891506723365,0.9855939716312058,0.0033044774256747083
front,handcrafted,rbf_svm,exp_20260724,1,4,14,276,95,0.006582500005606562,0.8723404255319149,0.8712737127371273,0.9893617021276596,0.002460734313650794
front,handcrafted,hist_gradient_boosting,exp_20260724,1,4,14,276,95,1.7105821250006557,0.8191489361702128,0.8143891506723365,0.9295212765957446,0.003422024639599386
front,handcrafted,mlp,exp_20260724,1,4,14,276,95,0.041953207983169705,0.84375,0.8386000679578661,1.0,0.006039705751756972
front,handcrafted,logistic,exp_20260724,1,6,27,516,95,0.01367054198635742,0.8723404255319149,0.8712737127371273,0.7885638297872339,0.002460734313650794
front,handcrafted,random_forest,exp_20260724,1,6,27,516,95,0.2199343329994008,0.851063829787234,0.8488636363636364,0.9827127659574468,0.0028583513351292406
front,handcrafted,rbf_svm,exp_20260724,1,6,27,516,95,0.008723249979084358,0.8723404255319149,0.8712737127371273,0.9893617021276596,0.002460734313650794
front,handcrafted,hist_gradient_boosting,exp_20260724,1,6,27,516,95,4.300999708997551,0.8723404255319149,0.8712737127371273,0.9197695035460993,0.002460734313650794
front,handcrafted,mlp,exp_20260724,1,6,27,516,95,0.06690783399972133,0.9583333333333333,0.9578527062999113,1.0,0.000697693895315128
front,handcrafted,logistic,exp_20260724,1,8,34,648,95,0.014637792017310858,1.0,1.0,1.0,0.0
front,handcrafted,random_forest,exp_20260724,1,8,34,648,95,0.21806141699198633,0.9574468085106382,0.9577777777777778,0.9999999999999999,0.0007271090651612022
front,handcrafted,rbf_svm,exp_20260724,1,8,34,648,95,0.014721875020768493,1.0,1.0,1.0,0.0
front,handcrafted,hist_gradient_boosting,exp_20260724,1,8,34,648,95,7.373980500007747,1.0,1.0,1.0,0.0
front,handcrafted,mlp,exp_20260724,1,8,34,648,95,0.09957374999066815,1.0,1.0,1.0,0.0
front,handcrafted,logistic,exp_20260724,2,2,7,132,95,0.021600959007628262,1.0,1.0,1.0,0.0
front,handcrafted,random_forest,exp_20260724,2,2,7,132,95,0.21852291701361537,0.9680851063829787,0.9683649683649684,0.9999999999999999,0.0006206559096022767
front,handcrafted,rbf_svm,exp_20260724,2,2,7,132,95,0.009734416991705075,1.0,1.0,1.0,0.0
front,handcrafted,hist_gradient_boosting,exp_20260724,2,2,7,132,95,0.7185832500108518,0.9787234042553192,0.9789263531499557,1.0,0.0005709676380881133
front,handcrafted,mlp,exp_20260724,2,2,7,132,95,0.053388416999951005,0.9479166666666667,0.9472749472749473,1.0,0.0011304053053991774
front,handcrafted,logistic,exp_20260724,2,4,15,288,95,0.01280695799505338,1.0,1.0,1.0,0.0
front,handcrafted,random_forest,exp_20260724,2,4,15,288,95,0.17730708300950937,0.9680851063829787,0.9683649683649684,1.0,0.0006206559096022767
front,handcrafted,rbf_svm,exp_20260724,2,4,15,288,95,0.006011249992297962,1.0,1.0,1.0,0.0
front,handcrafted,hist_gradient_boosting,exp_20260724,2,4,15,288,95,1.6750977500050794,0.9468085106382979,0.9471576371120258,0.9937943262411348,0.00119162354769039
front,handcrafted,mlp,exp_20260724,2,4,15,288,95,0.054875792004168034,0.9166666666666667,0.9153297682709447,1.0,0.0019058252415206287
front,handcrafted,logistic,exp_20260724,2,6,27,504,95,0.01401691700448282,1.0,1.0,1.0,0.0
front,handcrafted,random_forest,exp_20260724,2,6,27,504,95,0.21544825000455603,0.9574468085106382,0.9577777777777778,1.0,0.0009423041503337618
front,handcrafted,rbf_svm,exp_20260724,2,6,27,504,95,0.008122208004351705,1.0,1.0,1.0,0.0
front,handcrafted,hist_gradient_boosting,exp_20260724,2,6,27,504,95,5.061052374978317,0.9893617021276595,0.9894690167387208,1.0,0.0003216482407314851
front,handcrafted,mlp,exp_20260724,2,6,27,504,95,0.11206287500681356,1.0,1.0,1.0,0.0
front,handcrafted,logistic,exp_20260724,2,8,29,552,95,0.016910209000343457,1.0,1.0,1.0,0.0
front,handcrafted,random_forest,exp_20260724,2,8,29,552,95,0.23746199999004602,1.0,1.0,1.0,0.0
front,handcrafted,rbf_svm,exp_20260724,2,8,29,552,95,0.015353291004430503,1.0,1.0,1.0,0.0
front,handcrafted,hist_gradient_boosting,exp_20260724,2,8,29,552,95,5.357321249990491,0.9893617021276595,0.9894690167387208,1.0,0.0003216482407314851
front,handcrafted,mlp,exp_20260724,2,8,29,552,95,0.10155854100594297,1.0,1.0,1.0,0.0
front,handcrafted,logistic,exp_20260727,0,2,13,240,96,0.013646875013364479,0.9333333333333333,0.9142857142857144,0.9703703703703704,0.000788254753615264
front,handcrafted,random_forest,exp_20260727,0,2,13,240,96,0.18474550000973977,0.9194444444444445,0.9032149658339867,0.931712962962963,0.000951660072991808
front,handcrafted,rbf_svm,exp_20260727,0,2,13,240,96,0.011053166992496699,0.925,0.9039039039039038,0.9680555555555556,0.0008730975026837629
front,handcrafted,hist_gradient_boosting,exp_20260727,0,2,13,240,96,1.4728567500133067,0.9055555555555556,0.8920377867746289,0.8935185185185186,0.001130198960032366
front,handcrafted,mlp,exp_20260727,0,2,13,240,96,0.03274591697845608,0.9,0.873015873015873,0.9444444444444444,0.0014020088427518103
front,handcrafted,logistic,exp_20260727,0,4,25,480,96,0.01239108300069347,0.9333333333333333,0.9142857142857144,0.9652777777777778,0.000788254753615264
front,handcrafted,random_forest,exp_20260727,0,4,25,480,96,0.2111375000094995,0.9333333333333333,0.9142857142857144,0.9310185185185186,0.000788254753615264
front,handcrafted,rbf_svm,exp_20260727,0,4,25,480,96,0.0096401660121046,0.925,0.9039039039039038,0.9527777777777777,0.0008730975026837629
front,handcrafted,hist_gradient_boosting,exp_20260727,0,4,25,480,96,3.1492799170082435,0.9055555555555556,0.8920377867746289,0.9162037037037037,0.0011477475201741019
front,handcrafted,mlp,exp_20260727,0,4,25,480,96,0.056483374995877966,0.9166666666666667,0.893569844789357,0.9606481481481481,0.0009936958520079032
front,handcrafted,logistic,exp_20260727,0,6,28,540,96,0.015268292016116902,0.9333333333333333,0.9142857142857144,0.9662037037037037,0.000788254753615264
front,handcrafted,random_forest,exp_20260727,0,6,28,540,96,0.21744249999755993,0.9333333333333333,0.9142857142857144,0.9361111111111111,0.000788254753615264
front,handcrafted,rbf_svm,exp_20260727,0,6,28,540,96,0.009610250010155141,0.925,0.9039039039039038,0.9578703703703704,0.0008730975026837629
front,handcrafted,hist_gradient_boosting,exp_20260727,0,6,28,540,96,5.970293083024444,0.9194444444444445,0.9032149658339867,0.9236111111111112,0.0009295834419333626
front,handcrafted,mlp,exp_20260727,0,6,28,540,96,0.05792262498289347,0.9,0.873015873015873,0.9634259259259259,0.0014020088427518103
front,handcrafted,logistic,exp_20260727,0,8,30,588,96,0.01458666700636968,0.9333333333333333,0.9142857142857144,0.9722222222222222,0.000788254753615264
front,handcrafted,random_forest,exp_20260727,0,8,30,588,96,0.25691570798517205,0.9333333333333333,0.9142857142857144,0.9388888888888889,0.000788254753615264
front,handcrafted,rbf_svm,exp_20260727,0,8,30,588,96,0.011702791991410777,0.925,0.9039039039039038,0.9606481481481481,0.0008730975026837629
front,handcrafted,hist_gradient_boosting,exp_20260727,0,8,30,588,96,5.174593500007177,0.8916666666666666,0.8807453416149068,0.914351851851852,0.0012975108874051361
front,handcrafted,mlp,exp_20260727,0,8,30,588,96,0.05956729198805988,0.925,0.9039039039039038,0.9648148148148148,0.0008730975026837629
front,handcrafted,logistic,exp_20260727,0,10,40,791,96,0.014686459006043151,0.9333333333333333,0.9142857142857144,0.9694444444444444,0.000788254753615264
front,handcrafted,random_forest,exp_20260727,0,10,40,791,96,0.22445270800380968,0.9333333333333333,0.9142857142857144,0.9356481481481481,0.000788254753615264
front,handcrafted,rbf_svm,exp_20260727,0,10,40,791,96,0.011779833002947271,0.925,0.9039039039039038,0.9541666666666667,0.0008730975026837629
front,handcrafted,hist_gradient_boosting,exp_20260727,0,10,40,791,96,7.422535959020024,0.8861111111111111,0.8796581196581197,0.9194444444444445,0.0013326918379760629
front,handcrafted,mlp,exp_20260727,0,10,40,791,96,0.11705404098029248,0.9333333333333333,0.9142857142857144,0.962037037037037,0.000788254753615264
front,handcrafted,logistic,exp_20260727,1,2,12,228,96,0.014522750017931685,0.9138888888888889,0.9024280067758328,0.9634259259259259,0.0009819809301235718
front,handcrafted,random_forest,exp_20260727,1,2,12,228,96,0.2118684999877587,0.8944444444444444,0.8900595510765003,0.9418981481481481,0.0012163340514143315
front,handcrafted,rbf_svm,exp_20260727,1,2,12,228,96,0.013776874984614551,0.9166666666666667,0.893569844789357,0.9694444444444444,0.0009936958520079032
front,handcrafted,hist_gradient_boosting,exp_20260727,1,2,12,228,96,2.6062538329861127,0.825,0.8303287380699894,0.9273148148148148,0.002091405833412023
front,handcrafted,mlp,exp_20260727,1,2,12,228,96,0.07154249999439344,0.9333333333333333,0.9142857142857144,0.9634259259259259,0.000788254753615264
front,handcrafted,logistic,exp_20260727,1,4,14,276,96,0.01603400000021793,0.9333333333333333,0.9142857142857144,0.9680555555555556,0.000788254753615264
front,handcrafted,random_forest,exp_20260727,1,4,14,276,96,0.19982558299670927,0.95,0.9352226720647774,0.9467592592592592,0.0005905987900984578
front,handcrafted,rbf_svm,exp_20260727,1,4,14,276,96,0.007902375014964491,0.925,0.9039039039039038,0.9726851851851852,0.0008730975026837629
front,handcrafted,hist_gradient_boosting,exp_20260727,1,4,14,276,96,2.77575266698841,0.8111111111111111,0.8178368121442126,0.9356481481481481,0.00229111576770384
front,handcrafted,mlp,exp_20260727,1,4,14,276,96,0.06790420800098218,0.9333333333333333,0.9142857142857144,0.962962962962963,0.000788254753615264
front,handcrafted,logistic,exp_20260727,1,6,25,491,96,0.017570124997291714,0.9333333333333333,0.9142857142857144,0.9685185185185186,0.000788254753615264
front,handcrafted,random_forest,exp_20260727,1,6,25,491,96,0.23952354199718684,0.9194444444444445,0.9032149658339867,0.9412037037037037,0.000951660072991808
front,handcrafted,rbf_svm,exp_20260727,1,6,25,491,96,0.015453791012987494,0.925,0.9039039039039038,0.9671296296296297,0.0008730975026837629
front,handcrafted,hist_gradient_boosting,exp_20260727,1,6,25,491,96,4.8218843750073574,0.9194444444444445,0.9032149658339867,0.9185185185185185,0.000931181314518668
front,handcrafted,mlp,exp_20260727,1,6,25,491,96,0.08761070901528001,0.9333333333333333,0.9142857142857144,0.962962962962963,0.000788254753615264
front,handcrafted,logistic,exp_20260727,1,8,32,635,96,0.014389957999810576,0.9333333333333333,0.9142857142857144,0.9722222222222222,0.000788254753615264
front,handcrafted,random_forest,exp_20260727,1,8,32,635,96,0.2333773749996908,0.9333333333333333,0.9142857142857144,0.9430555555555555,0.000788254753615264
front,handcrafted,rbf_svm,exp_20260727,1,8,32,635,96,0.012642458023037761,0.925,0.9039039039039038,0.9634259259259259,0.0008730975026837629
front,handcrafted,hist_gradient_boosting,exp_20260727,1,8,32,635,96,3.7033190410002135,0.8916666666666666,0.8807453416149068,0.9097222222222222,0.0012522128161993364
front,handcrafted,mlp,exp_20260727,1,8,32,635,96,0.09466537501430139,0.9333333333333333,0.9142857142857144,0.9606481481481481,0.000788254753615264
front,handcrafted,logistic,exp_20260727,2,2,3,60,96,0.010233124980004504,0.9333333333333333,0.9142857142857144,0.9615740740740741,0.000788254753615264
front,handcrafted,random_forest,exp_20260727,2,2,3,60,96,0.18335787500836886,0.9,0.873015873015873,0.9495370370370371,0.0014020088427518103
front,handcrafted,rbf_svm,exp_20260727,2,2,3,60,96,0.0060468750016298145,0.8805555555555555,0.8784390468516173,0.9518518518518518,0.0013519209151358247
front,handcrafted,hist_gradient_boosting,exp_20260727,2,2,3,60,96,0.2951141250086948,0.8916666666666666,0.862781748213304,0.8916666666666666,0.0016076808972353912
front,handcrafted,mlp,exp_20260727,2,2,3,60,96,0.03907641599653289,0.8333333333333333,0.791304347826087,0.9532407407407407,0.0029238902915251974
front,handcrafted,logistic,exp_20260727,2,4,15,288,96,0.012394209014018998,0.9277777777777778,0.9136302294197032,0.9666666666666667,0.0008308292868911835
front,handcrafted,random_forest,exp_20260727,2,4,15,288,96,0.1958516249724198,0.9138888888888889,0.9024280067758328,0.944212962962963,0.0009701877474377913
front,handcrafted,rbf_svm,exp_20260727,2,4,15,288,96,0.006936624995432794,0.9166666666666667,0.893569844789357,0.9666666666666667,0.0009936958520079032
front,handcrafted,hist_gradient_boosting,exp_20260727,2,4,15,288,96,1.5550721249892376,0.8333333333333333,0.8406072106261859,0.9412037037037037,0.001993922270335604
front,handcrafted,mlp,exp_20260727,2,4,15,288,96,0.0523123329912778,0.925,0.9039039039039038,0.9675925925925926,0.0008730975026837629
front,handcrafted,logistic,exp_20260727,2,6,20,407,96,0.011915957991732284,0.9194444444444445,0.9032149658339867,0.9666666666666667,0.0009424861128249953
front,handcrafted,random_forest,exp_20260727,2,6,20,407,96,0.18036683401442133,0.9194444444444445,0.9032149658339867,0.9469907407407407,0.0009424861128249953
front,handcrafted,rbf_svm,exp_20260727,2,6,20,407,96,0.00792629100033082,0.925,0.9039039039039038,0.9680555555555556,0.0008730975026837629
front,handcrafted,hist_gradient_boosting,exp_20260727,2,6,20,407,96,2.8977134999877308,0.8388888888888889,0.8426229508196721,0.9370370370370371,0.001816828196337706
front,handcrafted,mlp,exp_20260727,2,6,20,407,96,0.06540200000745244,0.9333333333333333,0.9142857142857144,0.9625,0.000788254753615264
front,handcrafted,logistic,exp_20260727,2,8,27,551,96,0.013628249987959862,0.9333333333333333,0.9142857142857144,0.9675925925925926,0.000788254753615264
front,handcrafted,random_forest,exp_20260727,2,8,27,551,96,0.2093152919842396,0.9333333333333333,0.9142857142857144,0.932638888888889,0.000788254753615264
front,handcrafted,rbf_svm,exp_20260727,2,8,27,551,96,0.008215707988711074,0.925,0.9039039039039038,0.975462962962963,0.0008730975026837629
front,handcrafted,hist_gradient_boosting,exp_20260727,2,8,27,551,96,4.826531416998478,0.8583333333333334,0.8563370553700933,0.9222222222222223,0.0016020479675588088
front,handcrafted,mlp,exp_20260727,2,8,27,551,96,0.08377354199183173,0.9333333333333333,0.9142857142857144,0.9634259259259259,0.000788254753615264
front,handcrafted,logistic,exp_20260728,0,2,5,119,120,0.014054708008188754,0.7951388888888888,0.8066149950118947,0.9684606481481481,0.0030800301469973805
front,handcrafted,random_forest,exp_20260728,0,2,5,119,120,0.19582374999299645,0.9652777777777778,0.9572619132416839,0.9655671296296297,0.00039383945755213875
front,handcrafted,rbf_svm,exp_20260728,0,2,5,119,120,0.009620875003747642,0.7638888888888888,0.7749999999999999,0.955150462962963,0.003779638211057321
front,handcrafted,hist_gradient_boosting,exp_20260728,0,2,5,119,120,0.6865813749900553,0.9548611111111112,0.9485714285714286,0.9646990740740741,0.0006622635670802263
front,handcrafted,mlp,exp_20260728,0,2,5,119,120,0.038630666997050866,0.9652777777777778,0.9572619132416839,0.9846643518518519,0.00039383945755213875
front,handcrafted,logistic,exp_20260728,0,4,7,167,120,0.01037912501487881,0.9652777777777778,0.9572619132416839,0.9704861111111112,0.00039383945755213875
front,handcrafted,random_forest,exp_20260728,0,4,7,167,120,0.17699095798889175,0.9652777777777778,0.9572619132416839,0.9578993055555556,0.00039383945755213875
front,handcrafted,rbf_svm,exp_20260728,0,4,7,167,120,0.006686624983558431,0.9548611111111112,0.9485714285714286,0.9496527777777778,0.0005355694279225333
front,handcrafted,hist_gradient_boosting,exp_20260728,0,4,7,167,120,0.8749406669812743,0.9652777777777778,0.9572619132416839,0.9684606481481481,0.00039383945755213875
front,handcrafted,mlp,exp_20260728,0,4,7,167,120,0.05170925002312288,0.9652777777777778,0.9572619132416839,0.9788773148148149,0.00039383945755213875
front,handcrafted,logistic,exp_20260728,0,6,15,323,120,0.011196083010872826,0.9652777777777778,0.9572619132416839,0.9681712962962963,0.00039383945755213875
front,handcrafted,random_forest,exp_20260728,0,6,15,323,120,0.16892345799715258,0.9652777777777778,0.9572619132416839,0.9503761574074073,0.00039383945755213875
front,handcrafted,rbf_svm,exp_20260728,0,6,15,323,120,0.008269458019640297,0.9652777777777778,0.9572619132416839,0.9406828703703703,0.00039383945755213875
front,handcrafted,hist_gradient_boosting,exp_20260728,0,6,15,323,120,2.450062583986437,0.9548611111111112,0.9485714285714286,0.9661458333333334,0.0005891254855251266
front,handcrafted,mlp,exp_20260728,0,6,15,323,120,0.051947500003734604,0.9652777777777778,0.9572619132416839,0.9733796296296297,0.00039383945755213875
front,handcrafted,logistic,exp_20260728,0,8,27,539,120,0.015607750014169142,0.9652777777777778,0.9572619132416839,0.9696180555555556,0.00039383945755213875
front,handcrafted,random_forest,exp_20260728,0,8,27,539,120,0.19573687500087544,0.9652777777777778,0.9572619132416839,0.9668692129629629,0.00039383945755213875
front,handcrafted,rbf_svm,exp_20260728,0,8,27,539,120,0.008315084007335827,0.9652777777777778,0.9572619132416839,0.953125,0.00039383945755213875
front,handcrafted,hist_gradient_boosting,exp_20260728,0,8,27,539,120,4.331015833013225,0.9548611111111112,0.9485714285714286,0.9635416666666667,0.0006092692338556051
front,handcrafted,mlp,exp_20260728,0,8,27,539,120,0.09199091698974371,0.9652777777777778,0.9572619132416839,0.9678819444444444,0.00039383945755213875
front,handcrafted,logistic,exp_20260728,0,10,39,767,120,0.01792358301463537,0.9652777777777778,0.9572619132416839,0.9673032407407408,0.00039383945755213875
front,handcrafted,random_forest,exp_20260728,0,10,39,767,120,0.2132724999974016,0.9652777777777778,0.9572619132416839,0.9696180555555555,0.00039383945755213875
front,handcrafted,rbf_svm,exp_20260728,0,10,39,767,120,0.02193954199901782,0.9652777777777778,0.9572619132416839,0.9565972222222222,0.00039383945755213875
front,handcrafted,hist_gradient_boosting,exp_20260728,0,10,39,767,120,5.620970666990615,0.9513888888888888,0.9482609945386605,0.9803240740740741,0.0009190997758886099
front,handcrafted,mlp,exp_20260728,0,10,39,767,120,0.07761520802159794,0.9548611111111112,0.9485714285714286,0.9684606481481481,0.0004989653551730573
front,handcrafted,logistic,exp_20260728,1,2,10,203,120,0.009214458987116814,0.7395833333333334,0.7496790757381258,0.9392361111111112,0.004542273982876713
front,handcrafted,random_forest,exp_20260728,1,2,10,203,120,0.18933662498602644,0.75,0.7609752210979205,0.9678819444444444,0.004279876520994892
front,handcrafted,rbf_svm,exp_20260728,1,2,10,203,120,0.010282832983648404,0.7395833333333334,0.7496790757381258,0.6770833333333334,0.004542273982876713
front,handcrafted,hist_gradient_boosting,exp_20260728,1,2,10,203,120,0.8025637500104494,0.6770833333333334,0.6812499999999999,0.8780381944444444,0.007118827953041551
front,handcrafted,mlp,exp_20260728,1,2,10,203,120,0.050774708011886105,0.9652777777777778,0.9572619132416839,0.9704861111111112,0.00039383945755213875
front,handcrafted,logistic,exp_20260728,1,4,17,347,120,0.01094620898948051,0.9652777777777778,0.9572619132416839,0.9661458333333334,0.00039383945755213875
front,handcrafted,random_forest,exp_20260728,1,4,17,347,120,0.17863508299342357,0.9652777777777778,0.9572619132416839,0.9660011574074073,0.00039383945755213875
front,handcrafted,rbf_svm,exp_20260728,1,4,17,347,120,0.0077607920102309436,0.9652777777777778,0.9572619132416839,0.9487847222222222,0.00039383945755213875
front,handcrafted,hist_gradient_boosting,exp_20260728,1,4,17,347,120,2.135882499977015,0.9027777777777778,0.9041742286751361,0.9548611111111112,0.0013210077332771015
front,handcrafted,mlp,exp_20260728,1,4,17,347,120,0.05424958301591687,0.9652777777777778,0.9572619132416839,0.96875,0.00039383945755213875
front,handcrafted,logistic,exp_20260728,1,6,23,467,120,0.010256915993522853,0.9548611111111112,0.9485714285714286,0.9646990740740741,0.0004989653551730573
front,handcrafted,random_forest,exp_20260728,1,6,23,467,120,0.19199129100888968,0.9548611111111112,0.9485714285714286,0.9688946759259259,0.0004984637979776653
front,handcrafted,rbf_svm,exp_20260728,1,6,23,467,120,0.008581750007579103,0.9652777777777778,0.9572619132416839,0.9432870370370371,0.00039383945755213875
front,handcrafted,hist_gradient_boosting,exp_20260728,1,6,23,467,120,3.0094556249969173,0.8888888888888888,0.8942420681551116,0.9722222222222222,0.0014627096522803317
front,handcrafted,mlp,exp_20260728,1,6,23,467,120,0.06870412500575185,0.9548611111111112,0.9485714285714286,0.9681712962962963,0.0004989653551730573
front,handcrafted,logistic,exp_20260728,1,8,31,611,120,0.01334516701172106,0.9652777777777778,0.9572619132416839,0.9675925925925926,0.00039383945755213875
front,handcrafted,random_forest,exp_20260728,1,8,31,611,120,0.19875237499945797,0.9652777777777778,0.9572619132416839,0.9681712962962963,0.00039383945755213875
front,handcrafted,rbf_svm,exp_20260728,1,8,31,611,120,0.010084792011184618,0.9652777777777778,0.9572619132416839,0.9479166666666667,0.00039383945755213875
front,handcrafted,hist_gradient_boosting,exp_20260728,1,8,31,611,120,4.050376125000184,0.9444444444444444,0.9398237696110037,0.9716435185185186,0.000748247105009226
front,handcrafted,mlp,exp_20260728,1,8,31,611,120,0.08165033400291577,0.9652777777777778,0.9572619132416839,0.96875,0.00039383945755213875
front,handcrafted,logistic,exp_20260728,2,2,11,216,120,0.012490374996559694,0.9340277777777778,0.9310146593848807,0.9704861111111112,0.0007453196659689785
front,handcrafted,random_forest,exp_20260728,2,2,11,216,120,0.18341108300955966,0.8506944444444444,0.8577777777777778,0.9712094907407407,0.002195324746555425
front,handcrafted,rbf_svm,exp_20260728,2,2,11,216,120,0.0071960829955060035,0.9652777777777778,0.9572619132416839,0.9539930555555556,0.00039383945755213875
front,handcrafted,hist_gradient_boosting,exp_20260728,2,2,11,216,120,1.3790414999821223,0.7916666666666667,0.8043326345213138,0.959201388888889,0.0034854260870621602
front,handcrafted,mlp,exp_20260728,2,2,11,216,120,0.08584679098566994,0.9166666666666667,0.898989898989899,0.9641203703703703,0.001348203145615334
front,handcrafted,logistic,exp_20260728,2,4,13,264,120,0.013828041002852842,0.9548611111111112,0.9485714285714286,0.970775462962963,0.0004989653551730573
front,handcrafted,random_forest,exp_20260728,2,4,13,264,120,0.1787289580097422,0.8715277777777778,0.8766157461809636,0.9662905092592592,0.0016350837373458082
front,handcrafted,rbf_svm,exp_20260728,2,4,13,264,120,0.009267124987673014,0.9652777777777778,0.9572619132416839,0.9612268518518519,0.00039383945755213875
front,handcrafted,hist_gradient_boosting,exp_20260728,2,4,13,264,120,2.8634025000210386,0.7847222222222222,0.7962334053720284,0.9644097222222222,0.0035214613135752283
front,handcrafted,mlp,exp_20260728,2,4,13,264,120,0.10957450000569224,0.9652777777777778,0.9572619132416839,0.9704861111111112,0.00039383945755213875
front,handcrafted,logistic,exp_20260728,2,6,21,408,120,0.027643249981338158,0.9444444444444444,0.9398237696110037,0.9696180555555556,0.0006406953255434519
front,handcrafted,random_forest,exp_20260728,2,6,21,408,120,0.35449095800868236,0.8715277777777778,0.8766157461809636,0.9748263888888887,0.0017871138366886536
front,handcrafted,rbf_svm,exp_20260728,2,6,21,408,120,0.024537375022191554,0.9652777777777778,0.9572619132416839,0.9606481481481481,0.00039383945755213875
front,handcrafted,hist_gradient_boosting,exp_20260728,2,6,21,408,120,3.5440127500041854,0.7916666666666667,0.8043326345213138,0.9675925925925927,0.003382880746510173
front,handcrafted,mlp,exp_20260728,2,6,21,408,120,0.1111877090006601,0.9652777777777778,0.9572619132416839,0.9690393518518519,0.00039383945755213875
front,handcrafted,logistic,exp_20260728,2,8,29,552,120,0.014015041990205646,0.9652777777777778,0.9572619132416839,0.9696180555555556,0.00039383945755213875
front,handcrafted,random_forest,exp_20260728,2,8,29,552,120,0.22919095898396336,0.9652777777777778,0.9572619132416839,0.9736689814814815,0.00039383945755213875
front,handcrafted,rbf_svm,exp_20260728,2,8,29,552,120,0.01680070799193345,0.9652777777777778,0.9572619132416839,0.9565972222222222,0.00039383945755213875
front,handcrafted,hist_gradient_boosting,exp_20260728,2,8,29,552,120,4.1681174999976065,0.9097222222222222,0.9125619352958321,0.9809027777777778,0.001484843142547252
front,handcrafted,mlp,exp_20260728,2,8,29,552,120,0.05126358298002742,0.9652777777777778,0.9572619132416839,0.9684606481481481,0.00039383945755213875
front,handcrafted,logistic,exp_20260729,0,2,8,144,120,0.01989204200799577,0.9375,0.9238095238095239,0.9398148148148148,0.0014014032742416832
front,handcrafted,random_forest,exp_20260729,0,2,8,144,120,0.18223983398638666,0.9444444444444444,0.9321266968325792,0.9322916666666666,0.0013012106282449855
front,handcrafted,rbf_svm,exp_20260729,0,2,8,144,120,0.007163250003941357,0.9375,0.9238095238095239,0.921875,0.0014014032742416832
front,handcrafted,hist_gradient_boosting,exp_20260729,0,2,8,144,120,0.9318240419961512,0.9444444444444444,0.9321266968325792,0.9466145833333333,0.0013012106282449855
front,handcrafted,mlp,exp_20260729,0,2,8,144,120,0.04753550002351403,0.9166666666666667,0.898989898989899,0.9537037037037037,0.001693086807303004
front,handcrafted,logistic,exp_20260729,0,4,11,204,120,0.011875208001583815,0.9375,0.9238095238095239,0.9395254629629629,0.0014014032742416832
front,handcrafted,random_forest,exp_20260729,0,4,11,204,120,0.18174004199681804,0.9375,0.9238095238095239,0.9296875,0.0014014032742416832
front,handcrafted,rbf_svm,exp_20260729,0,4,11,204,120,0.009587749984348193,0.9375,0.9238095238095239,0.9288194444444444,0.0014014032742416832
front,handcrafted,hist_gradient_boosting,exp_20260729,0,4,11,204,120,1.086457416007761,0.9444444444444444,0.9321266968325792,0.9383680555555555,0.0013012106282449855
front,handcrafted,mlp,exp_20260729,0,4,11,204,120,0.07055858301464468,0.9305555555555556,0.9155167558434244,0.9456018518518519,0.0015251326206994994
front,handcrafted,logistic,exp_20260729,0,6,23,432,120,0.015350042027421296,0.9375,0.9238095238095239,0.9262152777777778,0.0014014032742416832
front,handcrafted,random_forest,exp_20260729,0,6,23,432,120,0.19305358399287798,0.9340277777777777,0.9234639642831833,0.9560185185185185,0.0014095997659126181
front,handcrafted,rbf_svm,exp_20260729,0,6,23,432,120,0.015161916991928592,0.9375,0.9238095238095239,0.9169560185185186,0.0014014032742416832
front,handcrafted,hist_gradient_boosting,exp_20260729,0,6,23,432,120,3.56924425001489,0.9270833333333333,0.9226305609284333,0.9681712962962963,0.0013280327273960924
front,handcrafted,mlp,exp_20260729,0,6,23,432,120,0.104418084025383,0.9444444444444444,0.9321266968325792,0.9427083333333333,0.0013012106282449855
front,handcrafted,logistic,exp_20260729,0,8,33,647,120,0.02110775001347065,0.9375,0.9238095238095239,0.9267939814814814,0.0014014032742416832
front,handcrafted,random_forest,exp_20260729,0,8,33,647,120,0.2034005830064416,0.9375,0.9238095238095239,0.966869212962963,0.0014014032742416832
front,handcrafted,rbf_svm,exp_20260729,0,8,33,647,120,0.016172958014067262,0.9375,0.9238095238095239,0.9322916666666666,0.0014014032742416832
front,handcrafted,hist_gradient_boosting,exp_20260729,0,8,33,647,120,4.015921457990771,0.9652777777777778,0.9572619132416839,0.970775462962963,0.0007600163362059705
front,handcrafted,mlp,exp_20260729,0,8,33,647,120,0.07723641698248684,0.9305555555555556,0.9155167558434244,0.9424189814814814,0.0015251326206994994
front,handcrafted,logistic,exp_20260729,0,10,39,767,120,0.014586625009542331,0.9375,0.9238095238095239,0.9259259259259258,0.0014014032742416832
front,handcrafted,random_forest,exp_20260729,0,10,39,767,120,0.1987719169992488,0.9375,0.9238095238095239,0.9578993055555556,0.0014014032742416832
front,handcrafted,rbf_svm,exp_20260729,0,10,39,767,120,0.010643583023920655,0.9375,0.9238095238095239,0.9253472222222222,0.0014014032742416832
front,handcrafted,hist_gradient_boosting,exp_20260729,0,10,39,767,120,5.236213457974372,0.9340277777777777,0.9234639642831833,0.9655671296296297,0.0013052250261837337
front,handcrafted,mlp,exp_20260729,0,10,39,767,120,0.18935941698146053,0.9305555555555556,0.9155167558434244,0.9418402777777777,0.0015251326206994994
front,handcrafted,logistic,exp_20260729,1,2,3,60,120,0.011856750003062189,0.9305555555555556,0.9155167558434244,0.9210069444444445,0.0015251326206994994
front,handcrafted,random_forest,exp_20260729,1,2,3,60,120,0.1483329169859644,0.9305555555555556,0.9155167558434244,0.9451678240740742,0.0015251326206994994
front,handcrafted,rbf_svm,exp_20260729,1,2,3,60,120,0.005775291996542364,0.9305555555555556,0.9155167558434244,0.9227430555555556,0.0015251326206994994
front,handcrafted,hist_gradient_boosting,exp_20260729,1,2,3,60,120,0.1523354999953881,0.9305555555555556,0.9155167558434244,0.9305555555555556,0.0015251326206994994
front,handcrafted,mlp,exp_20260729,1,2,3,60,120,0.04564441597904079,0.8402777777777778,0.8083200222237655,0.9291087962962964,0.0030324567844578674
front,handcrafted,logistic,exp_20260729,1,4,9,180,120,0.010192541987635195,0.9375,0.9238095238095239,0.9239004629629629,0.0014014032742416832
front,handcrafted,random_forest,exp_20260729,1,4,9,180,120,0.17364466699655168,0.8888888888888888,0.8875351452671041,0.9280960648148148,0.001967603530993847
front,handcrafted,rbf_svm,exp_20260729,1,4,9,180,120,0.011058042000513524,0.9375,0.9238095238095239,0.9227430555555555,0.0014014032742416832
front,handcrafted,hist_gradient_boosting,exp_20260729,1,4,9,180,120,1.4333073750021867,0.8784722222222222,0.8784722222222222,0.9189814814814815,0.002181212657583293
front,handcrafted,mlp,exp_20260729,1,4,9,180,120,0.04773966601351276,0.9305555555555556,0.9155167558434244,0.9380787037037036,0.0015251326206994994
front,handcrafted,logistic,exp_20260729,1,6,21,420,120,0.014590917009627447,0.9375,0.9238095238095239,0.9311342592592592,0.0014014032742416832
front,handcrafted,random_forest,exp_20260729,1,6,21,420,120,0.17471204200410284,0.9513888888888888,0.9404719722202537,0.9710648148148148,0.0011538823086840425
front,handcrafted,rbf_svm,exp_20260729,1,6,21,420,120,0.009153040999080986,0.9375,0.9238095238095239,0.9424189814814814,0.0014014032742416832
front,handcrafted,hist_gradient_boosting,exp_20260729,1,6,21,420,120,2.962123083998449,0.9201388888888888,0.9142857142857144,0.9675925925925926,0.0018145994485675573
front,handcrafted,mlp,exp_20260729,1,6,21,420,120,0.04575787502108142,0.9305555555555556,0.9155167558434244,0.9427083333333333,0.0015251326206994994
front,handcrafted,logistic,exp_20260729,1,8,28,552,120,0.01240025000879541,0.9375,0.9238095238095239,0.9239004629629629,0.0014014032742416832
front,handcrafted,random_forest,exp_20260729,1,8,28,552,120,0.2035933340084739,0.9270833333333333,0.9151583710407241,0.9678819444444444,0.0016150124008311292
front,handcrafted,rbf_svm,exp_20260729,1,8,28,552,120,0.010632999998051673,0.9375,0.9238095238095239,0.9340277777777777,0.0014014032742416832
front,handcrafted,hist_gradient_boosting,exp_20260729,1,8,28,552,120,4.714090374996886,0.9166666666666666,0.9137683242311009,0.9638310185185185,0.001616142060352967
front,handcrafted,mlp,exp_20260729,1,8,28,552,120,0.1627995829912834,0.9305555555555556,0.9155167558434244,0.9377893518518517,0.0015251326206994994
front,handcrafted,logistic,exp_20260729,2,2,13,240,120,0.028273166972212493,0.9375,0.9238095238095239,0.9267939814814815,0.0014014032742416832
front,handcrafted,random_forest,exp_20260729,2,2,13,240,120,0.36494575001415797,0.9375,0.9238095238095239,0.9321469907407408,0.0014014032742416832
front,handcrafted,rbf_svm,exp_20260729,2,2,13,240,120,0.01091970899142325,0.9375,0.9238095238095239,0.9363425925925926,0.0014014032742416832
front,handcrafted,hist_gradient_boosting,exp_20260729,2,2,13,240,120,1.0325601670192555,0.9236111111111112,0.9147485080988917,0.9334490740740741,0.0016199473447618695
front,handcrafted,mlp,exp_20260729,2,2,13,240,120,0.04075500002363697,0.9097222222222222,0.8907486518663772,0.9421296296296297,0.0017656032508928025
front,handcrafted,logistic,exp_20260729,2,4,18,359,120,0.01597133299219422,0.9375,0.9238095238095239,0.9247685185185185,0.0014014032742416832
front,handcrafted,random_forest,exp_20260729,2,4,18,359,120,0.20086258300580084,0.9375,0.9238095238095239,0.9220196759259258,0.0014014032742416832
front,handcrafted,rbf_svm,exp_20260729,2,4,18,359,120,0.008031250006752089,0.9375,0.9238095238095239,0.9178240740740741,0.0014014032742416832
front,handcrafted,hist_gradient_boosting,exp_20260729,2,4,18,359,120,2.649308874999406,0.9270833333333333,0.9151583710407241,0.9293981481481481,0.0016150124008311292
front,handcrafted,mlp,exp_20260729,2,4,18,359,120,0.04931025000405498,0.9305555555555556,0.9155167558434244,0.9403935185185185,0.0015251326206994994
front,handcrafted,logistic,exp_20260729,2,6,25,491,120,0.011516708007548004,0.9375,0.9238095238095239,0.9239004629629629,0.0014014032742416832
front,handcrafted,random_forest,exp_20260729,2,6,25,491,120,0.19032724999124184,0.9375,0.9238095238095239,0.9259259259259259,0.0014014032742416832
front,handcrafted,rbf_svm,exp_20260729,2,6,25,491,120,0.008708209003088996,0.9375,0.9238095238095239,0.9207175925925926,0.0014014032742416832
front,handcrafted,hist_gradient_boosting,exp_20260729,2,6,25,491,120,2.9412746659945697,0.90625,0.8976982097186701,0.9230324074074074,0.0020156245617467742
front,handcrafted,mlp,exp_20260729,2,6,25,491,120,0.05824404099257663,0.9305555555555556,0.9155167558434244,0.945023148148148,0.0015251326206994994
front,handcrafted,logistic,exp_20260729,2,8,32,623,120,0.012903665978228673,0.9375,0.9238095238095239,0.9241898148148148,0.0014014032742416832
front,handcrafted,random_forest,exp_20260729,2,8,32,623,120,0.20348245798959397,0.9375,0.9238095238095239,0.9250578703703702,0.0014014032742416832
front,handcrafted,rbf_svm,exp_20260729,2,8,32,623,120,0.008486083999741822,0.9375,0.9238095238095239,0.9169560185185185,0.0014014032742416832
front,handcrafted,hist_gradient_boosting,exp_20260729,2,8,32,623,120,3.9333357499854174,0.9166666666666667,0.906455956346113,0.9195601851851852,0.001723401538498762
front,handcrafted,mlp,exp_20260729,2,8,32,623,120,0.07846933297696523,0.9305555555555556,0.9155167558434244,0.9435763888888888,0.0015251326206994994
front,handcrafted,logistic,exp_20260730,0,2,7,132,120,0.010771333007141948,0.7986111111111112,0.8044444444444445,0.9036458333333334,0.0043810659781146
front,handcrafted,random_forest,exp_20260730,0,2,7,132,120,0.17372079199412838,0.8819444444444444,0.8578496272036792,0.9133391203703705,0.0030190336602429323
front,handcrafted,rbf_svm,exp_20260730,0,2,7,132,120,0.005516957986401394,0.7986111111111112,0.8044444444444445,0.9155092592592593,0.0043810659781146
front,handcrafted,hist_gradient_boosting,exp_20260730,0,2,7,132,120,0.6021319580031559,0.8368055555555556,0.822921790457452,0.9029224537037037,0.004251713432155659
front,handcrafted,mlp,exp_20260730,0,2,7,132,120,0.07497883299947716,0.8819444444444444,0.8578496272036792,0.9192708333333334,0.0030190336602429323
front,handcrafted,logistic,exp_20260730,0,4,13,263,120,0.010739791003288701,0.7986111111111112,0.8044444444444445,0.9074074074074074,0.0043810659781146
front,handcrafted,random_forest,exp_20260730,0,4,13,263,120,0.19706916599534452,0.8506944444444444,0.8321678321678322,0.9140624999999999,0.003819620519298752
front,handcrafted,rbf_svm,exp_20260730,0,4,13,263,120,0.010665374982636422,0.7986111111111112,0.8044444444444445,0.9134837962962963,0.0043810659781146
front,handcrafted,hist_gradient_boosting,exp_20260730,0,4,13,263,120,3.210994583001593,0.8090277777777778,0.8090277777777778,0.9156539351851852,0.004169823410043003
front,handcrafted,mlp,exp_20260730,0,4,13,263,120,0.05289337498834357,0.875,0.849624060150376,0.9224537037037037,0.0032933618439082908
front,handcrafted,logistic,exp_20260730,0,6,20,407,120,0.014588999998522922,0.8888888888888888,0.8660714285714286,0.9134837962962963,0.0027711139859976355
front,handcrafted,random_forest,exp_20260730,0,6,20,407,120,0.19385924999369308,0.8680555555555556,0.848951048951049,0.9347511574074074,0.003137750203806682
front,handcrafted,rbf_svm,exp_20260730,0,6,20,407,120,0.013112584012560546,0.8819444444444444,0.8578496272036792,0.8683449074074074,0.0030190336602429323
front,handcrafted,hist_gradient_boosting,exp_20260730,0,6,20,407,120,2.873052374983672,0.8402777777777777,0.823517053014917,0.9317129629629629,0.0035909771475831887
front,handcrafted,mlp,exp_20260730,0,6,20,407,120,0.07234091599821113,0.8888888888888888,0.8660714285714286,0.9181134259259259,0.0027711139859976355
front,handcrafted,logistic,exp_20260730,0,8,28,551,120,0.013977292022900656,0.8888888888888888,0.8660714285714286,0.9050925925925926,0.0027711139859976355
front,handcrafted,random_forest,exp_20260730,0,8,28,551,120,0.21110970800509676,0.8784722222222222,0.8575319505552064,0.923900462962963,0.00293511125206132
front,handcrafted,rbf_svm,exp_20260730,0,8,28,551,120,0.01481454199529253,0.8888888888888888,0.8660714285714286,0.8611111111111112,0.0027711139859976355
front,handcrafted,hist_gradient_boosting,exp_20260730,0,8,28,551,120,3.4308307500032242,0.84375,0.8310335116868488,0.9302662037037037,0.0034044480304642293
front,handcrafted,mlp,exp_20260730,0,8,28,551,120,0.07236787502188236,0.8888888888888888,0.8660714285714286,0.9114583333333333,0.0027711139859976355
front,handcrafted,logistic,exp_20260730,0,10,39,767,120,0.013411374995484948,0.8888888888888888,0.8660714285714286,0.9079861111111112,0.0027711139859976355
front,handcrafted,random_forest,exp_20260730,0,10,39,767,120,0.20391775001189671,0.8888888888888888,0.8660714285714286,0.91796875,0.0027711139859976355
front,handcrafted,rbf_svm,exp_20260730,0,10,39,767,120,0.011288333014817908,0.8888888888888888,0.8660714285714286,0.8544560185185185,0.0027711139859976355
front,handcrafted,hist_gradient_boosting,exp_20260730,0,10,39,767,120,4.98561800000607,0.875,0.8571328524406472,0.9334490740740741,0.0030262571198155287
front,handcrafted,mlp,exp_20260730,0,10,39,767,120,0.10771879201638512,0.8888888888888888,0.8660714285714286,0.9111689814814815,0.0027711139859976355
front,handcrafted,logistic,exp_20260730,1,2,9,191,120,0.017481124988989905,0.8680555555555556,0.848951048951049,0.9169560185185185,0.002990421832234137
front,handcrafted,random_forest,exp_20260730,1,2,9,191,120,0.18657195798004977,0.8263888888888888,0.8263888888888888,0.9225983796296297,0.003586578300028523
front,handcrafted,rbf_svm,exp_20260730,1,2,9,191,120,0.008545832999516279,0.8888888888888888,0.8660714285714286,0.9033564814814815,0.0027711139859976355
front,handcrafted,hist_gradient_boosting,exp_20260730,1,2,9,191,120,1.3764862499956507,0.8298611111111112,0.8275366484622018,0.9006076388888888,0.0036229819098892975
front,handcrafted,mlp,exp_20260730,1,2,9,191,120,0.04942891598329879,0.875,0.849624060150376,0.9169560185185185,0.0032933618439082908
front,handcrafted,logistic,exp_20260730,1,4,11,239,120,0.0117293749935925,0.8680555555555556,0.848951048951049,0.9172453703703703,0.002990421832234137
front,handcrafted,random_forest,exp_20260730,1,4,11,239,120,0.1762986660178285,0.8402777777777778,0.8366645175155814,0.91796875,0.0031602292053733794
front,handcrafted,rbf_svm,exp_20260730,1,4,11,239,120,0.0072771660052239895,0.8888888888888888,0.8660714285714286,0.9134837962962963,0.0027711139859976355
front,handcrafted,hist_gradient_boosting,exp_20260730,1,4,11,239,120,1.121016041986877,0.8472222222222222,0.8384239245978314,0.9020543981481481,0.003521087504362185
front,handcrafted,mlp,exp_20260730,1,4,11,239,120,0.04378820798592642,0.875,0.849624060150376,0.9065393518518519,0.0032933618439082908
front,handcrafted,logistic,exp_20260730,1,6,19,383,120,0.010438041004817933,0.8472222222222222,0.8316498316498316,0.9172453703703703,0.003259037705948824
front,handcrafted,random_forest,exp_20260730,1,6,19,383,120,0.18659304198808968,0.8159722222222223,0.8170598911070781,0.9157986111111112,0.003696153336962536
front,handcrafted,rbf_svm,exp_20260730,1,6,19,383,120,0.012095250014681369,0.8888888888888888,0.8660714285714286,0.9071180555555556,0.0027711139859976355
front,handcrafted,hist_gradient_boosting,exp_20260730,1,6,19,383,120,3.167522584000835,0.8090277777777778,0.8090277777777778,0.9017650462962963,0.00406368196170496
front,handcrafted,mlp,exp_20260730,1,6,19,383,120,0.07970645898603834,0.8888888888888888,0.8660714285714286,0.9184027777777778,0.0027711139859976355
front,handcrafted,logistic,exp_20260730,1,8,31,623,120,0.013889541995013133,0.8819444444444444,0.8578496272036792,0.9048032407407407,0.0030190336602429323
front,handcrafted,random_forest,exp_20260730,1,8,31,623,120,0.20704233401920646,0.8958333333333333,0.8742928975487115,0.9314236111111112,0.0024431298776462253
front,handcrafted,rbf_svm,exp_20260730,1,8,31,623,120,0.00971049998770468,0.8819444444444444,0.8578496272036792,0.859375,0.0030190336602429323
front,handcrafted,hist_gradient_boosting,exp_20260730,1,8,31,623,120,3.8046218329982366,0.9027777777777778,0.8825174825174825,0.9212962962962963,0.002331054682402138
front,handcrafted,mlp,exp_20260730,1,8,31,623,120,0.09265291597694159,0.8888888888888888,0.8660714285714286,0.9236111111111112,0.0027711139859976355
front,handcrafted,logistic,exp_20260730,2,2,13,228,120,0.010561624978436157,0.8888888888888888,0.8660714285714286,0.9010416666666666,0.0027711139859976355
front,handcrafted,random_forest,exp_20260730,2,2,13,228,120,0.17046600001049228,0.8888888888888888,0.8660714285714286,0.8977141203703703,0.0027711139859976355
front,handcrafted,rbf_svm,exp_20260730,2,2,13,228,120,0.006985249987337738,0.8888888888888888,0.8660714285714286,0.8686342592592593,0.0027711139859976355
front,handcrafted,hist_gradient_boosting,exp_20260730,2,2,13,228,120,1.750874749996001,0.8784722222222222,0.8575319505552064,0.8961226851851851,0.0028808467953001233
front,handcrafted,mlp,exp_20260730,2,2,13,228,120,0.08508250000886619,0.8819444444444444,0.8578496272036792,0.9097222222222222,0.0030190336602429323
front,handcrafted,logistic,exp_20260730,2,4,16,288,120,0.017136417009169236,0.8888888888888888,0.8660714285714286,0.9024884259259259,0.0027711139859976355
front,handcrafted,random_forest,exp_20260730,2,4,16,288,120,0.27387479098979384,0.8888888888888888,0.8660714285714286,0.9017650462962963,0.0027711139859976355
front,handcrafted,rbf_svm,exp_20260730,2,4,16,288,120,0.015333667019149289,0.8888888888888888,0.8660714285714286,0.8761574074074074,0.0027711139859976355
front,handcrafted,hist_gradient_boosting,exp_20260730,2,4,16,288,120,2.474091167008737,0.8680555555555556,0.848951048951049,0.8987268518518517,0.003044844061363808
front,handcrafted,mlp,exp_20260730,2,4,16,288,120,0.05245058299624361,0.8819444444444444,0.8578496272036792,0.9146412037037037,0.0030190336602429323
front,handcrafted,logistic,exp_20260730,2,6,23,432,120,0.013111584004946053,0.8888888888888888,0.8660714285714286,0.9045138888888888,0.0027711139859976355
front,handcrafted,random_forest,exp_20260730,2,6,23,432,120,0.17852195899467915,0.8888888888888888,0.8660714285714286,0.9250578703703705,0.0027711139859976355
front,handcrafted,rbf_svm,exp_20260730,2,6,23,432,120,0.013032666000071913,0.8888888888888888,0.8660714285714286,0.8640046296296297,0.0027711139859976355
front,handcrafted,hist_gradient_boosting,exp_20260730,2,6,23,432,120,3.8018603330128826,0.8263888888888888,0.8141368628555337,0.9311342592592592,0.003873477675924981
front,handcrafted,mlp,exp_20260730,2,6,23,432,120,0.1107472500007134,0.8888888888888888,0.8660714285714286,0.9103009259259259,0.0027711139859976355
front,handcrafted,logistic,exp_20260730,2,8,33,647,120,0.01864991697948426,0.8819444444444444,0.8578496272036792,0.9079861111111112,0.0030190336602429323
front,handcrafted,random_forest,exp_20260730,2,8,33,647,120,0.3330692089803051,0.8784722222222222,0.8575319505552064,0.9344618055555556,0.00293511125206132
front,handcrafted,rbf_svm,exp_20260730,2,8,33,647,120,0.01962325000204146,0.8819444444444444,0.8578496272036792,0.8509837962962963,0.0030190336602429323
front,handcrafted,hist_gradient_boosting,exp_20260730,2,8,33,647,120,4.104338874982204,0.84375,0.8310335116868488,0.9210069444444444,0.0032567399303081723
front,handcrafted,mlp,exp_20260730,2,8,33,647,120,0.0773533750034403,0.8888888888888888,0.8660714285714286,0.9123263888888888,0.0027711139859976355
front,handcrafted,logistic,exp_20260731,0,2,5,119,120,0.008527666999725625,0.8353174603174603,0.832663440242802,0.933862433862434,0.003208613634198279
front,handcrafted,random_forest,exp_20260731,0,2,5,119,120,0.16191904101287946,0.8988095238095238,0.848202991293995,0.919808201058201,0.0017278822265799619
front,handcrafted,rbf_svm,exp_20260731,0,2,5,119,120,0.007248415990034118,0.8214285714285714,0.8214285714285714,0.8839285714285714,0.003440976366699925
front,handcrafted,hist_gradient_boosting,exp_20260731,0,2,5,119,120,0.4137502080120612,0.8511904761904762,0.7837214332059693,0.8951719576719577,0.002762972171467158
front,handcrafted,mlp,exp_20260731,0,2,5,119,120,0.04023679197416641,0.8452380952380952,0.7757976430008624,0.9074074074074074,0.0028941213066775357
front,handcrafted,logistic,exp_20260731,0,4,17,359,120,0.013797666993923485,0.9226190476190477,0.8815939278937381,0.9186507936507937,0.0011891863657352197
front,handcrafted,random_forest,exp_20260731,0,4,17,359,120,0.2017549999873154,0.9027777777777778,0.8633776091081593,0.9227843915343915,0.0015662029800088146
front,handcrafted,rbf_svm,exp_20260731,0,4,17,359,120,0.008267541998066008,0.9166666666666667,0.8731501057082452,0.9500661375661377,0.0013338402475071688
front,handcrafted,hist_gradient_boosting,exp_20260731,0,4,17,359,120,2.3285573339962866,0.9087301587301587,0.8717948717948718,0.9160052910052909,0.0014892845056080177
front,handcrafted,mlp,exp_20260731,0,4,17,359,120,0.07016629099962302,0.8928571428571428,0.8400000000000001,0.9143518518518519,0.0018022664964746726
front,handcrafted,logistic,exp_20260731,0,6,23,479,120,0.015913000010186806,0.9285714285714286,0.8901098901098901,0.9186507936507937,0.0010618415258161421
front,handcrafted,random_forest,exp_20260731,0,6,23,479,120,0.20724150000023656,0.9087301587301587,0.8717948717948718,0.927744708994709,0.0014215490982368655
front,handcrafted,rbf_svm,exp_20260731,0,6,23,479,120,0.012186708016088232,0.9226190476190477,0.8815939278937381,0.9441137566137566,0.0011891863657352197
front,handcrafted,hist_gradient_boosting,exp_20260731,0,6,23,479,120,3.659651916997973,0.8869047619047619,0.8602375960866526,0.9160052910052909,0.0020786020660225907
front,handcrafted,mlp,exp_20260731,0,6,23,479,120,0.05721229198388755,0.8869047619047619,0.8318460063426506,0.9083994708994709,0.001925066114085672
front,handcrafted,logistic,exp_20260731,0,8,31,635,120,0.013429999991785735,0.9285714285714286,0.8901098901098901,0.9044312169312169,0.0010618415258161421
front,handcrafted,random_forest,exp_20260731,0,8,31,635,120,0.19591570799821056,0.9007936507936507,0.8703303488731089,0.9325396825396826,0.0014435336763923311
front,handcrafted,rbf_svm,exp_20260731,0,8,31,635,120,0.010582541988696903,0.9226190476190477,0.8815939278937381,0.9484126984126985,0.0011891863657352197
front,handcrafted,hist_gradient_boosting,exp_20260731,0,8,31,635,120,4.56851674997597,0.8531746031746033,0.83125,0.9219576719576721,0.002557926259705085
front,handcrafted,mlp,exp_20260731,0,8,31,635,120,0.06362416699994355,0.8869047619047619,0.8318460063426506,0.9021164021164021,0.001925066114085672
front,handcrafted,logistic,exp_20260731,0,10,38,767,120,0.014061875001061708,0.9285714285714286,0.8901098901098901,0.9156746031746033,0.0010618415258161421
front,handcrafted,random_forest,exp_20260731,0,10,38,767,120,0.2330108750029467,0.9007936507936507,0.8703303488731089,0.9260912698412699,0.0014435336763923311
front,handcrafted,rbf_svm,exp_20260731,0,10,38,767,120,0.014801125013036653,0.9226190476190477,0.8815939278937381,0.9523809523809524,0.0011891863657352197
front,handcrafted,hist_gradient_boosting,exp_20260731,0,10,38,767,120,6.103031041973736,0.8928571428571428,0.8687499999999999,0.9315476190476191,0.0020678295112429496
front,handcrafted,mlp,exp_20260731,0,10,38,767,120,0.10481041698949412,0.9226190476190477,0.8815939278937381,0.8958333333333334,0.0012217480063032536
front,handcrafted,logistic,exp_20260731,1,2,10,203,120,0.013103334000334144,0.7936507936507937,0.7983193277310925,0.8541666666666667,0.0042136796104586425
front,handcrafted,random_forest,exp_20260731,1,2,10,203,120,0.2530169580131769,0.8214285714285714,0.8214285714285714,0.9279100529100529,0.003440976366699925
front,handcrafted,rbf_svm,exp_20260731,1,2,10,203,120,0.012593791994731873,0.7936507936507937,0.7983193277310925,0.7397486772486771,0.0042136796104586425
front,handcrafted,hist_gradient_boosting,exp_20260731,1,2,10,203,120,2.515939959004754,0.6686507936507937,0.6371413821078251,0.8303571428571429,0.0079188632611751
front,handcrafted,mlp,exp_20260731,1,2,10,203,120,0.15101108301314525,0.8988095238095238,0.848202991293995,0.9212962962962963,0.0017423452678191273
front,handcrafted,logistic,exp_20260731,1,4,18,359,120,0.0293028749874793,0.8869047619047619,0.8602375960866526,0.9146825396825398,0.0022172555704677876
front,handcrafted,random_forest,exp_20260731,1,4,18,359,120,0.35208058400894515,0.8432539682539683,0.8351515151515152,0.9280753968253969,0.002606630235341048
front,handcrafted,rbf_svm,exp_20260731,1,4,18,359,120,0.014032875013072044,0.9107142857142857,0.8647734956051386,0.9533730158730159,0.0015233071161524672
front,handcrafted,hist_gradient_boosting,exp_20260731,1,4,18,359,120,2.690127207984915,0.746031746031746,0.7537619699042408,0.9169973544973544,0.00561541564562109
front,handcrafted,mlp,exp_20260731,1,4,18,359,120,0.052126916009001434,0.9047619047619048,0.8564593301435407,0.9074074074074074,0.0015462767337280415
front,handcrafted,logistic,exp_20260731,1,6,25,503,120,0.012181707978015766,0.9345238095238095,0.8987030926252781,0.9150132275132276,0.0009660283294998823
front,handcrafted,random_forest,exp_20260731,1,6,25,503,120,0.3015792919904925,0.9007936507936507,0.8703303488731089,0.9350198412698413,0.0014435336763923311
front,handcrafted,rbf_svm,exp_20260731,1,6,25,503,120,0.02224966700305231,0.9226190476190477,0.8815939278937381,0.9636243386243387,0.0011891863657352197
front,handcrafted,hist_gradient_boosting,exp_20260731,1,6,25,503,120,4.194337667024229,0.8353174603174603,0.832663440242802,0.9272486772486772,0.0029727716034344777
front,handcrafted,mlp,exp_20260731,1,6,25,503,120,0.09056737500941381,0.9226190476190477,0.8815939278937381,0.9070767195767196,0.0012217480063032536
front,handcrafted,logistic,exp_20260731,1,8,31,623,120,0.028789292002329603,0.9345238095238095,0.8987030926252781,0.9136904761904763,0.0009660283294998823
front,handcrafted,random_forest,exp_20260731,1,8,31,623,120,0.21273533400380984,0.8591269841269842,0.8396100322352387,0.9358465608465608,0.0021428496210642847
front,handcrafted,rbf_svm,exp_20260731,1,8,31,623,120,0.017262832989217713,0.9285714285714286,0.8901098901098901,0.9603174603174603,0.0010618415258161421
front,handcrafted,hist_gradient_boosting,exp_20260731,1,8,31,623,120,3.9646962090046145,0.871031746031746,0.8565851326587524,0.9133597883597884,0.002097962434169337
front,handcrafted,mlp,exp_20260731,1,8,31,623,120,0.06961187499109656,0.9285714285714286,0.8901098901098901,0.9017857142857143,0.0011259348099869938
front,handcrafted,logistic,exp_20260731,2,2,6,131,120,0.010496041999431327,0.8214285714285714,0.8214285714285714,0.9295634920634921,0.003440976366699925
front,handcrafted,random_forest,exp_20260731,2,2,6,131,120,0.15953274999628775,0.8928571428571428,0.8400000000000001,0.9265873015873016,0.0019243501380499656
front,handcrafted,rbf_svm,exp_20260731,2,2,6,131,120,0.00618683299398981,0.8214285714285714,0.8214285714285714,0.8928571428571428,0.003440976366699925
front,handcrafted,hist_gradient_boosting,exp_20260731,2,2,6,131,120,0.1628825830121059,0.8928571428571428,0.8400000000000001,0.8928571428571428,0.0019243501380499656
front,handcrafted,mlp,exp_20260731,2,2,6,131,120,0.0420914169808384,0.8809523809523809,0.8237367802585194,0.9103835978835979,0.0021215340255556756
front,handcrafted,logistic,exp_20260731,2,4,8,179,120,0.010155291005503386,0.9226190476190477,0.8815939278937381,0.9388227513227514,0.0012217480063032536
front,handcrafted,random_forest,exp_20260731,2,4,8,179,120,0.18306858401047066,0.8928571428571428,0.8400000000000001,0.9285714285714286,0.0019243501380499656
front,handcrafted,rbf_svm,exp_20260731,2,4,8,179,120,0.005322291981428862,0.8908730158730158,0.8757071149709187,0.9427910052910053,0.0022729714984731815
front,handcrafted,hist_gradient_boosting,exp_20260731,2,4,8,179,120,1.3410031250095926,0.9047619047619048,0.8564593301435407,0.921792328042328,0.001667960997924416
front,handcrafted,mlp,exp_20260731,2,4,8,179,120,0.04799399999319576,0.8869047619047619,0.8318460063426506,0.9176587301587302,0.00206161279690013
front,handcrafted,logistic,exp_20260731,2,6,20,407,120,0.012313666986301541,0.9285714285714286,0.8901098901098901,0.9222883597883598,0.0010618415258161421
front,handcrafted,random_forest,exp_20260731,2,6,20,407,120,0.18691437499364838,0.9087301587301587,0.8717948717948718,0.9274140211640212,0.0014215490982368655
front,handcrafted,rbf_svm,exp_20260731,2,6,20,407,120,0.008010915975319222,0.9226190476190477,0.8815939278937381,0.9503968253968255,0.0011891863657352197
front,handcrafted,hist_gradient_boosting,exp_20260731,2,6,20,407,120,3.888358791999053,0.9087301587301587,0.8717948717948718,0.8961640211640212,0.0014943573562748993
front,handcrafted,mlp,exp_20260731,2,6,20,407,120,0.15580487498664297,0.9226190476190477,0.8815939278937381,0.9163359788359788,0.0012217480063032536
front,handcrafted,logistic,exp_20260731,2,8,26,527,120,0.02856266699382104,0.9345238095238095,0.8987030926252781,0.9189814814814815,0.0009660283294998823
front,handcrafted,random_forest,exp_20260731,2,8,26,527,120,0.19962854200275615,0.8809523809523809,0.8518061129978389,0.9279100529100529,0.00182077395525531
front,handcrafted,rbf_svm,exp_20260731,2,8,26,527,120,0.010476916999323294,0.9285714285714286,0.8901098901098901,0.951388888888889,0.0010618415258161421
front,handcrafted,hist_gradient_boosting,exp_20260731,2,8,26,527,120,3.5760137499892153,0.8670634920634921,0.8416026088982064,0.900462962962963,0.0022824843168300075
front,handcrafted,mlp,exp_20260731,2,8,26,527,120,0.07970958299119957,0.9226190476190477,0.8815939278937381,0.9057539682539683,0.0012217480063032536
extreme,handcrafted,logistic,exp_20260717,0,2,11,216,24,0.014979708997998387,0.75,0.7482517482517483,0.8541666666666667,0.009160354232612529
extreme,handcrafted,random_forest,exp_20260717,0,2,11,216,24,0.16993016601190902,0.5,0.3333333333333333,0.9895833333333334,0.02110273178418576
extreme,handcrafted,rbf_svm,exp_20260717,0,2,11,216,24,0.006336291000479832,0.5,0.3333333333333333,0.5,0.02110273178418576
extreme,handcrafted,hist_gradient_boosting,exp_20260717,0,2,11,216,24,0.9729410829895642,0.5,0.3333333333333333,0.8541666666666667,0.039759992458746195
extreme,handcrafted,mlp,exp_20260717,0,2,11,216,24,0.05344587500439957,0.5,0.3333333333333333,0.5,0.039759992458746195
extreme,handcrafted,logistic,exp_20260717,0,4,12,240,24,0.011333458998706192,0.7083333333333334,0.6812144212523719,1.0,0.010776507399733086
extreme,handcrafted,random_forest,exp_20260717,0,4,12,240,24,0.18256470799678937,0.6666666666666666,0.625,0.9722222222222221,0.014576720631561383
extreme,handcrafted,rbf_svm,exp_20260717,0,4,12,240,24,0.006662833009613678,0.3333333333333333,0.3142857142857143,0.21527777777777776,0.040120213003337915
extreme,handcrafted,hist_gradient_boosting,exp_20260717,0,4,12,240,24,1.054790416994365,0.6666666666666666,0.625,1.0,0.014576720631561383
extreme,handcrafted,mlp,exp_20260717,0,4,12,240,24,0.044378874998074025,0.5,0.3333333333333333,1.0,0.039759992458746195
extreme,handcrafted,logistic,exp_20260717,0,6,24,468,24,0.014463166997302324,0.6666666666666666,0.625,1.0,0.014576720631561383
extreme,handcrafted,random_forest,exp_20260717,0,6,24,468,24,0.19167595900944434,0.6666666666666666,0.625,0.9618055555555556,0.014576720631561383
extreme,handcrafted,rbf_svm,exp_20260717,0,6,24,468,24,0.011595957999816164,0.2916666666666667,0.2804232804232804,0.20138888888888887,0.041622389368963605
extreme,handcrafted,hist_gradient_boosting,exp_20260717,0,6,24,468,24,3.2858655829913914,0.6666666666666666,0.625,0.9722222222222222,0.014576720631561383
extreme,handcrafted,mlp,exp_20260717,0,6,24,468,24,0.059872290992643684,0.5,0.3333333333333333,1.0,0.039759992458746195
extreme,handcrafted,logistic,exp_20260717,0,8,30,588,24,0.0124447499983944,0.6666666666666666,0.625,1.0,0.014576720631561383
extreme,handcrafted,random_forest,exp_20260717,0,8,30,588,24,0.2028233330056537,0.6666666666666666,0.625,0.9791666666666666,0.014576720631561383
extreme,handcrafted,rbf_svm,exp_20260717,0,8,30,588,24,0.011622499994700775,0.2916666666666667,0.2804232804232804,0.20138888888888887,0.041622389368963605
extreme,handcrafted,hist_gradient_boosting,exp_20260717,0,8,30,588,24,4.05071858302108,0.6666666666666666,0.625,0.9722222222222223,0.014576720631561383
extreme,handcrafted,mlp,exp_20260717,0,8,30,588,24,0.07604870898649096,0.5,0.3333333333333333,1.0,0.039759992458746195
extreme,handcrafted,logistic,exp_20260717,0,10,43,828,24,0.014329375000670552,0.625,0.5636363636363637,1.0,0.019278744673123977
extreme,handcrafted,random_forest,exp_20260717,0,10,43,828,24,0.19544783301535062,0.6666666666666666,0.625,0.8715277777777779,0.014576720631561383
extreme,handcrafted,rbf_svm,exp_20260717,0,10,43,828,24,0.010247083002468571,0.2916666666666667,0.2804232804232804,0.20138888888888887,0.041622389368963605
extreme,handcrafted,hist_gradient_boosting,exp_20260717,0,10,43,828,24,4.647735250007827,0.6666666666666666,0.625,1.0,0.014576720631561383
extreme,handcrafted,mlp,exp_20260717,0,10,43,828,24,0.07951949999551289,0.5,0.3333333333333333,1.0,0.039759992458746195
extreme,handcrafted,logistic,exp_20260717,1,2,7,120,24,0.014365083014126867,0.5,0.3333333333333333,1.0,0.039759992458746195
extreme,handcrafted,random_forest,exp_20260717,1,2,7,120,24,0.18641704198671505,0.5,0.3333333333333333,1.0,0.02110273178418576
extreme,handcrafted,rbf_svm,exp_20260717,1,2,7,120,24,0.009342625009594485,0.5,0.3333333333333333,0.5,0.02110273178418576
extreme,handcrafted,hist_gradient_boosting,exp_20260717,1,2,7,120,24,0.4300904999836348,0.5,0.3333333333333333,1.0,0.02110273178418576
extreme,handcrafted,mlp,exp_20260717,1,2,7,120,24,0.029894584004068747,0.5,0.3333333333333333,0.5,0.039759992458746195
extreme,handcrafted,logistic,exp_20260717,1,4,14,264,24,0.012319083994952962,0.6666666666666666,0.625,1.0,0.014576720631561383
extreme,handcrafted,random_forest,exp_20260717,1,4,14,264,24,0.18774579200544395,0.6666666666666666,0.625,0.736111111111111,0.014576720631561383
extreme,handcrafted,rbf_svm,exp_20260717,1,4,14,264,24,0.006006540992530063,0.375,0.34664246823956446,0.24305555555555555,0.03799714062845874
extreme,handcrafted,hist_gradient_boosting,exp_20260717,1,4,14,264,24,1.2888225420028903,0.75,0.7333333333333334,0.6111111111111112,0.007751915364025474
extreme,handcrafted,mlp,exp_20260717,1,4,14,264,24,0.04376433297875337,0.5,0.3333333333333333,1.0,0.039759992458746195
extreme,handcrafted,logistic,exp_20260717,1,6,24,456,24,0.010902000009082258,0.625,0.5636363636363637,1.0,0.019278744673123977
extreme,handcrafted,random_forest,exp_20260717,1,6,24,456,24,0.17909395799506456,0.6666666666666666,0.625,0.9965277777777778,0.014576720631561383
extreme,handcrafted,rbf_svm,exp_20260717,1,6,24,456,24,0.0070433749933727086,0.375,0.34664246823956446,0.21527777777777776,0.03799714062845874
extreme,handcrafted,hist_gradient_boosting,exp_20260717,1,6,24,456,24,3.608918417012319,0.7916666666666667,0.7822141560798548,1.0,0.005399109669268103
extreme,handcrafted,mlp,exp_20260717,1,6,24,456,24,0.11278320799465291,0.5,0.3333333333333333,1.0,0.039759992458746195
extreme,handcrafted,logistic,exp_20260717,1,8,31,588,24,0.014276999980211258,0.625,0.5636363636363637,1.0,0.019278744673123977
extreme,handcrafted,random_forest,exp_20260717,1,8,31,588,24,0.20238095801323652,0.6666666666666666,0.625,0.9756944444444444,0.014576720631561383
extreme,handcrafted,rbf_svm,exp_20260717,1,8,31,588,24,0.01178212501690723,0.41666666666666663,0.37777777777777777,0.20833333333333331,0.03568952907036208
extreme,handcrafted,hist_gradient_boosting,exp_20260717,1,8,31,588,24,3.4934430419816636,0.6666666666666666,0.625,1.0,0.014576720631561383
extreme,handcrafted,mlp,exp_20260717,1,8,31,588,24,0.08503062499221414,0.5416666666666666,0.4197802197802198,1.0,0.03175024513013769
extreme,handcrafted,logistic,exp_20260717,2,2,7,132,24,0.012010208010906354,0.6666666666666666,0.625,1.0,0.014576720631561383
extreme,handcrafted,random_forest,exp_20260717,2,2,7,132,24,0.16802937499596737,0.5,0.3333333333333333,1.0,0.02110273178418576
extreme,handcrafted,rbf_svm,exp_20260717,2,2,7,132,24,0.005092125007649884,0.5,0.3333333333333333,0.5,0.02110273178418576
extreme,handcrafted,hist_gradient_boosting,exp_20260717,2,2,7,132,24,0.46466425000107847,0.5416666666666667,0.4990512333965844,0.875,0.015482219062838693
extreme,handcrafted,mlp,exp_20260717,2,2,7,132,24,0.05541079197428189,0.5,0.3333333333333333,0.5,0.039759992458746195
extreme,handcrafted,logistic,exp_20260717,2,4,11,216,24,0.011780959001043811,0.7083333333333334,0.6812144212523719,1.0,0.010776507399733086
extreme,handcrafted,random_forest,exp_20260717,2,4,11,216,24,0.17671554200933315,0.5,0.3333333333333333,1.0,0.02110273178418576
extreme,handcrafted,rbf_svm,exp_20260717,2,4,11,216,24,0.006326209026155993,0.5,0.3333333333333333,0.5,0.02110273178418576
extreme,handcrafted,hist_gradient_boosting,exp_20260717,2,4,11,216,24,1.1832369999901857,0.9166666666666667,0.916083916083916,0.9305555555555556,0.001143609701197711
extreme,handcrafted,mlp,exp_20260717,2,4,11,216,24,0.05982704198686406,0.5,0.3333333333333333,0.5,0.039759992458746195
extreme,handcrafted,logistic,exp_20260717,2,6,23,456,24,0.0131299999775365,0.5,0.3333333333333333,0.8680555555555556,0.02110273178418576
extreme,handcrafted,random_forest,exp_20260717,2,6,23,456,24,0.2747830000007525,0.5416666666666666,0.4197802197802198,0.9583333333333334,0.017599905142309562
extreme,handcrafted,rbf_svm,exp_20260717,2,6,23,456,24,0.012720375001663342,0.5,0.3333333333333333,0.5,0.02110273178418576
extreme,handcrafted,hist_gradient_boosting,exp_20260717,2,6,23,456,24,3.0010594589984976,0.5416666666666666,0.4197802197802198,0.798611111111111,0.017599905142309562
extreme,handcrafted,mlp,exp_20260717,2,6,23,456,24,0.0597745830018539,0.5,0.3333333333333333,0.5,0.039759992458746195
extreme,handcrafted,logistic,exp_20260717,2,8,30,588,24,0.028561790997628123,0.6666666666666666,0.625,1.0,0.014576720631561383
extreme,handcrafted,random_forest,exp_20260717,2,8,30,588,24,0.3014725420216564,0.6666666666666666,0.625,0.9791666666666666,0.014576720631561383
extreme,handcrafted,rbf_svm,exp_20260717,2,8,30,588,24,0.007998582994332537,0.2916666666666667,0.2804232804232804,0.20138888888888887,0.041622389368963605
extreme,handcrafted,hist_gradient_boosting,exp_20260717,2,8,30,588,24,3.7733832499943674,0.6666666666666666,0.625,0.9722222222222223,0.014576720631561383
extreme,handcrafted,mlp,exp_20260717,2,8,30,588,24,0.08634037501178682,0.5,0.3333333333333333,1.0,0.039759992458746195
extreme,handcrafted,logistic,exp_20260720,0,2,12,228,24,0.013321875012479722,0.6666666666666666,0.625,0.8958333333333334,0.016015436151230526
extreme,handcrafted,random_forest,exp_20260720,0,2,12,228,24,0.1904628330084961,0.5,0.3333333333333333,0.9930555555555556,0.030933115435805875
extreme,handcrafted,rbf_svm,exp_20260720,0,2,12,228,24,0.0059436669980641454,0.5,0.3333333333333333,0.7847222222222222,0.030933115435805875
extreme,handcrafted,hist_gradient_boosting,exp_20260720,0,2,12,228,24,1.3151845000102185,0.5,0.3333333333333333,0.8333333333333334,0.030933115435805875
extreme,handcrafted,mlp,exp_20260720,0,2,12,228,24,0.055488458019681275,0.5,0.3333333333333333,0.9791666666666666,0.0476346787785732
extreme,handcrafted,logistic,exp_20260720,0,4,16,312,24,0.015095332986675203,0.5,0.3333333333333333,0.888888888888889,0.030933115435805875
extreme,handcrafted,random_forest,exp_20260720,0,4,16,312,24,0.17525599998771213,0.5,0.3333333333333333,0.9965277777777778,0.030933115435805875
extreme,handcrafted,rbf_svm,exp_20260720,0,4,16,312,24,0.005243791005341336,0.5,0.3333333333333333,0.7881944444444444,0.030933115435805875
extreme,handcrafted,hist_gradient_boosting,exp_20260720,0,4,16,312,24,1.8776569170004223,0.5,0.3333333333333333,0.9166666666666666,0.030933115435805875
extreme,handcrafted,mlp,exp_20260720,0,4,16,312,24,0.06965670897625387,0.5,0.3333333333333333,0.9722222222222222,0.0476346787785732
extreme,handcrafted,logistic,exp_20260720,0,6,27,528,24,0.01618520898045972,0.4166666666666667,0.29411764705882354,0.8055555555555556,0.041208178841165455
extreme,handcrafted,random_forest,exp_20260720,0,6,27,528,24,0.2292480829928536,0.5,0.3333333333333333,1.0,0.030933115435805875
extreme,handcrafted,rbf_svm,exp_20260720,0,6,27,528,24,0.011833541007945314,0.5,0.3333333333333333,0.6666666666666666,0.030933115435805875
extreme,handcrafted,hist_gradient_boosting,exp_20260720,0,6,27,528,24,3.0315980410086922,0.5416666666666666,0.4666666666666667,0.8819444444444445,0.028993642100203252
extreme,handcrafted,mlp,exp_20260720,0,6,27,528,24,0.05647358298301697,0.5,0.3333333333333333,0.9826388888888888,0.0476346787785732
extreme,handcrafted,logistic,exp_20260720,0,8,36,684,24,0.011530834017321467,0.5,0.3333333333333333,0.75,0.030933115435805875
extreme,handcrafted,random_forest,exp_20260720,0,8,36,684,24,0.2991302909795195,0.5,0.3333333333333333,1.0,0.030933115435805875
extreme,handcrafted,rbf_svm,exp_20260720,0,8,36,684,24,0.014998750004451722,0.5,0.3333333333333333,0.625,0.030933115435805875
extreme,handcrafted,hist_gradient_boosting,exp_20260720,0,8,36,684,24,3.973666250007227,0.5,0.3333333333333333,1.0,0.030933115435805875
extreme,handcrafted,mlp,exp_20260720,0,8,36,684,24,0.09360562500660308,0.5,0.3333333333333333,1.0,0.0476346787785732
extreme,handcrafted,logistic,exp_20260720,0,10,43,828,24,0.013919624994741753,0.5,0.3333333333333333,0.951388888888889,0.030933115435805875
extreme,handcrafted,random_forest,exp_20260720,0,10,43,828,24,0.1937190839962568,0.8333333333333333,0.8285714285714285,0.954861111111111,0.004548233148068445
extreme,handcrafted,rbf_svm,exp_20260720,0,10,43,828,24,0.008938041981309652,0.5,0.3333333333333333,0.1736111111111111,0.030933115435805875
extreme,handcrafted,hist_gradient_boosting,exp_20260720,0,10,43,828,24,3.1969892080232967,0.75,0.7333333333333334,1.0,0.015237643052655627
extreme,handcrafted,mlp,exp_20260720,0,10,43,828,24,0.06417220801813528,0.9583333333333333,0.9582608695652174,1.0,0.00043294883634766414
extreme,handcrafted,logistic,exp_20260720,1,2,7,132,24,0.010901874979026616,0.875,0.873015873015873,0.8333333333333334,0.01374875197382599
extreme,handcrafted,random_forest,exp_20260720,1,2,7,132,24,0.17226195798139088,0.875,0.873015873015873,1.0,0.0027943586475001844
extreme,handcrafted,rbf_svm,exp_20260720,1,2,7,132,24,0.005148458993062377,0.5,0.3333333333333333,0.5,0.030933115435805875
extreme,handcrafted,hist_gradient_boosting,exp_20260720,1,2,7,132,24,0.11426595799275674,0.875,0.873015873015873,0.9861111111111112,0.0027943586475001844
extreme,handcrafted,mlp,exp_20260720,1,2,7,132,24,0.08981337500154041,0.5,0.3333333333333333,0.5,0.0476346787785732
extreme,handcrafted,logistic,exp_20260720,1,4,12,240,24,0.012483375001465902,0.5,0.3333333333333333,0.8333333333333334,0.030933115435805875
extreme,handcrafted,random_forest,exp_20260720,1,4,12,240,24,0.17955416601034813,0.8333333333333333,0.8285714285714285,0.9722222222222222,0.004548233148068445
extreme,handcrafted,rbf_svm,exp_20260720,1,4,12,240,24,0.005633584019960836,0.5,0.3333333333333333,0.6111111111111112,0.030933115435805875
extreme,handcrafted,hist_gradient_boosting,exp_20260720,1,4,12,240,24,0.43149770799209364,0.9583333333333333,0.9582608695652174,0.9722222222222223,0.00043294883634766414
extreme,handcrafted,mlp,exp_20260720,1,4,12,240,24,0.04011516700848006,1.0,1.0,1.0,0.0
extreme,handcrafted,logistic,exp_20260720,1,6,24,468,24,0.01432162499986589,0.5,0.3333333333333333,0.8333333333333334,0.030933115435805875
extreme,handcrafted,random_forest,exp_20260720,1,6,24,468,24,0.17821466599707492,0.875,0.873015873015873,1.0,0.0027943586475001844
extreme,handcrafted,rbf_svm,exp_20260720,1,6,24,468,24,0.006868750002468005,0.5,0.3333333333333333,0.29166666666666663,0.030933115435805875
extreme,handcrafted,hist_gradient_boosting,exp_20260720,1,6,24,468,24,1.8404241669923067,0.8333333333333333,0.8285714285714285,0.9722222222222223,0.007264149542583636
extreme,handcrafted,mlp,exp_20260720,1,6,24,468,24,0.06049241599976085,1.0,1.0,1.0,0.0
extreme,handcrafted,logistic,exp_20260720,1,8,37,708,24,0.014646583003923297,0.5,0.3333333333333333,0.8333333333333334,0.030933115435805875
extreme,handcrafted,random_forest,exp_20260720,1,8,37,708,24,0.20755191700300202,0.5,0.3333333333333333,0.9583333333333333,0.030933115435805875
extreme,handcrafted,rbf_svm,exp_20260720,1,8,37,708,24,0.007630290987435728,0.5,0.3333333333333333,0.19444444444444442,0.030933115435805875
extreme,handcrafted,hist_gradient_boosting,exp_20260720,1,8,37,708,24,2.810959875001572,0.7083333333333334,0.6812144212523719,1.0,0.01730955834638519
extreme,handcrafted,mlp,exp_20260720,1,8,37,708,24,0.09208158298861235,0.7083333333333334,0.6812144212523719,1.0,0.012850714201177692
extreme,handcrafted,logistic,exp_20260720,2,2,8,156,24,0.01289354098844342,0.5416666666666666,0.4197802197802198,1.0,0.02680684958966939
extreme,handcrafted,random_forest,exp_20260720,2,2,8,156,24,0.16825433299527504,0.5,0.3333333333333333,1.0,0.030933115435805875
extreme,handcrafted,rbf_svm,exp_20260720,2,2,8,156,24,0.0055473329848609865,0.5,0.3333333333333333,0.5,0.030933115435805875
extreme,handcrafted,hist_gradient_boosting,exp_20260720,2,2,8,156,24,0.3404486670042388,0.875,0.873015873015873,0.9930555555555556,0.001981821570938063
extreme,handcrafted,mlp,exp_20260720,2,2,8,156,24,0.026823292020708323,0.5,0.3333333333333333,0.5,0.0476346787785732
extreme,handcrafted,logistic,exp_20260720,2,4,9,180,24,0.00837383299949579,0.875,0.873015873015873,1.0,0.0027943586475001844
extreme,handcrafted,random_forest,exp_20260720,2,4,9,180,24,0.1691978750168346,0.8333333333333333,0.8285714285714285,0.9965277777777778,0.004548233148068445
extreme,handcrafted,rbf_svm,exp_20260720,2,4,9,180,24,0.008343292021891102,0.5416666666666666,0.4197802197802198,0.8680555555555556,0.0285497773403617
extreme,handcrafted,hist_gradient_boosting,exp_20260720,2,4,9,180,24,0.32227604201762006,0.875,0.873015873015873,1.0,0.0027943586475001844
extreme,handcrafted,mlp,exp_20260720,2,4,9,180,24,0.043106666998937726,0.9583333333333333,0.9582608695652174,1.0,0.00043294883634766414
extreme,handcrafted,logistic,exp_20260720,2,6,19,372,24,0.012965250003617257,0.5416666666666666,0.4197802197802198,1.0,0.02646332454072242
extreme,handcrafted,random_forest,exp_20260720,2,6,19,372,24,0.18547162500908598,0.875,0.873015873015873,0.9930555555555556,0.0027943586475001844
extreme,handcrafted,rbf_svm,exp_20260720,2,6,19,372,24,0.006228042009752244,0.5,0.3333333333333333,0.4930555555555556,0.030933115435805875
extreme,handcrafted,hist_gradient_boosting,exp_20260720,2,6,19,372,24,1.1750442500051577,0.9583333333333333,0.9582608695652174,0.9444444444444444,0.00043294883634766414
extreme,handcrafted,mlp,exp_20260720,2,6,19,372,24,0.09734570898581296,0.7916666666666667,0.7822141560798548,1.0,0.00662014844179801
extreme,handcrafted,logistic,exp_20260720,2,8,30,588,24,0.013261999993119389,0.5,0.3333333333333333,1.0,0.030933115435805875
extreme,handcrafted,random_forest,exp_20260720,2,8,30,588,24,0.1861215419776272,0.5,0.3333333333333333,0.9965277777777778,0.030933115435805875
extreme,handcrafted,rbf_svm,exp_20260720,2,8,30,588,24,0.007259874982992187,0.5,0.3333333333333333,0.24305555555555555,0.030933115435805875
extreme,handcrafted,hist_gradient_boosting,exp_20260720,2,8,30,588,24,2.531592040992109,0.875,0.873015873015873,0.9722222222222223,0.0027943586475001844
extreme,handcrafted,mlp,exp_20260720,2,8,30,588,24,0.08283074997598305,0.7083333333333334,0.6812144212523719,1.0,0.012850714201177692
extreme,handcrafted,logistic,exp_20260721,0,2,11,216,36,0.011602833023061976,0.9583333333333333,0.939799331103679,1.0,0.0005832983643605157
extreme,handcrafted,random_forest,exp_20260721,0,2,11,216,36,0.17545433400664479,0.9791666666666667,0.9693617021276595,0.9965277777777778,0.00022101937024184728
extreme,handcrafted,rbf_svm,exp_20260721,0,2,11,216,36,0.005571000016061589,0.9583333333333333,0.939799331103679,1.0,0.0005832983643605157
extreme,handcrafted,hist_gradient_boosting,exp_20260721,0,2,11,216,36,0.3790539580222685,0.9583333333333333,0.939799331103679,1.0,0.0005832983643605157
extreme,handcrafted,mlp,exp_20260721,0,2,11,216,36,0.05668258300283924,0.9166666666666667,0.8831168831168831,1.0,0.0018925659603911578
extreme,handcrafted,logistic,exp_20260721,0,4,13,264,36,0.0137135419936385,0.9791666666666667,0.9693617021276595,1.0,0.00022101937024184728
extreme,handcrafted,random_forest,exp_20260721,0,4,13,264,36,0.19099524998455308,0.9791666666666667,0.9693617021276595,1.0,0.00022101937024184728
extreme,handcrafted,rbf_svm,exp_20260721,0,4,13,264,36,0.005627750011626631,0.9583333333333333,0.939799331103679,1.0,0.0005832983643605157
extreme,handcrafted,hist_gradient_boosting,exp_20260721,0,4,13,264,36,1.1896720840013586,0.9791666666666667,0.9693617021276595,1.0,0.00022101937024184728
extreme,handcrafted,mlp,exp_20260721,0,4,13,264,36,0.05030270802672021,0.9583333333333333,0.939799331103679,1.0,0.0005832983643605157
extreme,handcrafted,logistic,exp_20260721,0,6,23,456,36,0.014157209021504968,0.9791666666666667,0.9693617021276595,1.0,0.00022101937024184728
extreme,handcrafted,random_forest,exp_20260721,0,6,23,456,36,0.1749918750138022,1.0,1.0,1.0,0.0
extreme,handcrafted,rbf_svm,exp_20260721,0,6,23,456,36,0.00755287500214763,0.9791666666666667,0.9693617021276595,1.0,0.00022101937024184728
extreme,handcrafted,hist_gradient_boosting,exp_20260721,0,6,23,456,36,1.6532062499900348,0.9791666666666667,0.9693617021276595,1.0,0.00022101937024184728
extreme,handcrafted,mlp,exp_20260721,0,6,23,456,36,0.052626917022280395,0.9583333333333333,0.939799331103679,1.0,0.0005832983643605157
extreme,handcrafted,logistic,exp_20260721,0,8,35,696,36,0.014598959009163082,0.9791666666666667,0.9693617021276595,1.0,0.00022101937024184728
extreme,handcrafted,random_forest,exp_20260721,0,8,35,696,36,0.21430079199490137,0.9791666666666667,0.9693617021276595,1.0,0.00022101937024184728
extreme,handcrafted,rbf_svm,exp_20260721,0,8,35,696,36,0.008552375016734004,0.9791666666666667,0.9693617021276595,1.0,0.00022101937024184728
extreme,handcrafted,hist_gradient_boosting,exp_20260721,0,8,35,696,36,2.8753086249926127,0.9791666666666667,0.9693617021276595,0.9965277777777778,0.00022101937024184728
extreme,handcrafted,mlp,exp_20260721,0,8,35,696,36,0.0982510409958195,0.9583333333333333,0.939799331103679,1.0,0.0005832983643605157
extreme,handcrafted,logistic,exp_20260721,0,10,42,816,36,0.014084124995861202,1.0,1.0,1.0,0.0
extreme,handcrafted,random_forest,exp_20260721,0,10,42,816,36,0.19855304100201465,1.0,1.0,1.0,0.0
extreme,handcrafted,rbf_svm,exp_20260721,0,10,42,816,36,0.009280875005060807,0.9791666666666667,0.9693617021276595,1.0,0.00022101937024184728
extreme,handcrafted,hist_gradient_boosting,exp_20260721,0,10,42,816,36,2.6392022920190357,0.9791666666666667,0.9693617021276595,0.9965277777777778,0.00022101937024184728
extreme,handcrafted,mlp,exp_20260721,0,10,42,816,36,0.08232529100496322,0.9583333333333333,0.939799331103679,1.0,0.0005832983643605157
extreme,handcrafted,logistic,exp_20260721,1,2,11,204,36,0.011342750018229708,1.0,1.0,1.0,0.0
extreme,handcrafted,random_forest,exp_20260721,1,2,11,204,36,0.16797208299976774,1.0,1.0,1.0,0.0
extreme,handcrafted,rbf_svm,exp_20260721,1,2,11,204,36,0.005407541990280151,1.0,1.0,1.0,0.0
extreme,handcrafted,hist_gradient_boosting,exp_20260721,1,2,11,204,36,0.41208829201059416,1.0,1.0,1.0,0.0
extreme,handcrafted,mlp,exp_20260721,1,2,11,204,36,0.07529562502168119,0.9375,0.9111111111111111,1.0,0.0011273226828259078
extreme,handcrafted,logistic,exp_20260721,1,4,18,336,36,0.011246209003729746,1.0,1.0,1.0,0.0
extreme,handcrafted,random_forest,exp_20260721,1,4,18,336,36,0.17735062501742505,1.0,1.0,0.9999999999999999,0.0
extreme,handcrafted,rbf_svm,exp_20260721,1,4,18,336,36,0.005503374995896593,1.0,1.0,1.0,0.0
extreme,handcrafted,hist_gradient_boosting,exp_20260721,1,4,18,336,36,1.3262166659987997,1.0,1.0,1.0,0.0
extreme,handcrafted,mlp,exp_20260721,1,4,18,336,36,0.053404250007588416,0.9375,0.9111111111111111,1.0,0.0011273226828259078
extreme,handcrafted,logistic,exp_20260721,1,6,25,480,36,0.011550958995940164,1.0,1.0,1.0,0.0
extreme,handcrafted,random_forest,exp_20260721,1,6,25,480,36,0.17477562502608635,1.0,1.0,1.0,0.0
extreme,handcrafted,rbf_svm,exp_20260721,1,6,25,480,36,0.006978749996051192,1.0,1.0,1.0,0.0
extreme,handcrafted,hist_gradient_boosting,exp_20260721,1,6,25,480,36,2.1255816659831908,1.0,1.0,1.0,0.0
extreme,handcrafted,mlp,exp_20260721,1,6,25,480,36,0.08121995799592696,0.9583333333333333,0.939799331103679,1.0,0.0005832983643605157
extreme,handcrafted,logistic,exp_20260721,1,8,36,696,36,0.015165624994551763,1.0,1.0,1.0,0.0
extreme,handcrafted,random_forest,exp_20260721,1,8,36,696,36,0.20438866698532365,1.0,1.0,1.0,0.0
extreme,handcrafted,rbf_svm,exp_20260721,1,8,36,696,36,0.007988249999471009,0.9791666666666667,0.9693617021276595,1.0,0.00022101937024184728
extreme,handcrafted,hist_gradient_boosting,exp_20260721,1,8,36,696,36,2.943718374997843,0.9583333333333333,0.9680567879325643,0.9965277777777778,0.0015142882364369548
extreme,handcrafted,mlp,exp_20260721,1,8,36,696,36,0.10029775000293739,0.9583333333333333,0.939799331103679,1.0,0.0005832983643605157
extreme,handcrafted,logistic,exp_20260721,2,2,12,228,36,0.010765124985482544,1.0,1.0,1.0,0.0
extreme,handcrafted,random_forest,exp_20260721,2,2,12,228,36,0.1627756250090897,0.9583333333333333,0.9680567879325643,0.9965277777777777,0.0015142882364369548
extreme,handcrafted,rbf_svm,exp_20260721,2,2,12,228,36,0.005552583985263482,0.9791666666666667,0.9693617021276595,1.0,0.00022101937024184728
extreme,handcrafted,hist_gradient_boosting,exp_20260721,2,2,12,228,36,0.32106362498598173,1.0,1.0,1.0,0.0
extreme,handcrafted,mlp,exp_20260721,2,2,12,228,36,0.0584509999898728,0.9375,0.9111111111111111,1.0,0.0011273226828259078
extreme,handcrafted,logistic,exp_20260721,2,4,24,444,36,0.012309167010243982,0.9791666666666667,0.9693617021276595,1.0,0.00022101937024184728
extreme,handcrafted,random_forest,exp_20260721,2,4,24,444,36,0.18510383300599642,0.9583333333333333,0.9680567879325643,1.0,0.0015142882364369548
extreme,handcrafted,rbf_svm,exp_20260721,2,4,24,444,36,0.006474334019003436,0.9791666666666667,0.9693617021276595,1.0,0.00022101937024184728
extreme,handcrafted,hist_gradient_boosting,exp_20260721,2,4,24,444,36,1.478523584024515,1.0,1.0,1.0,0.0
extreme,handcrafted,mlp,exp_20260721,2,4,24,444,36,0.08461137500125915,0.9583333333333333,0.939799331103679,1.0,0.0005832983643605157
extreme,handcrafted,logistic,exp_20260721,2,6,25,468,36,0.013360749988351017,0.9791666666666667,0.9693617021276595,1.0,0.00022101937024184728
extreme,handcrafted,random_forest,exp_20260721,2,6,25,468,36,0.174533417011844,1.0,1.0,1.0,0.0
extreme,handcrafted,rbf_svm,exp_20260721,2,6,25,468,36,0.00655583300977014,0.9583333333333333,0.939799331103679,1.0,0.0005832983643605157
extreme,handcrafted,hist_gradient_boosting,exp_20260721,2,6,25,468,36,1.496999249997316,0.9583333333333333,0.9680567879325643,1.0,0.0015142882364369548
extreme,handcrafted,mlp,exp_20260721,2,6,25,468,36,0.0551589579845313,0.9583333333333333,0.939799331103679,1.0,0.0005832983643605157
extreme,handcrafted,logistic,exp_20260721,2,8,37,708,36,0.01185162499314174,0.9791666666666667,0.9693617021276595,1.0,0.00022101937024184728
extreme,handcrafted,random_forest,exp_20260721,2,8,37,708,36,0.20374458297737874,1.0,1.0,1.0,0.0
extreme,handcrafted,rbf_svm,exp_20260721,2,8,37,708,36,0.00906841698451899,0.9583333333333333,0.939799331103679,1.0,0.0005832983643605157
extreme,handcrafted,hist_gradient_boosting,exp_20260721,2,8,37,708,36,3.574281459004851,0.9583333333333333,0.9680567879325643,1.0,0.0015142882364369548
extreme,handcrafted,mlp,exp_20260721,2,8,37,708,36,0.062680624978384,0.9375,0.9111111111111111,1.0,0.0011273226828259078
extreme,handcrafted,logistic,exp_20260723,0,2,7,144,108,0.011965166020672768,0.9027777777777778,0.8647584973166369,1.0,0.002462098907914085
extreme,handcrafted,random_forest,exp_20260723,0,2,7,144,108,0.17953091699746437,0.9444444444444444,0.9383326988960792,0.9924768518518519,0.001184368450408453
extreme,handcrafted,rbf_svm,exp_20260723,0,2,7,144,108,0.005815416021505371,0.9513888888888888,0.9301487572761711,0.9768518518518519,0.001405126019373293
extreme,handcrafted,hist_gradient_boosting,exp_20260723,0,2,7,144,108,0.3120158330129925,0.9444444444444444,0.9570747217806042,0.9947916666666666,0.0008302012206038858
extreme,handcrafted,mlp,exp_20260723,0,2,7,144,108,0.030694292014231905,0.5069444444444444,0.2654468818852381,0.5354938271604939,0.059196598672355494
extreme,handcrafted,logistic,exp_20260723,0,4,15,300,108,0.012394959019729868,0.9444444444444444,0.9205882352941177,1.0,0.0011027387607502092
extreme,handcrafted,random_forest,exp_20260723,0,4,15,300,108,0.1840934160281904,0.9444444444444444,0.9475473530840214,0.9922839506172839,0.0007605810102721262
extreme,handcrafted,rbf_svm,exp_20260723,0,4,15,300,108,0.007128166995244101,0.9513888888888888,0.9482709071750167,0.9915123456790124,0.0007500309949062756
extreme,handcrafted,hist_gradient_boosting,exp_20260723,0,4,15,300,108,1.3020719169871882,0.9722222222222222,0.96896254430501,0.9972993827160495,0.0005236278925238758
extreme,handcrafted,mlp,exp_20260723,0,4,15,300,108,0.06739783301600255,0.9166666666666667,0.8831168831168831,0.9996141975308642,0.0025124177779477707
extreme,handcrafted,logistic,exp_20260723,0,6,26,516,108,0.01588087499840185,0.9513888888888888,0.9301487572761711,1.0,0.0008280364041150328
extreme,handcrafted,random_forest,exp_20260723,0,6,26,516,108,0.20299070901819505,0.9583333333333333,0.9583333333333333,0.9922839506172838,0.0005299166016045145
extreme,handcrafted,rbf_svm,exp_20260723,0,6,26,516,108,0.00854970799991861,0.9722222222222222,0.9593984962406015,0.9934413580246914,0.00035425125295918103
extreme,handcrafted,hist_gradient_boosting,exp_20260723,0,6,26,516,108,2.6632341249787714,0.9791666666666667,0.9693617021276595,0.9965277777777778,0.00021601479288111091
extreme,handcrafted,mlp,exp_20260723,0,6,26,516,108,0.062307125015649945,0.9166666666666667,0.8831168831168831,1.0,0.0023986724672370213
extreme,handcrafted,logistic,exp_20260723,0,8,37,720,108,0.01367733400547877,0.9513888888888888,0.9301487572761711,1.0,0.0008280364041150328
extreme,handcrafted,random_forest,exp_20260723,0,8,37,720,108,0.204100291011855,0.9583333333333333,0.9583333333333333,0.9926697530864197,0.0005299166016045145
extreme,handcrafted,rbf_svm,exp_20260723,0,8,37,720,108,0.010125417000381276,0.9722222222222222,0.9593984962406015,0.998070987654321,0.00035425125295918103
extreme,handcrafted,hist_gradient_boosting,exp_20260723,0,8,37,720,108,2.6591879579937086,0.9861111111111112,0.9794442329653598,0.998070987654321,0.0001446982589213669
extreme,handcrafted,mlp,exp_20260723,0,8,37,720,108,0.0825718329870142,0.9375,0.9111111111111111,1.0,0.0013386279274020397
extreme,handcrafted,logistic,exp_20260723,0,10,38,744,108,0.01410812500398606,0.9583333333333333,0.939799331103679,1.0,0.0006290736559977797
extreme,handcrafted,random_forest,exp_20260723,0,10,38,744,108,0.21567912498721853,0.9583333333333333,0.9583333333333333,0.9934413580246914,0.0005299166016045145
extreme,handcrafted,rbf_svm,exp_20260723,0,10,38,744,108,0.010411458002636209,0.9722222222222222,0.9593984962406015,0.9988425925925927,0.00035425125295918103
extreme,handcrafted,hist_gradient_boosting,exp_20260723,0,10,38,744,108,3.249474709009519,0.9791666666666667,0.9693617021276595,0.9988425925925927,0.00021601479288111091
extreme,handcrafted,mlp,exp_20260723,0,10,38,744,108,0.0656369999924209,0.9236111111111112,0.8923815563003895,1.0,0.002078080322445593
extreme,handcrafted,logistic,exp_20260723,1,2,8,156,108,0.011312082991935313,0.9652777777777778,0.9495468560216762,1.0,0.0008273794395888029
extreme,handcrafted,random_forest,exp_20260723,1,2,8,156,108,0.17282750000595115,0.9305555555555556,0.9365949119373776,0.9903549382716049,0.0010412867712364588
extreme,handcrafted,rbf_svm,exp_20260723,1,2,8,156,108,0.006163833022583276,0.6458333333333334,0.653475935828877,0.9282407407407407,0.010967609204747292
extreme,handcrafted,hist_gradient_boosting,exp_20260723,1,2,8,156,108,0.1514653750055004,0.9791666666666667,0.9693617021276595,0.9988425925925927,0.00028240208459231705
extreme,handcrafted,mlp,exp_20260723,1,2,8,156,108,0.04942958301398903,0.6041666666666666,0.48072383949645947,0.7623456790123457,0.040552360346588254
extreme,handcrafted,logistic,exp_20260723,1,4,9,180,108,0.008961957995779812,0.9722222222222222,0.9593984962406015,0.9969135802469136,0.000756062905629059
extreme,handcrafted,random_forest,exp_20260723,1,4,9,180,108,0.17163349999464117,0.9444444444444444,0.9475473530840214,0.9895833333333334,0.0007605810102721262
extreme,handcrafted,rbf_svm,exp_20260723,1,4,9,180,108,0.005725459021050483,0.9722222222222222,0.9593984962406015,0.9926697530864198,0.000756062905629059
extreme,handcrafted,hist_gradient_boosting,exp_20260723,1,4,9,180,108,0.2536725419922732,0.8888888888888888,0.9026344786136431,0.9911265432098766,0.003158206076119245
extreme,handcrafted,mlp,exp_20260723,1,4,9,180,108,0.0367493329977151,0.7152777777777778,0.6195549445828679,0.96875,0.029452017408371316
extreme,handcrafted,logistic,exp_20260723,1,6,20,396,108,0.013683416997082531,0.9861111111111112,0.9794442329653598,1.0,0.00021108555063257308
extreme,handcrafted,random_forest,exp_20260723,1,6,20,396,108,0.23059508297592402,0.8472222222222222,0.8667763157894737,0.9878472222222222,0.004215254265681717
extreme,handcrafted,rbf_svm,exp_20260723,1,6,20,396,108,0.0075457500061020255,0.9652777777777778,0.9588884659307195,0.9915123456790124,0.0004219464514881872
extreme,handcrafted,hist_gradient_boosting,exp_20260723,1,6,20,396,108,1.332500666991109,0.9722222222222222,0.96896254430501,0.9942129629629629,0.0004417499593001849
extreme,handcrafted,mlp,exp_20260723,1,6,20,396,108,0.056113083002856,0.9027777777777778,0.8647584973166369,0.9992283950617284,0.0033806079046176623
extreme,handcrafted,logistic,exp_20260723,1,8,33,636,108,0.013755749998381361,0.9652777777777778,0.9495468560216762,1.0,0.00048195935688972986
extreme,handcrafted,random_forest,exp_20260723,1,8,33,636,108,0.2062375839741435,0.9444444444444444,0.9475473530840214,0.9907407407407407,0.0007605810102721262
extreme,handcrafted,rbf_svm,exp_20260723,1,8,33,636,108,0.010158541990676895,0.9652777777777778,0.9495468560216762,0.9857253086419754,0.0005743656462609422
extreme,handcrafted,hist_gradient_boosting,exp_20260723,1,8,33,636,108,2.534765291988151,0.9722222222222222,0.9593984962406015,0.9976851851851852,0.00035425125295918103
extreme,handcrafted,mlp,exp_20260723,1,8,33,636,108,0.06500620901351795,0.9236111111111112,0.8923815563003895,1.0,0.002078080322445593
extreme,handcrafted,logistic,exp_20260723,2,2,8,156,108,0.012083208013791591,0.9791666666666667,0.9693617021276595,1.0,0.00021601479288111091
extreme,handcrafted,random_forest,exp_20260723,2,2,8,156,108,0.17110770801082253,0.9583333333333333,0.9489361702127659,0.9762731481481483,0.0004932629854479312
extreme,handcrafted,rbf_svm,exp_20260723,2,2,8,156,108,0.006068707996746525,0.6527777777777778,0.6616867469879518,0.9035493827160493,0.01074749481144553
extreme,handcrafted,hist_gradient_boosting,exp_20260723,2,2,8,156,108,0.26244995900196955,0.9861111111111112,0.9794442329653598,0.9984567901234568,0.00021108555063257308
extreme,handcrafted,mlp,exp_20260723,2,2,8,156,108,0.04363312499481253,0.8055555555555556,0.7393103448275862,0.9502314814814815,0.012797508186534285
extreme,handcrafted,logistic,exp_20260723,2,4,15,300,108,0.010808291990542784,0.9513888888888888,0.9301487572761711,0.9992283950617284,0.0008491880492995408
extreme,handcrafted,random_forest,exp_20260723,2,4,15,300,108,0.184777665999718,0.9444444444444444,0.9475473530840214,0.9891975308641975,0.0007605810102721262
extreme,handcrafted,rbf_svm,exp_20260723,2,4,15,300,108,0.006593290978344157,0.9444444444444444,0.9293655984303466,0.9903549382716049,0.0008410854826802411
extreme,handcrafted,hist_gradient_boosting,exp_20260723,2,4,15,300,108,1.3110861250024755,0.9375,0.9285106382978723,0.9949845679012346,0.0008931966972328836
extreme,handcrafted,mlp,exp_20260723,2,4,15,300,108,0.05855904199415818,0.9027777777777778,0.8647584973166369,0.9996141975308642,0.003388910024870576
extreme,handcrafted,logistic,exp_20260723,2,6,27,516,108,0.01451429197913967,0.9513888888888888,0.9301487572761711,1.0,0.0008280364041150328
extreme,handcrafted,random_forest,exp_20260723,2,6,27,516,108,0.19039787497604266,0.9583333333333333,0.9583333333333333,0.9926697530864197,0.0005299166016045145
extreme,handcrafted,rbf_svm,exp_20260723,2,6,27,516,108,0.008840708003845066,0.9652777777777778,0.9495468560216762,0.9930555555555556,0.0005013655520672308
extreme,handcrafted,hist_gradient_boosting,exp_20260723,2,6,27,516,108,2.1205641250126064,0.9444444444444444,0.9475473530840214,0.9961419753086419,0.00069419371856092
extreme,handcrafted,mlp,exp_20260723,2,6,27,516,108,0.0679623750038445,0.9375,0.9111111111111111,1.0,0.0013386279274020397
extreme,handcrafted,logistic,exp_20260723,2,8,31,600,108,0.012311332975514233,0.9583333333333333,0.939799331103679,1.0,0.0006290736559977797
extreme,handcrafted,random_forest,exp_20260723,2,8,31,600,108,0.19732712500263005,0.9791666666666667,0.9791666666666667,0.9953703703703703,0.0002118608230432531
extreme,handcrafted,rbf_svm,exp_20260723,2,8,31,600,108,0.009331959008704871,0.9722222222222222,0.9593984962406015,0.9992283950617284,0.00035425125295918103
extreme,handcrafted,hist_gradient_boosting,exp_20260723,2,8,31,600,108,2.4108400410041213,0.9791666666666667,0.9693617021276595,0.9976851851851851,0.000282934718999437
extreme,handcrafted,mlp,exp_20260723,2,8,31,600,108,0.06474999999045394,0.9305555555555556,0.9017109574080815,1.0,0.0017532173607508685
extreme,handcrafted,logistic,exp_20260724,0,2,7,132,84,0.011519083025632426,0.8333333333333333,0.8444444444444444,1.0,0.0032126253539329816
extreme,handcrafted,random_forest,exp_20260724,0,2,7,132,84,0.17023208300815895,0.8611111111111112,0.8721850273889227,1.0,0.0024127906069816105
extreme,handcrafted,rbf_svm,exp_20260724,0,2,7,132,84,0.005042625009082258,0.8333333333333333,0.8444444444444444,1.0,0.0032126253539329816
extreme,handcrafted,hist_gradient_boosting,exp_20260724,0,2,7,132,84,0.15997358300955966,0.8333333333333333,0.8444444444444444,0.9814814814814815,0.0032126253539329816
extreme,handcrafted,mlp,exp_20260724,0,2,7,132,84,0.050202167010866106,0.9895833333333333,0.98788752703677,1.0,0.0003244866227973203
extreme,handcrafted,logistic,exp_20260724,0,4,10,192,84,0.01113683299627155,0.8333333333333333,0.8444444444444444,1.0,0.0032126253539329816
extreme,handcrafted,random_forest,exp_20260724,0,4,10,192,84,0.18093875001068227,0.9444444444444444,0.9505882352941176,1.0,0.0008719427209935829
extreme,handcrafted,rbf_svm,exp_20260724,0,4,10,192,84,0.005827707995194942,0.8333333333333333,0.8444444444444444,1.0,0.0032126253539329816
extreme,handcrafted,hist_gradient_boosting,exp_20260724,0,4,10,192,84,0.24763637498836033,0.8333333333333333,0.8444444444444444,1.0,0.0032126253539329816
extreme,handcrafted,mlp,exp_20260724,0,4,10,192,84,0.05129370902432129,0.9895833333333333,0.98788752703677,1.0,0.0003244866227973203
extreme,handcrafted,logistic,exp_20260724,0,6,22,408,84,0.012486457999330014,1.0,1.0,1.0,0.0
extreme,handcrafted,random_forest,exp_20260724,0,6,22,408,84,0.18501504199230112,1.0,1.0,1.0,0.0
extreme,handcrafted,rbf_svm,exp_20260724,0,6,22,408,84,0.007111082988558337,1.0,1.0,1.0,0.0
extreme,handcrafted,hist_gradient_boosting,exp_20260724,0,6,22,408,84,1.975652708002599,1.0,1.0,1.0,0.0
extreme,handcrafted,mlp,exp_20260724,0,6,22,408,84,0.05293012497713789,0.9791666666666667,0.9758481886141461,1.0,0.00042921426836519994
extreme,handcrafted,logistic,exp_20260724,0,8,28,528,84,0.014038207998964936,1.0,1.0,1.0,0.0
extreme,handcrafted,random_forest,exp_20260724,0,8,28,528,84,0.20300258399220183,1.0,1.0,1.0,0.0
extreme,handcrafted,rbf_svm,exp_20260724,0,8,28,528,84,0.0074730000051204115,1.0,1.0,1.0,0.0
extreme,handcrafted,hist_gradient_boosting,exp_20260724,0,8,28,528,84,2.134054708003532,1.0,1.0,1.0,0.0
extreme,handcrafted,mlp,exp_20260724,0,8,28,528,84,0.05794687499292195,0.96875,0.9638709677419355,1.0,0.0008619256784492494
extreme,handcrafted,logistic,exp_20260724,0,10,40,768,84,0.014998416998423636,1.0,1.0,1.0,0.0
extreme,handcrafted,random_forest,exp_20260724,0,10,40,768,84,0.20030274998862296,1.0,1.0,1.0,0.0
extreme,handcrafted,rbf_svm,exp_20260724,0,10,40,768,84,0.009827874979237095,1.0,1.0,1.0,0.0
extreme,handcrafted,hist_gradient_boosting,exp_20260724,0,10,40,768,84,2.8698080419853795,1.0,1.0,1.0,0.0
extreme,handcrafted,mlp,exp_20260724,0,10,40,768,84,0.09682850001263432,0.9895833333333333,0.98788752703677,1.0,0.0003244866227973203
extreme,handcrafted,logistic,exp_20260724,1,2,6,120,84,0.011780125001678243,0.9895833333333333,0.98788752703677,1.0,0.0003244866227973203
extreme,handcrafted,random_forest,exp_20260724,1,2,6,120,84,0.1573951250175014,0.8472222222222222,0.858434196414892,1.0,0.0030524333743614557
extreme,handcrafted,rbf_svm,exp_20260724,1,2,6,120,84,0.005486624984769151,0.9791666666666667,0.9758481886141461,1.0,0.00042921426836519994
extreme,handcrafted,hist_gradient_boosting,exp_20260724,1,2,6,120,84,0.10968737499206327,0.8888888888888888,0.8990384615384616,1.0,0.0024879683165249405
extreme,handcrafted,mlp,exp_20260724,1,2,6,120,84,0.03684145800070837,0.9583333333333333,0.9519450800915332,1.0,0.0008298478105894617
extreme,handcrafted,logistic,exp_20260724,1,4,14,276,84,0.02609095801017247,1.0,1.0,1.0,0.0
extreme,handcrafted,random_forest,exp_20260724,1,4,14,276,84,0.19338224999955855,0.8333333333333333,0.8444444444444444,1.0,0.0032126253539329816
extreme,handcrafted,rbf_svm,exp_20260724,1,4,14,276,84,0.006520958006149158,0.9861111111111112,0.9878031073036155,1.0,0.0001997608059492554
extreme,handcrafted,hist_gradient_boosting,exp_20260724,1,4,14,276,84,1.2154307090095244,0.8333333333333333,0.8444444444444444,1.0,0.0032126253539329816
extreme,handcrafted,mlp,exp_20260724,1,4,14,276,84,0.05386187499971129,0.96875,0.9638709677419355,1.0,0.0008619256784492494
extreme,handcrafted,logistic,exp_20260724,1,6,27,516,84,0.012468041997635737,0.9895833333333333,0.98788752703677,1.0,0.0003244866227973203
extreme,handcrafted,random_forest,exp_20260724,1,6,27,516,84,0.19296149999718182,0.9722222222222222,0.9755102040816326,1.0,0.0004920911296848122
extreme,handcrafted,rbf_svm,exp_20260724,1,6,27,516,84,0.008322499983478338,0.9895833333333333,0.98788752703677,1.0,0.0003244866227973203
extreme,handcrafted,hist_gradient_boosting,exp_20260724,1,6,27,516,84,2.117886667023413,1.0,1.0,1.0,0.0
extreme,handcrafted,mlp,exp_20260724,1,6,27,516,84,0.058767916983924806,0.9479166666666667,0.9400599400599401,1.0,0.0011304053053991774
extreme,handcrafted,logistic,exp_20260724,1,8,33,624,84,0.011986500001512468,1.0,1.0,1.0,0.0
extreme,handcrafted,random_forest,exp_20260724,1,8,33,624,84,0.20695791699108668,1.0,1.0,1.0,0.0
extreme,handcrafted,rbf_svm,exp_20260724,1,8,33,624,84,0.008962958003394306,1.0,1.0,1.0,0.0
extreme,handcrafted,hist_gradient_boosting,exp_20260724,1,8,33,624,84,2.595519416994648,1.0,1.0,1.0,0.0
extreme,handcrafted,mlp,exp_20260724,1,8,33,624,84,0.06666895799571648,0.96875,0.9638709677419355,1.0,0.0008619256784492494
extreme,handcrafted,logistic,exp_20260724,2,2,6,108,84,0.010650790994986892,0.8333333333333333,0.8444444444444444,1.0,0.0032126253539329816
extreme,handcrafted,random_forest,exp_20260724,2,2,6,108,84,0.17267620799248107,1.0,1.0,1.0,0.0
extreme,handcrafted,rbf_svm,exp_20260724,2,2,6,108,84,0.005066624988103285,0.8333333333333333,0.8444444444444444,1.0,0.0032126253539329816
extreme,handcrafted,hist_gradient_boosting,exp_20260724,2,2,6,108,84,0.06395008298568428,1.0,1.0,1.0,0.0
extreme,handcrafted,mlp,exp_20260724,2,2,6,108,84,0.03239016598672606,0.9895833333333333,0.98788752703677,1.0,0.0003244866227973203
extreme,handcrafted,logistic,exp_20260724,2,4,14,264,84,0.011830999981611967,0.8472222222222222,0.858434196414892,0.9994212962962963,0.0027926957063113206
extreme,handcrafted,random_forest,exp_20260724,2,4,14,264,84,0.20227220898959786,1.0,1.0,1.0,0.0
extreme,handcrafted,rbf_svm,exp_20260724,2,4,14,264,84,0.005756875005317852,0.8888888888888888,0.8990384615384616,1.0,0.0018092945440250545
extreme,handcrafted,hist_gradient_boosting,exp_20260724,2,4,14,264,84,1.3729017910081893,1.0,1.0,1.0,0.0
extreme,handcrafted,mlp,exp_20260724,2,4,14,264,84,0.06828654100536369,0.9895833333333333,0.98788752703677,1.0,0.0003244866227973203
extreme,handcrafted,logistic,exp_20260724,2,6,26,480,84,0.012618707987712696,1.0,1.0,1.0,0.0
extreme,handcrafted,random_forest,exp_20260724,2,6,26,480,84,0.19779683300293982,1.0,1.0,1.0,0.0
extreme,handcrafted,rbf_svm,exp_20260724,2,6,26,480,84,0.007578584016300738,1.0,1.0,1.0,0.0
extreme,handcrafted,hist_gradient_boosting,exp_20260724,2,6,26,480,84,2.004583417001413,1.0,1.0,1.0,0.0
extreme,handcrafted,mlp,exp_20260724,2,6,26,480,84,0.07898804100113921,0.9895833333333333,0.98788752703677,1.0,0.0003244866227973203
extreme,handcrafted,logistic,exp_20260724,2,8,28,528,84,0.01433654100401327,1.0,1.0,1.0,0.0
extreme,handcrafted,random_forest,exp_20260724,2,8,28,528,84,0.18195220798952505,1.0,1.0,1.0,0.0
extreme,handcrafted,rbf_svm,exp_20260724,2,8,28,528,84,0.007727165997494012,1.0,1.0,1.0,0.0
extreme,handcrafted,hist_gradient_boosting,exp_20260724,2,8,28,528,84,2.210697499976959,1.0,1.0,1.0,0.0
extreme,handcrafted,mlp,exp_20260724,2,8,28,528,84,0.05535187499481253,0.96875,0.9638709677419355,1.0,0.0008619256784492494
extreme,handcrafted,logistic,exp_20260727,0,2,13,240,96,0.013355500006582588,0.7833333333333333,0.7290490664350847,0.9652777777777777,0.004147732948852164
extreme,handcrafted,random_forest,exp_20260727,0,2,13,240,96,0.1738545419939328,0.9277777777777778,0.9136302294197032,0.9664351851851851,0.0008195244885848561
extreme,handcrafted,rbf_svm,exp_20260727,0,2,13,240,96,0.006721583980834112,0.8583333333333334,0.8219701101778116,0.9361111111111111,0.0021125918706768236
extreme,handcrafted,hist_gradient_boosting,exp_20260727,0,2,13,240,96,0.4366795839741826,0.9083333333333333,0.8832762241627059,0.9532407407407407,0.0010934167606698254
extreme,handcrafted,mlp,exp_20260727,0,2,13,240,96,0.04876791700371541,0.5666666666666667,0.4079696394686907,0.8555555555555555,0.012560866629220449
extreme,handcrafted,logistic,exp_20260727,0,4,25,480,96,0.013421832991298288,0.9083333333333333,0.8832762241627059,0.9685185185185186,0.0011531329232175437
extreme,handcrafted,random_forest,exp_20260727,0,4,25,480,96,0.181959374982398,0.925,0.9039039039039038,0.9314814814814814,0.0008730975026837629
extreme,handcrafted,rbf_svm,exp_20260727,0,4,25,480,96,0.008482332981657237,0.9166666666666667,0.893569844789357,0.9356481481481482,0.0009936958520079032
extreme,handcrafted,hist_gradient_boosting,exp_20260727,0,4,25,480,96,1.4777163329999894,0.9083333333333333,0.8832762241627059,0.9305555555555556,0.0010934167606698254
extreme,handcrafted,mlp,exp_20260727,0,4,25,480,96,0.06790379199082963,0.8666666666666667,0.8321678321678322,0.9777777777777777,0.0018368609351992193
extreme,handcrafted,logistic,exp_20260727,0,6,28,540,96,0.013861000014003366,0.9083333333333333,0.8832762241627059,0.9643518518518519,0.0011531329232175437
extreme,handcrafted,random_forest,exp_20260727,0,6,28,540,96,0.19523791599203832,0.9333333333333333,0.9142857142857144,0.9365740740740741,0.000788254753615264
extreme,handcrafted,rbf_svm,exp_20260727,0,6,28,540,96,0.008604959002695978,0.9166666666666667,0.893569844789357,0.9365740740740741,0.0009936958520079032
extreme,handcrafted,hist_gradient_boosting,exp_20260727,0,6,28,540,96,1.9564242080086842,0.9166666666666667,0.893569844789357,0.9416666666666667,0.000972818411345685
extreme,handcrafted,mlp,exp_20260727,0,6,28,540,96,0.06404212498455308,0.8916666666666666,0.862781748213304,0.9782407407407407,0.0014799262197254502
extreme,handcrafted,logistic,exp_20260727,0,8,29,564,96,0.013416582980426028,0.9083333333333333,0.8832762241627059,0.9643518518518518,0.0011531329232175437
extreme,handcrafted,random_forest,exp_20260727,0,8,29,564,96,0.19678441699943505,0.9333333333333333,0.9142857142857144,0.937037037037037,0.000788254753615264
extreme,handcrafted,rbf_svm,exp_20260727,0,8,29,564,96,0.008982375002233312,0.9166666666666667,0.893569844789357,0.9412037037037038,0.0009936958520079032
extreme,handcrafted,hist_gradient_boosting,exp_20260727,0,8,29,564,96,2.045283291983651,0.9333333333333333,0.9142857142857144,0.9347222222222222,0.000788254753615264
extreme,handcrafted,mlp,exp_20260727,0,8,29,564,96,0.057847750023938715,0.8583333333333334,0.8219701101778116,0.9833333333333334,0.0021860603506172137
extreme,handcrafted,logistic,exp_20260727,0,10,39,756,96,0.013560708001023158,0.925,0.9039039039039038,0.9657407407407407,0.0008730975026837629
extreme,handcrafted,random_forest,exp_20260727,0,10,39,756,96,0.19681479199789464,0.9333333333333333,0.9142857142857144,0.936574074074074,0.000788254753615264
extreme,handcrafted,rbf_svm,exp_20260727,0,10,39,756,96,0.00956037500873208,0.925,0.9039039039039038,0.950462962962963,0.0008730975026837629
extreme,handcrafted,hist_gradient_boosting,exp_20260727,0,10,39,756,96,3.1068223749753088,0.9333333333333333,0.9142857142857144,0.9481481481481482,0.000788254753615264
extreme,handcrafted,mlp,exp_20260727,0,10,39,756,96,0.06000741699244827,0.875,0.8423645320197044,0.9810185185185185,0.0018483762756395137
extreme,handcrafted,logistic,exp_20260727,1,2,12,228,96,0.01370966702234,0.8555555555555556,0.8475499092558983,0.9546296296296297,0.0016316480952625243
extreme,handcrafted,random_forest,exp_20260727,1,2,12,228,96,0.1830751659872476,0.9194444444444445,0.9032149658339867,0.980787037037037,0.000931181314518668
extreme,handcrafted,rbf_svm,exp_20260727,1,2,12,228,96,0.006093499978305772,0.9194444444444445,0.9032149658339867,0.9486111111111112,0.0009300249260041725
extreme,handcrafted,hist_gradient_boosting,exp_20260727,1,2,12,228,96,0.4192966249829624,0.9361111111111111,0.9241106719367589,0.9680555555555556,0.0007335253510018618
extreme,handcrafted,mlp,exp_20260727,1,2,12,228,96,0.05229449999751523,0.7416666666666667,0.6753572597360096,0.9763888888888889,0.00487833134653214
extreme,handcrafted,logistic,exp_20260727,1,4,13,252,96,0.011051875015255064,0.8777777777777778,0.8693284936479129,0.9592592592592593,0.0013647607993679495
extreme,handcrafted,random_forest,exp_20260727,1,4,13,252,96,0.18762983300257474,0.9333333333333333,0.9142857142857144,0.9775462962962964,0.000788254753615264
extreme,handcrafted,rbf_svm,exp_20260727,1,4,13,252,96,0.006138041993835941,0.9194444444444445,0.9032149658339867,0.9638888888888889,0.000931181314518668
extreme,handcrafted,hist_gradient_boosting,exp_20260727,1,4,13,252,96,0.5032979579991661,0.9277777777777778,0.9136302294197032,0.9643518518518518,0.0008451821769356736
extreme,handcrafted,mlp,exp_20260727,1,4,13,252,96,0.05019166701822542,0.8333333333333333,0.791304347826087,0.9805555555555555,0.0026142934690227934
extreme,handcrafted,logistic,exp_20260727,1,6,24,456,96,0.010716292017605156,0.9111111111111111,0.8928571428571428,0.9689814814814814,0.0010160240635871667
extreme,handcrafted,random_forest,exp_20260727,1,6,24,456,96,0.18829900000127964,0.9277777777777778,0.9136302294197032,0.975925925925926,0.0008195244885848561
extreme,handcrafted,rbf_svm,exp_20260727,1,6,24,456,96,0.007446541974786669,0.9194444444444445,0.9032149658339867,0.9643518518518519,0.000931181314518668
extreme,handcrafted,hist_gradient_boosting,exp_20260727,1,6,24,456,96,1.6793865410145372,0.9194444444444445,0.9032149658339867,0.9685185185185186,0.000931181314518668
extreme,handcrafted,mlp,exp_20260727,1,6,24,456,96,0.08016733400290832,0.9166666666666667,0.893569844789357,0.9782407407407407,0.0009936958520079032
extreme,handcrafted,logistic,exp_20260727,1,8,31,600,96,0.013160708011128008,0.925,0.9039039039039038,0.9606481481481481,0.0008730975026837629
extreme,handcrafted,random_forest,exp_20260727,1,8,31,600,96,0.1994357089861296,0.9194444444444445,0.9032149658339867,0.9625,0.000931181314518668
extreme,handcrafted,rbf_svm,exp_20260727,1,8,31,600,96,0.0083476250001695,0.925,0.9039039039039038,0.9555555555555556,0.0008730975026837629
extreme,handcrafted,hist_gradient_boosting,exp_20260727,1,8,31,600,96,2.7724746669991873,0.9194444444444445,0.9032149658339867,0.9541666666666667,0.000931181314518668
extreme,handcrafted,mlp,exp_20260727,1,8,31,600,96,0.08801479201065376,0.925,0.9039039039039038,0.975925925925926,0.0008730975026837629
extreme,handcrafted,logistic,exp_20260727,2,2,3,60,96,0.010500790987862274,0.9055555555555556,0.8920377867746289,0.9699074074074074,0.0010832114626414579
extreme,handcrafted,random_forest,exp_20260727,2,2,3,60,96,0.16686229102197103,0.9138888888888889,0.9024280067758328,0.9680555555555556,0.0009715546367076459
extreme,handcrafted,rbf_svm,exp_20260727,2,2,3,60,96,0.00498254198464565,0.9055555555555556,0.8920377867746289,0.9662037037037037,0.0010832114626414579
extreme,handcrafted,hist_gradient_boosting,exp_20260727,2,2,3,60,96,0.0631103339837864,0.8805555555555555,0.8784390468516173,0.8805555555555555,0.0013521906014839396
extreme,handcrafted,mlp,exp_20260727,2,2,3,60,96,0.018231458991067484,0.4305555555555555,0.34868201534868204,0.2435185185185185,0.01851650789563521
extreme,handcrafted,logistic,exp_20260727,2,4,15,288,96,0.008559000008972362,0.9194444444444445,0.9032149658339867,0.9689814814814814,0.000931181314518668
extreme,handcrafted,random_forest,exp_20260727,2,4,15,288,96,0.21497945798910223,0.9277777777777778,0.9136302294197032,0.9726851851851851,0.0008195244885848561
extreme,handcrafted,rbf_svm,exp_20260727,2,4,15,288,96,0.006368125003064051,0.9194444444444445,0.9032149658339867,0.962962962962963,0.000931181314518668
extreme,handcrafted,hist_gradient_boosting,exp_20260727,2,4,15,288,96,1.4992385410005227,0.8611111111111112,0.8651053864168619,0.9662037037037037,0.0015606995377152513
extreme,handcrafted,mlp,exp_20260727,2,4,15,288,96,0.06460404201061465,0.925,0.9039039039039038,0.9796296296296296,0.0008730975026837629
extreme,handcrafted,logistic,exp_20260727,2,6,20,396,96,0.014577124995412305,0.8972222222222221,0.8817071804637616,0.9648148148148148,0.0011680542117099566
extreme,handcrafted,random_forest,exp_20260727,2,6,20,396,96,0.1851569999998901,0.9194444444444445,0.9032149658339867,0.9782407407407407,0.000931181314518668
extreme,handcrafted,rbf_svm,exp_20260727,2,6,20,396,96,0.006789083010517061,0.9194444444444445,0.9032149658339867,0.9615740740740741,0.000931181314518668
extreme,handcrafted,hist_gradient_boosting,exp_20260727,2,6,20,396,96,1.6237280839995947,0.9194444444444445,0.9032149658339867,0.9671296296296296,0.000931181314518668
extreme,handcrafted,mlp,exp_20260727,2,6,20,396,96,0.06522429201868363,0.9333333333333333,0.9142857142857144,0.9777777777777779,0.000788254753615264
extreme,handcrafted,logistic,exp_20260727,2,8,26,516,96,0.013034874980803579,0.9111111111111111,0.8928571428571428,0.9601851851851851,0.0010160240635871667
extreme,handcrafted,random_forest,exp_20260727,2,8,26,516,96,0.1975575420074165,0.9333333333333333,0.9142857142857144,0.9631944444444445,0.000788254753615264
extreme,handcrafted,rbf_svm,exp_20260727,2,8,26,516,96,0.007729916978860274,0.925,0.9039039039039038,0.9550925925925926,0.0008730975026837629
extreme,handcrafted,hist_gradient_boosting,exp_20260727,2,8,26,516,96,2.069782957987627,0.9333333333333333,0.9142857142857144,0.9462962962962963,0.000788254753615264
extreme,handcrafted,mlp,exp_20260727,2,8,26,516,96,0.05207620799774304,0.825,0.7810361681329423,0.9805555555555556,0.0029128532199713033
extreme,handcrafted,logistic,exp_20260728,0,2,5,108,120,0.011807667004177347,0.8715277777777778,0.8766157461809636,0.9458912037037037,0.0017150496305553562
extreme,handcrafted,random_forest,exp_20260728,0,2,5,108,120,0.1661889159877319,0.8923611111111112,0.8950743223549986,0.9477719907407407,0.0016636764735606267
extreme,handcrafted,rbf_svm,exp_20260728,0,2,5,108,120,0.005389416997786611,0.8194444444444444,0.8287130944331755,0.9432870370370371,0.002631956918668096
extreme,handcrafted,hist_gradient_boosting,exp_20260728,0,2,5,108,120,0.10019358401768841,0.9548611111111112,0.9485714285714286,0.9639756944444444,0.000521368149963363
extreme,handcrafted,mlp,exp_20260728,0,2,5,108,120,0.05581116699613631,0.4513888888888889,0.4375,0.5254629629629629,0.014360179110671993
extreme,handcrafted,logistic,exp_20260728,0,4,6,132,120,0.011546416993951425,0.8715277777777778,0.8766157461809636,0.9389467592592593,0.0018368832705686583
extreme,handcrafted,random_forest,exp_20260728,0,4,6,132,120,0.1723093340115156,0.8819444444444444,0.8858898398068905,0.9499421296296295,0.0017666833020661792
extreme,handcrafted,rbf_svm,exp_20260728,0,4,6,132,120,0.005831791990203783,0.8298611111111112,0.8385167464114832,0.9450231481481481,0.0025273325782425695
extreme,handcrafted,hist_gradient_boosting,exp_20260728,0,4,6,132,120,0.27254620799794793,0.9548611111111112,0.9485714285714286,0.9510995370370371,0.000521368149963363
extreme,handcrafted,mlp,exp_20260728,0,4,6,132,120,0.04038245900301263,0.5590277777777778,0.5436507936507936,0.7508680555555556,0.009559967655781357
extreme,handcrafted,logistic,exp_20260728,0,6,14,288,120,0.012437457975465804,0.9548611111111112,0.9485714285714286,0.9348958333333334,0.0005412388301423103
extreme,handcrafted,random_forest,exp_20260728,0,6,14,288,120,0.18620095800724812,0.9548611111111112,0.9485714285714286,0.9406828703703703,0.0005412388301423103
extreme,handcrafted,rbf_svm,exp_20260728,0,6,14,288,120,0.006300790992099792,0.9652777777777778,0.9572619132416839,0.9444444444444444,0.00039383945755213875
extreme,handcrafted,hist_gradient_boosting,exp_20260728,0,6,14,288,120,1.1718469580227975,0.9548611111111112,0.9485714285714286,0.9429976851851852,0.0005711756295731768
extreme,handcrafted,mlp,exp_20260728,0,6,14,288,120,0.04791583400219679,0.9652777777777778,0.9572619132416839,0.9571759259259259,0.00039383945755213875
extreme,handcrafted,logistic,exp_20260728,0,8,26,504,120,0.01204025000333786,0.9652777777777778,0.9572619132416839,0.9450231481481481,0.00039383945755213875
extreme,handcrafted,random_forest,exp_20260728,0,8,26,504,120,0.19399654201697558,0.9652777777777778,0.9572619132416839,0.9424189814814814,0.00039383945755213875
extreme,handcrafted,rbf_svm,exp_20260728,0,8,26,504,120,0.008634083002107218,0.9652777777777778,0.9572619132416839,0.9464699074074074,0.00039383945755213875
extreme,handcrafted,hist_gradient_boosting,exp_20260728,0,8,26,504,120,2.5581542080035433,0.9131944444444444,0.9131944444444444,0.9444444444444444,0.0010492424597828836
extreme,handcrafted,mlp,exp_20260728,0,8,26,504,120,0.06790470800478943,0.9652777777777778,0.9572619132416839,0.9496527777777778,0.00039383945755213875
extreme,handcrafted,logistic,exp_20260728,0,10,38,732,120,0.014392500015674159,0.9652777777777778,0.9572619132416839,0.9508101851851852,0.00039383945755213875
extreme,handcrafted,random_forest,exp_20260728,0,10,38,732,120,0.196757624973543,0.9652777777777778,0.9572619132416839,0.9448784722222223,0.00039383945755213875
extreme,handcrafted,rbf_svm,exp_20260728,0,10,38,732,120,0.010113042022567242,0.9652777777777778,0.9572619132416839,0.9525462962962963,0.00039383945755213875
extreme,handcrafted,hist_gradient_boosting,exp_20260728,0,10,38,732,120,2.984396124986233,0.9340277777777778,0.9310146593848807,0.9456018518518519,0.0009042492203637408
extreme,handcrafted,mlp,exp_20260728,0,10,38,732,120,0.06112887500785291,0.9652777777777778,0.9572619132416839,0.9522569444444444,0.00039383945755213875
extreme,handcrafted,logistic,exp_20260728,1,2,10,192,120,0.010983457992551848,0.7986111111111112,0.8087286527514231,0.9490740740740741,0.003089637751106619
extreme,handcrafted,random_forest,exp_20260728,1,2,10,192,120,0.1714849999989383,0.7256944444444444,0.7340930674264008,0.9529803240740741,0.004925745993518425
extreme,handcrafted,rbf_svm,exp_20260728,1,2,10,192,120,0.005562790989642963,0.7361111111111112,0.7452629923736143,0.9496527777777778,0.004342663087515106
extreme,handcrafted,hist_gradient_boosting,exp_20260728,1,2,10,192,120,0.08382529200753197,0.7430555555555556,0.7530864197530864,0.7430555555555555,0.0044106659372025
extreme,handcrafted,mlp,exp_20260728,1,2,10,192,120,0.08676595898577943,0.9652777777777778,0.9572619132416839,0.951388888888889,0.00039383945755213875
extreme,handcrafted,logistic,exp_20260728,1,4,17,336,120,0.012641874986002222,0.9340277777777778,0.9310146593848807,0.9377893518518519,0.0007939027287290419
extreme,handcrafted,random_forest,exp_20260728,1,4,17,336,120,0.16863679100060835,0.9548611111111112,0.9485714285714286,0.9377893518518519,0.0004989653551730573
extreme,handcrafted,rbf_svm,exp_20260728,1,4,17,336,120,0.006377207988407463,0.9652777777777778,0.9572619132416839,0.9429976851851852,0.00039383945755213875
extreme,handcrafted,hist_gradient_boosting,exp_20260728,1,4,17,336,120,0.9999154999968596,0.9548611111111112,0.9485714285714286,0.935763888888889,0.000521368149963363
extreme,handcrafted,mlp,exp_20260728,1,4,17,336,120,0.04667574999621138,0.9652777777777778,0.9572619132416839,0.9525462962962963,0.00039383945755213875
extreme,handcrafted,logistic,exp_20260728,1,6,23,456,120,0.012319625006057322,0.9548611111111112,0.9485714285714286,0.9444444444444444,0.0005412388301423103
extreme,handcrafted,random_forest,exp_20260728,1,6,23,456,120,0.1906782499863766,0.9236111111111112,0.9221397159541489,0.9438657407407407,0.000882501370762505
extreme,handcrafted,rbf_svm,exp_20260728,1,6,23,456,120,0.007690750004258007,0.9652777777777778,0.9572619132416839,0.9470486111111112,0.00039383945755213875
extreme,handcrafted,hist_gradient_boosting,exp_20260728,1,6,23,456,120,1.720037915976718,0.9131944444444444,0.9131944444444444,0.9398148148148149,0.0010418042315743967
extreme,handcrafted,mlp,exp_20260728,1,6,23,456,120,0.06653820897918195,0.9652777777777778,0.9572619132416839,0.9525462962962963,0.00039383945755213875
extreme,handcrafted,logistic,exp_20260728,1,8,30,576,120,0.014636207983130589,0.9652777777777778,0.9572619132416839,0.9450231481481481,0.00039383945755213875
extreme,handcrafted,random_forest,exp_20260728,1,8,30,576,120,0.19519658398348838,0.9444444444444444,0.9398237696110037,0.9476273148148149,0.0006264940475842817
extreme,handcrafted,rbf_svm,exp_20260728,1,8,30,576,120,0.00863495797966607,0.9652777777777778,0.9572619132416839,0.9484953703703703,0.00039383945755213875
extreme,handcrafted,hist_gradient_boosting,exp_20260728,1,8,30,576,120,2.1495656670012977,0.9444444444444444,0.9398237696110037,0.9432870370370371,0.0007143951314765237
extreme,handcrafted,mlp,exp_20260728,1,8,30,576,120,0.07984441702137701,0.9652777777777778,0.9572619132416839,0.9508101851851852,0.00039383945755213875
extreme,handcrafted,logistic,exp_20260728,2,2,11,216,120,0.013513209007214755,0.9548611111111112,0.9485714285714286,0.962962962962963,0.000521368149963363
extreme,handcrafted,random_forest,exp_20260728,2,2,11,216,120,0.179093709011795,0.8611111111111112,0.8672468471126189,0.9516782407407407,0.002035940786933072
extreme,handcrafted,rbf_svm,exp_20260728,2,2,11,216,120,0.006793915992602706,0.9652777777777778,0.9572619132416839,0.955150462962963,0.00039383945755213875
extreme,handcrafted,hist_gradient_boosting,exp_20260728,2,2,11,216,120,0.3482686659845058,0.8298611111111112,0.8385167464114832,0.9487847222222222,0.0027374731615930816
extreme,handcrafted,mlp,exp_20260728,2,2,11,216,120,0.058871334011200815,0.9513888888888888,0.9404719722202537,0.9519675925925927,0.0006137528377327335
extreme,handcrafted,logistic,exp_20260728,2,4,12,240,120,0.011679834016831592,0.9652777777777778,0.9572619132416839,0.959201388888889,0.00039383945755213875
extreme,handcrafted,random_forest,exp_20260728,2,4,12,240,120,0.17880791699280962,0.8819444444444444,0.8858898398068905,0.9482060185185185,0.0018730113990029116
extreme,handcrafted,rbf_svm,exp_20260728,2,4,12,240,120,0.0066904170089401305,0.9652777777777778,0.9572619132416839,0.9580439814814815,0.00039383945755213875
extreme,handcrafted,hist_gradient_boosting,exp_20260728,2,4,12,240,120,0.3967876249807887,0.8090277777777778,0.8187858652974932,0.9499421296296297,0.002885523370861103
extreme,handcrafted,mlp,exp_20260728,2,4,12,240,120,0.05010983400279656,0.9652777777777778,0.9572619132416839,0.9525462962962963,0.00039383945755213875
extreme,handcrafted,logistic,exp_20260728,2,6,20,384,120,0.012168875022325665,0.9652777777777778,0.9572619132416839,0.9574652777777778,0.00039383945755213875
extreme,handcrafted,random_forest,exp_20260728,2,6,20,384,120,0.18212312497780658,0.9340277777777778,0.9310146593848807,0.9502314814814815,0.0007950429453719215
extreme,handcrafted,rbf_svm,exp_20260728,2,6,20,384,120,0.007163124973885715,0.9652777777777778,0.9572619132416839,0.955150462962963,0.00039383945755213875
extreme,handcrafted,hist_gradient_boosting,exp_20260728,2,6,20,384,120,1.2772700830246322,0.8715277777777778,0.8766157461809636,0.9450231481481483,0.001806909769398637
extreme,handcrafted,mlp,exp_20260728,2,6,20,384,120,0.06932079198304564,0.9652777777777778,0.9572619132416839,0.9522569444444444,0.00039383945755213875
extreme,handcrafted,logistic,exp_20260728,2,8,28,528,120,0.012970499985385686,0.9652777777777778,0.9572619132416839,0.9537037037037037,0.00039383945755213875
extreme,handcrafted,random_forest,exp_20260728,2,8,28,528,120,0.20286529199802317,0.9236111111111112,0.9221397159541489,0.9503761574074073,0.0009112703654962525
extreme,handcrafted,rbf_svm,exp_20260728,2,8,28,528,120,0.008673582982737571,0.9652777777777778,0.9572619132416839,0.9542824074074074,0.00039383945755213875
extreme,handcrafted,hist_gradient_boosting,exp_20260728,2,8,28,528,120,2.055957333999686,0.8194444444444444,0.8287130944331755,0.9528356481481481,0.0025560148724477335
extreme,handcrafted,mlp,exp_20260728,2,8,28,528,120,0.05461483300314285,0.9652777777777778,0.9572619132416839,0.9528356481481481,0.00039383945755213875
extreme,handcrafted,logistic,exp_20260729,0,2,8,144,120,0.012053332990035415,0.9375,0.9238095238095239,0.9438657407407407,0.0014014032742416832
extreme,handcrafted,random_forest,exp_20260729,0,2,8,144,120,0.18362391699338332,0.9375,0.9238095238095239,0.9441550925925926,0.0014014032742416832
extreme,handcrafted,rbf_svm,exp_20260729,0,2,8,144,120,0.005778374994406477,0.9375,0.9238095238095239,0.9343171296296295,0.0014014032742416832
extreme,handcrafted,hist_gradient_boosting,exp_20260729,0,2,8,144,120,0.16561979200923815,0.9305555555555556,0.9230714438350309,0.9558738425925926,0.0013776198955011182
extreme,handcrafted,mlp,exp_20260729,0,2,8,144,120,0.04762200001277961,0.75,0.7073374677722807,0.8972800925925926,0.006066431756091693
extreme,handcrafted,logistic,exp_20260729,0,4,10,180,120,0.010839166003279388,0.9270833333333333,0.9151583710407241,0.9421296296296295,0.0015569117227459983
extreme,handcrafted,random_forest,exp_20260729,0,4,10,180,120,0.17135712498566136,0.9270833333333333,0.9151583710407241,0.9487847222222221,0.0015065308641691213
extreme,handcrafted,rbf_svm,exp_20260729,0,4,10,180,120,0.00587058300152421,0.9375,0.9238095238095239,0.9369212962962963,0.0014014032742416832
extreme,handcrafted,hist_gradient_boosting,exp_20260729,0,4,10,180,120,0.32393262500409037,0.8958333333333333,0.8958333333333333,0.9580439814814815,0.0018289661486763343
extreme,handcrafted,mlp,exp_20260729,0,4,10,180,120,0.0296755830058828,0.8159722222222222,0.7833333333333333,0.9415509259259259,0.0036018767104073115
extreme,handcrafted,logistic,exp_20260729,0,6,22,408,120,0.011179374996572733,0.9444444444444444,0.9321266968325792,0.953125,0.0013012106282449855
extreme,handcrafted,random_forest,exp_20260729,0,6,22,408,120,0.18997987499460578,0.9340277777777777,0.9234639642831833,0.9618055555555556,0.001322304092993501
extreme,handcrafted,rbf_svm,exp_20260729,0,6,22,408,120,0.008062167005846277,0.9375,0.9238095238095239,0.9464699074074074,0.0014014032742416832
extreme,handcrafted,hist_gradient_boosting,exp_20260729,0,6,22,408,120,1.870522292010719,0.8506944444444444,0.8519056261343012,0.9600694444444444,0.0026680182434169245
extreme,handcrafted,mlp,exp_20260729,0,6,22,408,120,0.06260937498882413,0.9375,0.9238095238095239,0.9638310185185185,0.0014014032742416832
extreme,handcrafted,logistic,exp_20260729,0,8,32,612,120,0.013725916011026129,0.9444444444444444,0.9321266968325792,0.9502314814814814,0.0013012106282449855
extreme,handcrafted,random_forest,exp_20260729,0,8,32,612,120,0.20412641600705683,0.9444444444444444,0.9321266968325792,0.9580439814814815,0.001217176503066063
extreme,handcrafted,rbf_svm,exp_20260729,0,8,32,612,120,0.008480874996166676,0.9375,0.9238095238095239,0.9499421296296295,0.0014014032742416832
extreme,handcrafted,hist_gradient_boosting,exp_20260729,0,8,32,612,120,2.9147126250027213,0.9270833333333333,0.9151583710407241,0.9542824074074074,0.0016150124008311292
extreme,handcrafted,mlp,exp_20260729,0,8,32,612,120,0.08329325000522658,0.9444444444444444,0.9321266968325792,0.962673611111111,0.001217176503066063
extreme,handcrafted,logistic,exp_20260729,0,10,38,732,120,0.015218374988762662,0.9444444444444444,0.9321266968325792,0.9539930555555556,0.0013012106282449855
extreme,handcrafted,random_forest,exp_20260729,0,10,38,732,120,0.2266357920016162,0.9444444444444444,0.9321266968325792,0.962962962962963,0.001217176503066063
extreme,handcrafted,rbf_svm,exp_20260729,0,10,38,732,120,0.020789625006727874,0.9375,0.9238095238095239,0.9490740740740741,0.0014014032742416832
extreme,handcrafted,hist_gradient_boosting,exp_20260729,0,10,38,732,120,2.7330472920148168,0.9236111111111112,0.9147485080988917,0.9563078703703703,0.0015818472810310374
extreme,handcrafted,mlp,exp_20260729,0,10,38,732,120,0.06363891597720794,0.9340277777777777,0.9234639642831833,0.9655671296296295,0.0015725937374875324
extreme,handcrafted,logistic,exp_20260729,1,2,2,36,120,0.011153958999784663,0.9166666666666667,0.906455956346113,0.9461805555555556,0.0016620393126734363
extreme,handcrafted,random_forest,exp_20260729,1,2,2,36,120,0.1692832080007065,0.9131944444444444,0.9059762091317045,0.9454571759259259,0.0018722896256469846
extreme,handcrafted,rbf_svm,exp_20260729,1,2,2,36,120,0.005172208009753376,0.90625,0.8976982097186701,0.9369212962962964,0.0017679463899255207
extreme,handcrafted,hist_gradient_boosting,exp_20260729,1,2,2,36,120,0.044813457992859185,0.5,0.375,0.5,0.01153841205818415
extreme,handcrafted,mlp,exp_20260729,1,2,2,36,120,0.018014125002082437,0.8090277777777777,0.7749843739148552,0.9140625,0.0054371212360334
extreme,handcrafted,logistic,exp_20260729,1,4,8,156,120,0.006293000013101846,0.875,0.877586709414165,0.9513888888888888,0.003022522172733947
extreme,handcrafted,random_forest,exp_20260729,1,4,8,156,120,0.2091148330073338,0.8784722222222222,0.8849472674976031,0.96875,0.002042686870583997
extreme,handcrafted,rbf_svm,exp_20260729,1,4,8,156,120,0.005876707989955321,0.9340277777777777,0.9234639642831833,0.9597800925925926,0.0014063382181724235
extreme,handcrafted,hist_gradient_boosting,exp_20260729,1,4,8,156,120,0.24107483300031163,0.8680555555555556,0.8755555555555555,0.9568865740740741,0.002229113821487395
extreme,handcrafted,mlp,exp_20260729,1,4,8,156,120,0.04886579100275412,0.9201388888888888,0.9142857142857144,0.9678819444444444,0.001905589924580352
extreme,handcrafted,logistic,exp_20260729,1,6,20,396,120,0.01418662499054335,0.9409722222222222,0.9317988064791134,0.9487847222222222,0.001259789385936127
extreme,handcrafted,random_forest,exp_20260729,1,6,20,396,120,0.18301375000737607,0.9409722222222222,0.9317988064791134,0.96484375,0.0014252654179265894
extreme,handcrafted,rbf_svm,exp_20260729,1,6,20,396,120,0.008174332993803546,0.9375,0.9238095238095239,0.9603587962962963,0.0014014032742416832
extreme,handcrafted,hist_gradient_boosting,exp_20260729,1,6,20,396,120,1.4352635420218576,0.9166666666666666,0.9137683242311009,0.9675925925925926,0.0016713806835045373
extreme,handcrafted,mlp,exp_20260729,1,6,20,396,120,0.05886191700119525,0.9340277777777777,0.9234639642831833,0.9612268518518519,0.0015725937374875324
extreme,handcrafted,logistic,exp_20260729,1,8,27,528,120,0.013056832976872101,0.9513888888888888,0.9404719722202537,0.9537037037037037,0.0011538823086840425
extreme,handcrafted,random_forest,exp_20260729,1,8,27,528,120,0.19895204200292937,0.9409722222222222,0.9317988064791134,0.9728009259259259,0.0014252654179265894
extreme,handcrafted,rbf_svm,exp_20260729,1,8,27,528,120,0.008643832989037037,0.9375,0.9238095238095239,0.9522569444444444,0.0014014032742416832
extreme,handcrafted,hist_gradient_boosting,exp_20260729,1,8,27,528,120,1.7434952500043437,0.9305555555555556,0.9230714438350309,0.9684606481481481,0.0014345189614700944
extreme,handcrafted,mlp,exp_20260729,1,8,27,528,120,0.05784920899895951,0.9340277777777777,0.9234639642831833,0.9623842592592592,0.0015725937374875324
extreme,handcrafted,logistic,exp_20260729,2,2,13,240,120,0.012059915985446423,0.9444444444444444,0.9321266968325792,0.9386574074074074,0.0013012106282449855
extreme,handcrafted,random_forest,exp_20260729,2,2,13,240,120,0.18522166600450873,0.9444444444444444,0.9321266968325792,0.9497974537037037,0.0013012106282449855
extreme,handcrafted,rbf_svm,exp_20260729,2,2,13,240,120,0.006671666982583702,0.9375,0.9238095238095239,0.9354745370370371,0.0014014032742416832
extreme,handcrafted,hist_gradient_boosting,exp_20260729,2,2,13,240,120,0.334601709007984,0.9340277777777777,0.9234639642831833,0.9513888888888888,0.001457406162523848
extreme,handcrafted,mlp,exp_20260729,2,2,13,240,120,0.0705023749906104,0.9270833333333333,0.9151583710407241,0.9658564814814815,0.0016422197811408242
extreme,handcrafted,logistic,exp_20260729,2,4,18,348,120,0.012595999985933304,0.9444444444444444,0.9321266968325792,0.9409722222222222,0.0013012106282449855
extreme,handcrafted,random_forest,exp_20260729,2,4,18,348,120,0.17986316699534655,0.9444444444444444,0.9321266968325792,0.9538483796296295,0.0013012106282449855
extreme,handcrafted,rbf_svm,exp_20260729,2,4,18,348,120,0.006994958006544039,0.9375,0.9238095238095239,0.9398148148148149,0.0014014032742416832
extreme,handcrafted,hist_gradient_boosting,exp_20260729,2,4,18,348,120,1.2852351659967098,0.9340277777777777,0.9234639642831833,0.951099537037037,0.0015148197548344314
extreme,handcrafted,mlp,exp_20260729,2,4,18,348,120,0.06824162500561215,0.9375,0.9238095238095239,0.9635416666666666,0.0014014032742416832
extreme,handcrafted,logistic,exp_20260729,2,6,25,480,120,0.013761916983639821,0.9444444444444444,0.9321266968325792,0.9429976851851851,0.0013012106282449855
extreme,handcrafted,random_forest,exp_20260729,2,6,25,480,120,0.17360312497476116,0.9409722222222222,0.9317988064791134,0.9581886574074074,0.0014724010914908346
extreme,handcrafted,rbf_svm,exp_20260729,2,6,25,480,120,0.007746249990304932,0.9375,0.9238095238095239,0.9418402777777777,0.0014014032742416832
extreme,handcrafted,hist_gradient_boosting,exp_20260729,2,6,25,480,120,1.5693041250051465,0.9270833333333333,0.9226305609284333,0.9476273148148148,0.0016897435498948658
extreme,handcrafted,mlp,exp_20260729,2,6,25,480,120,0.07586341601563618,0.9444444444444444,0.9321266968325792,0.9609375,0.001217176503066063
extreme,handcrafted,logistic,exp_20260729,2,8,32,612,120,0.013301083003170788,0.9444444444444444,0.9321266968325792,0.9461805555555555,0.0013012106282449855
extreme,handcrafted,random_forest,exp_20260729,2,8,32,612,120,0.1890073749818839,0.9409722222222222,0.9317988064791134,0.9532696759259259,0.0014724010914908346
extreme,handcrafted,rbf_svm,exp_20260729,2,8,32,612,120,0.00848033299553208,0.9375,0.9238095238095239,0.9409722222222221,0.0014014032742416832
extreme,handcrafted,hist_gradient_boosting,exp_20260729,2,8,32,612,120,2.268529082997702,0.9270833333333333,0.9226305609284333,0.9487847222222222,0.0018274407733925796
extreme,handcrafted,mlp,exp_20260729,2,8,32,612,120,0.05016820799210109,0.9375,0.9314285714285715,0.9713541666666666,0.0015503055600692237
extreme,handcrafted,logistic,exp_20260730,0,2,6,108,120,0.009831292001763359,0.75,0.7609752210979205,0.9308449074074074,0.006018327136597782
extreme,handcrafted,random_forest,exp_20260730,0,2,6,108,120,0.18341262498870492,0.71875,0.7254004576659039,0.9344618055555556,0.007556184461433962
extreme,handcrafted,rbf_svm,exp_20260730,0,2,6,108,120,0.005636666988721117,0.7708333333333333,0.7850862911103875,0.9250578703703703,0.005582304766662205
extreme,handcrafted,hist_gradient_boosting,exp_20260730,0,2,6,108,120,0.06476062498404644,0.7638888888888888,0.7749999999999999,0.763888888888889,0.006193016620288559
extreme,handcrafted,mlp,exp_20260730,0,2,6,108,120,0.031257291993824765,0.8298611111111112,0.8332236120254553,0.9450231481481481,0.0036397628810928236
extreme,handcrafted,logistic,exp_20260730,0,4,12,228,120,0.011274124990450218,0.7916666666666666,0.8006644518272426,0.9375,0.004602943402767137
extreme,handcrafted,random_forest,exp_20260730,0,4,12,228,120,0.2097653750097379,0.7986111111111112,0.7996370235934664,0.9291087962962963,0.004279404874344568
extreme,handcrafted,rbf_svm,exp_20260730,0,4,12,228,120,0.007870125002227724,0.7881944444444444,0.790148644709997,0.9308449074074073,0.004835922657103548
extreme,handcrafted,hist_gradient_boosting,exp_20260730,0,4,12,228,120,1.3134477919957135,0.8020833333333333,0.8061104582843713,0.8741319444444444,0.004438494753427903
extreme,handcrafted,mlp,exp_20260730,0,4,12,228,120,0.06669487498584203,0.8159722222222222,0.8114285714285714,0.9398148148148148,0.004159128329872662
extreme,handcrafted,logistic,exp_20260730,0,6,19,372,120,0.011827959009679034,0.8263888888888888,0.8318460063426506,0.9386574074074074,0.0036539829956323154
extreme,handcrafted,random_forest,exp_20260730,0,6,19,372,120,0.181033832981484,0.8125,0.8156682027649769,0.9457465277777779,0.003567260724341453
extreme,handcrafted,rbf_svm,exp_20260730,0,6,19,372,120,0.007465249975211918,0.8645833333333333,0.8484848484848485,0.9372106481481481,0.002824394094898704
extreme,handcrafted,hist_gradient_boosting,exp_20260730,0,6,19,372,120,2.672778999985894,0.8194444444444444,0.8287130944331755,0.9537037037037037,0.004680960779048091
extreme,handcrafted,mlp,exp_20260730,0,6,19,372,120,0.05343850000645034,0.8333333333333333,0.8222222222222222,0.9360532407407407,0.0035336083339580844
extreme,handcrafted,logistic,exp_20260730,0,8,27,516,120,0.012350916978903115,0.8333333333333333,0.8222222222222222,0.9308449074074074,0.0035945208278079562
extreme,handcrafted,random_forest,exp_20260730,0,8,27,516,120,0.2171467500156723,0.8263888888888888,0.8263888888888888,0.9419849537037037,0.003643544157733234
extreme,handcrafted,rbf_svm,exp_20260730,0,8,27,516,120,0.009044540987815708,0.8784722222222222,0.8575319505552064,0.9320023148148149,0.002879393906458332
extreme,handcrafted,hist_gradient_boosting,exp_20260730,0,8,27,516,120,4.548959916981403,0.8263888888888888,0.8318460063426506,0.9377893518518519,0.003647878090130475
extreme,handcrafted,mlp,exp_20260730,0,8,27,516,120,0.049946125014685094,0.8159722222222223,0.8170598911070781,0.9409722222222222,0.003999888584120031
extreme,handcrafted,logistic,exp_20260730,0,10,38,732,120,0.014524707978125662,0.84375,0.8310335116868488,0.9337384259259259,0.0031707246334771364
extreme,handcrafted,random_forest,exp_20260730,0,10,38,732,120,0.20274558299570344,0.8402777777777778,0.8366645175155814,0.9464699074074074,0.0028786967086487643
extreme,handcrafted,rbf_svm,exp_20260730,0,10,38,732,120,0.010058833024231717,0.8680555555555556,0.848951048951049,0.9401041666666667,0.0029891267157608203
extreme,handcrafted,hist_gradient_boosting,exp_20260730,0,10,38,732,120,3.2245828330051154,0.8229166666666667,0.819471308833011,0.9401041666666666,0.004152824241544035
extreme,handcrafted,mlp,exp_20260730,0,10,38,732,120,0.05989162501646206,0.8125,0.8044079087236907,0.9369212962962963,0.004307608164215092
extreme,handcrafted,logistic,exp_20260730,1,2,9,180,120,0.013982333999592811,0.7708333333333334,0.7830018083182639,0.9363425925925926,0.005323241348316588
extreme,handcrafted,random_forest,exp_20260730,1,2,9,180,120,0.17223475000355393,0.78125,0.7905123339658444,0.9346064814814815,0.0050036117168617555
extreme,handcrafted,rbf_svm,exp_20260730,1,2,9,180,120,0.006186667014844716,0.7673611111111112,0.7800972034100868,0.9094328703703702,0.005451548302628116
extreme,handcrafted,hist_gradient_boosting,exp_20260730,1,2,9,180,120,0.3651140409929212,0.7708333333333333,0.7767691048441104,0.9291087962962963,0.005185611259175913
extreme,handcrafted,mlp,exp_20260730,1,2,9,180,120,0.06505762500455603,0.8229166666666667,0.8251238705916643,0.9320023148148148,0.0038546918804762713
extreme,handcrafted,logistic,exp_20260730,1,4,11,228,120,0.012202666024677455,0.78125,0.7905123339658444,0.9351851851851851,0.004689474290809021
extreme,handcrafted,random_forest,exp_20260730,1,4,11,228,120,0.1847402499988675,0.7534722222222222,0.7641324003459391,0.9249131944444444,0.005860422637433704
extreme,handcrafted,rbf_svm,exp_20260730,1,4,11,228,120,0.0074621250096242875,0.7916666666666666,0.8006644518272426,0.9403935185185186,0.004267030914384553
extreme,handcrafted,hist_gradient_boosting,exp_20260730,1,4,11,228,120,0.6658740419952665,0.7847222222222223,0.7884841363102233,0.9285300925925927,0.004557646020892445
extreme,handcrafted,mlp,exp_20260730,1,4,11,228,120,0.04100299999117851,0.670138888888889,0.6656217345872518,0.9346064814814814,0.008763123279324003
extreme,handcrafted,logistic,exp_20260730,1,6,19,372,120,0.012778459000401199,0.7708333333333333,0.7802197802197802,0.9346064814814815,0.0053545726827154035
extreme,handcrafted,random_forest,exp_20260730,1,6,19,372,120,0.18749083299189806,0.7743055555555556,0.7856976473328674,0.9382233796296297,0.005382416855433047
extreme,handcrafted,rbf_svm,exp_20260730,1,6,19,372,120,0.006768499995814636,0.8090277777777778,0.8090277777777778,0.9331597222222223,0.004012809909808015
extreme,handcrafted,hist_gradient_boosting,exp_20260730,1,6,19,372,120,1.7120694170007482,0.7777777777777777,0.784688995215311,0.9283854166666666,0.0049961443303643965
extreme,handcrafted,mlp,exp_20260730,1,6,19,372,120,0.0469289589964319,0.7569444444444444,0.7689345314505777,0.935474537037037,0.006031041364286679
extreme,handcrafted,logistic,exp_20260730,1,8,31,612,120,0.013124958000844344,0.8645833333333333,0.8620293187697614,0.9424189814814815,0.002492742436596272
extreme,handcrafted,random_forest,exp_20260730,1,8,31,612,120,0.2099516250018496,0.8506944444444444,0.8519056261343012,0.9484953703703703,0.0025609339817035687
extreme,handcrafted,rbf_svm,exp_20260730,1,8,31,612,120,0.00899608398322016,0.8576388888888888,0.8403249527277821,0.9476273148148149,0.003093745323411823
extreme,handcrafted,hist_gradient_boosting,exp_20260730,1,8,31,612,120,2.4411896250094287,0.8506944444444444,0.8577777777777778,0.9473379629629629,0.0029293091461466796
extreme,handcrafted,mlp,exp_20260730,1,8,31,612,120,0.051884083019103855,0.8229166666666666,0.830344519681524,0.9351851851851851,0.0035162052057635413
extreme,handcrafted,logistic,exp_20260730,2,2,13,228,120,0.012649666983634233,0.8576388888888888,0.8403249527277821,0.921875,0.003154419084402342
extreme,handcrafted,random_forest,exp_20260730,2,2,13,228,120,0.17252433401881717,0.8263888888888888,0.8141368628555337,0.9320023148148149,0.00360407312805394
extreme,handcrafted,rbf_svm,exp_20260730,2,2,13,228,120,0.006431082991184667,0.8784722222222222,0.8575319505552064,0.916087962962963,0.0028806890090361695
extreme,handcrafted,hist_gradient_boosting,exp_20260730,2,2,13,228,120,0.35019095899770036,0.8680555555555556,0.848951048951049,0.9363425925925926,0.0029904218183386577
extreme,handcrafted,mlp,exp_20260730,2,2,13,228,120,0.07397120899986476,0.8368055555555556,0.8294970161977835,0.9415509259259259,0.0038855560268749637
extreme,handcrafted,logistic,exp_20260730,2,4,16,288,120,0.01261295800213702,0.8680555555555556,0.848951048951049,0.9267939814814815,0.0029904218183386577
extreme,handcrafted,random_forest,exp_20260730,2,4,16,288,120,0.17250266700284556,0.84375,0.8310335116868488,0.9330150462962963,0.0032478078563396955
extreme,handcrafted,rbf_svm,exp_20260730,2,4,16,288,120,0.006262417009565979,0.8784722222222222,0.8575319505552064,0.9201388888888888,0.0028806890090361695
extreme,handcrafted,hist_gradient_boosting,exp_20260730,2,4,16,288,120,1.2578968750021886,0.8368055555555556,0.822921790457452,0.9283854166666667,0.003516523211812837
extreme,handcrafted,mlp,exp_20260730,2,4,16,288,120,0.05082887501339428,0.8541666666666666,0.8397863818424566,0.9444444444444444,0.0032600360309603866
extreme,handcrafted,logistic,exp_20260730,2,6,23,432,120,0.01351504199556075,0.8541666666666666,0.8397863818424566,0.9302662037037037,0.003060991824174648
extreme,handcrafted,random_forest,exp_20260730,2,6,23,432,120,0.1793952080188319,0.8368055555555556,0.8356282892365366,0.9427083333333333,0.0029576161150487506
extreme,handcrafted,rbf_svm,exp_20260730,2,6,23,432,120,0.00744108299841173,0.8784722222222222,0.8575319505552064,0.9308449074074074,0.002879393906458332
extreme,handcrafted,hist_gradient_boosting,exp_20260730,2,6,23,432,120,2.3261620000121184,0.8194444444444444,0.8237367802585194,0.9386574074074074,0.003751740265511322
extreme,handcrafted,mlp,exp_20260730,2,6,23,432,120,0.049784000002546236,0.8159722222222222,0.8114285714285714,0.9409722222222222,0.004070059436064597
extreme,handcrafted,logistic,exp_20260730,2,8,33,636,120,0.015541666973149404,0.8541666666666666,0.8397863818424566,0.9334490740740741,0.003061149596543123
extreme,handcrafted,random_forest,exp_20260730,2,8,33,636,120,0.20278150000376627,0.8263888888888888,0.8205000356150723,0.9424189814814815,0.003318283142605782
extreme,handcrafted,rbf_svm,exp_20260730,2,8,33,636,120,0.008860625006491318,0.8784722222222222,0.8575319505552064,0.943287037037037,0.002879393906458332
extreme,handcrafted,hist_gradient_boosting,exp_20260730,2,8,33,636,120,3.5115417090128176,0.8368055555555556,0.8413631022326675,0.9467592592592593,0.003295570712667744
extreme,handcrafted,mlp,exp_20260730,2,8,33,636,120,0.05411991698201746,0.8125,0.8102903133084219,0.9401041666666666,0.004136210552843085
extreme,handcrafted,logistic,exp_20260731,0,2,5,108,120,0.011217000021133572,0.873015873015873,0.8789915966386554,0.9715608465608465,0.0019551959235160708
extreme,handcrafted,random_forest,exp_20260731,0,2,5,108,120,0.18477474999963306,0.8908730158730158,0.8757071149709187,0.9578373015873016,0.0018153274275878191
extreme,handcrafted,rbf_svm,exp_20260731,0,2,5,108,120,0.005520959006389603,0.6666666666666666,0.6875,0.962962962962963,0.009202401890406052
extreme,handcrafted,hist_gradient_boosting,exp_20260731,0,2,5,108,120,0.1324846250063274,0.9285714285714286,0.8901098901098901,0.9274140211640212,0.0010618415276292393
extreme,handcrafted,mlp,exp_20260731,0,2,5,108,120,0.05790391701157205,0.5753968253968254,0.5777777777777777,0.7526455026455027,0.011338936422532891
extreme,handcrafted,logistic,exp_20260731,0,4,17,348,120,0.012390666990540922,0.873015873015873,0.8789915966386554,0.9576719576719578,0.0019551959235160708
extreme,handcrafted,random_forest,exp_20260731,0,4,17,348,120,0.18129629199393094,0.9246031746031746,0.9050332383665717,0.9573412698412698,0.0011027360824298633
extreme,handcrafted,rbf_svm,exp_20260731,0,4,17,348,120,0.006948207999812439,0.9384920634920635,0.915087664124538,0.9672619047619047,0.0008921276600284691
extreme,handcrafted,hist_gradient_boosting,exp_20260731,0,4,17,348,120,1.603467584005557,0.8690476190476191,0.8632367307066102,0.9226190476190477,0.0025371925770550684
extreme,handcrafted,mlp,exp_20260731,0,4,17,348,120,0.06529241599491797,0.9206349206349207,0.8888545847483791,0.9332010582010583,0.0012779333177778038
extreme,handcrafted,logistic,exp_20260731,0,6,22,444,120,0.01842258300166577,0.8888888888888888,0.8827743406056658,0.9490740740740741,0.0016481582438687364
extreme,handcrafted,random_forest,exp_20260731,0,6,22,444,120,0.20442033300059848,0.9523809523809523,0.925,0.9619708994708995,0.0007690109833126344
extreme,handcrafted,rbf_svm,exp_20260731,0,6,22,444,120,0.007729917007964104,0.9126984126984127,0.8875,0.9675925925925926,0.0012709414417058508
extreme,handcrafted,hist_gradient_boosting,exp_20260731,0,6,22,444,120,2.4434429579996504,0.8908730158730158,0.8757071149709187,0.9173280423280423,0.0020790567120734225
extreme,handcrafted,mlp,exp_20260731,0,6,22,444,120,0.0777377089834772,0.9206349206349207,0.8888545847483791,0.941468253968254,0.0012779333177778038
extreme,handcrafted,logistic,exp_20260731,0,8,30,600,120,0.015261207998264581,0.9107142857142857,0.894829097283085,0.9477513227513228,0.001365138972802057
extreme,handcrafted,random_forest,exp_20260731,0,8,30,600,120,0.20933558398974128,0.9384920634920635,0.915087664124538,0.9613095238095238,0.0010809159697774589
extreme,handcrafted,rbf_svm,exp_20260731,0,8,30,600,120,0.012736583012156188,0.9126984126984127,0.8875,0.9675925925925926,0.0012709414417058508
extreme,handcrafted,hist_gradient_boosting,exp_20260731,0,8,30,600,120,2.008621042012237,0.9107142857142857,0.894829097283085,0.923941798941799,0.0017310540227678205
extreme,handcrafted,mlp,exp_20260731,0,8,30,600,120,0.07163404099992476,0.9206349206349207,0.8888545847483791,0.94510582010582,0.0012779333177778038
extreme,handcrafted,logistic,exp_20260731,0,10,37,732,120,0.013652792025823146,0.9107142857142857,0.894829097283085,0.9434523809523809,0.0013744949030403744
extreme,handcrafted,random_forest,exp_20260731,0,10,37,732,120,0.18034024999360554,0.9305555555555556,0.9139510795952513,0.9664351851851851,0.0010426743241409963
extreme,handcrafted,rbf_svm,exp_20260731,0,10,37,732,120,0.009714500018162653,0.8988095238095237,0.8773488481798883,0.9692460317460319,0.0015557910305469469
extreme,handcrafted,hist_gradient_boosting,exp_20260731,0,10,37,732,120,1.9592086659977213,0.8194444444444444,0.8271039918637173,0.9305555555555556,0.0035342036100281544
extreme,handcrafted,mlp,exp_20260731,0,10,37,732,120,0.05810712499078363,0.9206349206349207,0.8888545847483791,0.9388227513227514,0.0012779333177778038
extreme,handcrafted,logistic,exp_20260731,1,2,10,192,120,0.008929916977649555,0.7738095238095238,0.8,0.9474206349206349,0.004483303053604856
extreme,handcrafted,random_forest,exp_20260731,1,2,10,192,120,0.18433945800643414,0.7103174603174602,0.7371565113500598,0.9436177248677249,0.006910305152329649
extreme,handcrafted,rbf_svm,exp_20260731,1,2,10,192,120,0.005328208004357293,0.7023809523809524,0.7299509001636661,0.9467592592592592,0.007235641991253245
extreme,handcrafted,hist_gradient_boosting,exp_20260731,1,2,10,192,120,0.09509912499925122,0.7222222222222222,0.7545008183306056,0.7222222222222222,0.007664426524661253
extreme,handcrafted,mlp,exp_20260731,1,2,10,192,120,0.0731069169996772,0.9186507936507937,0.8962182561522132,0.9431216931216932,0.0012903071461408688
extreme,handcrafted,logistic,exp_20260731,1,4,18,348,120,0.011120083014247939,0.8908730158730158,0.8757071149709187,0.9378306878306879,0.001671421062293771
extreme,handcrafted,random_forest,exp_20260731,1,4,18,348,120,0.1483087909873575,0.9027777777777777,0.8933333333333333,0.9710648148148149,0.0014988288257941932
extreme,handcrafted,rbf_svm,exp_20260731,1,4,18,348,120,0.007202500011771917,0.9166666666666667,0.8731501057082452,0.9546957671957672,0.0013338402493202662
extreme,handcrafted,hist_gradient_boosting,exp_20260731,1,4,18,348,120,1.7486273329996038,0.8333333333333333,0.838655462184874,0.9384920634920635,0.003061142519112027
extreme,handcrafted,mlp,exp_20260731,1,4,18,348,120,0.052710791991557926,0.9206349206349207,0.8888545847483791,0.9457671957671957,0.0012779333177778038
extreme,handcrafted,logistic,exp_20260731,1,6,24,468,120,0.012234624999109656,0.875,0.8720367484209663,0.9513888888888888,0.001954762142810084
extreme,handcrafted,random_forest,exp_20260731,1,6,24,468,120,0.17544783401535824,0.9226190476190477,0.9127272727272727,0.9599867724867724,0.0012523973274214985
extreme,handcrafted,rbf_svm,exp_20260731,1,6,24,468,120,0.008439166995231062,0.9246031746031746,0.9050332383665717,0.9702380952380951,0.0011027360824298633
extreme,handcrafted,hist_gradient_boosting,exp_20260731,1,6,24,468,120,1.9060409590019844,0.8531746031746033,0.8588235294117648,0.9378306878306879,0.00250600246990305
extreme,handcrafted,mlp,exp_20260731,1,6,24,468,120,0.07181870899512433,0.9186507936507937,0.8962182561522132,0.949074074074074,0.0012903071461408688
extreme,handcrafted,logistic,exp_20260731,1,8,30,588,120,0.012873083003796637,0.8968253968253967,0.8844672657252888,0.953042328042328,0.0015144683908766
extreme,handcrafted,random_forest,exp_20260731,1,8,30,588,120,0.19927987499977462,0.8968253968253967,0.8844672657252888,0.9624669312169312,0.0016732165427550418
extreme,handcrafted,rbf_svm,exp_20260731,1,8,30,588,120,0.01005537499440834,0.9047619047619048,0.886039886039886,0.9738756613756614,0.0014536090473626245
extreme,handcrafted,hist_gradient_boosting,exp_20260731,1,8,30,588,120,1.6263195420033298,0.8888888888888888,0.8827743406056658,0.9470899470899471,0.001704136160672111
extreme,handcrafted,mlp,exp_20260731,1,8,30,588,120,0.07224683402455412,0.9265873015873016,0.8975075704635453,0.9503968253968254,0.0012055411548180764
extreme,handcrafted,logistic,exp_20260731,2,2,6,120,120,0.009377832990139723,0.8690476190476191,0.8632367307066102,0.960978835978836,0.0019930695909986993
extreme,handcrafted,random_forest,exp_20260731,2,2,6,120,120,0.16525904199806973,0.9246031746031746,0.9050332383665717,0.9710648148148149,0.0012302453878520019
extreme,handcrafted,rbf_svm,exp_20260731,2,2,6,120,120,0.005045166006311774,0.8373015873015872,0.8537095088819227,0.9699074074074074,0.002947604836465414
extreme,handcrafted,hist_gradient_boosting,exp_20260731,2,2,6,120,120,0.06463274999987334,0.8392857142857142,0.7946275764565816,0.8392857142857141,0.004668704644960175
extreme,handcrafted,mlp,exp_20260731,2,2,6,120,120,0.029551167011959478,0.9186507936507937,0.8962182561522132,0.9421296296296297,0.0012903071461408688
extreme,handcrafted,logistic,exp_20260731,2,4,7,144,120,0.005636124988086522,0.8948412698412699,0.8917234025100484,0.9722222222222222,0.0016386454341149191
extreme,handcrafted,random_forest,exp_20260731,2,4,7,144,120,0.1792429580236785,0.9186507936507937,0.8962182561522132,0.9715608465608465,0.0012903071461408688
extreme,handcrafted,rbf_svm,exp_20260731,2,4,7,144,120,0.005498874990735203,0.8650793650793651,0.8768809849521204,0.9742063492063493,0.0022649352806241962
extreme,handcrafted,hist_gradient_boosting,exp_20260731,2,4,7,144,120,0.10265533300116658,0.9285714285714286,0.8901098901098901,0.9614748677248677,0.0010618415276292393
extreme,handcrafted,mlp,exp_20260731,2,4,7,144,120,0.033249500003876165,0.5734126984126984,0.5755327409196791,0.7850529100529101,0.011254215006091571
extreme,handcrafted,logistic,exp_20260731,2,6,19,372,120,0.012316374981310219,0.8273809523809523,0.8571297737888085,0.9722222222222223,0.003910297280083258
extreme,handcrafted,random_forest,exp_20260731,2,6,19,372,120,0.16206158298882656,0.8908730158730158,0.8757071149709187,0.9662698412698414,0.0015474747515417386
extreme,handcrafted,rbf_svm,exp_20260731,2,6,19,372,120,0.006002417008858174,0.8948412698412699,0.8917234025100484,0.9738756613756614,0.001975948079236221
extreme,handcrafted,hist_gradient_boosting,exp_20260731,2,6,19,372,120,0.922126165998634,0.8829365079365079,0.873939393939394,0.9384920634920635,0.0019232978645661218
extreme,handcrafted,mlp,exp_20260731,2,6,19,372,120,0.05721495798206888,0.9126984126984127,0.8875,0.9470899470899471,0.0013548705728926196
extreme,handcrafted,logistic,exp_20260731,2,8,25,492,120,0.012103125016437843,0.8591269841269842,0.8677854055428427,0.9576719576719577,0.0022050913624599724
extreme,handcrafted,random_forest,exp_20260731,2,8,25,492,120,0.17733674999908544,0.9246031746031746,0.9050332383665717,0.9654431216931216,0.0010625899165755501
extreme,handcrafted,rbf_svm,exp_20260731,2,8,25,492,120,0.007223749998956919,0.9007936507936508,0.9007936507936508,0.97255291005291,0.0018574855499850623
extreme,handcrafted,hist_gradient_boosting,exp_20260731,2,8,25,492,120,1.3298578330141027,0.8968253968253967,0.8844672657252888,0.9417989417989417,0.0018961959959232048
extreme,handcrafted,mlp,exp_20260731,2,8,25,492,120,0.04601600000751205,0.9186507936507937,0.8962182561522132,0.9315476190476191,0.0012948088146037527
top_pair,handcrafted,logistic,exp_20260715,0,2,7,264,48,0.012859333015512675,0.9791666666666667,0.9791576204950065,0.998263888888889,0.00021002751810771168
top_pair,handcrafted,random_forest,exp_20260715,0,2,7,264,48,0.17258212500019,0.9791666666666667,0.9791576204950065,1.0,0.00021088612634292416
top_pair,handcrafted,rbf_svm,exp_20260715,0,2,7,264,48,0.005170666001504287,0.9791666666666667,0.9791576204950065,1.0,0.00021002751810771168
top_pair,handcrafted,hist_gradient_boosting,exp_20260715,0,2,7,264,48,0.7818106249906123,1.0,1.0,1.0,0.0
top_pair,handcrafted,mlp,exp_20260715,0,2,7,264,48,0.062071041989838704,1.0,1.0,1.0,0.0
top_pair,handcrafted,logistic,exp_20260715,0,4,19,720,48,0.013053333008429036,0.9791666666666667,0.9791576204950065,1.0,0.00021002751810771168
top_pair,handcrafted,random_forest,exp_20260715,0,4,19,720,48,0.19185162498615682,0.7291666666666666,0.7077283372365339,1.0,0.011787718663924312
top_pair,handcrafted,rbf_svm,exp_20260715,0,4,19,720,48,0.008855124993715435,1.0,1.0,1.0,0.0
top_pair,handcrafted,hist_gradient_boosting,exp_20260715,0,4,19,720,48,1.887437500001397,0.7708333333333333,0.7581310123683005,1.0,0.011038369398845548
top_pair,handcrafted,mlp,exp_20260715,0,4,19,720,48,0.06339762499555945,1.0,1.0,1.0,0.0
top_pair,handcrafted,logistic,exp_20260715,0,6,32,1200,48,0.01584891602396965,1.0,1.0,1.0,0.0
top_pair,handcrafted,random_forest,exp_20260715,0,6,32,1200,48,0.20061120798345655,0.7083333333333334,0.6812144212523719,1.0,0.011998604790267237
top_pair,handcrafted,rbf_svm,exp_20260715,0,6,32,1200,48,0.0153117080044467,1.0,1.0,1.0,0.0
top_pair,handcrafted,hist_gradient_boosting,exp_20260715,0,6,32,1200,48,1.8619087919942103,0.75,0.7333333333333334,1.0,0.01124925552518847
top_pair,handcrafted,mlp,exp_20260715,0,6,32,1200,48,0.09937916698982008,1.0,1.0,1.0,0.0
top_pair,handcrafted,logistic,exp_20260715,0,8,37,1440,48,0.0161712080007419,0.9791666666666667,0.9791576204950065,1.0,0.00021002751810771168
top_pair,handcrafted,random_forest,exp_20260715,0,8,37,1440,48,0.18464662501355633,0.7916666666666667,0.7822141560798548,1.0,0.010014663665097524
top_pair,handcrafted,rbf_svm,exp_20260715,0,8,37,1440,48,0.018367540993494913,1.0,1.0,1.0,0.0
top_pair,handcrafted,hist_gradient_boosting,exp_20260715,0,8,37,1440,48,1.789707375020953,0.8958333333333333,0.8946906537955244,1.0,0.005715546521504408
top_pair,handcrafted,mlp,exp_20260715,0,8,37,1440,48,0.09806566601037048,1.0,1.0,1.0,0.0
top_pair,handcrafted,logistic,exp_20260715,0,10,44,1728,48,0.017305542016401887,0.9791666666666667,0.9791576204950065,1.0,0.00021002751810771168
top_pair,handcrafted,random_forest,exp_20260715,0,10,44,1728,48,0.18258212500950322,0.9166666666666667,0.916083916083916,1.0,0.002988227397681264
top_pair,handcrafted,rbf_svm,exp_20260715,0,10,44,1728,48,0.020988583011785522,1.0,1.0,1.0,0.0
top_pair,handcrafted,hist_gradient_boosting,exp_20260715,0,10,44,1728,48,1.734653082996374,0.9583333333333333,0.9582608695652174,1.0,0.002736764638827917
top_pair,handcrafted,mlp,exp_20260715,0,10,44,1728,48,0.08637187501881272,1.0,1.0,1.0,0.0
top_pair,handcrafted,logistic,exp_20260715,1,2,5,240,48,0.010359042003983632,0.9583333333333333,0.9582608695652174,1.0,0.0005315554903868922
top_pair,handcrafted,random_forest,exp_20260715,1,2,5,240,48,0.1525667920068372,1.0,1.0,1.0,0.0
top_pair,handcrafted,rbf_svm,exp_20260715,1,2,5,240,48,0.005038666975451633,0.9791666666666667,0.9791576204950065,1.0,0.00021002751810771168
top_pair,handcrafted,hist_gradient_boosting,exp_20260715,1,2,5,240,48,0.26968004199443385,0.9791666666666667,0.9791576204950065,1.0,0.00021002751810771168
top_pair,handcrafted,mlp,exp_20260715,1,2,5,240,48,0.060005375009495765,0.9791666666666667,0.9791576204950065,1.0,0.00021002751810771168
top_pair,handcrafted,logistic,exp_20260715,1,4,17,696,48,0.010201999975834042,0.9375,0.9372549019607843,1.0,0.0009504971899105945
top_pair,handcrafted,random_forest,exp_20260715,1,4,17,696,48,0.20205500000156462,0.8958333333333333,0.8946906537955244,1.0,0.003710104392846667
top_pair,handcrafted,rbf_svm,exp_20260715,1,4,17,696,48,0.008008040982531384,1.0,1.0,1.0,0.0
top_pair,handcrafted,hist_gradient_boosting,exp_20260715,1,4,17,696,48,1.604564625013154,1.0,1.0,1.0,0.0
top_pair,handcrafted,mlp,exp_20260715,1,4,17,696,48,0.08314345797407441,1.0,1.0,1.0,0.0
top_pair,handcrafted,logistic,exp_20260715,1,6,29,1128,48,0.013867000001482666,0.9791666666666667,0.9791576204950065,1.0,0.00021002751810771168
top_pair,handcrafted,random_forest,exp_20260715,1,6,29,1128,48,0.19378195799072273,0.9375,0.9372549019607843,1.0,0.0036560103063645283
top_pair,handcrafted,rbf_svm,exp_20260715,1,6,29,1128,48,0.012554874992929399,1.0,1.0,1.0,0.0
top_pair,handcrafted,hist_gradient_boosting,exp_20260715,1,6,29,1128,48,1.7824967080086935,1.0,1.0,1.0,0.0
top_pair,handcrafted,mlp,exp_20260715,1,6,29,1128,48,0.12135712499730289,1.0,1.0,1.0,0.0
top_pair,handcrafted,logistic,exp_20260715,1,8,32,1248,48,0.015573249984299764,0.9791666666666667,0.9791576204950065,1.0,0.00021002751810771168
top_pair,handcrafted,random_forest,exp_20260715,1,8,32,1248,48,0.17221495899138972,0.7916666666666667,0.7822141560798548,1.0,0.009934517139886976
top_pair,handcrafted,rbf_svm,exp_20260715,1,8,32,1248,48,0.013390499982051551,1.0,1.0,1.0,0.0
top_pair,handcrafted,hist_gradient_boosting,exp_20260715,1,8,32,1248,48,1.7465796670003328,1.0,1.0,1.0,0.0
top_pair,handcrafted,mlp,exp_20260715,1,8,32,1248,48,0.12003170800744556,1.0,1.0,1.0,0.0
top_pair,handcrafted,logistic,exp_20260715,2,2,8,288,48,0.010722416016506031,1.0,1.0,1.0,0.0
top_pair,handcrafted,random_forest,exp_20260715,2,2,8,288,48,0.14401650000945665,0.8958333333333333,0.8946906537955244,0.9999999999999999,0.004525863477504397
top_pair,handcrafted,rbf_svm,exp_20260715,2,2,8,288,48,0.0056747919879853725,0.9791666666666667,0.9791576204950065,1.0,0.00021002751810771168
top_pair,handcrafted,hist_gradient_boosting,exp_20260715,2,2,8,288,48,0.6418721250083763,0.9583333333333333,0.9582608695652174,1.0,0.0007493492650787655
top_pair,handcrafted,mlp,exp_20260715,2,2,8,288,48,0.06501987500814721,1.0,1.0,1.0,0.0
top_pair,handcrafted,logistic,exp_20260715,2,4,16,576,48,0.011476000014226884,0.9791666666666667,0.9791576204950065,1.0,0.00021002751810771168
top_pair,handcrafted,random_forest,exp_20260715,2,4,16,576,48,0.17375770799117163,0.7708333333333333,0.7581310123683005,1.0,0.011038369398845548
top_pair,handcrafted,rbf_svm,exp_20260715,2,4,16,576,48,0.006578082975465804,1.0,1.0,1.0,0.0
top_pair,handcrafted,hist_gradient_boosting,exp_20260715,2,4,16,576,48,1.4835062500205822,0.7083333333333334,0.6812144212523719,0.998263888888889,0.011998604790267237
top_pair,handcrafted,mlp,exp_20260715,2,4,16,576,48,0.06565920799039304,1.0,1.0,1.0,0.0
top_pair,handcrafted,logistic,exp_20260715,2,6,21,816,48,0.01300866698147729,0.9583333333333333,0.9582608695652174,1.0,0.0005315554903868922
top_pair,handcrafted,random_forest,exp_20260715,2,6,21,816,48,0.19622183399042115,0.9583333333333333,0.9582608695652174,1.0,0.002115323835156245
top_pair,handcrafted,rbf_svm,exp_20260715,2,6,21,816,48,0.008025291986996308,1.0,1.0,1.0,0.0
top_pair,handcrafted,hist_gradient_boosting,exp_20260715,2,6,21,816,48,1.7678425830090418,1.0,1.0,1.0,0.0
top_pair,handcrafted,mlp,exp_20260715,2,6,21,816,48,0.09686045898706652,1.0,1.0,1.0,0.0
top_pair,handcrafted,logistic,exp_20260715,2,8,32,1248,48,0.0148250000202097,0.9791666666666667,0.9791576204950065,1.0,0.00021002751810771168
top_pair,handcrafted,random_forest,exp_20260715,2,8,32,1248,48,0.17957999999634922,0.7916666666666667,0.7822141560798548,1.0,0.009934517139886976
top_pair,handcrafted,rbf_svm,exp_20260715,2,8,32,1248,48,0.012956958002177998,1.0,1.0,1.0,0.0
top_pair,handcrafted,hist_gradient_boosting,exp_20260715,2,8,32,1248,48,1.7414001249999274,1.0,1.0,1.0,0.0
top_pair,handcrafted,mlp,exp_20260715,2,8,32,1248,48,0.11996979199466296,1.0,1.0,1.0,0.0
top_pair,handcrafted,logistic,exp_20260717,0,2,11,432,48,0.00970616700942628,0.75,0.7333333333333334,0.9965277777777778,0.011407787013772952
top_pair,handcrafted,random_forest,exp_20260717,0,2,11,432,48,0.1521822499926202,0.5,0.3333333333333333,1.0,0.02290890198181157
top_pair,handcrafted,rbf_svm,exp_20260717,0,2,11,432,48,0.006726749998051673,1.0,1.0,1.0,0.0
top_pair,handcrafted,hist_gradient_boosting,exp_20260717,0,2,11,432,48,1.0098942090116907,0.9375,0.9372549019607843,0.998263888888889,0.003619574591204077
top_pair,handcrafted,mlp,exp_20260717,0,2,11,432,48,0.05468508298508823,0.8333333333333333,0.8285714285714285,0.9895833333333333,0.006964909332876748
top_pair,handcrafted,logistic,exp_20260717,0,4,13,528,48,0.012049665994709358,0.9375,0.9372549019607843,1.0,0.0023711383653405383
top_pair,handcrafted,random_forest,exp_20260717,0,4,13,528,48,0.1929752500145696,0.9166666666666667,0.916083916083916,1.0,0.003829780308757157
top_pair,handcrafted,rbf_svm,exp_20260717,0,4,13,528,48,0.007150249992264435,1.0,1.0,1.0,0.0
top_pair,handcrafted,hist_gradient_boosting,exp_20260717,0,4,13,528,48,1.229149791994132,0.9166666666666667,0.916083916083916,1.0,0.0040290939180534354
top_pair,handcrafted,mlp,exp_20260717,0,4,13,528,48,0.07701024998095818,0.9791666666666667,0.9791576204950065,1.0,0.001751413320938099
top_pair,handcrafted,logistic,exp_20260717,0,6,25,984,48,0.013564374996349216,0.7708333333333333,0.7683194383501536,0.9305555555555556,0.008441397719970604
top_pair,handcrafted,random_forest,exp_20260717,0,6,25,984,48,0.18920658298884518,0.9375,0.9372549019607843,1.0,0.003619574591204077
top_pair,handcrafted,rbf_svm,exp_20260717,0,6,25,984,48,0.010216541006229818,1.0,1.0,1.0,0.0
top_pair,handcrafted,hist_gradient_boosting,exp_20260717,0,6,25,984,48,1.8680504169897176,0.7291666666666666,0.7077283372365339,1.0,0.012416120396427949
top_pair,handcrafted,mlp,exp_20260717,0,6,25,984,48,0.09160258297924884,1.0,1.0,1.0,0.0
top_pair,handcrafted,logistic,exp_20260717,0,8,31,1248,48,0.014135959005216137,0.6666666666666667,0.6571428571428571,0.8836805555555556,0.013183119494566662
top_pair,handcrafted,random_forest,exp_20260717,0,8,31,1248,48,0.18635529099265113,0.9166666666666667,0.916083916083916,1.0,0.004489482056628067
top_pair,handcrafted,rbf_svm,exp_20260717,0,8,31,1248,48,0.01210737499059178,0.9583333333333333,0.9582608695652174,1.0,0.0005718048505988555
top_pair,handcrafted,hist_gradient_boosting,exp_20260717,0,8,31,1248,48,1.7527932910015807,0.9166666666666667,0.916083916083916,0.9774305555555556,0.004489482056628067
top_pair,handcrafted,mlp,exp_20260717,0,8,31,1248,48,0.08019270800286904,0.9583333333333334,0.9583333333333334,0.9930555555555555,0.0004268504840660779
top_pair,handcrafted,logistic,exp_20260717,0,10,44,1728,48,0.015214874991215765,0.625,0.6190476190476191,0.7586805555555556,0.01528374469578569
top_pair,handcrafted,random_forest,exp_20260717,0,10,44,1728,48,0.20268808299442753,0.9375,0.9372549019607843,1.0,0.003619574591204077
top_pair,handcrafted,rbf_svm,exp_20260717,0,10,44,1728,48,0.02163108400418423,0.9583333333333333,0.9582608695652174,1.0,0.0005718048505988555
top_pair,handcrafted,hist_gradient_boosting,exp_20260717,0,10,44,1728,48,1.8131185839883983,0.9166666666666667,0.916083916083916,0.9722222222222222,0.004489482056628067
top_pair,handcrafted,mlp,exp_20260717,0,10,44,1728,48,0.08592670800862834,0.9166666666666667,0.9165217391304348,0.9895833333333333,0.0038362193577170744
top_pair,handcrafted,logistic,exp_20260717,1,2,8,288,48,0.011082292010542005,0.9583333333333333,0.9582608695652174,0.998263888888889,0.0006197250444024393
top_pair,handcrafted,random_forest,exp_20260717,1,2,8,288,48,0.15387025001109578,0.9166666666666667,0.916083916083916,1.0,0.0040290939180534354
top_pair,handcrafted,rbf_svm,exp_20260717,1,2,8,288,48,0.005613958986941725,1.0,1.0,1.0,0.0
top_pair,handcrafted,hist_gradient_boosting,exp_20260717,1,2,8,288,48,0.7010072090197355,0.8958333333333333,0.8946906537955244,1.0,0.004899001383477427
top_pair,handcrafted,mlp,exp_20260717,1,2,8,288,48,0.05931924999458715,0.9166666666666667,0.9165217391304348,0.9947916666666667,0.0038362193577170744
top_pair,handcrafted,logistic,exp_20260717,1,4,15,576,48,0.01102470900514163,1.0,1.0,1.0,0.0
top_pair,handcrafted,random_forest,exp_20260717,1,4,15,576,48,0.18984345899662003,0.8958333333333333,0.8946906537955244,1.0,0.004239299635606516
top_pair,handcrafted,rbf_svm,exp_20260717,1,4,15,576,48,0.006991750007728115,1.0,1.0,1.0,0.0
top_pair,handcrafted,hist_gradient_boosting,exp_20260717,1,4,15,576,48,1.5012095420097467,0.9375,0.9372549019607843,1.0,0.003619574591204077
top_pair,handcrafted,mlp,exp_20260717,1,4,15,576,48,0.05123645800631493,0.9166666666666667,0.9165217391304348,0.9791666666666666,0.0038362193577170744
top_pair,handcrafted,logistic,exp_20260717,1,6,25,984,48,0.013269749993924052,0.6458333333333333,0.6381374722838138,0.8524305555555556,0.014107341848407003
top_pair,handcrafted,random_forest,exp_20260717,1,6,25,984,48,0.19698666699696332,0.9375,0.9372549019607843,1.0,0.003619574591204077
top_pair,handcrafted,rbf_svm,exp_20260717,1,6,25,984,48,0.009899416007101536,0.9583333333333333,0.9582608695652174,1.0,0.0005718048505988555
top_pair,handcrafted,hist_gradient_boosting,exp_20260717,1,6,25,984,48,1.7361081249837298,0.9166666666666667,0.916083916083916,0.9965277777777778,0.004489482056628067
top_pair,handcrafted,mlp,exp_20260717,1,6,25,984,48,0.1289001250115689,0.9583333333333334,0.9583333333333334,0.998263888888889,0.0005653658016389386
top_pair,handcrafted,logistic,exp_20260717,1,8,32,1248,48,0.014677667000796646,0.6458333333333333,0.6381374722838138,0.8333333333333334,0.014107341848407003
top_pair,handcrafted,random_forest,exp_20260717,1,8,32,1248,48,0.16395879199262708,0.9375,0.9372549019607843,1.0,0.003619574591204077
top_pair,handcrafted,rbf_svm,exp_20260717,1,8,32,1248,48,0.012207624997245148,0.9583333333333333,0.9582608695652174,1.0,0.0005718048505988555
top_pair,handcrafted,hist_gradient_boosting,exp_20260717,1,8,32,1248,48,1.8092195829958655,0.9375,0.9372549019607843,1.0,0.003619574591204077
top_pair,handcrafted,mlp,exp_20260717,1,8,32,1248,48,0.08494925001286902,0.9583333333333334,0.9583333333333334,0.9947916666666666,0.0004268504840660779
top_pair,handcrafted,logistic,exp_20260717,2,2,7,264,48,0.011618541000643745,0.9166666666666667,0.9165217391304348,0.9947916666666667,0.0038362193577170744
top_pair,handcrafted,random_forest,exp_20260717,2,2,7,264,48,0.1598290420079138,0.6666666666666666,0.625,1.0,0.01599059702466668
top_pair,handcrafted,rbf_svm,exp_20260717,2,2,7,264,48,0.005236249999143183,1.0,1.0,1.0,0.0
top_pair,handcrafted,hist_gradient_boosting,exp_20260717,2,2,7,264,48,0.6654737500066403,0.9791666666666667,0.9791576204950065,0.998263888888889,0.00021020571755308041
top_pair,handcrafted,mlp,exp_20260717,2,2,7,264,48,0.0586906669777818,0.9583333333333333,0.9582608695652174,0.998263888888889,0.003409368873650996
top_pair,handcrafted,logistic,exp_20260717,2,4,12,504,48,0.012324334005825222,0.7291666666666667,0.7232815964523283,0.935763888888889,0.01010522811482008
top_pair,handcrafted,random_forest,exp_20260717,2,4,12,504,48,0.17909833299927413,0.8958333333333333,0.8946906537955244,1.0,0.007028943464855073
top_pair,handcrafted,rbf_svm,exp_20260717,2,4,12,504,48,0.006593500002054498,0.9583333333333333,0.9582608695652174,1.0,0.0005718048505988555
top_pair,handcrafted,hist_gradient_boosting,exp_20260717,2,4,12,504,48,1.2929465839988552,0.9583333333333333,0.9582608695652174,1.0,0.003409368873650996
top_pair,handcrafted,mlp,exp_20260717,2,4,12,504,48,0.08489983298932202,0.9375,0.9374728614850196,0.9895833333333333,0.000782010568151936
top_pair,handcrafted,logistic,exp_20260717,2,6,24,984,48,0.01428999999188818,0.7291666666666667,0.7232815964523283,0.9322916666666667,0.01010522811482008
top_pair,handcrafted,random_forest,exp_20260717,2,6,24,984,48,0.1718035000085365,0.9166666666666667,0.916083916083916,1.0,0.0040290939180534354
top_pair,handcrafted,rbf_svm,exp_20260717,2,6,24,984,48,0.01034958299715072,1.0,1.0,1.0,0.0
top_pair,handcrafted,hist_gradient_boosting,exp_20260717,2,6,24,984,48,2.4396561670000665,0.8125,0.8056680161943319,0.9826388888888888,0.009720067648033438
top_pair,handcrafted,mlp,exp_20260717,2,6,24,984,48,0.1365026670100633,0.9583333333333333,0.9582608695652174,0.9965277777777778,0.0005718048505988555
top_pair,handcrafted,logistic,exp_20260717,2,8,31,1248,48,0.013970833999337628,0.6666666666666667,0.6571428571428571,0.8836805555555556,0.013183119494566662
top_pair,handcrafted,random_forest,exp_20260717,2,8,31,1248,48,0.19737041697953828,0.9166666666666667,0.916083916083916,1.0,0.004489482056628067
top_pair,handcrafted,rbf_svm,exp_20260717,2,8,31,1248,48,0.012772667017998174,0.9583333333333333,0.9582608695652174,1.0,0.0005718048505988555
top_pair,handcrafted,hist_gradient_boosting,exp_20260717,2,8,31,1248,48,3.008285583986435,0.9166666666666667,0.916083916083916,0.9774305555555556,0.004489482056628067
top_pair,handcrafted,mlp,exp_20260717,2,8,31,1248,48,0.07998658297583461,0.9583333333333334,0.9583333333333334,0.9930555555555555,0.0004268504840660779
top_pair,handcrafted,logistic,exp_20260720,0,2,12,456,48,0.01106208300916478,0.9791666666666667,0.9791576204950065,1.0,0.0028519818087219665
top_pair,handcrafted,random_forest,exp_20260720,0,2,12,456,48,0.16045683302218094,1.0,1.0,1.0,0.0
top_pair,handcrafted,rbf_svm,exp_20260720,0,2,12,456,48,0.005970917001832277,1.0,1.0,1.0,0.0
top_pair,handcrafted,hist_gradient_boosting,exp_20260720,0,2,12,456,48,1.083648666011868,1.0,1.0,1.0,0.0
top_pair,handcrafted,mlp,exp_20260720,0,2,12,456,48,0.09296249999897555,1.0,1.0,1.0,0.0
top_pair,handcrafted,logistic,exp_20260720,0,4,17,696,48,0.011601292004343122,0.9791666666666667,0.9791576204950065,1.0,0.0028519818087219665
top_pair,handcrafted,random_forest,exp_20260720,0,4,17,696,48,0.22105625001131557,1.0,1.0,1.0,0.0
top_pair,handcrafted,rbf_svm,exp_20260720,0,4,17,696,48,0.014840749994618818,1.0,1.0,1.0,0.0
top_pair,handcrafted,hist_gradient_boosting,exp_20260720,0,4,17,696,48,1.8663844170223456,0.9791666666666667,0.9791576204950065,1.0,0.00021647441817383207
top_pair,handcrafted,mlp,exp_20260720,0,4,17,696,48,0.08578570900135674,1.0,1.0,1.0,0.0
top_pair,handcrafted,logistic,exp_20260720,0,6,28,1128,48,0.013702208001632243,0.9791666666666667,0.9791576204950065,1.0,0.0028519818087219665
top_pair,handcrafted,random_forest,exp_20260720,0,6,28,1128,48,0.17743741697631776,1.0,1.0,1.0,0.0
top_pair,handcrafted,rbf_svm,exp_20260720,0,6,28,1128,48,0.01178270802483894,1.0,1.0,1.0,0.0
top_pair,handcrafted,hist_gradient_boosting,exp_20260720,0,6,28,1128,48,1.7252000419830438,0.9583333333333333,0.9582608695652174,1.0,0.0006980757097921891
top_pair,handcrafted,mlp,exp_20260720,0,6,28,1128,48,0.12709279198315926,1.0,1.0,1.0,0.0
top_pair,handcrafted,logistic,exp_20260720,0,8,37,1440,48,0.015539707994321361,1.0,1.0,1.0,0.0
top_pair,handcrafted,random_forest,exp_20260720,0,8,37,1440,48,0.17211924999719486,1.0,1.0,1.0,0.0
top_pair,handcrafted,rbf_svm,exp_20260720,0,8,37,1440,48,0.015618625009665266,1.0,1.0,1.0,0.0
top_pair,handcrafted,hist_gradient_boosting,exp_20260720,0,8,37,1440,48,1.928385708015412,0.9791666666666667,0.9791576204950065,1.0,0.00048160129161835713
top_pair,handcrafted,mlp,exp_20260720,0,8,37,1440,48,0.10551016699173488,1.0,1.0,1.0,0.0
top_pair,handcrafted,logistic,exp_20260720,0,10,44,1728,48,0.016849417006596923,0.9791666666666667,0.9791576204950065,1.0,0.0028519818087219665
top_pair,handcrafted,random_forest,exp_20260720,0,10,44,1728,48,0.19640695900307037,1.0,1.0,1.0,0.0
top_pair,handcrafted,rbf_svm,exp_20260720,0,10,44,1728,48,0.02268362502218224,1.0,1.0,1.0,0.0
top_pair,handcrafted,hist_gradient_boosting,exp_20260720,0,10,44,1728,48,2.0037027499929536,0.9583333333333333,0.9582608695652174,1.0,0.0006980757097921891
top_pair,handcrafted,mlp,exp_20260720,0,10,44,1728,48,0.08630387502489612,1.0,1.0,1.0,0.0
top_pair,handcrafted,logistic,exp_20260720,1,2,7,264,48,0.011465916992165148,0.9791666666666667,0.9791576204950065,1.0,0.00021096823777494737
top_pair,handcrafted,random_forest,exp_20260720,1,2,7,264,48,0.15558629101724364,0.9791666666666667,0.9791576204950065,1.0,0.00021647441817383207
top_pair,handcrafted,rbf_svm,exp_20260720,1,2,7,264,48,0.005143999995198101,1.0,1.0,1.0,0.0
top_pair,handcrafted,hist_gradient_boosting,exp_20260720,1,2,7,264,48,0.6623556250124238,0.9375,0.9372549019607843,1.0,0.0013971793237500922
top_pair,handcrafted,mlp,exp_20260720,1,2,7,264,48,0.05893783300416544,0.9791666666666667,0.9791576204950065,1.0,0.00021096823777494737
top_pair,handcrafted,logistic,exp_20260720,1,4,12,504,48,0.01184695799020119,1.0,1.0,1.0,0.0
top_pair,handcrafted,random_forest,exp_20260720,1,4,12,504,48,0.17813183297403157,1.0,1.0,1.0,0.0
top_pair,handcrafted,rbf_svm,exp_20260720,1,4,12,504,48,0.006330750009510666,1.0,1.0,1.0,0.0
top_pair,handcrafted,hist_gradient_boosting,exp_20260720,1,4,12,504,48,1.2566169160127174,0.9375,0.9372549019607843,1.0,0.0013971793237500922
top_pair,handcrafted,mlp,exp_20260720,1,4,12,504,48,0.09691537500475533,1.0,1.0,1.0,0.0
top_pair,handcrafted,logistic,exp_20260720,1,6,24,960,48,0.012289542006328702,0.9791666666666667,0.9791576204950065,1.0,0.0028519818087219665
top_pair,handcrafted,random_forest,exp_20260720,1,6,24,960,48,0.17587729200022295,1.0,1.0,1.0,0.0
top_pair,handcrafted,rbf_svm,exp_20260720,1,6,24,960,48,0.009376042027724907,1.0,1.0,1.0,0.0
top_pair,handcrafted,hist_gradient_boosting,exp_20260720,1,6,24,960,48,1.7306915830122307,0.9791666666666667,0.9791576204950065,1.0,0.00048160129161835713
top_pair,handcrafted,mlp,exp_20260720,1,6,24,960,48,0.0918977499823086,1.0,1.0,1.0,0.0
top_pair,handcrafted,logistic,exp_20260720,1,8,37,1440,48,0.01484554199851118,1.0,1.0,1.0,0.0
top_pair,handcrafted,random_forest,exp_20260720,1,8,37,1440,48,0.1848742080037482,1.0,1.0,1.0,0.0
top_pair,handcrafted,rbf_svm,exp_20260720,1,8,37,1440,48,0.01577604198246263,1.0,1.0,1.0,0.0
top_pair,handcrafted,hist_gradient_boosting,exp_20260720,1,8,37,1440,48,1.7875620420090854,1.0,1.0,1.0,0.0
top_pair,handcrafted,mlp,exp_20260720,1,8,37,1440,48,0.10828383298940025,1.0,1.0,1.0,0.0
top_pair,handcrafted,logistic,exp_20260720,2,2,8,312,48,0.010932999983197078,1.0,1.0,1.0,0.0
top_pair,handcrafted,random_forest,exp_20260720,2,2,8,312,48,0.15133700001752004,1.0,1.0,1.0,0.0
top_pair,handcrafted,rbf_svm,exp_20260720,2,2,8,312,48,0.005778166989330202,1.0,1.0,1.0,0.0
top_pair,handcrafted,hist_gradient_boosting,exp_20260720,2,2,8,312,48,0.7699740829993971,0.9791666666666667,0.9791576204950065,1.0,0.00021647441817383207
top_pair,handcrafted,mlp,exp_20260720,2,2,8,312,48,0.045172707992605865,1.0,1.0,1.0,0.0
top_pair,handcrafted,logistic,exp_20260720,2,4,10,408,48,0.012423375010257587,1.0,1.0,1.0,0.0
top_pair,handcrafted,random_forest,exp_20260720,2,4,10,408,48,0.1721111669903621,1.0,1.0,1.0,0.0
top_pair,handcrafted,rbf_svm,exp_20260720,2,4,10,408,48,0.006465959013439715,1.0,1.0,1.0,0.0
top_pair,handcrafted,hist_gradient_boosting,exp_20260720,2,4,10,408,48,1.0696233749913517,0.9791666666666667,0.9791576204950065,1.0,0.00021647441817383207
top_pair,handcrafted,mlp,exp_20260720,2,4,10,408,48,0.056799332989612594,1.0,1.0,1.0,0.0
top_pair,handcrafted,logistic,exp_20260720,2,6,20,816,48,0.013171540980692953,0.9791666666666667,0.9791576204950065,0.9965277777777778,0.0028519818087219665
top_pair,handcrafted,random_forest,exp_20260720,2,6,20,816,48,0.1896533750114031,1.0,1.0,1.0,0.0
top_pair,handcrafted,rbf_svm,exp_20260720,2,6,20,816,48,0.009283666993724182,1.0,1.0,1.0,0.0
top_pair,handcrafted,hist_gradient_boosting,exp_20260720,2,6,20,816,48,1.8118649590178393,0.9791666666666667,0.9791576204950065,1.0,0.00021647441817383207
top_pair,handcrafted,mlp,exp_20260720,2,6,20,816,48,0.07000733399763703,1.0,1.0,1.0,0.0
top_pair,handcrafted,logistic,exp_20260720,2,8,31,1248,48,0.015247917006490752,0.9791666666666667,0.9791576204950065,1.0,0.0028519818087219665
top_pair,handcrafted,random_forest,exp_20260720,2,8,31,1248,48,0.19938708399422467,1.0,1.0,1.0,0.0
top_pair,handcrafted,rbf_svm,exp_20260720,2,8,31,1248,48,0.014011916995514184,1.0,1.0,1.0,0.0
top_pair,handcrafted,hist_gradient_boosting,exp_20260720,2,8,31,1248,48,1.9341785830038134,1.0,1.0,1.0,0.0
top_pair,handcrafted,mlp,exp_20260720,2,8,31,1248,48,0.0774167499912437,1.0,1.0,1.0,0.0
top_pair,handcrafted,logistic,exp_20260721,0,2,11,432,72,0.012523625016910955,0.9166666666666667,0.8831168831168831,0.8758680555555556,0.01683403661162176
top_pair,handcrafted,random_forest,exp_20260721,0,2,11,432,72,0.16912145799142309,0.9583333333333333,0.9680567879325643,1.0,0.004089593431106162
top_pair,handcrafted,rbf_svm,exp_20260721,0,2,11,432,72,0.006508791004307568,1.0,1.0,1.0,0.0
top_pair,handcrafted,hist_gradient_boosting,exp_20260721,0,2,11,432,72,1.0576932500116527,1.0,1.0,1.0,0.0
top_pair,handcrafted,mlp,exp_20260721,0,2,11,432,72,0.058615292015019804,0.9479166666666667,0.9253576612067178,0.90625,0.009751365942423316
top_pair,handcrafted,logistic,exp_20260721,0,4,13,528,72,0.013330791989574209,1.0,1.0,1.0,0.0
top_pair,handcrafted,random_forest,exp_20260721,0,4,13,528,72,0.18151387499528937,1.0,1.0,1.0,0.0
top_pair,handcrafted,rbf_svm,exp_20260721,0,4,13,528,72,0.00721995800267905,1.0,1.0,1.0,0.0
top_pair,handcrafted,hist_gradient_boosting,exp_20260721,0,4,13,528,72,1.2960181669914164,1.0,1.0,1.0,0.0
top_pair,handcrafted,mlp,exp_20260721,0,4,13,528,72,0.07674966601189226,1.0,1.0,1.0,0.0
top_pair,handcrafted,logistic,exp_20260721,0,6,23,936,72,0.01375204199575819,1.0,1.0,1.0,0.0
top_pair,handcrafted,random_forest,exp_20260721,0,6,23,936,72,0.21683349998784252,1.0,1.0,1.0,0.0
top_pair,handcrafted,rbf_svm,exp_20260721,0,6,23,936,72,0.04668541700812057,1.0,1.0,1.0,0.0
top_pair,handcrafted,hist_gradient_boosting,exp_20260721,0,6,23,936,72,2.414789833012037,1.0,1.0,1.0,0.0
top_pair,handcrafted,mlp,exp_20260721,0,6,23,936,72,0.10349320800742134,1.0,1.0,1.0,0.0
top_pair,handcrafted,logistic,exp_20260721,0,8,35,1416,72,0.012813500012271106,1.0,1.0,1.0,0.0
top_pair,handcrafted,random_forest,exp_20260721,0,8,35,1416,72,0.1972926670277957,1.0,1.0,1.0,0.0
top_pair,handcrafted,rbf_svm,exp_20260721,0,8,35,1416,72,0.017985749989748,1.0,1.0,1.0,0.0
top_pair,handcrafted,hist_gradient_boosting,exp_20260721,0,8,35,1416,72,2.0129354170057923,1.0,1.0,1.0,0.0
top_pair,handcrafted,mlp,exp_20260721,0,8,35,1416,72,0.11373108299449086,1.0,1.0,1.0,0.0
top_pair,handcrafted,logistic,exp_20260721,0,10,43,1704,72,0.02595899999141693,1.0,1.0,1.0,0.0
top_pair,handcrafted,random_forest,exp_20260721,0,10,43,1704,72,0.23405095798079856,1.0,1.0,1.0,0.0
top_pair,handcrafted,rbf_svm,exp_20260721,0,10,43,1704,72,0.05001800000900403,1.0,1.0,1.0,0.0
top_pair,handcrafted,hist_gradient_boosting,exp_20260721,0,10,43,1704,72,2.79660208398127,1.0,1.0,1.0,0.0
top_pair,handcrafted,mlp,exp_20260721,0,10,43,1704,72,0.12828291702317074,1.0,1.0,1.0,0.0
top_pair,handcrafted,logistic,exp_20260721,1,2,11,432,72,0.01274583299527876,1.0,1.0,1.0,0.0
top_pair,handcrafted,random_forest,exp_20260721,1,2,11,432,72,0.15569754198077135,1.0,1.0,1.0,0.0
top_pair,handcrafted,rbf_svm,exp_20260721,1,2,11,432,72,0.007294499984709546,1.0,1.0,1.0,0.0
top_pair,handcrafted,hist_gradient_boosting,exp_20260721,1,2,11,432,72,2.361427249998087,1.0,1.0,1.0,0.0
top_pair,handcrafted,mlp,exp_20260721,1,2,11,432,72,0.08309175001340918,1.0,1.0,1.0,0.0
top_pair,handcrafted,logistic,exp_20260721,1,4,18,696,72,0.013036083022598177,1.0,1.0,1.0,0.0
top_pair,handcrafted,random_forest,exp_20260721,1,4,18,696,72,0.19256279099499807,1.0,1.0,1.0,0.0
top_pair,handcrafted,rbf_svm,exp_20260721,1,4,18,696,72,0.009041750017786399,1.0,1.0,1.0,0.0
top_pair,handcrafted,hist_gradient_boosting,exp_20260721,1,4,18,696,72,1.965888166014338,1.0,1.0,1.0,0.0
top_pair,handcrafted,mlp,exp_20260721,1,4,18,696,72,0.07254541700240225,1.0,1.0,1.0,0.0
top_pair,handcrafted,logistic,exp_20260721,1,6,25,984,72,0.015238708991091698,1.0,1.0,1.0,0.0
top_pair,handcrafted,random_forest,exp_20260721,1,6,25,984,72,0.18963833400630392,1.0,1.0,1.0,0.0
top_pair,handcrafted,rbf_svm,exp_20260721,1,6,25,984,72,0.011988165992079303,1.0,1.0,1.0,0.0
top_pair,handcrafted,hist_gradient_boosting,exp_20260721,1,6,25,984,72,1.8986147079849616,1.0,1.0,1.0,0.0
top_pair,handcrafted,mlp,exp_20260721,1,6,25,984,72,0.12116816701018251,1.0,1.0,1.0,0.0
top_pair,handcrafted,logistic,exp_20260721,1,8,36,1416,72,0.015947834006510675,1.0,1.0,1.0,0.0
top_pair,handcrafted,random_forest,exp_20260721,1,8,36,1416,72,0.17218054202385247,1.0,1.0,1.0,0.0
top_pair,handcrafted,rbf_svm,exp_20260721,1,8,36,1416,72,0.019230667006922886,1.0,1.0,1.0,0.0
top_pair,handcrafted,hist_gradient_boosting,exp_20260721,1,8,36,1416,72,1.9280674170004204,1.0,1.0,1.0,0.0
top_pair,handcrafted,mlp,exp_20260721,1,8,36,1416,72,0.09713483302039094,1.0,1.0,1.0,0.0
top_pair,handcrafted,logistic,exp_20260721,2,2,12,456,72,0.011513915989780799,1.0,1.0,1.0,0.0
top_pair,handcrafted,random_forest,exp_20260721,2,2,12,456,72,0.1580111249932088,1.0,1.0,1.0,0.0
top_pair,handcrafted,rbf_svm,exp_20260721,2,2,12,456,72,0.006944958004169166,1.0,1.0,1.0,0.0
top_pair,handcrafted,hist_gradient_boosting,exp_20260721,2,2,12,456,72,1.0791332499939017,1.0,1.0,1.0,0.0
top_pair,handcrafted,mlp,exp_20260721,2,2,12,456,72,0.0906347919953987,1.0,1.0,1.0,0.0
top_pair,handcrafted,logistic,exp_20260721,2,4,24,888,72,0.013848541973857209,1.0,1.0,1.0,0.0
top_pair,handcrafted,random_forest,exp_20260721,2,4,24,888,72,0.17547049999120645,1.0,1.0,1.0,0.0
top_pair,handcrafted,rbf_svm,exp_20260721,2,4,24,888,72,0.01120937499217689,1.0,1.0,1.0,0.0
top_pair,handcrafted,hist_gradient_boosting,exp_20260721,2,4,24,888,72,1.7097069159790408,0.9791666666666667,0.9842070629524018,1.0,0.00021439155995159524
top_pair,handcrafted,mlp,exp_20260721,2,4,24,888,72,0.09544087501126342,1.0,1.0,1.0,0.0
top_pair,handcrafted,logistic,exp_20260721,2,6,26,984,72,0.014968292001867667,1.0,1.0,1.0,0.0
top_pair,handcrafted,random_forest,exp_20260721,2,6,26,984,72,0.1752521249873098,1.0,1.0,1.0,0.0
top_pair,handcrafted,rbf_svm,exp_20260721,2,6,26,984,72,0.011991250008577481,1.0,1.0,1.0,0.0
top_pair,handcrafted,hist_gradient_boosting,exp_20260721,2,6,26,984,72,1.7073702919878997,0.9791666666666667,0.9842070629524018,1.0,0.00021439155995159524
top_pair,handcrafted,mlp,exp_20260721,2,6,26,984,72,0.08592962499824353,1.0,1.0,1.0,0.0
top_pair,handcrafted,logistic,exp_20260721,2,8,38,1464,72,0.016377709020162,1.0,1.0,1.0,0.0
top_pair,handcrafted,random_forest,exp_20260721,2,8,38,1464,72,0.1877807500131894,1.0,1.0,1.0,0.0
top_pair,handcrafted,rbf_svm,exp_20260721,2,8,38,1464,72,0.019362374994670972,1.0,1.0,1.0,0.0
top_pair,handcrafted,hist_gradient_boosting,exp_20260721,2,8,38,1464,72,1.9980936250067316,1.0,1.0,1.0,0.0
top_pair,handcrafted,mlp,exp_20260721,2,8,38,1464,72,0.13760324998293072,1.0,1.0,1.0,0.0
top_pair,handcrafted,logistic,exp_20260723,0,2,7,288,216,0.012184875027742237,0.8819444444444444,0.8886242541802736,0.9793595679012346,0.008867217849760741
top_pair,handcrafted,random_forest,exp_20260723,0,2,7,288,216,0.13089341699378565,0.9027777777777778,0.9185254105162572,0.9891975308641975,0.002393523614445988
top_pair,handcrafted,rbf_svm,exp_20260723,0,2,7,288,216,0.008650167001178488,0.8888888888888888,0.8861959957850369,0.9581404320987654,0.0019800935459901407
top_pair,handcrafted,hist_gradient_boosting,exp_20260723,0,2,7,288,216,0.7260157910059206,0.9027777777777778,0.9185254105162572,0.9848572530864198,0.0028269828378200117
top_pair,handcrafted,mlp,exp_20260723,0,2,7,288,216,0.05740112499915995,0.84375,0.7961682796760814,0.8406635802469136,0.015012545270098399
top_pair,handcrafted,logistic,exp_20260723,0,4,15,600,216,0.011887291999300942,0.8993055555555556,0.9134528698787939,0.9871720679012346,0.0030859799538150144
top_pair,handcrafted,random_forest,exp_20260723,0,4,15,600,216,0.21718891599448398,0.8229166666666666,0.8465545820506749,0.9753086419753088,0.0058909808545477395
top_pair,handcrafted,rbf_svm,exp_20260723,0,4,15,600,216,0.01161558402236551,0.875,0.8868686868686868,0.9779128086419753,0.003431922898592755
top_pair,handcrafted,hist_gradient_boosting,exp_20260723,0,4,15,600,216,1.4276620000018738,0.8263888888888888,0.8480260586319218,0.9702932098765432,0.005814482026030848
top_pair,handcrafted,mlp,exp_20260723,0,4,15,600,216,0.05629187502199784,0.8819444444444444,0.849348662451909,0.9519675925925927,0.0034466637564856736
top_pair,handcrafted,logistic,exp_20260723,0,6,26,1032,216,0.014794249989790842,0.9027777777777778,0.9185254105162572,0.9921875,0.0030168617237759793
top_pair,handcrafted,random_forest,exp_20260723,0,6,26,1032,216,0.19045645798905753,0.8680555555555556,0.8889802631578947,0.9750192901234569,0.003773483782043439
top_pair,handcrafted,rbf_svm,exp_20260723,0,6,26,1032,216,0.01648445799946785,0.8784722222222222,0.8918160873484924,0.9801311728395062,0.0033962646316128826
top_pair,handcrafted,hist_gradient_boosting,exp_20260723,0,6,26,1032,216,2.075582374993246,0.8576388888888888,0.8778782894736843,0.988233024691358,0.004484223694051477
top_pair,handcrafted,mlp,exp_20260723,0,6,26,1032,216,0.06975129200145602,0.8854166666666667,0.8538961038961039,0.9456018518518519,0.003652139177994557
top_pair,handcrafted,logistic,exp_20260723,0,8,37,1464,216,0.015014167001936585,0.9513888888888888,0.9301487572761711,0.9941165123456791,0.0011436835143314255
top_pair,handcrafted,random_forest,exp_20260723,0,8,37,1464,216,0.20168500000727363,0.9513888888888888,0.9345988121579132,0.9845679012345678,0.0009890392562148123
top_pair,handcrafted,rbf_svm,exp_20260723,0,8,37,1464,216,0.024480416002916172,0.9375,0.919732441471572,0.9806134259259259,0.001217185375534478
top_pair,handcrafted,hist_gradient_boosting,exp_20260723,0,8,37,1464,216,1.9631449170119595,0.9305555555555556,0.9101912593550772,0.9769483024691358,0.002156274771770333
top_pair,handcrafted,mlp,exp_20260723,0,8,37,1464,216,0.12009754197788425,0.9479166666666667,0.9253576612067178,0.9864969135802469,0.0013619653600298184
top_pair,handcrafted,logistic,exp_20260723,0,10,39,1560,216,0.012221457989653572,0.9548611111111112,0.9349623624782861,0.9943094135802469,0.001079829462366151
top_pair,handcrafted,random_forest,exp_20260723,0,10,39,1560,216,0.18582770798821002,0.9513888888888888,0.9345988121579132,0.982445987654321,0.0009890392562148123
top_pair,handcrafted,rbf_svm,exp_20260723,0,10,39,1560,216,0.025384959008079022,0.9375,0.919732441471572,0.9822530864197531,0.001217185375534478
top_pair,handcrafted,hist_gradient_boosting,exp_20260723,0,10,39,1560,216,1.8591322500142269,0.9479166666666667,0.9253576612067178,0.9824459876543209,0.0012128017443704606
top_pair,handcrafted,mlp,exp_20260723,0,10,39,1560,216,0.09629770799074322,0.9305555555555556,0.9017109574080815,0.9632523148148149,0.002085384503484125
top_pair,handcrafted,logistic,exp_20260723,1,2,8,312,216,0.011124292010208592,0.8923611111111112,0.9076621319184248,0.9858217592592593,0.00317588961305661
top_pair,handcrafted,random_forest,exp_20260723,1,2,8,312,216,0.14821658399887383,0.8229166666666666,0.8465545820506749,0.9724633487654321,0.0058909808545477395
top_pair,handcrafted,rbf_svm,exp_20260723,1,2,8,312,216,0.008233833010308444,0.8819444444444444,0.8926868044515104,0.9764660493827161,0.0033165906942589493
top_pair,handcrafted,hist_gradient_boosting,exp_20260723,1,2,8,312,216,0.7400527920108289,0.8229166666666666,0.8465545820506749,0.9538966049382716,0.0058909808545477395
top_pair,handcrafted,mlp,exp_20260723,1,2,8,312,216,0.06343779098824598,0.9027777777777778,0.872814566536824,0.9602623456790124,0.0028817688078474906
top_pair,handcrafted,logistic,exp_20260723,1,4,10,408,216,0.011201417015399784,0.8854166666666667,0.8976430976430976,0.9847608024691359,0.003247472464219914
top_pair,handcrafted,random_forest,exp_20260723,1,4,10,408,216,0.16137124999659136,0.8506944444444444,0.8679572083545594,0.97680362654321,0.00426634382937194
top_pair,handcrafted,rbf_svm,exp_20260723,1,4,10,408,216,0.007651708001503721,0.8784722222222222,0.8877644438945935,0.9797453703703703,0.003352515278442381
top_pair,handcrafted,hist_gradient_boosting,exp_20260723,1,4,10,408,216,1.0313375419937074,0.8784722222222222,0.8959194542365144,0.9676890432098765,0.003660330386685682
top_pair,handcrafted,mlp,exp_20260723,1,4,10,408,216,0.06707504199584946,0.9131944444444444,0.8785069858483137,0.9579475308641976,0.003109041689642615
top_pair,handcrafted,logistic,exp_20260723,1,6,21,840,216,0.012603750015841797,0.9583333333333333,0.9583333333333333,0.9910300925925926,0.0004886855377819585
top_pair,handcrafted,random_forest,exp_20260723,1,6,21,840,216,0.18363933399086818,0.8333333333333334,0.8579209093061804,0.9844714506172839,0.005617921533533562
top_pair,handcrafted,rbf_svm,exp_20260723,1,6,21,840,216,0.012527500017313287,0.8784722222222222,0.8918160873484924,0.9790702160493827,0.0033962646316128826
top_pair,handcrafted,hist_gradient_boosting,exp_20260723,1,6,21,840,216,2.315834332985105,0.8680555555555556,0.8889802631578947,0.9718364197530864,0.004463634566099175
top_pair,handcrafted,mlp,exp_20260723,1,6,21,840,216,0.06058674998348579,0.8888888888888888,0.8545127974854063,0.9489776234567902,0.003587949606716378
top_pair,handcrafted,logistic,exp_20260723,1,8,34,1320,216,0.014970624994020909,0.9027777777777778,0.9185254105162572,0.9936342592592592,0.0030168617237759793
top_pair,handcrafted,random_forest,exp_20260723,1,8,34,1320,216,0.19830945797730237,0.8125,0.8319327731092436,0.9723186728395061,0.0060308566771913085
top_pair,handcrafted,rbf_svm,exp_20260723,1,8,34,1320,216,0.02207825001096353,0.875,0.8868686868686868,0.9809027777777778,0.003431922898592755
top_pair,handcrafted,hist_gradient_boosting,exp_20260723,1,8,34,1320,216,1.8482487080036663,0.8368055555555556,0.8450080415687244,0.9655671296296297,0.004778192464134978
top_pair,handcrafted,mlp,exp_20260723,1,8,34,1320,216,0.07353158300975338,0.8993055555555556,0.8682182804202915,0.9586226851851851,0.0029488890537753393
top_pair,handcrafted,logistic,exp_20260723,2,2,8,312,216,0.011481124995043501,0.9479166666666667,0.9253576612067178,0.9940200617283951,0.0010029438422964833
top_pair,handcrafted,random_forest,exp_20260723,2,2,8,312,216,0.1660097500134725,0.8680555555555556,0.8693348174317033,0.9622395833333333,0.0033034943844202297
top_pair,handcrafted,rbf_svm,exp_20260723,2,2,8,312,216,0.006789582985220477,0.8923611111111112,0.8950947061680428,0.9739583333333334,0.002220199716228483
top_pair,handcrafted,hist_gradient_boosting,exp_20260723,2,2,8,312,216,0.7562254169897642,0.8472222222222222,0.8520547945205479,0.9587191358024691,0.004233234651400537
top_pair,handcrafted,mlp,exp_20260723,2,2,8,312,216,0.06238629200379364,0.9027777777777778,0.8647584973166369,0.9553433641975309,0.003119541742469415
top_pair,handcrafted,logistic,exp_20260723,2,4,15,600,216,0.012501457997132093,0.8993055555555556,0.9134528698787939,0.9906442901234567,0.0030859799538150144
top_pair,handcrafted,random_forest,exp_20260723,2,4,15,600,216,0.18928541700006463,0.875,0.8950034538337555,0.9762731481481481,0.0036331309015612723
top_pair,handcrafted,rbf_svm,exp_20260723,2,4,15,600,216,0.010895917017478496,0.8923611111111112,0.8950947061680428,0.9704861111111112,0.002220199716228483
top_pair,handcrafted,hist_gradient_boosting,exp_20260723,2,4,15,600,216,1.2947886250040028,0.8645833333333333,0.8839511858162561,0.9805169753086419,0.004160260512910717
top_pair,handcrafted,mlp,exp_20260723,2,4,15,600,216,0.0619249590090476,0.8958333333333333,0.8636363636363636,0.9516782407407407,0.0030629817936197027
top_pair,handcrafted,logistic,exp_20260723,2,6,27,1032,216,0.013584542000899091,0.9027777777777778,0.9185254105162572,0.9848572530864197,0.0030168617237759793
top_pair,handcrafted,random_forest,exp_20260723,2,6,27,1032,216,0.19052008300786838,0.8576388888888888,0.8778782894736843,0.9733796296296298,0.00408835195782844
top_pair,handcrafted,rbf_svm,exp_20260723,2,6,27,1032,216,0.017575416015461087,0.875,0.8868686868686868,0.9760802469135803,0.003431922898592755
top_pair,handcrafted,hist_gradient_boosting,exp_20260723,2,6,27,1032,216,1.775695333024487,0.8576388888888888,0.8663862427316591,0.9727044753086419,0.0042600939977799936
top_pair,handcrafted,mlp,exp_20260723,2,6,27,1032,216,0.07071679198998027,0.9131944444444444,0.8908088235294118,0.9615162037037037,0.0020830867247618222
top_pair,handcrafted,logistic,exp_20260723,2,8,32,1272,216,0.015237624989822507,0.9444444444444444,0.9205882352941177,0.9940200617283951,0.0016337466904981373
top_pair,handcrafted,random_forest,exp_20260723,2,8,32,1272,216,0.18542629200965166,0.9513888888888888,0.9345988121579132,0.9796489197530864,0.0009890392562148123
top_pair,handcrafted,rbf_svm,exp_20260723,2,8,32,1272,216,0.02077741699758917,0.9375,0.919732441471572,0.9795524691358025,0.001217185375534478
top_pair,handcrafted,hist_gradient_boosting,exp_20260723,2,8,32,1272,216,1.8529602079943288,0.9305555555555556,0.9059384382663702,0.9797453703703705,0.0022228958060480997
top_pair,handcrafted,mlp,exp_20260723,2,8,32,1272,216,0.09367974998895079,0.9409722222222222,0.9158396552909629,0.9732831790123457,0.001709033641134542
top_pair,handcrafted,logistic,exp_20260724,0,2,7,264,192,0.010701040999265388,0.9166666666666666,0.9163398692810457,0.9928385416666666,0.0014536164984894657
top_pair,handcrafted,random_forest,exp_20260724,0,2,7,264,192,0.1576172079949174,0.9322916666666666,0.9321425658592284,0.9938693576388888,0.001208930665235132
top_pair,handcrafted,rbf_svm,exp_20260724,0,2,7,264,192,0.00664725000387989,0.984375,0.9843745761332501,0.9907769097222222,0.0002790277903541197
top_pair,handcrafted,hist_gradient_boosting,exp_20260724,0,2,7,264,192,0.6796214999922086,0.9114583333333333,0.9110505518463006,0.9937065972222222,0.0015937444120105563
top_pair,handcrafted,mlp,exp_20260724,0,2,7,264,192,0.049120500014396384,0.9427083333333333,0.942519663609395,0.987087673611111,0.001154769315116986
top_pair,handcrafted,logistic,exp_20260724,0,4,10,384,192,0.010563125018961728,0.9114583333333333,0.9110505518463006,0.9893663194444444,0.001521768302781821
top_pair,handcrafted,random_forest,exp_20260724,0,4,10,384,192,0.17470554102328606,0.90625,0.9057488818588415,0.9938151041666667,0.0015966786050127916
top_pair,handcrafted,rbf_svm,exp_20260724,0,4,10,384,192,0.0068283340078778565,0.9635416666666666,0.9635327635327635,0.9906684027777778,0.000823139136458774
top_pair,handcrafted,hist_gradient_boosting,exp_20260724,0,4,10,384,192,1.1665767079975922,0.953125,0.9530931892830967,0.994140625,0.0008713220000982408
top_pair,handcrafted,mlp,exp_20260724,0,4,10,384,192,0.06157466699369252,0.9270833333333333,0.926693574779099,0.9869791666666666,0.001467461587310324
top_pair,handcrafted,logistic,exp_20260724,0,6,22,816,192,0.012293791980482638,0.9114583333333333,0.9110505518463006,0.9854600694444444,0.001521768302781821
top_pair,handcrafted,random_forest,exp_20260724,0,6,22,816,192,0.19243858399568126,0.9375,0.9373913043478261,0.993381076388889,0.0009301149429941525
top_pair,handcrafted,rbf_svm,exp_20260724,0,6,22,816,192,0.012032333994284272,0.96875,0.9687466087900163,0.9879557291666667,0.0006908515831467663
top_pair,handcrafted,hist_gradient_boosting,exp_20260724,0,6,22,816,192,1.6779760839999653,0.921875,0.9216177231037204,0.9933810763888888,0.0012797772107857727
top_pair,handcrafted,mlp,exp_20260724,0,6,22,816,192,0.06955412501702085,0.96875,0.9687194525904204,0.9869791666666666,0.0004983349300843597
top_pair,handcrafted,logistic,exp_20260724,0,8,29,1104,192,0.014323499985039234,0.90625,0.9057488818588415,0.982638888888889,0.0016350492603475243
top_pair,handcrafted,random_forest,exp_20260724,0,8,29,1104,192,0.21699099999386817,0.9322916666666666,0.9321425658592284,0.991970486111111,0.0011346180572788462
top_pair,handcrafted,rbf_svm,exp_20260724,0,8,29,1104,192,0.015050332993268967,0.9166666666666666,0.9163398692810457,0.9850260416666667,0.0016376273738163722
top_pair,handcrafted,hist_gradient_boosting,exp_20260724,0,8,29,1104,192,1.7815657500177622,0.9166666666666666,0.9163398692810457,0.990017361111111,0.001364294684923698
top_pair,handcrafted,mlp,exp_20260724,0,8,29,1104,192,0.1003152500197757,0.984375,0.9843711843711844,0.9891493055555555,0.00018892720088941825
top_pair,handcrafted,logistic,exp_20260724,0,10,41,1584,192,0.014127542002825066,0.9114583333333333,0.9110505518463006,0.9862196180555556,0.001521768302781821
top_pair,handcrafted,random_forest,exp_20260724,0,10,41,1584,192,0.18592116600484587,0.9479166666666666,0.9478657543173672,0.9932725694444444,0.0009201480896171346
top_pair,handcrafted,rbf_svm,exp_20260724,0,10,41,1584,192,0.025153875001706183,0.9270833333333333,0.926884996191927,0.9906684027777778,0.0014225460023825427
top_pair,handcrafted,hist_gradient_boosting,exp_20260724,0,10,41,1584,192,2.208924416016089,0.9375,0.9373913043478261,0.994900173611111,0.0010473050121679022
top_pair,handcrafted,mlp,exp_20260724,0,10,41,1584,192,0.09255637502064928,0.96875,0.9687194525904204,0.9879557291666666,0.0004983349300843597
top_pair,handcrafted,logistic,exp_20260724,1,2,6,240,192,0.011278582998784259,0.859375,0.8576723498888065,0.9504123263888888,0.0025983891628679305
top_pair,handcrafted,random_forest,exp_20260724,1,2,6,240,192,0.16409066700725816,0.890625,0.8897607655502393,0.9899088541666667,0.0021658497511216402
top_pair,handcrafted,rbf_svm,exp_20260724,1,2,6,240,192,0.006846667005447671,0.8958333333333333,0.8951048951048951,0.9750434027777778,0.00211311545042353
top_pair,handcrafted,hist_gradient_boosting,exp_20260724,1,2,6,240,192,0.14989337499719113,0.9114583333333333,0.9107587149692413,0.9832899305555556,0.0017122555409415643
top_pair,handcrafted,mlp,exp_20260724,1,2,6,240,192,0.03426416698493995,0.8385416666666667,0.8342199816171351,0.9873046875,0.007662231404116039
top_pair,handcrafted,logistic,exp_20260724,1,4,14,552,192,0.028529916977277026,0.8802083333333333,0.8790236418924472,0.9873046875,0.002161576889310525
top_pair,handcrafted,random_forest,exp_20260724,1,4,14,552,192,0.17726333299651742,0.859375,0.8573276455208476,0.9911024305555555,0.0025987666942533247
top_pair,handcrafted,rbf_svm,exp_20260724,1,4,14,552,192,0.010649250005371869,0.8854166666666666,0.88440065681445,0.9884982638888888,0.0023133153562839436
top_pair,handcrafted,hist_gradient_boosting,exp_20260724,1,4,14,552,192,1.1997965409827884,0.8697916666666666,0.8682151387859319,0.9643012152777778,0.0024393389178844283
top_pair,handcrafted,mlp,exp_20260724,1,4,14,552,192,0.049630541005171835,0.9114583333333333,0.9107587149692413,0.9889322916666666,0.0031721822574867775
top_pair,handcrafted,logistic,exp_20260724,1,6,27,1032,192,0.014256124995881692,0.8645833333333333,0.862781748213304,0.9765624999999999,0.0025460323935552146
top_pair,handcrafted,random_forest,exp_20260724,1,6,27,1032,192,0.20170416598557495,0.8645833333333333,0.862781748213304,0.9917534722222223,0.0025460323935552146
top_pair,handcrafted,rbf_svm,exp_20260724,1,6,27,1032,192,0.017566374997841194,0.90625,0.9057488818588415,0.9606119791666666,0.001800663692306007
top_pair,handcrafted,hist_gradient_boosting,exp_20260724,1,6,27,1032,192,1.7203893330006395,0.8697916666666666,0.8682151387859319,0.9825303819444444,0.002388558775697092
top_pair,handcrafted,mlp,exp_20260724,1,6,27,1032,192,0.06853437499376014,0.953125,0.9530217763640811,0.9888237847222222,0.0010315303945296467
top_pair,handcrafted,logistic,exp_20260724,1,8,34,1296,192,0.015525708993664011,0.9114583333333333,0.9110505518463006,0.9913194444444444,0.001521768302781821
top_pair,handcrafted,random_forest,exp_20260724,1,8,34,1296,192,0.1903386670164764,0.953125,0.9530931892830967,0.9943576388888888,0.0008218600870153637
top_pair,handcrafted,rbf_svm,exp_20260724,1,8,34,1296,192,0.0217607090016827,0.9427083333333333,0.9426320793154964,0.9922960069444444,0.001108825687212476
top_pair,handcrafted,hist_gradient_boosting,exp_20260724,1,8,34,1296,192,1.928340999991633,0.953125,0.9530931892830967,0.9934895833333333,0.0007766168032875832
top_pair,handcrafted,mlp,exp_20260724,1,8,34,1296,192,0.07555479198344983,0.96875,0.9687194525904204,0.9869791666666666,0.0004983349300843597
top_pair,handcrafted,logistic,exp_20260724,2,2,7,264,192,0.011121666000690311,0.9166666666666666,0.9163398692810457,0.9921875,0.0014536164984894657
top_pair,handcrafted,random_forest,exp_20260724,2,2,7,264,192,0.15829329201369546,0.9114583333333333,0.9110505518463006,0.9947916666666666,0.0016300804614483438
top_pair,handcrafted,rbf_svm,exp_20260724,2,2,7,264,192,0.006394124997314066,0.9166666666666666,0.9163398692810457,0.9943576388888888,0.0016376273738163722
top_pair,handcrafted,hist_gradient_boosting,exp_20260724,2,2,7,264,192,0.6620842079864815,0.875,0.873015873015873,0.996310763888889,0.002029511181149022
top_pair,handcrafted,mlp,exp_20260724,2,2,7,264,192,0.04468991598696448,0.9375,0.9372549019607843,0.9866536458333334,0.0011766573077720336
top_pair,handcrafted,logistic,exp_20260724,2,4,15,576,192,0.0124953749764245,0.9114583333333333,0.9110505518463006,0.9931640625,0.001521768302781821
top_pair,handcrafted,random_forest,exp_20260724,2,4,15,576,192,0.19025200000032783,0.9322916666666666,0.9321425658592284,0.994357638888889,0.0011154568164602576
top_pair,handcrafted,rbf_svm,exp_20260724,2,4,15,576,192,0.00885033400845714,0.9479166666666666,0.9478657543173672,0.9886067708333333,0.0009399342902636077
top_pair,handcrafted,hist_gradient_boosting,exp_20260724,2,4,15,576,192,2.0824856249964796,0.9583333333333333,0.9583152409900131,0.9964192708333334,0.000660234433948134
top_pair,handcrafted,mlp,exp_20260724,2,4,15,576,192,0.052117542014457285,0.953125,0.9530217763640811,0.9869791666666666,0.000867128890049396
top_pair,handcrafted,logistic,exp_20260724,2,6,27,1008,192,0.014360792003571987,0.9166666666666666,0.9163398692810457,0.9908854166666666,0.0014536164984894657
top_pair,handcrafted,random_forest,exp_20260724,2,6,27,1008,192,0.19800904201110825,0.9270833333333333,0.926884996191927,0.9939236111111112,0.0011373127985371313
top_pair,handcrafted,rbf_svm,exp_20260724,2,6,27,1008,192,0.0156951250100974,0.9583333333333333,0.9583152409900131,0.988064236111111,0.0008276156776044887
top_pair,handcrafted,hist_gradient_boosting,exp_20260724,2,6,27,1008,192,1.8319939160137437,0.9322916666666666,0.9321425658592284,0.9937065972222221,0.0010330643965509386
top_pair,handcrafted,mlp,exp_20260724,2,6,27,1008,192,0.08706587500637397,0.984375,0.9843711843711844,0.9871961805555555,0.0003117312938254558
top_pair,handcrafted,logistic,exp_20260724,2,8,29,1104,192,0.014284124976256862,0.9114583333333333,0.9110505518463006,0.9877387152777778,0.001521768302781821
top_pair,handcrafted,random_forest,exp_20260724,2,8,29,1104,192,0.1871328330016695,0.953125,0.9530931892830967,0.9932725694444444,0.0008218600870153637
top_pair,handcrafted,rbf_svm,exp_20260724,2,8,29,1104,192,0.015381707984488457,0.9375,0.9373913043478261,0.9881727430555555,0.0013492998971619357
top_pair,handcrafted,hist_gradient_boosting,exp_20260724,2,8,29,1104,192,1.91769420800847,0.9270833333333333,0.926884996191927,0.9933810763888888,0.0011814892081840017
top_pair,handcrafted,mlp,exp_20260724,2,8,29,1104,192,0.0991900000080932,0.9895833333333333,0.9895822029300054,0.9905598958333333,0.0001365633781054784
top_pair,handcrafted,logistic,exp_20260727,0,2,13,480,192,0.012710707989754155,0.9291666666666667,0.9090883770158482,0.9606481481481481,0.0008306761281495135
top_pair,handcrafted,random_forest,exp_20260727,0,2,13,480,192,0.16368724999483675,0.9305555555555556,0.9139688585190994,0.9642361111111111,0.0008097810218478567
top_pair,handcrafted,rbf_svm,exp_20260727,0,2,13,480,192,0.010750874993391335,0.9125,0.8884184308841843,0.95625,0.0010734143876127236
top_pair,handcrafted,hist_gradient_boosting,exp_20260727,0,2,13,480,192,1.122669208998559,0.8513888888888889,0.8504111960756023,0.9582175925925926,0.0016570163626961714
top_pair,handcrafted,mlp,exp_20260727,0,2,13,480,192,0.05045016700751148,0.8875,0.8576723498888065,0.9493055555555556,0.0015157315539612757
top_pair,handcrafted,logistic,exp_20260727,0,4,25,960,192,0.014080458990065381,0.925,0.9039039039039038,0.9512731481481482,0.0008730975026837629
top_pair,handcrafted,random_forest,exp_20260727,0,4,25,960,192,0.19639637498767115,0.9333333333333333,0.9142857142857144,0.962037037037037,0.000788254753615264
top_pair,handcrafted,rbf_svm,exp_20260727,0,4,25,960,192,0.016048666002461687,0.9125,0.8884184308841843,0.9182870370370371,0.0010734143876127236
top_pair,handcrafted,hist_gradient_boosting,exp_20260727,0,4,25,960,192,1.6412742089887615,0.9347222222222222,0.9191896517859648,0.9490740740740741,0.0007636420481278889
top_pair,handcrafted,mlp,exp_20260727,0,4,25,960,192,0.060948874976020306,0.8875,0.8576723498888065,0.9513888888888888,0.0015343452286440192
top_pair,handcrafted,logistic,exp_20260727,0,6,28,1080,192,0.013442708004731685,0.925,0.9039039039039038,0.9511574074074074,0.0008730975026837629
top_pair,handcrafted,random_forest,exp_20260727,0,6,28,1080,192,0.195397666975623,0.9333333333333333,0.9142857142857144,0.9532407407407407,0.000788254753615264
top_pair,handcrafted,rbf_svm,exp_20260727,0,6,28,1080,192,0.017819875007262453,0.9125,0.8884184308841843,0.9217592592592593,0.0010734143876127236
top_pair,handcrafted,hist_gradient_boosting,exp_20260727,0,6,28,1080,192,1.6644115840026643,0.9291666666666667,0.9090883770158482,0.9434027777777778,0.0008306761281495135
top_pair,handcrafted,mlp,exp_20260727,0,6,28,1080,192,0.09948845798498951,0.925,0.9039039039039038,0.9612268518518519,0.0008730975026837629
top_pair,handcrafted,logistic,exp_20260727,0,8,30,1176,192,0.013588374975370243,0.9291666666666667,0.9090883770158482,0.9436342592592593,0.0008306761281495135
top_pair,handcrafted,random_forest,exp_20260727,0,8,30,1176,192,0.1756189170118887,0.9333333333333333,0.9142857142857144,0.9537037037037037,0.000788254753615264
top_pair,handcrafted,rbf_svm,exp_20260727,0,8,30,1176,192,0.019234375009546056,0.9125,0.8884184308841843,0.9206018518518518,0.0010734143876127236
top_pair,handcrafted,hist_gradient_boosting,exp_20260727,0,8,30,1176,192,1.8187534580065403,0.9222222222222223,0.9035714285714285,0.935763888888889,0.0009013404723085629
top_pair,handcrafted,mlp,exp_20260727,0,8,30,1176,192,0.11190862499643117,0.9291666666666667,0.9090883770158482,0.9622685185185186,0.0008306761281495135
top_pair,handcrafted,logistic,exp_20260727,0,10,40,1584,192,0.014683625020552427,0.9291666666666667,0.9090883770158482,0.9493055555555556,0.0008306761281495135
top_pair,handcrafted,random_forest,exp_20260727,0,10,40,1584,192,0.1774586669926066,0.9333333333333333,0.9142857142857144,0.969212962962963,0.000788254753615264
top_pair,handcrafted,rbf_svm,exp_20260727,0,10,40,1584,192,0.024550417001591995,0.9208333333333334,0.8987313660716765,0.9314814814814816,0.0009333966773458331
top_pair,handcrafted,hist_gradient_boosting,exp_20260727,0,10,40,1584,192,1.9200600420008413,0.9347222222222222,0.9191896517859648,0.94375,0.0007580601517992964
top_pair,handcrafted,mlp,exp_20260727,0,10,40,1584,192,0.0999952080019284,0.925,0.9039039039039038,0.9599537037037037,0.0008730975026837629
top_pair,handcrafted,logistic,exp_20260727,1,2,12,456,192,0.011867666005855426,0.9333333333333333,0.9142857142857144,0.967013888888889,0.000788254753615264
top_pair,handcrafted,random_forest,exp_20260727,1,2,12,456,192,0.15105116699123755,0.9277777777777778,0.9136302294197032,0.9685763888888889,0.0008305010674693493
top_pair,handcrafted,rbf_svm,exp_20260727,1,2,12,456,192,0.009399916976690292,0.9125,0.8884184308841843,0.950462962962963,0.0010734143876127236
top_pair,handcrafted,hist_gradient_boosting,exp_20260727,1,2,12,456,192,1.0764956249913666,0.8930555555555555,0.8853991984765369,0.9605324074074074,0.0012077047182632913
top_pair,handcrafted,mlp,exp_20260727,1,2,12,456,192,0.0770354580017738,0.9291666666666667,0.9090883770158482,0.9562499999999999,0.0008306761281495135
top_pair,handcrafted,logistic,exp_20260727,1,4,14,552,192,0.010112666990607977,0.9333333333333333,0.9142857142857144,0.9743055555555555,0.000788254753615264
top_pair,handcrafted,random_forest,exp_20260727,1,4,14,552,192,0.1816437919915188,0.9222222222222223,0.9035714285714285,0.9775462962962964,0.0009003553584228174
top_pair,handcrafted,rbf_svm,exp_20260727,1,4,14,552,192,0.009799124993151054,0.9208333333333334,0.8987313660716765,0.9517361111111111,0.0009333966773458331
top_pair,handcrafted,hist_gradient_boosting,exp_20260727,1,4,14,552,192,1.3924642500060145,0.9069444444444444,0.896782955606485,0.9641203703703705,0.0010536874145815815
top_pair,handcrafted,mlp,exp_20260727,1,4,14,552,192,0.07849341697874479,0.925,0.9039039039039038,0.9576388888888889,0.0008730975026837629
top_pair,handcrafted,logistic,exp_20260727,1,6,25,984,192,0.014759415993466973,0.9333333333333333,0.9142857142857144,0.967013888888889,0.000788254753615264
top_pair,handcrafted,random_forest,exp_20260727,1,6,25,984,192,0.18582679200335406,0.9333333333333333,0.9142857142857144,0.9766203703703704,0.000788254753615264
top_pair,handcrafted,rbf_svm,exp_20260727,1,6,25,984,192,0.015760499984025955,0.9208333333333334,0.8987313660716765,0.9579861111111111,0.0009333966773458331
top_pair,handcrafted,hist_gradient_boosting,exp_20260727,1,6,25,984,192,1.8515161659743171,0.9236111111111112,0.9084149386907601,0.9618055555555556,0.000887580300599992
top_pair,handcrafted,mlp,exp_20260727,1,6,25,984,192,0.12260629198863171,0.9333333333333333,0.9142857142857144,0.9585648148148148,0.000788254753615264
top_pair,handcrafted,logistic,exp_20260727,1,8,32,1272,192,0.014551208994816989,0.9333333333333333,0.9142857142857144,0.9582175925925926,0.000788254753615264
top_pair,handcrafted,random_forest,exp_20260727,1,8,32,1272,192,0.16983558400534093,0.9333333333333333,0.9142857142857144,0.962962962962963,0.000788254753615264
top_pair,handcrafted,rbf_svm,exp_20260727,1,8,32,1272,192,0.02044133297749795,0.9208333333333334,0.8987313660716765,0.9365740740740741,0.0009333966773458331
top_pair,handcrafted,hist_gradient_boosting,exp_20260727,1,8,32,1272,192,2.232049249985721,0.9347222222222222,0.9191896517859648,0.9505787037037037,0.0007675147046174581
top_pair,handcrafted,mlp,exp_20260727,1,8,32,1272,192,0.1348615000024438,0.9333333333333333,0.9142857142857144,0.9584490740740741,0.000788254753615264
top_pair,handcrafted,logistic,exp_20260727,2,2,3,120,192,0.00938004199997522,0.9166666666666667,0.893569844789357,0.9572916666666667,0.0010131152129506532
top_pair,handcrafted,random_forest,exp_20260727,2,2,3,120,192,0.14054795799893327,0.9166666666666667,0.893569844789357,0.9541666666666667,0.0010131152129506532
top_pair,handcrafted,rbf_svm,exp_20260727,2,2,3,120,192,0.005300457996781915,0.9291666666666667,0.9090883770158482,0.9667824074074074,0.0008306761281495135
top_pair,handcrafted,hist_gradient_boosting,exp_20260727,2,2,3,120,192,0.10253666699281894,0.8708333333333333,0.837265892002734,0.9629629629629629,0.0017592814660396987
top_pair,handcrafted,mlp,exp_20260727,2,2,3,120,192,0.018856042006518692,0.7083333333333334,0.6305662451896646,0.9528935185185186,0.006213583456476861
top_pair,handcrafted,logistic,exp_20260727,2,4,15,576,192,0.007521291001467034,0.9333333333333333,0.9142857142857144,0.9694444444444443,0.000788254753615264
top_pair,handcrafted,random_forest,exp_20260727,2,4,15,576,192,0.21643583397963084,0.9305555555555556,0.9139688585190994,0.9729166666666667,0.0008129430625886103
top_pair,handcrafted,rbf_svm,exp_20260727,2,4,15,576,192,0.010654332989361137,0.9208333333333334,0.8987313660716765,0.9568287037037038,0.0009333966773458331
top_pair,handcrafted,hist_gradient_boosting,exp_20260727,2,4,15,576,192,1.6615557920013089,0.8958333333333333,0.8859180035650625,0.9555555555555555,0.0011792843219437738
top_pair,handcrafted,mlp,exp_20260727,2,4,15,576,192,0.05791816700366326,0.9125,0.8884184308841843,0.955324074074074,0.0011159512401924436
top_pair,handcrafted,logistic,exp_20260727,2,6,20,816,192,0.01468537500477396,0.9333333333333333,0.9142857142857144,0.9675925925925926,0.000788254753615264
top_pair,handcrafted,random_forest,exp_20260727,2,6,20,816,192,0.1905528749921359,0.9333333333333333,0.9142857142857144,0.9756944444444444,0.000788254753615264
top_pair,handcrafted,rbf_svm,exp_20260727,2,6,20,816,192,0.01219370900071226,0.925,0.9039039039039038,0.9572916666666667,0.0008730975026837629
top_pair,handcrafted,hist_gradient_boosting,exp_20260727,2,6,20,816,192,1.7682047089911066,0.9069444444444444,0.896782955606485,0.966087962962963,0.001059169073547411
top_pair,handcrafted,mlp,exp_20260727,2,6,20,816,192,0.09460670797852799,0.9291666666666667,0.9090883770158482,0.9604166666666667,0.0008306761281495135
top_pair,handcrafted,logistic,exp_20260727,2,8,27,1104,192,0.015015749988378957,0.9333333333333333,0.9142857142857144,0.9564814814814815,0.000788254753615264
top_pair,handcrafted,random_forest,exp_20260727,2,8,27,1104,192,0.18208804100868292,0.9333333333333333,0.9142857142857144,0.9641203703703703,0.000788254753615264
top_pair,handcrafted,rbf_svm,exp_20260727,2,8,27,1104,192,0.01617512499797158,0.9208333333333334,0.8987313660716765,0.9325231481481482,0.0009333966773458331
top_pair,handcrafted,hist_gradient_boosting,exp_20260727,2,8,27,1104,192,1.8005743339890614,0.9263888888888889,0.9087631027253669,0.947337962962963,0.0008611223903719265
top_pair,handcrafted,mlp,exp_20260727,2,8,27,1104,192,0.08524012501584366,0.925,0.9039039039039038,0.9630787037037036,0.0008730975026837629
top_pair,handcrafted,logistic,exp_20260728,0,2,5,240,240,0.010051999997813255,0.9652777777777778,0.9572619132416839,0.9782262731481481,0.00039383945755213875
top_pair,handcrafted,random_forest,exp_20260728,0,2,5,240,240,0.14678449998609722,0.9548611111111112,0.9485714285714286,0.9635778356481481,0.0005228181527995015
top_pair,handcrafted,rbf_svm,exp_20260728,0,2,5,240,240,0.006497291993582621,0.9600694444444444,0.9529235542716525,0.9645543981481481,0.0004463810998865225
top_pair,handcrafted,hist_gradient_boosting,exp_20260728,0,2,5,240,240,0.24045483299414627,0.8663194444444444,0.8719434785008555,0.9580439814814814,0.002070193662940076
top_pair,handcrafted,mlp,exp_20260728,0,2,5,240,240,0.06188179101445712,0.9618055555555556,0.9530508082730167,0.9660011574074074,0.0004423567999944753
top_pair,handcrafted,logistic,exp_20260728,0,4,7,336,240,0.008494957990478724,0.9652777777777778,0.9572619132416839,0.9772135416666667,0.00039383945755213875
top_pair,handcrafted,random_forest,exp_20260728,0,4,7,336,240,0.17267033300595358,0.9444444444444444,0.9398237696110037,0.9642650462962963,0.0007446957865681852
top_pair,handcrafted,rbf_svm,exp_20260728,0,4,7,336,240,0.007073292013956234,0.9652777777777778,0.9572619132416839,0.9635416666666667,0.00039383945755213875
top_pair,handcrafted,hist_gradient_boosting,exp_20260728,0,4,7,336,240,0.9548499170050491,0.8663194444444444,0.8719434785008555,0.9561631944444443,0.002070193662940076
top_pair,handcrafted,mlp,exp_20260728,0,4,7,336,240,0.06340900002396666,0.9618055555555556,0.9530508082730167,0.9658564814814815,0.0004423567999944753
top_pair,handcrafted,logistic,exp_20260728,0,6,15,648,240,0.011895916977664456,0.9652777777777778,0.9572619132416839,0.9638310185185186,0.00039383945755213875
top_pair,handcrafted,random_forest,exp_20260728,0,6,15,648,240,0.1873863750079181,0.9652777777777778,0.9572619132416839,0.9644458912037037,0.00039383945755213875
top_pair,handcrafted,rbf_svm,exp_20260728,0,6,15,648,240,0.010155500000109896,0.9652777777777778,0.9572619132416839,0.9605034722222222,0.00039383945755213875
top_pair,handcrafted,hist_gradient_boosting,exp_20260728,0,6,15,648,240,2.5032120830146596,0.9444444444444444,0.9398237696110037,0.9618055555555556,0.0008714609567259126
top_pair,handcrafted,mlp,exp_20260728,0,6,15,648,240,0.07565158299985342,0.9652777777777778,0.9572619132416839,0.9645543981481481,0.00039383945755213875
top_pair,handcrafted,logistic,exp_20260728,0,8,27,1080,240,0.014427375019295141,0.9652777777777778,0.9572619132416839,0.9639033564814815,0.00039383945755213875
top_pair,handcrafted,random_forest,exp_20260728,0,8,27,1080,240,0.202023707999615,0.9652777777777778,0.9572619132416839,0.9595630787037037,0.00039383945755213875
top_pair,handcrafted,rbf_svm,exp_20260728,0,8,27,1080,240,0.017025832989020273,0.9652777777777778,0.9572619132416839,0.963107638888889,0.00039383945755213875
top_pair,handcrafted,hist_gradient_boosting,exp_20260728,0,8,27,1080,240,3.722876666986849,0.9444444444444444,0.9398237696110037,0.9596354166666666,0.0009390933701515261
top_pair,handcrafted,mlp,exp_20260728,0,8,27,1080,240,0.0729976249858737,0.9652777777777778,0.9572619132416839,0.9626012731481481,0.00039383945755213875
top_pair,handcrafted,logistic,exp_20260728,0,10,39,1536,240,0.016738458012696356,0.9652777777777778,0.9572619132416839,0.9610821759259259,0.00039383945755213875
top_pair,handcrafted,random_forest,exp_20260728,0,10,39,1536,240,0.19965008302824572,0.9652777777777778,0.9572619132416839,0.9615885416666667,0.00039383945755213875
top_pair,handcrafted,rbf_svm,exp_20260728,0,10,39,1536,240,0.026322707999497652,0.9652777777777778,0.9572619132416839,0.9589120370370371,0.00039383945755213875
top_pair,handcrafted,hist_gradient_boosting,exp_20260728,0,10,39,1536,240,3.3193809170043096,0.9322916666666667,0.9307908586259102,0.9632523148148149,0.0013053551430378064
top_pair,handcrafted,mlp,exp_20260728,0,10,39,1536,240,0.09138024999992922,0.9652777777777778,0.9572619132416839,0.961154513888889,0.00039383945755213875
top_pair,handcrafted,logistic,exp_20260728,1,2,10,408,240,0.010636250022798777,0.9131944444444444,0.9131944444444444,0.9620949074074074,0.0010431296661305572
top_pair,handcrafted,random_forest,exp_20260728,1,2,10,408,240,0.15356895799050108,0.7708333333333333,0.781695728745331,0.9589482060185186,0.0037570833287545965
top_pair,handcrafted,rbf_svm,exp_20260728,1,2,10,408,240,0.007778041006531566,0.9236111111111112,0.9221397159541489,0.9605034722222222,0.0008794892931150166
top_pair,handcrafted,hist_gradient_boosting,exp_20260728,1,2,10,408,240,1.0434381249942817,0.7395833333333333,0.7491668474295518,0.9516782407407407,0.004761638036784875
top_pair,handcrafted,mlp,exp_20260728,1,2,10,408,240,0.06766970799071714,0.9652777777777778,0.9572619132416839,0.9607204861111112,0.00039383945755213875
top_pair,handcrafted,logistic,exp_20260728,1,4,17,696,240,0.012689333001617342,0.9600694444444444,0.9529235542716525,0.9607204861111112,0.0004463810998865225
top_pair,handcrafted,random_forest,exp_20260728,1,4,17,696,240,0.18525224999757484,0.9600694444444444,0.9529235542716525,0.9602502893518519,0.0004463810998865225
top_pair,handcrafted,rbf_svm,exp_20260728,1,4,17,696,240,0.011128707992611453,0.9652777777777778,0.9572619132416839,0.9583333333333334,0.00039383945755213875
top_pair,handcrafted,hist_gradient_boosting,exp_20260728,1,4,17,696,240,1.7216420419863425,0.9184027777777778,0.9176761567763716,0.9631799768518519,0.001483738909655079
top_pair,handcrafted,mlp,exp_20260728,1,4,17,696,240,0.08331862499471754,0.9652777777777778,0.9572619132416839,0.9612991898148149,0.00039383945755213875
top_pair,handcrafted,logistic,exp_20260728,1,6,23,936,240,0.014144333981676027,0.9548611111111112,0.9485714285714286,0.9625289351851852,0.0004989440486969817
top_pair,handcrafted,random_forest,exp_20260728,1,6,23,936,240,0.18853833302273415,0.9600694444444444,0.9529235542716525,0.958984375,0.0004463810998865225
top_pair,handcrafted,rbf_svm,exp_20260728,1,6,23,936,240,0.013842290994944051,0.9600694444444444,0.9529235542716525,0.9639033564814815,0.0004463810998865225
top_pair,handcrafted,hist_gradient_boosting,exp_20260728,1,6,23,936,240,1.6961977090104483,0.8975694444444444,0.8996345388097965,0.9681712962962963,0.0019417460638055184
top_pair,handcrafted,mlp,exp_20260728,1,6,23,936,240,0.09130574998562224,0.9652777777777778,0.9572619132416839,0.9615885416666667,0.00039383945755213875
top_pair,handcrafted,logistic,exp_20260728,1,8,31,1224,240,0.014705792011227459,0.9652777777777778,0.9572619132416839,0.9616608796296297,0.00039383945755213875
top_pair,handcrafted,random_forest,exp_20260728,1,8,31,1224,240,0.1878782499989029,0.9652777777777778,0.9572619132416839,0.9577546296296297,0.00039383945755213875
top_pair,handcrafted,rbf_svm,exp_20260728,1,8,31,1224,240,0.019438832998275757,0.9652777777777778,0.9572619132416839,0.9567418981481481,0.00039383945755213875
top_pair,handcrafted,hist_gradient_boosting,exp_20260728,1,8,31,1224,240,1.9228515839786269,0.9340277777777778,0.9310146593848807,0.9593460648148149,0.0011110608384776075
top_pair,handcrafted,mlp,exp_20260728,1,8,31,1224,240,0.09969174998695962,0.9652777777777778,0.9572619132416839,0.9607204861111112,0.00039383945755213875
top_pair,handcrafted,logistic,exp_20260728,2,2,11,432,240,0.01195670900051482,0.9548611111111112,0.9485714285714286,0.965060763888889,0.000504494809948688
top_pair,handcrafted,random_forest,exp_20260728,2,2,11,432,240,0.14776191700366326,0.9270833333333333,0.926341824484122,0.9651331018518519,0.0012511362737611812
top_pair,handcrafted,rbf_svm,exp_20260728,2,2,11,432,240,0.010231125022983178,0.9652777777777778,0.9572619132416839,0.9690393518518519,0.00039383945755213875
top_pair,handcrafted,hist_gradient_boosting,exp_20260728,2,2,11,432,240,1.1773060419945978,0.8177083333333334,0.8301161255763234,0.9663628472222222,0.003258272622372823
top_pair,handcrafted,mlp,exp_20260728,2,2,11,432,240,0.05234875000314787,0.9548611111111112,0.9446563192904657,0.943359375,0.0008526986182918532
top_pair,handcrafted,logistic,exp_20260728,2,4,13,528,240,0.012319749977905303,0.9496527777777778,0.9442050108192207,0.9661458333333334,0.0005519479499334441
top_pair,handcrafted,random_forest,exp_20260728,2,4,13,528,240,0.20058591599809006,0.9427083333333333,0.9396378269617707,0.9675202546296295,0.0009635538128878096
top_pair,handcrafted,rbf_svm,exp_20260728,2,4,13,528,240,0.011943666002480313,0.9652777777777778,0.9572619132416839,0.9686053240740741,0.00039383945755213875
top_pair,handcrafted,hist_gradient_boosting,exp_20260728,2,4,13,528,240,1.2577958749898244,0.8420138888888888,0.85426944971537,0.9688946759259259,0.003171300572437763
top_pair,handcrafted,mlp,exp_20260728,2,4,13,528,240,0.07216504198731855,0.9652777777777778,0.9572619132416839,0.9623842592592593,0.00039383945755213875
top_pair,handcrafted,logistic,exp_20260728,2,6,21,816,240,0.01331637499970384,0.9548611111111112,0.9485714285714286,0.9638310185185186,0.0004994063075990604
top_pair,handcrafted,random_forest,exp_20260728,2,6,21,816,240,0.1894276249804534,0.9201388888888888,0.9215970961887477,0.9713541666666666,0.001283358999272516
top_pair,handcrafted,rbf_svm,exp_20260728,2,6,21,816,240,0.01358795800479129,0.9652777777777778,0.9572619132416839,0.9654947916666667,0.00039383945755213875
top_pair,handcrafted,hist_gradient_boosting,exp_20260728,2,6,21,816,240,2.8902605419862084,0.8420138888888888,0.851615925058548,0.9633969907407408,0.0030962032093554883
top_pair,handcrafted,mlp,exp_20260728,2,6,21,816,240,0.07081054098671302,0.9652777777777778,0.9572619132416839,0.9605034722222222,0.00039383945755213875
top_pair,handcrafted,logistic,exp_20260728,2,8,29,1104,240,0.0147064579941798,0.9652777777777778,0.9572619132416839,0.9645543981481481,0.00039383945755213875
top_pair,handcrafted,random_forest,exp_20260728,2,8,29,1104,240,0.1871308329864405,0.9635416666666667,0.9571428571428571,0.9678096064814815,0.0004891876687102977
top_pair,handcrafted,rbf_svm,exp_20260728,2,8,29,1104,240,0.018662333983229473,0.9652777777777778,0.9572619132416839,0.9645543981481481,0.00039383945755213875
top_pair,handcrafted,hist_gradient_boosting,exp_20260728,2,8,29,1104,240,3.6581342089921236,0.9027777777777777,0.9076500229042602,0.9691840277777778,0.001815510784647637
top_pair,handcrafted,mlp,exp_20260728,2,8,29,1104,240,0.09373041699291207,0.9652777777777778,0.9572619132416839,0.9597077546296297,0.00039383945755213875
top_pair,handcrafted,logistic,exp_20260729,0,2,8,288,240,0.011582833976717666,0.9375,0.9238095238095239,0.9304832175925926,0.0014014032742416832
top_pair,handcrafted,random_forest,exp_20260729,0,2,8,288,240,0.17819475001306273,0.9340277777777777,0.9234639642831833,0.940502025462963,0.0013831601250526243
top_pair,handcrafted,rbf_svm,exp_20260729,0,2,8,288,240,0.009541959007037804,0.9305555555555556,0.9155167558434244,0.9209346064814815,0.0015251326206994994
top_pair,handcrafted,hist_gradient_boosting,exp_20260729,0,2,8,288,240,0.7768701669992879,0.9045138888888888,0.8974285917800413,0.9450231481481481,0.0018493059301743116
top_pair,handcrafted,mlp,exp_20260729,0,2,8,288,240,0.07609533300274052,0.9305555555555556,0.9155167558434244,0.9388020833333334,0.0015251326206994994
top_pair,handcrafted,logistic,exp_20260729,0,4,11,408,240,0.013509500015061349,0.9375,0.9238095238095239,0.9293981481481481,0.0014014032742416832
top_pair,handcrafted,random_forest,exp_20260729,0,4,11,408,240,0.15445333300158381,0.9357638888888888,0.9236425339366516,0.9350766782407407,0.0014042604898693767
top_pair,handcrafted,rbf_svm,exp_20260729,0,4,11,408,240,0.008747083018533885,0.9340277777777778,0.919660318187424,0.9249855324074074,0.0014632679474705914
top_pair,handcrafted,hist_gradient_boosting,exp_20260729,0,4,11,408,240,1.2368154159921687,0.9097222222222222,0.9018335082072166,0.9386574074074073,0.0017963523915482695
top_pair,handcrafted,mlp,exp_20260729,0,4,11,408,240,0.06108766599209048,0.9305555555555556,0.9155167558434244,0.9378616898148149,0.0015251326206994994
top_pair,handcrafted,logistic,exp_20260729,0,6,23,864,240,0.014084082999033853,0.9375,0.9238095238095239,0.9282407407407407,0.0014014032742416832
top_pair,handcrafted,random_forest,exp_20260729,0,6,23,864,240,0.2066306660126429,0.9340277777777777,0.9234639642831833,0.9524739583333333,0.0013831601250526243
top_pair,handcrafted,rbf_svm,exp_20260729,0,6,23,864,240,0.015210000012302771,0.9340277777777778,0.919660318187424,0.9215133101851852,0.0014632679474705914
top_pair,handcrafted,hist_gradient_boosting,exp_20260729,0,6,23,864,240,3.057510041981004,0.9097222222222222,0.9054373522458629,0.9597077546296297,0.002089279560027646
top_pair,handcrafted,mlp,exp_20260729,0,6,23,864,240,0.08967287500854582,0.9340277777777778,0.919660318187424,0.9407552083333334,0.0014632679474705914
top_pair,handcrafted,logistic,exp_20260729,0,8,33,1296,240,0.015242833003867418,0.9375,0.9238095238095239,0.9265046296296297,0.0014014032742416832
top_pair,handcrafted,random_forest,exp_20260729,0,8,33,1296,240,0.18718008301220834,0.9305555555555556,0.919307745394702,0.9534143518518519,0.0014861258085249276
top_pair,handcrafted,rbf_svm,exp_20260729,0,8,33,1296,240,0.021616250014631078,0.9340277777777778,0.919660318187424,0.9192708333333334,0.0014632679474705914
top_pair,handcrafted,hist_gradient_boosting,exp_20260729,0,8,33,1296,240,3.489773791981861,0.9375,0.9276274944567628,0.9690393518518519,0.0013484519688648827
top_pair,handcrafted,mlp,exp_20260729,0,8,33,1296,240,0.08742229198105633,0.9340277777777778,0.919660318187424,0.9364149305555556,0.0014632679474705914
top_pair,handcrafted,logistic,exp_20260729,0,10,39,1536,240,0.0151328329811804,0.9375,0.9238095238095239,0.9274450231481481,0.0014014032742416832
top_pair,handcrafted,random_forest,exp_20260729,0,10,39,1536,240,0.20022387499921024,0.9149305555555556,0.9062233589087809,0.9463975694444444,0.0016971904730722772
top_pair,handcrafted,rbf_svm,exp_20260729,0,10,39,1536,240,0.032382375007728115,0.9340277777777778,0.919660318187424,0.9119646990740741,0.0014632679474705914
top_pair,handcrafted,hist_gradient_boosting,exp_20260729,0,10,39,1536,240,3.3028577500081155,0.9097222222222222,0.9018335082072166,0.9639756944444444,0.001727817205123971
top_pair,handcrafted,mlp,exp_20260729,0,10,39,1536,240,0.12321775002055801,0.9340277777777778,0.919660318187424,0.9371383101851851,0.0014632679474705914
top_pair,handcrafted,logistic,exp_20260729,1,2,3,120,240,0.010468666005181149,0.9340277777777778,0.919660318187424,0.9265769675925926,0.0014632679474705914
top_pair,handcrafted,random_forest,exp_20260729,1,2,3,120,240,0.14996375000919215,0.9270833333333333,0.9113783826554835,0.9273726851851851,0.0016414039352884385
top_pair,handcrafted,rbf_svm,exp_20260729,1,2,3,120,240,0.005611959000816569,0.9340277777777778,0.919660318187424,0.9307002314814815,0.0014632679474705914
top_pair,handcrafted,hist_gradient_boosting,exp_20260729,1,2,3,120,240,0.17026629199972376,0.9131944444444444,0.8948677962537892,0.9131944444444444,0.001927350642882364
top_pair,handcrafted,mlp,exp_20260729,1,2,3,120,240,0.04371887500747107,0.8819444444444444,0.8578496272036792,0.9312065972222222,0.002408136850722913
top_pair,handcrafted,logistic,exp_20260729,1,4,9,360,240,0.011576374992728233,0.9201388888888888,0.9105986696230599,0.9286024305555556,0.0016521608728901347
top_pair,handcrafted,random_forest,exp_20260729,1,4,9,360,240,0.19050387499737553,0.8402777777777777,0.8426114835324978,0.930881076388889,0.0028755083238327216
top_pair,handcrafted,rbf_svm,exp_20260729,1,4,9,360,240,0.009504583984380588,0.9201388888888888,0.9105986696230599,0.9262876157407407,0.0016521608728901347
top_pair,handcrafted,hist_gradient_boosting,exp_20260729,1,4,9,360,240,2.2136877499870025,0.7951388888888888,0.8026315789473684,0.9200665509259259,0.00378753919704782
top_pair,handcrafted,mlp,exp_20260729,1,4,9,360,240,0.054579957999521866,0.9236111111111112,0.9072447473824748,0.9325086805555556,0.0016276248606217538
top_pair,handcrafted,logistic,exp_20260729,1,6,21,840,240,0.013360582990571856,0.9340277777777778,0.919660318187424,0.9235387731481481,0.0014632679474705914
top_pair,handcrafted,random_forest,exp_20260729,1,6,21,840,240,0.20616199998767115,0.9114583333333333,0.9020842572062084,0.9467592592592593,0.0017472867960706259
top_pair,handcrafted,rbf_svm,exp_20260729,1,6,21,840,240,0.01517733299988322,0.9340277777777778,0.919660318187424,0.9072627314814815,0.0014632679474705914
top_pair,handcrafted,hist_gradient_boosting,exp_20260729,1,6,21,840,240,3.401459291984793,0.9097222222222222,0.9018335082072166,0.9605034722222222,0.001842387192394258
top_pair,handcrafted,mlp,exp_20260729,1,6,21,840,240,0.09773962499457411,0.9340277777777778,0.919660318187424,0.9322916666666667,0.0014632679474705914
top_pair,handcrafted,logistic,exp_20260729,1,8,28,1104,240,0.015975457994500175,0.9375,0.9238095238095239,0.9247685185185185,0.0014014032742416832
top_pair,handcrafted,random_forest,exp_20260729,1,8,28,1104,240,0.19679362498573028,0.9166666666666667,0.906455956346113,0.9541377314814814,0.0016557669975141769
top_pair,handcrafted,rbf_svm,exp_20260729,1,8,28,1104,240,0.02061691600829363,0.9340277777777778,0.919660318187424,0.9133391203703703,0.0014632679474705914
top_pair,handcrafted,hist_gradient_boosting,exp_20260729,1,8,28,1104,240,3.0148273750091903,0.9149305555555556,0.9062233589087809,0.9639756944444444,0.0017646247867783192
top_pair,handcrafted,mlp,exp_20260729,1,8,28,1104,240,0.07763650000561029,0.9340277777777778,0.919660318187424,0.9361255787037037,0.0014632679474705914
top_pair,handcrafted,logistic,exp_20260729,2,2,13,480,240,0.013498708984116092,0.9375,0.9238095238095239,0.9204282407407407,0.0014014032742416832
top_pair,handcrafted,random_forest,exp_20260729,2,2,13,480,240,0.1784750419901684,0.9149305555555556,0.9062233589087809,0.926830150462963,0.0016582344694795472
top_pair,handcrafted,rbf_svm,exp_20260729,2,2,13,480,240,0.01020712501485832,0.9340277777777778,0.919660318187424,0.9152199074074074,0.0014632679474705914
top_pair,handcrafted,hist_gradient_boosting,exp_20260729,2,2,13,480,240,2.175127791997511,0.9305555555555556,0.919307745394702,0.9341724537037037,0.0014114047273348761
top_pair,handcrafted,mlp,exp_20260729,2,2,13,480,240,0.05648062500404194,0.9305555555555556,0.9155167558434244,0.9351128472222222,0.0015251326206994994
top_pair,handcrafted,logistic,exp_20260729,2,4,18,720,240,0.013914250012021512,0.9375,0.9238095238095239,0.9210792824074074,0.0014014032742416832
top_pair,handcrafted,random_forest,exp_20260729,2,4,18,720,240,0.20857612500549294,0.9184027777777777,0.91036972488485,0.9291811342592592,0.0015845703096990756
top_pair,handcrafted,rbf_svm,exp_20260729,2,4,18,720,240,0.0120009999955073,0.9340277777777778,0.919660318187424,0.9105902777777778,0.0014632679474705914
top_pair,handcrafted,hist_gradient_boosting,exp_20260729,2,4,18,720,240,3.264152959018247,0.9375,0.9238095238095239,0.9437210648148148,0.0014014032742416832
top_pair,handcrafted,mlp,exp_20260729,2,4,18,720,240,0.19369341697893105,0.9340277777777778,0.919660318187424,0.933666087962963,0.0014632679474705914
top_pair,handcrafted,logistic,exp_20260729,2,6,25,984,240,0.020058666996192187,0.9322916666666667,0.919490103991949,0.9217303240740741,0.0014539670692054023
top_pair,handcrafted,random_forest,exp_20260729,2,6,25,984,240,0.21121066698106006,0.9097222222222222,0.9018335082072166,0.9378616898148149,0.0017800366770133198
top_pair,handcrafted,rbf_svm,exp_20260729,2,6,25,984,240,0.015723999997135252,0.9340277777777778,0.919660318187424,0.9065393518518519,0.0014632679474705914
top_pair,handcrafted,hist_gradient_boosting,exp_20260729,2,6,25,984,240,3.3444209579902235,0.9079861111111112,0.9015674316589097,0.9351851851851852,0.0018010322401214541
top_pair,handcrafted,mlp,exp_20260729,2,6,25,984,240,0.10380170802818611,0.9340277777777778,0.919660318187424,0.9352575231481481,0.0014632679474705914
top_pair,handcrafted,logistic,exp_20260729,2,8,32,1248,240,0.015549542004009709,0.9375,0.9238095238095239,0.9246238425925926,0.0014014032742416832
top_pair,handcrafted,random_forest,exp_20260729,2,8,32,1248,240,0.18527749998611398,0.9045138888888888,0.8974285917800413,0.9324363425925927,0.0018732501524650188
top_pair,handcrafted,rbf_svm,exp_20260729,2,8,32,1248,240,0.019535457977326587,0.9340277777777778,0.919660318187424,0.9116030092592592,0.0014632679474705914
top_pair,handcrafted,hist_gradient_boosting,exp_20260729,2,8,32,1248,240,5.020373124978505,0.9149305555555556,0.9062233589087809,0.9363425925925927,0.001703515301605155
top_pair,handcrafted,mlp,exp_20260729,2,8,32,1248,240,0.14088941700174473,0.9340277777777778,0.919660318187424,0.9360532407407407,0.0014632679474705914
top_pair,handcrafted,logistic,exp_20260730,0,2,7,264,240,0.012713917007204145,0.875,0.8534312784631223,0.9178964120370371,0.003002249531597029
top_pair,handcrafted,random_forest,exp_20260730,0,2,7,264,240,0.18757341598393396,0.8229166666666667,0.819471308833011,0.9103370949074073,0.0038775658662268623
top_pair,handcrafted,rbf_svm,exp_20260730,0,2,7,264,240,0.010650834010448307,0.8472222222222223,0.8350922320689229,0.918041087962963,0.0034396567054473938
top_pair,handcrafted,hist_gradient_boosting,exp_20260730,0,2,7,264,240,2.3666237920115236,0.7864583333333334,0.7936602870813397,0.8991247106481481,0.004946399367383238
top_pair,handcrafted,mlp,exp_20260730,0,2,7,264,240,0.08374224998988211,0.8715277777777778,0.845508794516258,0.8936631944444444,0.003330850272806874
top_pair,handcrafted,logistic,exp_20260730,0,4,13,528,240,0.029655084013938904,0.8697916666666667,0.8491514770584538,0.9192708333333334,0.0030570370500640357
top_pair,handcrafted,random_forest,exp_20260730,0,4,13,528,240,0.3919110420101788,0.8298611111111112,0.8245332477397956,0.9039713541666666,0.003537733938088124
top_pair,handcrafted,rbf_svm,exp_20260730,0,4,13,528,240,0.0224442079779692,0.8576388888888888,0.8438571503929947,0.9161603009259258,0.003256126427100641
top_pair,handcrafted,hist_gradient_boosting,exp_20260730,0,4,13,528,240,3.5296870000020135,0.8402777777777778,0.8366645175155814,0.9071180555555556,0.003435470553762567
top_pair,handcrafted,mlp,exp_20260730,0,4,13,528,240,0.0652688329864759,0.8784722222222222,0.8537375285124759,0.896556712962963,0.0031561977520756113
top_pair,handcrafted,logistic,exp_20260730,0,6,20,816,240,0.014291166007751599,0.875,0.8534312784631223,0.9031394675925926,0.003002249531597029
top_pair,handcrafted,random_forest,exp_20260730,0,6,20,816,240,0.2400240830029361,0.8784722222222222,0.8575319505552064,0.9000651041666666,0.002919510751177183
top_pair,handcrafted,rbf_svm,exp_20260730,0,6,20,816,240,0.022142166999401525,0.8802083333333334,0.8577008928571428,0.8813657407407407,0.0029499402277715276
top_pair,handcrafted,hist_gradient_boosting,exp_20260730,0,6,20,816,240,4.657589249982266,0.7916666666666666,0.7941267726451424,0.9126880787037037,0.005304426932389493
top_pair,handcrafted,mlp,exp_20260730,0,6,20,816,240,0.07344254100462422,0.875,0.849624060150376,0.8968460648148149,0.0031936861809741947
top_pair,handcrafted,logistic,exp_20260730,0,8,28,1104,240,0.01611475000390783,0.8802083333333334,0.8577008928571428,0.9059606481481481,0.0029499402277715276
top_pair,handcrafted,random_forest,exp_20260730,0,8,28,1104,240,0.22455037501640618,0.8645833333333333,0.8484848484848485,0.9174623842592593,0.003053462476420613
top_pair,handcrafted,rbf_svm,exp_20260730,0,8,28,1104,240,0.01915920799365267,0.8819444444444444,0.8578496272036792,0.878978587962963,0.0030190336602429323
top_pair,handcrafted,hist_gradient_boosting,exp_20260730,0,8,28,1104,240,4.621554334007669,0.84375,0.834368530020704,0.9263599537037036,0.0042161434494436935
top_pair,handcrafted,mlp,exp_20260730,0,8,28,1104,240,0.09639508300460875,0.8784722222222222,0.8537375285124759,0.8996672453703705,0.0031561977520756113
top_pair,handcrafted,logistic,exp_20260730,0,10,39,1536,240,0.01599787498707883,0.8802083333333334,0.8577008928571428,0.9081307870370371,0.0029499402277715276
top_pair,handcrafted,random_forest,exp_20260730,0,10,39,1536,240,0.3026589580113068,0.8732638888888888,0.8532469120704416,0.9117476851851852,0.002960288327506223
top_pair,handcrafted,rbf_svm,exp_20260730,0,10,39,1536,240,0.030007709021447226,0.8819444444444444,0.8578496272036792,0.8510561342592593,0.0030190336602429323
top_pair,handcrafted,hist_gradient_boosting,exp_20260730,0,10,39,1536,240,3.2718266250158194,0.8472222222222222,0.8384239245978314,0.929542824074074,0.0035559084811003453
top_pair,handcrafted,mlp,exp_20260730,0,10,39,1536,240,0.12455895799212158,0.8854166666666667,0.8619607843137256,0.9067563657407408,0.0028950738231202835
top_pair,handcrafted,logistic,exp_20260730,1,2,9,384,240,0.01267316599842161,0.8489583333333333,0.8388009049773756,0.9225260416666667,0.0033100936364244193
top_pair,handcrafted,random_forest,exp_20260730,1,2,9,384,240,0.14813637497718446,0.828125,0.8269771465647754,0.9216218171296297,0.0038706332472111986
top_pair,handcrafted,rbf_svm,exp_20260730,1,2,9,384,240,0.008264167001470923,0.8559027777777778,0.8435490406807731,0.9161603009259259,0.0033251142949977347
top_pair,handcrafted,hist_gradient_boosting,exp_20260730,1,2,9,384,240,2.2580794999958016,0.8072916666666666,0.8083484573502722,0.9174623842592592,0.004488502616838709
top_pair,handcrafted,mlp,exp_20260730,1,2,9,384,240,0.054630458005703986,0.8715277777777778,0.845508794516258,0.8835358796296295,0.0032298488601324293
top_pair,handcrafted,logistic,exp_20260730,1,4,11,480,240,0.012210125016281381,0.8350694444444444,0.8225851872711912,0.9147858796296297,0.0036411777899997377
top_pair,handcrafted,random_forest,exp_20260730,1,4,11,480,240,0.18308004099526443,0.8246527777777778,0.8229419703103913,0.9191984953703705,0.0037900202433870005
top_pair,handcrafted,rbf_svm,exp_20260730,1,4,11,480,240,0.010449666995555162,0.8541666666666666,0.8397863818424566,0.9114583333333333,0.003306460556034391
top_pair,handcrafted,hist_gradient_boosting,exp_20260730,1,4,11,480,240,2.4381272500031628,0.8072916666666666,0.8083484573502722,0.9223813657407408,0.004488502616838709
top_pair,handcrafted,mlp,exp_20260730,1,4,11,480,240,0.08122512500267476,0.875,0.849624060150376,0.8932291666666667,0.0031936861809741947
top_pair,handcrafted,logistic,exp_20260730,1,6,19,768,240,0.013093291985569522,0.84375,0.834368530020704,0.9210069444444444,0.003364881154891426
top_pair,handcrafted,random_forest,exp_20260730,1,6,19,768,240,0.18977833399549127,0.828125,0.8240311879683113,0.9199942129629629,0.0036192782254463257
top_pair,handcrafted,rbf_svm,exp_20260730,1,6,19,768,240,0.010546584002440795,0.8576388888888888,0.8438571503929947,0.9201388888888888,0.003256126427100641
top_pair,handcrafted,hist_gradient_boosting,exp_20260730,1,6,19,768,240,3.685930040985113,0.8090277777777778,0.8116478983774708,0.917064525462963,0.004200483086981422
top_pair,handcrafted,mlp,exp_20260730,1,6,19,768,240,0.08850904199061915,0.8819444444444444,0.8578496272036792,0.9065393518518517,0.003032237914952963
top_pair,handcrafted,logistic,exp_20260730,1,8,31,1248,240,0.01807312501478009,0.8802083333333334,0.8577008928571428,0.9108796296296295,0.0029499402277715276
top_pair,handcrafted,random_forest,exp_20260730,1,8,31,1248,240,0.20121041699894704,0.8645833333333334,0.8448610213316096,0.9016927083333333,0.0031310182824905225
top_pair,handcrafted,rbf_svm,exp_20260730,1,8,31,1248,240,0.01781120800296776,0.8819444444444444,0.8578496272036792,0.8640769675925927,0.0030190336602429323
top_pair,handcrafted,hist_gradient_boosting,exp_20260730,1,8,31,1248,240,3.3898478749906644,0.796875,0.7963568088678666,0.9137008101851852,0.005077172616057409
top_pair,handcrafted,mlp,exp_20260730,1,8,31,1248,240,0.08269125001970679,0.875,0.849624060150376,0.8915653935185186,0.0031936861809741947
top_pair,handcrafted,logistic,exp_20260730,2,2,13,456,240,0.01231370898312889,0.8854166666666667,0.8619607843137256,0.9166666666666667,0.0028950738231202835
top_pair,handcrafted,random_forest,exp_20260730,2,2,13,456,240,0.1614192910201382,0.8454861111111112,0.8313540861499543,0.9124710648148148,0.003548133055702452
top_pair,handcrafted,rbf_svm,exp_20260730,2,2,13,456,240,0.009495625010458753,0.8819444444444444,0.8578496272036792,0.8985821759259259,0.0030190336602429323
top_pair,handcrafted,hist_gradient_boosting,exp_20260730,2,2,13,456,240,2.23333629098488,0.8506944444444444,0.8391534391534392,0.9119646990740741,0.0035324000826651965
top_pair,handcrafted,mlp,exp_20260730,2,2,13,456,240,0.0789607500191778,0.8819444444444444,0.8578496272036792,0.9027054398148148,0.0030190336602429323
top_pair,handcrafted,logistic,exp_20260730,2,4,16,576,240,0.01178604201413691,0.8854166666666667,0.8619607843137256,0.9164496527777778,0.0028950738231202835
top_pair,handcrafted,random_forest,exp_20260730,2,4,16,576,240,0.18320729097467847,0.8628472222222222,0.8446438881016113,0.9129412615740741,0.0030692158131513177
top_pair,handcrafted,rbf_svm,exp_20260730,2,4,16,576,240,0.009671917010564357,0.8819444444444444,0.8578496272036792,0.9019097222222222,0.0030190336602429323
top_pair,handcrafted,hist_gradient_boosting,exp_20260730,2,4,16,576,240,2.71599183298531,0.8645833333333333,0.8484848484848485,0.9130497685185185,0.003186994839751044
top_pair,handcrafted,mlp,exp_20260730,2,4,16,576,240,0.061973500007297844,0.8784722222222222,0.8537375285124759,0.9012586805555555,0.0031561977520756113
top_pair,handcrafted,logistic,exp_20260730,2,6,23,864,240,0.013431708997813985,0.8802083333333334,0.8577008928571428,0.9079137731481481,0.0029499402277715276
top_pair,handcrafted,random_forest,exp_20260730,2,6,23,864,240,0.2638712089974433,0.875,0.8571328524406472,0.9215133101851852,0.0028936234966339984
top_pair,handcrafted,rbf_svm,exp_20260730,2,6,23,864,240,0.017363082995871082,0.8819444444444444,0.8578496272036792,0.8715277777777778,0.0030190336602429323
top_pair,handcrafted,hist_gradient_boosting,exp_20260730,2,6,23,864,240,3.4700803329760674,0.8663194444444444,0.8522973044258058,0.9265769675925926,0.0031116172136193398
top_pair,handcrafted,mlp,exp_20260730,2,6,23,864,240,0.06937666700105183,0.875,0.849624060150376,0.8999565972222223,0.0031936861809741947
top_pair,handcrafted,logistic,exp_20260730,2,8,33,1296,240,0.01506962499115616,0.8802083333333334,0.8577008928571428,0.9008969907407407,0.0029499402277715276
top_pair,handcrafted,random_forest,exp_20260730,2,8,33,1296,240,0.20414508300018497,0.8732638888888888,0.8532469120704416,0.90625,0.002983262269609751
top_pair,handcrafted,rbf_svm,exp_20260730,2,8,33,1296,240,0.019420166994677857,0.8819444444444444,0.8578496272036792,0.8541666666666666,0.0030190336602429323
top_pair,handcrafted,hist_gradient_boosting,exp_20260730,2,8,33,1296,240,3.709633416001452,0.8541666666666666,0.8397863818424566,0.9208622685185185,0.003560761600427433
top_pair,handcrafted,mlp,exp_20260730,2,8,33,1296,240,0.1683178749808576,0.8784722222222222,0.8537375285124759,0.8940972222222222,0.0031561977520756113
top_pair,handcrafted,logistic,exp_20260731,0,2,5,240,240,0.012507499981438741,0.9107142857142857,0.8647734956051386,0.9273313492063492,0.001445465583700375
top_pair,handcrafted,random_forest,exp_20260731,0,2,5,240,240,0.12796120898565277,0.9097222222222222,0.8831752954691485,0.957010582010582,0.0015207810436577021
top_pair,handcrafted,rbf_svm,exp_20260731,0,2,5,240,240,0.006614332989556715,0.9216269841269842,0.8852135983623807,0.954943783068783,0.0011497320117359305
top_pair,handcrafted,hist_gradient_boosting,exp_20260731,0,2,5,240,240,0.3989829999918584,0.8452380952380952,0.8425067672873432,0.9423776455026455,0.003519103422944249
top_pair,handcrafted,mlp,exp_20260731,0,2,5,240,240,0.06865720800124109,0.9077380952380952,0.8606088992974239,0.9368386243386243,0.0015808536906244115
top_pair,handcrafted,logistic,exp_20260731,0,4,17,720,240,0.01299933300470002,0.9166666666666667,0.8731501057082452,0.910135582010582,0.0013008117019284258
top_pair,handcrafted,random_forest,exp_20260731,0,4,17,720,240,0.18858266601455398,0.9275793650793651,0.8937950937950938,0.9333664021164021,0.0010947286876381497
top_pair,handcrafted,rbf_svm,exp_20260731,0,4,17,720,240,0.01090920899878256,0.9166666666666667,0.8731501057082452,0.9248511904761906,0.0013338400751722321
top_pair,handcrafted,hist_gradient_boosting,exp_20260731,0,4,17,720,240,3.302511207992211,0.7430555555555556,0.7590952688987531,0.9304728835978835,0.0065020099276497595
top_pair,handcrafted,mlp,exp_20260731,0,4,17,720,240,0.06525712501024827,0.8988095238095238,0.848202991293995,0.9336970899470899,0.0018282771046216752
top_pair,handcrafted,logistic,exp_20260731,0,6,23,960,240,0.014608750003390014,0.9226190476190477,0.8815939278937381,0.9148478835978836,0.0011978407143267188
top_pair,handcrafted,random_forest,exp_20260731,0,6,23,960,240,0.2261270839953795,0.9325396825396826,0.90625,0.9449404761904763,0.0010422018378321222
top_pair,handcrafted,rbf_svm,exp_20260731,0,6,23,960,240,0.06472387499525212,0.9196428571428572,0.8773633111905978,0.9254298941798942,0.0012615131342862576
top_pair,handcrafted,hist_gradient_boosting,exp_20260731,0,6,23,960,240,3.418125374999363,0.751984126984127,0.7716563972453787,0.9444444444444445,0.005519700186613189
top_pair,handcrafted,mlp,exp_20260731,0,6,23,960,240,0.0919243750104215,0.9166666666666667,0.8731501057082452,0.9376653439153438,0.0013414663745298133
top_pair,handcrafted,logistic,exp_20260731,0,8,31,1272,240,0.015294291981263086,0.9196428571428572,0.8773633111905978,0.9209656084656085,0.0012536534685907903
top_pair,handcrafted,random_forest,exp_20260731,0,8,31,1272,240,0.1847798750095535,0.9265873015873016,0.8975075704635453,0.9522982804232805,0.0011201392362755556
top_pair,handcrafted,rbf_svm,exp_20260731,0,8,31,1272,240,0.02131691700196825,0.9196428571428572,0.8773633111905978,0.9249338624338624,0.0012615131342862576
top_pair,handcrafted,hist_gradient_boosting,exp_20260731,0,8,31,1272,240,3.4856173750013113,0.8779761904761905,0.8618362282878411,0.9442791005291006,0.0021666529572646263
top_pair,handcrafted,mlp,exp_20260731,0,8,31,1272,240,0.21607500000391155,0.9196428571428572,0.8773633111905978,0.9425429894179894,0.0012777939545702745
top_pair,handcrafted,logistic,exp_20260731,0,10,38,1536,240,0.0308899579977151,0.9226190476190477,0.8815939278937381,0.9290674603174603,0.0011813265277048155
top_pair,handcrafted,random_forest,exp_20260731,0,10,38,1536,240,0.2595892079989426,0.9047619047619048,0.886039886039886,0.9546957671957672,0.0015303403540066988
top_pair,handcrafted,rbf_svm,exp_20260731,0,10,38,1536,240,0.025570208992576227,0.9196428571428572,0.8773633111905978,0.9270833333333333,0.0012615131342862576
top_pair,handcrafted,hist_gradient_boosting,exp_20260731,0,10,38,1536,240,3.5521744999859948,0.8948412698412698,0.8765432098765432,0.9455191798941799,0.001692248630321835
top_pair,handcrafted,mlp,exp_20260731,0,10,38,1536,240,0.1292591670062393,0.9226190476190477,0.8815939278937381,0.949404761904762,0.0011978407143267188
top_pair,handcrafted,logistic,exp_20260731,1,2,10,408,240,0.011293834017124027,0.8640873015873016,0.8512921988367212,0.9483300264550265,0.0024891648960960037
top_pair,handcrafted,random_forest,exp_20260731,1,2,10,408,240,0.1732228749897331,0.8095238095238095,0.8295454545454546,0.9616402116402116,0.004399542269299922
top_pair,handcrafted,rbf_svm,exp_20260731,1,2,10,408,240,0.008012166974367574,0.873015873015873,0.8642424242424243,0.9561838624338624,0.00223569466865342
top_pair,handcrafted,hist_gradient_boosting,exp_20260731,1,2,10,408,240,2.4903449170233216,0.8115079365079365,0.836897426603842,0.9533316798941799,0.005175482763925731
top_pair,handcrafted,mlp,exp_20260731,1,2,10,408,240,0.07266954198712483,0.9136904761904762,0.8689537007399597,0.955026455026455,0.0014137933154157879
top_pair,handcrafted,logistic,exp_20260731,1,4,18,720,240,0.01252570899669081,0.9067460317460317,0.878872583275099,0.9407242063492063,0.0014546911078050857
top_pair,handcrafted,random_forest,exp_20260731,1,4,18,720,240,0.20538287499221042,0.8878968253968254,0.87136476426799,0.960896164021164,0.0019693891304570317
top_pair,handcrafted,rbf_svm,exp_20260731,1,4,18,720,240,0.01224754098802805,0.9117063492063492,0.8760306862313711,0.947255291005291,0.0013660630913245632
top_pair,handcrafted,hist_gradient_boosting,exp_20260731,1,4,18,720,240,3.597655916993972,0.8591269841269842,0.8534679257570823,0.9557705026455026,0.0026910006127133495
top_pair,handcrafted,mlp,exp_20260731,1,4,18,720,240,0.09746066699153744,0.9255952380952381,0.8858425769135638,0.9573412698412698,0.0011655590009508434
top_pair,handcrafted,logistic,exp_20260731,1,6,25,1008,240,0.015954332979163155,0.9037698412698413,0.8745911633217859,0.9440310846560847,0.0014346156031222433
top_pair,handcrafted,random_forest,exp_20260731,1,6,25,1008,240,0.1916992499900516,0.9017857142857142,0.8816824752026188,0.9599041005291005,0.0015847779857984814
top_pair,handcrafted,rbf_svm,exp_20260731,1,6,25,1008,240,0.016412415978265926,0.9196428571428572,0.8773633111905978,0.9387400793650793,0.0012615131342862576
top_pair,handcrafted,hist_gradient_boosting,exp_20260731,1,6,25,1008,240,3.531219124997733,0.8799603174603174,0.8695625918396103,0.9539517195767195,0.0021777612922402414
top_pair,handcrafted,mlp,exp_20260731,1,6,25,1008,240,0.08032354197348468,0.9196428571428572,0.8773633111905978,0.9534556878306879,0.0012777939545702745
top_pair,handcrafted,logistic,exp_20260731,1,8,31,1248,240,0.014784375001909211,0.9206349206349207,0.8888545847483791,0.9427083333333334,0.0011821572111800497
top_pair,handcrafted,random_forest,exp_20260731,1,8,31,1248,240,0.2882954999804497,0.9047619047619048,0.886039886039886,0.9607308201058201,0.0015271558817135376
top_pair,handcrafted,rbf_svm,exp_20260731,1,8,31,1248,240,0.034940167010063305,0.9226190476190477,0.8815939278937381,0.935515873015873,0.0012292314209103822
top_pair,handcrafted,hist_gradient_boosting,exp_20260731,1,8,31,1248,240,4.2182196250068955,0.8660714285714286,0.8588779172327095,0.9485780423280423,0.002498254326981674
top_pair,handcrafted,mlp,exp_20260731,1,8,31,1248,240,0.08096491699689068,0.9107142857142857,0.8647734956051386,0.9502314814814815,0.0015009004503808558
top_pair,handcrafted,logistic,exp_20260731,2,2,6,264,240,0.01175708300434053,0.9136904761904762,0.8689537007399597,0.9422123015873016,0.0013731386428144005
top_pair,handcrafted,random_forest,exp_20260731,2,2,6,264,240,0.17725933401379734,0.8621031746031746,0.8438208672674568,0.9392774470899471,0.002586383911635658
top_pair,handcrafted,rbf_svm,exp_20260731,2,2,6,264,240,0.008473250025417656,0.8998015873015873,0.8738293191066804,0.953042328042328,0.0015075023316381666
top_pair,handcrafted,hist_gradient_boosting,exp_20260731,2,2,6,264,240,2.6231784580159,0.7490079365079365,0.748018528049408,0.9122023809523809,0.006394288527433073
top_pair,handcrafted,mlp,exp_20260731,2,2,6,264,240,0.07548324999515899,0.8988095238095238,0.848202991293995,0.9382440476190477,0.0018781921046393875
top_pair,handcrafted,logistic,exp_20260731,2,4,8,360,240,0.02572816700558178,0.9166666666666667,0.8731501057082452,0.9294808201058201,0.0013338400751722321
top_pair,handcrafted,random_forest,exp_20260731,2,4,8,360,240,0.23344691601232626,0.9206349206349207,0.8888545847483791,0.9606894841269841,0.0012685538324734371
top_pair,handcrafted,rbf_svm,exp_20260731,2,4,8,360,240,0.009900542005198076,0.9285714285714286,0.8901098901098901,0.9548611111111112,0.0010776072541417443
top_pair,handcrafted,hist_gradient_boosting,exp_20260731,2,4,8,360,240,2.753754792007385,0.8898809523809523,0.8644833427442122,0.9378720238095238,0.0018582972332717197
top_pair,handcrafted,mlp,exp_20260731,2,4,8,360,240,0.06186904097557999,0.8928571428571428,0.8400000000000001,0.9332010582010583,0.0019628595183197217
top_pair,handcrafted,logistic,exp_20260731,2,6,20,816,240,0.018042334006167948,0.8938492063492063,0.8653016198641404,0.9409722222222222,0.0015609655460815974
top_pair,handcrafted,random_forest,exp_20260731,2,6,20,816,240,0.24454633399727754,0.9067460317460317,0.8940949935815148,0.954902447089947,0.0015183266129909375
top_pair,handcrafted,rbf_svm,exp_20260731,2,6,20,816,240,0.018141207983717322,0.9146825396825397,0.8802854731026015,0.9410548941798942,0.0012929434367706532
top_pair,handcrafted,hist_gradient_boosting,exp_20260731,2,6,20,816,240,3.6746243750094436,0.7341269841269842,0.7555555555555555,0.943121693121693,0.0059856930091977
top_pair,handcrafted,mlp,exp_20260731,2,6,20,816,240,0.06634729099459946,0.9107142857142857,0.8647734956051386,0.9516369047619048,0.0015009004503808558
top_pair,handcrafted,logistic,exp_20260731,2,8,26,1056,240,0.014158083009533584,0.8968253968253969,0.8695550896808759,0.939484126984127,0.0014835873287669596
top_pair,handcrafted,random_forest,exp_20260731,2,8,26,1056,240,0.1889904999989085,0.9097222222222222,0.8985486825419191,0.9515955687830688,0.0014526198459162585
top_pair,handcrafted,rbf_svm,exp_20260731,2,8,26,1056,240,0.015352207992691547,0.9007936507936507,0.8703303488731089,0.9372519841269841,0.0015074929887853876
top_pair,handcrafted,hist_gradient_boosting,exp_20260731,2,8,26,1056,240,3.6894002920016646,0.7371031746031746,0.7597709443888359,0.9446097883597884,0.006230841147051487
top_pair,handcrafted,mlp,exp_20260731,2,8,26,1056,240,0.09149916699971072,0.9196428571428572,0.8773633111905978,0.9519675925925926,0.0012777939545702745
left_pair,handcrafted,logistic,exp_20260715,0,2,7,264,48,0.011448792007286102,0.8333333333333333,0.8285714285714285,1.0,0.005163501778619056
left_pair,handcrafted,random_forest,exp_20260715,0,2,7,264,48,0.15792179200798273,0.6875,0.6536796536796536,1.0,0.013211653000092895
left_pair,handcrafted,rbf_svm,exp_20260715,0,2,7,264,48,0.005197749997023493,0.9166666666666667,0.916083916083916,0.9357638888888888,0.0018794812668111469
left_pair,handcrafted,hist_gradient_boosting,exp_20260715,0,2,7,264,48,1.246559833001811,0.8125,0.8056680161943319,0.935763888888889,0.005993992026835149
left_pair,handcrafted,mlp,exp_20260715,0,2,7,264,48,0.04508962499676272,0.8125,0.8056680161943319,0.8038194444444444,0.006689571662646869
left_pair,handcrafted,logistic,exp_20260715,0,4,19,720,48,0.013081084005534649,0.6875,0.6536796536796536,1.0,0.012737451827638663
left_pair,handcrafted,random_forest,exp_20260715,0,4,19,720,48,0.19374370900914073,0.75,0.7333333333333334,0.9791666666666667,0.01008065008173996
left_pair,handcrafted,rbf_svm,exp_20260715,0,4,19,720,48,0.008893541991710663,0.9375,0.9372549019607843,0.9652777777777778,0.0009602353914216896
left_pair,handcrafted,hist_gradient_boosting,exp_20260715,0,4,19,720,48,2.982659834000515,0.75,0.7333333333333334,0.9913194444444444,0.010268799576420283
left_pair,handcrafted,mlp,exp_20260715,0,4,19,720,48,0.08217104198411107,0.7708333333333333,0.7581310123683005,1.0,0.009263672242152162
left_pair,handcrafted,logistic,exp_20260715,0,6,32,1198,48,0.013241375010693446,0.6875,0.6536796536796536,1.0,0.012355476563845495
left_pair,handcrafted,random_forest,exp_20260715,0,6,32,1198,48,0.20146929199108854,0.9583333333333333,0.9582608695652174,0.9939236111111112,0.0004217722526858483
left_pair,handcrafted,rbf_svm,exp_20260715,0,6,32,1198,48,0.016553041990846395,0.9583333333333333,0.9582608695652174,0.984375,0.0004217722526858483
left_pair,handcrafted,hist_gradient_boosting,exp_20260715,0,6,32,1198,48,4.559080084000016,0.875,0.873015873015873,1.0,0.002959422108436601
left_pair,handcrafted,mlp,exp_20260715,0,6,32,1198,48,0.19330083299428225,0.9583333333333333,0.9582608695652174,1.0,0.0004217722526858483
left_pair,handcrafted,logistic,exp_20260715,0,8,37,1438,48,0.03327829099725932,0.9583333333333333,0.9582608695652174,1.0,0.0004217722526858483
left_pair,handcrafted,random_forest,exp_20260715,0,8,37,1438,48,0.2050471669936087,0.9583333333333333,0.9582608695652174,1.0,0.0004217722526858483
left_pair,handcrafted,rbf_svm,exp_20260715,0,8,37,1438,48,0.03209962500841357,0.9583333333333333,0.9582608695652174,0.9861111111111112,0.0004217722526858483
left_pair,handcrafted,hist_gradient_boosting,exp_20260715,0,8,37,1438,48,5.140480041998671,0.9583333333333333,0.9582608695652174,0.9999999999999999,0.0004217722526858483
left_pair,handcrafted,mlp,exp_20260715,0,8,37,1438,48,0.13102291701943614,0.9583333333333333,0.9582608695652174,1.0,0.0004217722526858483
left_pair,handcrafted,logistic,exp_20260715,0,10,44,1726,48,0.017873332981253043,0.9583333333333333,0.9582608695652174,1.0,0.0004217722526858483
left_pair,handcrafted,random_forest,exp_20260715,0,10,44,1726,48,0.2721153750026133,0.9583333333333333,0.9582608695652174,1.0,0.0004217722526858483
left_pair,handcrafted,rbf_svm,exp_20260715,0,10,44,1726,48,0.04967849998502061,0.9583333333333333,0.9582608695652174,0.9965277777777777,0.0004217722526858483
left_pair,handcrafted,hist_gradient_boosting,exp_20260715,0,10,44,1726,48,5.340704333008034,0.9583333333333333,0.9582608695652174,0.9999999999999999,0.0004217722526858483
left_pair,handcrafted,mlp,exp_20260715,0,10,44,1726,48,0.09178041701670736,0.9583333333333333,0.9582608695652174,1.0,0.0004217722526858483
left_pair,handcrafted,logistic,exp_20260715,1,2,5,240,48,0.013078417017823085,0.9583333333333333,0.9582608695652174,1.0,0.0004217722526858483
left_pair,handcrafted,random_forest,exp_20260715,1,2,5,240,48,0.18462575000012293,0.9583333333333333,0.9582608695652174,1.0,0.0004217722526858483
left_pair,handcrafted,rbf_svm,exp_20260715,1,2,5,240,48,0.006971583003178239,0.9583333333333333,0.9582608695652174,0.984375,0.0004217722526858483
left_pair,handcrafted,hist_gradient_boosting,exp_20260715,1,2,5,240,48,0.907456834014738,0.9583333333333333,0.9582608695652174,0.9600694444444445,0.0004217722526858483
left_pair,handcrafted,mlp,exp_20260715,1,2,5,240,48,0.042893792007816955,1.0,1.0,1.0,0.0
left_pair,handcrafted,logistic,exp_20260715,1,4,17,696,48,0.014993416989455,0.9583333333333333,0.9582608695652174,1.0,0.0004217722526858483
left_pair,handcrafted,random_forest,exp_20260715,1,4,17,696,48,0.21991237500333227,0.9583333333333333,0.9582608695652174,1.0,0.0004217722526858483
left_pair,handcrafted,rbf_svm,exp_20260715,1,4,17,696,48,0.013229000003775582,0.9583333333333333,0.9582608695652174,0.984375,0.0004217722526858483
left_pair,handcrafted,hist_gradient_boosting,exp_20260715,1,4,17,696,48,4.370055500010494,0.9583333333333333,0.9582608695652174,0.986111111111111,0.0004217722526858483
left_pair,handcrafted,mlp,exp_20260715,1,4,17,696,48,0.09033866602112539,0.9583333333333333,0.9582608695652174,1.0,0.0004217722526858483
left_pair,handcrafted,logistic,exp_20260715,1,6,29,1126,48,0.017536542000016198,0.9583333333333333,0.9582608695652174,1.0,0.0004217722526858483
left_pair,handcrafted,random_forest,exp_20260715,1,6,29,1126,48,0.2498481670045294,0.9583333333333333,0.9582608695652174,1.0,0.0004217722526858483
left_pair,handcrafted,rbf_svm,exp_20260715,1,6,29,1126,48,0.032994667009916157,0.9583333333333333,0.9582608695652174,0.9878472222222221,0.0004217722526858483
left_pair,handcrafted,hist_gradient_boosting,exp_20260715,1,6,29,1126,48,5.483872290991712,0.9583333333333333,0.9582608695652174,0.9965277777777778,0.0004217722526858483
left_pair,handcrafted,mlp,exp_20260715,1,6,29,1126,48,0.10108437499729916,0.9583333333333333,0.9582608695652174,1.0,0.0004217722526858483
left_pair,handcrafted,logistic,exp_20260715,1,8,32,1246,48,0.01668825000524521,0.9583333333333333,0.9582608695652174,1.0,0.0004217722526858483
left_pair,handcrafted,random_forest,exp_20260715,1,8,32,1246,48,0.20042879099491984,0.9583333333333333,0.9582608695652174,1.0,0.0004217722526858483
left_pair,handcrafted,rbf_svm,exp_20260715,1,8,32,1246,48,0.018412417004583403,0.9583333333333333,0.9582608695652174,0.9878472222222221,0.0004217722526858483
left_pair,handcrafted,hist_gradient_boosting,exp_20260715,1,8,32,1246,48,5.344278333999682,0.9583333333333333,0.9582608695652174,0.998263888888889,0.0004217722526858483
left_pair,handcrafted,mlp,exp_20260715,1,8,32,1246,48,0.12812454099184833,0.9583333333333333,0.9582608695652174,1.0,0.0004217722526858483
left_pair,handcrafted,logistic,exp_20260715,2,2,8,286,48,0.021198917005676776,0.8333333333333333,0.8285714285714285,1.0,0.006134296353583629
left_pair,handcrafted,random_forest,exp_20260715,2,2,8,286,48,0.18601495900657028,0.7916666666666667,0.7822141560798548,1.0,0.008541795246986757
left_pair,handcrafted,rbf_svm,exp_20260715,2,2,8,286,48,0.0067827500170096755,0.9583333333333333,0.9582608695652174,1.0,0.002428503589089872
left_pair,handcrafted,hist_gradient_boosting,exp_20260715,2,2,8,286,48,1.7110077919787727,0.7083333333333334,0.6812144212523719,1.0,0.01212919367577308
left_pair,handcrafted,mlp,exp_20260715,2,2,8,286,48,0.044477707997430116,0.8125,0.8056680161943319,0.8333333333333334,0.006689571662646869
left_pair,handcrafted,logistic,exp_20260715,2,4,16,574,48,0.012819416995625943,0.8333333333333333,0.8285714285714285,1.0,0.005908607077913151
left_pair,handcrafted,random_forest,exp_20260715,2,4,16,574,48,0.19708066698512994,0.875,0.873015873015873,0.9791666666666667,0.004235154030450151
left_pair,handcrafted,rbf_svm,exp_20260715,2,4,16,574,48,0.006912000011652708,0.9375,0.9372549019607843,0.9861111111111112,0.001445477986433871
left_pair,handcrafted,hist_gradient_boosting,exp_20260715,2,4,16,574,48,2.6336570410057902,0.6875,0.6536796536796536,0.9618055555555556,0.012941165157645117
left_pair,handcrafted,mlp,exp_20260715,2,4,16,574,48,0.08377291599754244,0.9375,0.9372549019607843,1.0,0.0009602353914216896
left_pair,handcrafted,logistic,exp_20260715,2,6,21,814,48,0.012065374990925193,0.9583333333333333,0.9582608695652174,1.0,0.0004217722526858483
left_pair,handcrafted,random_forest,exp_20260715,2,6,21,814,48,0.18800299998838454,0.9583333333333333,0.9582608695652174,1.0,0.0004217722526858483
left_pair,handcrafted,rbf_svm,exp_20260715,2,6,21,814,48,0.008067958988249302,0.9583333333333333,0.9582608695652174,0.9965277777777777,0.0004217722526858483
left_pair,handcrafted,hist_gradient_boosting,exp_20260715,2,6,21,814,48,3.2975700829993,0.9583333333333333,0.9582608695652174,0.9861111111111112,0.0004217722526858483
left_pair,handcrafted,mlp,exp_20260715,2,6,21,814,48,0.0864434159884695,0.9583333333333333,0.9582608695652174,1.0,0.0004217722526858483
left_pair,handcrafted,logistic,exp_20260715,2,8,32,1246,48,0.016575749992625788,0.9583333333333333,0.9582608695652174,1.0,0.0004217722526858483
left_pair,handcrafted,random_forest,exp_20260715,2,8,32,1246,48,0.19155458398745395,0.9583333333333333,0.9582608695652174,1.0,0.0004217722526858483
left_pair,handcrafted,rbf_svm,exp_20260715,2,8,32,1246,48,0.015975624992279336,0.9583333333333333,0.9582608695652174,0.9878472222222221,0.0004217722526858483
left_pair,handcrafted,hist_gradient_boosting,exp_20260715,2,8,32,1246,48,3.1324872499972116,0.9583333333333333,0.9582608695652174,0.998263888888889,0.0004217722526858483
left_pair,handcrafted,mlp,exp_20260715,2,8,32,1246,48,0.11756833299295977,0.9583333333333333,0.9582608695652174,1.0,0.0004217722526858483
left_pair,handcrafted,logistic,exp_20260717,0,2,11,432,48,0.013187667005695403,0.75,0.7333333333333334,1.0,0.011501114968038613
left_pair,handcrafted,random_forest,exp_20260717,0,2,11,432,48,0.15831004199571908,0.6666666666666666,0.625,1.0,0.0164348805988498
left_pair,handcrafted,rbf_svm,exp_20260717,0,2,11,432,48,0.006836417014710605,1.0,1.0,1.0,0.0
left_pair,handcrafted,hist_gradient_boosting,exp_20260717,0,2,11,432,48,2.4184700839978177,0.7083333333333334,0.6812144212523719,1.0,0.011729103640856246
left_pair,handcrafted,mlp,exp_20260717,0,2,11,432,48,0.08689454098930582,0.6458333333333333,0.6419482229047828,0.7604166666666667,0.02095502187782904
left_pair,handcrafted,logistic,exp_20260717,0,4,13,528,48,0.021052791009424254,1.0,1.0,1.0,0.0
left_pair,handcrafted,random_forest,exp_20260717,0,4,13,528,48,0.17138574999989942,1.0,1.0,1.0,0.0
left_pair,handcrafted,rbf_svm,exp_20260717,0,4,13,528,48,0.007662291987799108,1.0,1.0,1.0,0.0
left_pair,handcrafted,hist_gradient_boosting,exp_20260717,0,4,13,528,48,3.121635041985428,1.0,1.0,1.0,0.0
left_pair,handcrafted,mlp,exp_20260717,0,4,13,528,48,0.07509304099949077,0.9375,0.9372549019607843,1.0,0.001261012068004945
left_pair,handcrafted,logistic,exp_20260717,0,6,25,984,48,0.014018582995049655,1.0,1.0,1.0,0.0
left_pair,handcrafted,random_forest,exp_20260717,0,6,25,984,48,0.20099583300179802,1.0,1.0,1.0,0.0
left_pair,handcrafted,rbf_svm,exp_20260717,0,6,25,984,48,0.011008666013367474,1.0,1.0,1.0,0.0
left_pair,handcrafted,hist_gradient_boosting,exp_20260717,0,6,25,984,48,4.042917291983031,1.0,1.0,1.0,0.0
left_pair,handcrafted,mlp,exp_20260717,0,6,25,984,48,0.07557912499760278,0.9375,0.9372549019607843,1.0,0.0008299307619555196
left_pair,handcrafted,logistic,exp_20260717,0,8,31,1248,48,0.013809958007186651,1.0,1.0,1.0,0.0
left_pair,handcrafted,random_forest,exp_20260717,0,8,31,1248,48,0.20100499998079613,1.0,1.0,1.0,0.0
left_pair,handcrafted,rbf_svm,exp_20260717,0,8,31,1248,48,0.012890290992800146,1.0,1.0,1.0,0.0
left_pair,handcrafted,hist_gradient_boosting,exp_20260717,0,8,31,1248,48,3.214458166010445,1.0,1.0,1.0,0.0
left_pair,handcrafted,mlp,exp_20260717,0,8,31,1248,48,0.11123566600144841,0.9166666666666667,0.916083916083916,1.0,0.0013680904495825558
left_pair,handcrafted,logistic,exp_20260717,0,10,44,1726,48,0.019598707993282005,0.9791666666666667,0.9791576204950065,1.0,0.0016579555527128972
left_pair,handcrafted,random_forest,exp_20260717,0,10,44,1726,48,0.17486987501615658,0.9791666666666667,0.9791576204950065,1.0,0.001751413320938099
left_pair,handcrafted,rbf_svm,exp_20260717,0,10,44,1726,48,0.025727583008119836,1.0,1.0,1.0,0.0
left_pair,handcrafted,hist_gradient_boosting,exp_20260717,0,10,44,1726,48,3.458321790996706,0.9791666666666667,0.9791576204950065,1.0,0.00021020571755308041
left_pair,handcrafted,mlp,exp_20260717,0,10,44,1726,48,0.09317337500397116,0.7083333333333334,0.6812144212523719,1.0,0.01212084001244105
left_pair,handcrafted,logistic,exp_20260717,1,2,8,286,48,0.011881542013725266,0.875,0.873015873015873,1.0,0.0055439899882086365
left_pair,handcrafted,random_forest,exp_20260717,1,2,8,286,48,0.16543495800578967,1.0,1.0,1.0,0.0
left_pair,handcrafted,rbf_svm,exp_20260717,1,2,8,286,48,0.0059821660106536,1.0,1.0,1.0,0.0
left_pair,handcrafted,hist_gradient_boosting,exp_20260717,1,2,8,286,48,1.2316086670034565,0.9791666666666667,0.9791576204950065,1.0,0.00021020571755308041
left_pair,handcrafted,mlp,exp_20260717,1,2,8,286,48,0.04832387500209734,1.0,1.0,1.0,0.0
left_pair,handcrafted,logistic,exp_20260717,1,4,15,574,48,0.013023083010921255,0.6666666666666666,0.625,1.0,0.015208809089120201
left_pair,handcrafted,random_forest,exp_20260717,1,4,15,574,48,0.19307266699615866,1.0,1.0,1.0,0.0
left_pair,handcrafted,rbf_svm,exp_20260717,1,4,15,574,48,0.007039541000267491,1.0,1.0,1.0,0.0
left_pair,handcrafted,hist_gradient_boosting,exp_20260717,1,4,15,574,48,2.6310826249828096,0.9583333333333333,0.9582608695652174,1.0,0.0021930050890443605
left_pair,handcrafted,mlp,exp_20260717,1,4,15,574,48,0.07893233301001601,0.9583333333333333,0.9582608695652174,1.0,0.0010508063504518646
left_pair,handcrafted,logistic,exp_20260717,1,6,25,982,48,0.014501541998470202,0.9791666666666667,0.9791576204950065,1.0,0.0004095193268493589
left_pair,handcrafted,random_forest,exp_20260717,1,6,25,982,48,0.19702758299536072,1.0,1.0,1.0,0.0
left_pair,handcrafted,rbf_svm,exp_20260717,1,6,25,982,48,0.010358625004300848,1.0,1.0,1.0,0.0
left_pair,handcrafted,hist_gradient_boosting,exp_20260717,1,6,25,982,48,3.0671856249973644,0.9583333333333333,0.9582608695652174,1.0,0.003409368873650996
left_pair,handcrafted,mlp,exp_20260717,1,6,25,982,48,0.09253983400412835,0.8125,0.8056680161943319,1.0,0.005636215110327476
left_pair,handcrafted,logistic,exp_20260717,1,8,32,1246,48,0.015373166999779642,0.9791666666666667,0.9791576204950065,1.0,0.0004095193268493589
left_pair,handcrafted,random_forest,exp_20260717,1,8,32,1246,48,0.1910137500090059,0.9791666666666667,0.9791576204950065,1.0,0.0016579555527128972
left_pair,handcrafted,rbf_svm,exp_20260717,1,8,32,1246,48,0.012895166000816971,1.0,1.0,1.0,0.0
left_pair,handcrafted,hist_gradient_boosting,exp_20260717,1,8,32,1246,48,3.0286467080004513,0.9583333333333333,0.9582608695652174,1.0,0.003409368873650996
left_pair,handcrafted,mlp,exp_20260717,1,8,32,1246,48,0.12261966700316407,0.6875,0.6536796536796536,1.0,0.012623910180436177
left_pair,handcrafted,logistic,exp_20260717,2,2,7,264,48,0.010540416988078505,0.6458333333333334,0.5950372208436725,1.0,0.016708041585656457
left_pair,handcrafted,random_forest,exp_20260717,2,2,7,264,48,0.1436134589894209,0.625,0.5636363636363637,1.0,0.01718013585273434
left_pair,handcrafted,rbf_svm,exp_20260717,2,2,7,264,48,0.005359083006624132,0.8958333333333333,0.8946906537955244,1.0,0.004239299635606516
left_pair,handcrafted,hist_gradient_boosting,exp_20260717,2,2,7,264,48,1.1412276249902789,0.75,0.7333333333333334,1.0,0.012872901178294793
left_pair,handcrafted,mlp,exp_20260717,2,2,7,264,48,0.04628949999460019,0.8958333333333333,0.8957881024750325,0.9270833333333333,0.004147969429926559
left_pair,handcrafted,logistic,exp_20260717,2,4,12,504,48,0.01203783301752992,1.0,1.0,1.0,0.0
left_pair,handcrafted,random_forest,exp_20260717,2,4,12,504,48,0.20836124999914318,0.9791666666666667,0.9791576204950065,1.0,0.001751413320938099
left_pair,handcrafted,rbf_svm,exp_20260717,2,4,12,504,48,0.006901250017108396,1.0,1.0,1.0,0.0
left_pair,handcrafted,hist_gradient_boosting,exp_20260717,2,4,12,504,48,2.3157199999841396,1.0,1.0,1.0,0.0
left_pair,handcrafted,mlp,exp_20260717,2,4,12,504,48,0.09075704199494794,0.8958333333333333,0.8946906537955244,1.0,0.0018807371124073841
left_pair,handcrafted,logistic,exp_20260717,2,6,24,984,48,0.013995832996442914,1.0,1.0,1.0,0.0
left_pair,handcrafted,random_forest,exp_20260717,2,6,24,984,48,0.18277462502010167,1.0,1.0,1.0,0.0
left_pair,handcrafted,rbf_svm,exp_20260717,2,6,24,984,48,0.012314666993916035,1.0,1.0,1.0,0.0
left_pair,handcrafted,hist_gradient_boosting,exp_20260717,2,6,24,984,48,2.90992441601702,1.0,1.0,1.0,0.0
left_pair,handcrafted,mlp,exp_20260717,2,6,24,984,48,0.07580512500135228,0.8958333333333333,0.8946906537955244,1.0,0.0018807371124073841
left_pair,handcrafted,logistic,exp_20260717,2,8,31,1248,48,0.013432167004793882,1.0,1.0,1.0,0.0
left_pair,handcrafted,random_forest,exp_20260717,2,8,31,1248,48,0.18991037498926744,1.0,1.0,1.0,0.0
left_pair,handcrafted,rbf_svm,exp_20260717,2,8,31,1248,48,0.01280100000440143,1.0,1.0,1.0,0.0
left_pair,handcrafted,hist_gradient_boosting,exp_20260717,2,8,31,1248,48,3.096824333013501,1.0,1.0,1.0,0.0
left_pair,handcrafted,mlp,exp_20260717,2,8,31,1248,48,0.08760041699861176,0.9166666666666667,0.916083916083916,1.0,0.0013680904495825558
left_pair,handcrafted,logistic,exp_20260720,0,2,12,456,48,0.010843708005268127,1.0,1.0,1.0,0.0
left_pair,handcrafted,random_forest,exp_20260720,0,2,12,456,48,0.1637345000053756,1.0,1.0,1.0,0.0
left_pair,handcrafted,rbf_svm,exp_20260720,0,2,12,456,48,0.005839707999257371,1.0,1.0,1.0,0.0
left_pair,handcrafted,hist_gradient_boosting,exp_20260720,0,2,12,456,48,2.157359707984142,1.0,1.0,1.0,0.0
left_pair,handcrafted,mlp,exp_20260720,0,2,12,456,48,0.04966329099261202,0.9375,0.9372549019607843,0.9027777777777778,0.006874375986912995
left_pair,handcrafted,logistic,exp_20260720,0,4,17,696,48,0.011305208987323567,1.0,1.0,1.0,0.0
left_pair,handcrafted,random_forest,exp_20260720,0,4,17,696,48,0.18881391698960215,1.0,1.0,1.0,0.0
left_pair,handcrafted,rbf_svm,exp_20260720,0,4,17,696,48,0.007336040987865999,1.0,1.0,1.0,0.0
left_pair,handcrafted,hist_gradient_boosting,exp_20260720,0,4,17,696,48,2.351682249980513,1.0,1.0,1.0,0.0
left_pair,handcrafted,mlp,exp_20260720,0,4,17,696,48,0.08795541702420451,0.9375,0.9372549019607843,0.9201388888888888,0.006874375986912995
left_pair,handcrafted,logistic,exp_20260720,0,6,28,1128,48,0.013988582999445498,1.0,1.0,1.0,0.0
left_pair,handcrafted,random_forest,exp_20260720,0,6,28,1128,48,0.18931779099511914,1.0,1.0,1.0,0.0
left_pair,handcrafted,rbf_svm,exp_20260720,0,6,28,1128,48,0.012280291004572064,1.0,1.0,1.0,0.0
left_pair,handcrafted,hist_gradient_boosting,exp_20260720,0,6,28,1128,48,3.104812417004723,1.0,1.0,1.0,0.0
left_pair,handcrafted,mlp,exp_20260720,0,6,28,1128,48,0.09203454200178385,0.9375,0.9372549019607843,0.875,0.006874375986912995
left_pair,handcrafted,logistic,exp_20260720,0,8,37,1438,48,0.014643958013039082,1.0,1.0,1.0,0.0
left_pair,handcrafted,random_forest,exp_20260720,0,8,37,1438,48,0.19509479100815952,1.0,1.0,1.0,0.0
left_pair,handcrafted,rbf_svm,exp_20260720,0,8,37,1438,48,0.016019125003367662,1.0,1.0,1.0,0.0
left_pair,handcrafted,hist_gradient_boosting,exp_20260720,0,8,37,1438,48,3.1809224169992376,0.9791666666666667,0.9791576204950065,1.0,0.001782060629164704
left_pair,handcrafted,mlp,exp_20260720,0,8,37,1438,48,0.10251291701570153,1.0,1.0,1.0,0.0
left_pair,handcrafted,logistic,exp_20260720,0,10,44,1726,48,0.017209333018399775,1.0,1.0,1.0,0.0
left_pair,handcrafted,random_forest,exp_20260720,0,10,44,1726,48,0.20313529099803418,1.0,1.0,1.0,0.0
left_pair,handcrafted,rbf_svm,exp_20260720,0,10,44,1726,48,0.022631708008702844,1.0,1.0,1.0,0.0
left_pair,handcrafted,hist_gradient_boosting,exp_20260720,0,10,44,1726,48,3.1054885830089916,1.0,1.0,1.0,0.0
left_pair,handcrafted,mlp,exp_20260720,0,10,44,1726,48,0.10436716699041426,1.0,1.0,1.0,0.0
left_pair,handcrafted,logistic,exp_20260720,1,2,7,264,48,0.00982545901206322,0.9791666666666667,0.9791576204950065,1.0,0.00021647441817383207
left_pair,handcrafted,random_forest,exp_20260720,1,2,7,264,48,0.1521411660069134,1.0,1.0,1.0,0.0
left_pair,handcrafted,rbf_svm,exp_20260720,1,2,7,264,48,0.005259416997432709,1.0,1.0,1.0,0.0
left_pair,handcrafted,hist_gradient_boosting,exp_20260720,1,2,7,264,48,1.3504074170195963,1.0,1.0,1.0,0.0
left_pair,handcrafted,mlp,exp_20260720,1,2,7,264,48,0.04354908398818225,0.9791666666666667,0.9791576204950065,1.0,0.001736844284233204
left_pair,handcrafted,logistic,exp_20260720,1,4,12,504,48,0.01286212500417605,1.0,1.0,1.0,0.0
left_pair,handcrafted,random_forest,exp_20260720,1,4,12,504,48,0.21543762501096353,1.0,1.0,1.0,0.0
left_pair,handcrafted,rbf_svm,exp_20260720,1,4,12,504,48,0.006598749983822927,1.0,1.0,1.0,0.0
left_pair,handcrafted,hist_gradient_boosting,exp_20260720,1,4,12,504,48,2.24035016700509,1.0,1.0,1.0,0.0
left_pair,handcrafted,mlp,exp_20260720,1,4,12,504,48,0.08183254199684598,0.9375,0.9372549019607843,0.875,0.006874375986912995
left_pair,handcrafted,logistic,exp_20260720,1,6,24,960,48,0.01268304098630324,1.0,1.0,1.0,0.0
left_pair,handcrafted,random_forest,exp_20260720,1,6,24,960,48,0.18910245900042355,1.0,1.0,1.0,0.0
left_pair,handcrafted,rbf_svm,exp_20260720,1,6,24,960,48,0.009356583002954721,1.0,1.0,1.0,0.0
left_pair,handcrafted,hist_gradient_boosting,exp_20260720,1,6,24,960,48,2.896127999993041,1.0,1.0,1.0,0.0
left_pair,handcrafted,mlp,exp_20260720,1,6,24,960,48,0.08075037499656901,0.9375,0.9372549019607843,0.9895833333333334,0.006874375986912995
left_pair,handcrafted,logistic,exp_20260720,1,8,37,1438,48,0.015724416996818036,1.0,1.0,1.0,0.0
left_pair,handcrafted,random_forest,exp_20260720,1,8,37,1438,48,0.19912916698376648,1.0,1.0,1.0,0.0
left_pair,handcrafted,rbf_svm,exp_20260720,1,8,37,1438,48,0.016401000000769272,1.0,1.0,1.0,0.0
left_pair,handcrafted,hist_gradient_boosting,exp_20260720,1,8,37,1438,48,3.587654958013445,1.0,1.0,1.0,0.0
left_pair,handcrafted,mlp,exp_20260720,1,8,37,1438,48,0.10612795798806474,1.0,1.0,1.0,0.0
left_pair,handcrafted,logistic,exp_20260720,2,2,8,312,48,0.013367874984396622,1.0,1.0,1.0,0.0
left_pair,handcrafted,random_forest,exp_20260720,2,2,8,312,48,0.1660572079999838,1.0,1.0,1.0,0.0
left_pair,handcrafted,rbf_svm,exp_20260720,2,2,8,312,48,0.006270292011322454,1.0,1.0,1.0,0.0
left_pair,handcrafted,hist_gradient_boosting,exp_20260720,2,2,8,312,48,1.2798367080104072,0.9791666666666667,0.9791576204950065,1.0,0.0013787506425130016
left_pair,handcrafted,mlp,exp_20260720,2,2,8,312,48,0.04230987498885952,0.875,0.873015873015873,1.0,0.006917926299210126
left_pair,handcrafted,logistic,exp_20260720,2,4,10,408,48,0.011636124982032925,1.0,1.0,1.0,0.0
left_pair,handcrafted,random_forest,exp_20260720,2,4,10,408,48,0.18025179198593833,1.0,1.0,1.0,0.0
left_pair,handcrafted,rbf_svm,exp_20260720,2,4,10,408,48,0.006666040979325771,1.0,1.0,1.0,0.0
left_pair,handcrafted,hist_gradient_boosting,exp_20260720,2,4,10,408,48,2.142736249981681,1.0,1.0,1.0,0.0
left_pair,handcrafted,mlp,exp_20260720,2,4,10,408,48,0.04678279199288227,1.0,1.0,1.0,0.0
left_pair,handcrafted,logistic,exp_20260720,2,6,20,816,48,0.013948499981779605,1.0,1.0,1.0,0.0
left_pair,handcrafted,random_forest,exp_20260720,2,6,20,816,48,0.19505966702126898,1.0,1.0,1.0,0.0
left_pair,handcrafted,rbf_svm,exp_20260720,2,6,20,816,48,0.010234334011329338,1.0,1.0,1.0,0.0
left_pair,handcrafted,hist_gradient_boosting,exp_20260720,2,6,20,816,48,3.346958915994037,1.0,1.0,1.0,0.0
left_pair,handcrafted,mlp,exp_20260720,2,6,20,816,48,0.0935737919935491,0.9375,0.9372549019607843,0.875,0.006874375986912995
left_pair,handcrafted,logistic,exp_20260720,2,8,31,1248,48,0.013935791997937486,1.0,1.0,1.0,0.0
left_pair,handcrafted,random_forest,exp_20260720,2,8,31,1248,48,0.19892087500193156,1.0,1.0,1.0,0.0
left_pair,handcrafted,rbf_svm,exp_20260720,2,8,31,1248,48,0.014405041991267353,1.0,1.0,1.0,0.0
left_pair,handcrafted,hist_gradient_boosting,exp_20260720,2,8,31,1248,48,3.0344049579871353,1.0,1.0,1.0,0.0
left_pair,handcrafted,mlp,exp_20260720,2,8,31,1248,48,0.07383604199276306,0.9375,0.9372549019607843,0.9722222222222222,0.006874375986912995
left_pair,handcrafted,logistic,exp_20260721,0,2,11,432,72,0.011634124995907769,1.0,1.0,1.0,0.0
left_pair,handcrafted,random_forest,exp_20260721,0,2,11,432,72,0.16890874999808148,1.0,1.0,1.0,0.0
left_pair,handcrafted,rbf_svm,exp_20260721,0,2,11,432,72,0.00636554101947695,0.9791666666666667,0.9693617021276595,1.0,0.00029164918218025786
left_pair,handcrafted,hist_gradient_boosting,exp_20260721,0,2,11,432,72,2.019877417013049,1.0,1.0,1.0,0.0
left_pair,handcrafted,mlp,exp_20260721,0,2,11,432,72,0.036766375007573515,0.9270833333333333,0.8970377936670071,0.9991319444444444,0.005524461697225429
left_pair,handcrafted,logistic,exp_20260721,0,4,13,528,72,0.01238066700170748,1.0,1.0,1.0,0.0
left_pair,handcrafted,random_forest,exp_20260721,0,4,13,528,72,0.19387779201497324,1.0,1.0,1.0,0.0
left_pair,handcrafted,rbf_svm,exp_20260721,0,4,13,528,72,0.007410082995193079,0.9791666666666667,0.9693617021276595,1.0,0.00029164918218025786
left_pair,handcrafted,hist_gradient_boosting,exp_20260721,0,4,13,528,72,2.387112958007492,1.0,1.0,1.0,0.0
left_pair,handcrafted,mlp,exp_20260721,0,4,13,528,72,0.09011525000096299,1.0,1.0,1.0,0.0
left_pair,handcrafted,logistic,exp_20260721,0,6,23,936,72,0.012520375021267682,1.0,1.0,1.0,0.0
left_pair,handcrafted,random_forest,exp_20260721,0,6,23,936,72,0.176904583000578,1.0,1.0,1.0,0.0
left_pair,handcrafted,rbf_svm,exp_20260721,0,6,23,936,72,0.009593416994903237,1.0,1.0,1.0,0.0
left_pair,handcrafted,hist_gradient_boosting,exp_20260721,0,6,23,936,72,3.1068592089868616,1.0,1.0,1.0,0.0
left_pair,handcrafted,mlp,exp_20260721,0,6,23,936,72,0.07487295800819993,1.0,1.0,1.0,0.0
left_pair,handcrafted,logistic,exp_20260721,0,8,35,1416,72,0.014985874993726611,1.0,1.0,1.0,0.0
left_pair,handcrafted,random_forest,exp_20260721,0,8,35,1416,72,0.1905796249920968,1.0,1.0,1.0,0.0
left_pair,handcrafted,rbf_svm,exp_20260721,0,8,35,1416,72,0.017770540987839922,1.0,1.0,1.0,0.0
left_pair,handcrafted,hist_gradient_boosting,exp_20260721,0,8,35,1416,72,3.048100957996212,0.9791666666666667,0.9842070629524018,1.0,0.0022279021208958644
left_pair,handcrafted,mlp,exp_20260721,0,8,35,1416,72,0.11045145799289457,1.0,1.0,1.0,0.0
left_pair,handcrafted,logistic,exp_20260721,0,10,43,1702,72,0.01818574999924749,1.0,1.0,1.0,0.0
left_pair,handcrafted,random_forest,exp_20260721,0,10,43,1702,72,0.18915508297504857,1.0,1.0,1.0,0.0
left_pair,handcrafted,rbf_svm,exp_20260721,0,10,43,1702,72,0.02394595800433308,1.0,1.0,1.0,0.0
left_pair,handcrafted,hist_gradient_boosting,exp_20260721,0,10,43,1702,72,3.168928416998824,0.9791666666666667,0.9842070629524018,1.0,0.0022279021208958644
left_pair,handcrafted,mlp,exp_20260721,0,10,43,1702,72,0.11813687498215586,1.0,1.0,1.0,0.0
left_pair,handcrafted,logistic,exp_20260721,1,2,11,430,72,0.012209584005177021,1.0,1.0,1.0,0.0
left_pair,handcrafted,random_forest,exp_20260721,1,2,11,430,72,0.15365320799173787,1.0,1.0,1.0,0.0
left_pair,handcrafted,rbf_svm,exp_20260721,1,2,11,430,72,0.006698250013869256,1.0,1.0,1.0,0.0
left_pair,handcrafted,hist_gradient_boosting,exp_20260721,1,2,11,430,72,2.0629217910172883,1.0,1.0,1.0,0.0
left_pair,handcrafted,mlp,exp_20260721,1,2,11,430,72,0.05552883297787048,1.0,1.0,1.0,0.0
left_pair,handcrafted,logistic,exp_20260721,1,4,18,694,72,0.012682458007475361,1.0,1.0,1.0,0.0
left_pair,handcrafted,random_forest,exp_20260721,1,4,18,694,72,0.2000728330167476,1.0,1.0,1.0,0.0
left_pair,handcrafted,rbf_svm,exp_20260721,1,4,18,694,72,0.007266375003382564,1.0,1.0,1.0,0.0
left_pair,handcrafted,hist_gradient_boosting,exp_20260721,1,4,18,694,72,2.76327479199972,1.0,1.0,1.0,0.0
left_pair,handcrafted,mlp,exp_20260721,1,4,18,694,72,0.12328608299139887,1.0,1.0,1.0,0.0
left_pair,handcrafted,logistic,exp_20260721,1,6,25,982,72,0.013001625018659979,1.0,1.0,1.0,0.0
left_pair,handcrafted,random_forest,exp_20260721,1,6,25,982,72,0.1807073340169154,1.0,1.0,1.0,0.0
left_pair,handcrafted,rbf_svm,exp_20260721,1,6,25,982,72,0.012643374997423962,1.0,1.0,1.0,0.0
left_pair,handcrafted,hist_gradient_boosting,exp_20260721,1,6,25,982,72,3.0370045420131646,1.0,1.0,1.0,0.0
left_pair,handcrafted,mlp,exp_20260721,1,6,25,982,72,0.08591437499853782,1.0,1.0,1.0,0.0
left_pair,handcrafted,logistic,exp_20260721,1,8,36,1414,72,0.017315708013484254,1.0,1.0,1.0,0.0
left_pair,handcrafted,random_forest,exp_20260721,1,8,36,1414,72,0.1932089579931926,1.0,1.0,1.0,0.0
left_pair,handcrafted,rbf_svm,exp_20260721,1,8,36,1414,72,0.01900595799088478,1.0,1.0,1.0,0.0
left_pair,handcrafted,hist_gradient_boosting,exp_20260721,1,8,36,1414,72,3.16736929200124,1.0,1.0,1.0,0.0
left_pair,handcrafted,mlp,exp_20260721,1,8,36,1414,72,0.09654379199491814,1.0,1.0,1.0,0.0
left_pair,handcrafted,logistic,exp_20260721,2,2,12,456,72,0.011876083997776732,1.0,1.0,1.0,0.0
left_pair,handcrafted,random_forest,exp_20260721,2,2,12,456,72,0.15900845799478702,0.9583333333333333,0.9680567879325643,1.0,0.004927083755150074
left_pair,handcrafted,rbf_svm,exp_20260721,2,2,12,456,72,0.00638704199809581,1.0,1.0,1.0,0.0
left_pair,handcrafted,hist_gradient_boosting,exp_20260721,2,2,12,456,72,2.158992416021647,0.9791666666666667,0.9842070629524018,1.0,0.0022279021208958644
left_pair,handcrafted,mlp,exp_20260721,2,2,12,456,72,0.06261250001261942,1.0,1.0,1.0,0.0
left_pair,handcrafted,logistic,exp_20260721,2,4,24,886,72,0.01473916697432287,1.0,1.0,1.0,0.0
left_pair,handcrafted,random_forest,exp_20260721,2,4,24,886,72,0.20416799999657087,1.0,1.0,1.0,0.0
left_pair,handcrafted,rbf_svm,exp_20260721,2,4,24,886,72,0.010553250001976267,1.0,1.0,1.0,0.0
left_pair,handcrafted,hist_gradient_boosting,exp_20260721,2,4,24,886,72,2.821649666002486,0.9583333333333333,0.9680567879325643,1.0,0.005241912820572435
left_pair,handcrafted,mlp,exp_20260721,2,4,24,886,72,0.0769126669911202,1.0,1.0,1.0,0.0
left_pair,handcrafted,logistic,exp_20260721,2,6,26,982,72,0.01543325002421625,1.0,1.0,1.0,0.0
left_pair,handcrafted,random_forest,exp_20260721,2,6,26,982,72,0.17648687501787208,1.0,1.0,1.0,0.0
left_pair,handcrafted,rbf_svm,exp_20260721,2,6,26,982,72,0.011854416981805116,1.0,1.0,1.0,0.0
left_pair,handcrafted,hist_gradient_boosting,exp_20260721,2,6,26,982,72,3.191866167006083,1.0,1.0,1.0,0.0
left_pair,handcrafted,mlp,exp_20260721,2,6,26,982,72,0.0944344169984106,1.0,1.0,1.0,0.0
left_pair,handcrafted,logistic,exp_20260721,2,8,38,1462,72,0.017956041992874816,1.0,1.0,1.0,0.0
left_pair,handcrafted,random_forest,exp_20260721,2,8,38,1462,72,0.19280262498068623,1.0,1.0,1.0,0.0
left_pair,handcrafted,rbf_svm,exp_20260721,2,8,38,1462,72,0.022385832999134436,1.0,1.0,1.0,0.0
left_pair,handcrafted,hist_gradient_boosting,exp_20260721,2,8,38,1462,72,3.093868708005175,0.9791666666666667,0.9842070629524018,1.0,0.0025455354584096412
left_pair,handcrafted,mlp,exp_20260721,2,8,38,1462,72,0.12074087499058805,1.0,1.0,1.0,0.0
left_pair,handcrafted,logistic,exp_20260723,0,2,7,288,216,0.011655124981189147,0.65625,0.6420837589376915,0.6611689814814815,0.014497897298121181
left_pair,handcrafted,random_forest,exp_20260723,0,2,7,288,216,0.1533794580027461,0.90625,0.9191919191919191,0.9851466049382717,0.003016465892289955
left_pair,handcrafted,rbf_svm,exp_20260723,0,2,7,288,216,0.008344999980181456,0.6944444444444444,0.705906996229577,0.875096450617284,0.009301724873787593
left_pair,handcrafted,hist_gradient_boosting,exp_20260723,0,2,7,288,216,1.3217744999856222,0.9375,0.9285106382978723,0.9483989197530865,0.002034503560103938
left_pair,handcrafted,mlp,exp_20260723,0,2,7,288,216,0.06393050000770018,0.9027777777777778,0.8647584973166369,0.9419367283950617,0.0057074110926362215
left_pair,handcrafted,logistic,exp_20260723,0,4,15,600,216,0.013888874993426725,0.8784722222222223,0.871937771242915,0.9553433641975309,0.0037911079202793685
left_pair,handcrafted,random_forest,exp_20260723,0,4,15,600,216,0.18748241601861082,0.8993055555555556,0.9134528698787939,0.9849537037037037,0.002923884820690936
left_pair,handcrafted,rbf_svm,exp_20260723,0,4,15,600,216,0.012157208984717727,0.7638888888888888,0.7804820846905538,0.9424189814814814,0.0077712309023699015
left_pair,handcrafted,hist_gradient_boosting,exp_20260723,0,4,15,600,216,2.494702999974834,0.9409722222222223,0.9289473684210526,0.9772376543209876,0.0011207160462382197
left_pair,handcrafted,mlp,exp_20260723,0,4,15,600,216,0.060621082986472175,0.8888888888888888,0.8465909090909092,0.9467592592592593,0.007203985363276567
left_pair,handcrafted,logistic,exp_20260723,0,6,26,1032,216,0.014106165996054187,0.96875,0.9544592030360531,0.9942129629629629,0.0004465265385194333
left_pair,handcrafted,random_forest,exp_20260723,0,6,26,1032,216,0.19783545899554156,0.9201388888888888,0.9260273972602739,0.986352237654321,0.0023988047711910303
left_pair,handcrafted,rbf_svm,exp_20260723,0,6,26,1032,216,0.01774262500111945,0.7951388888888888,0.811266447368421,0.9522569444444444,0.006558768793457997
left_pair,handcrafted,hist_gradient_boosting,exp_20260723,0,6,26,1032,216,3.048464999999851,0.9826388888888888,0.974387554248583,0.9934413580246914,0.000213550171756842
left_pair,handcrafted,mlp,exp_20260723,0,6,26,1032,216,0.12791683300747536,0.9027777777777778,0.8647584973166369,0.9714506172839507,0.0052501783431811245
left_pair,handcrafted,logistic,exp_20260723,0,8,37,1462,216,0.014644874987425283,0.96875,0.9544592030360531,0.9930555555555556,0.00048659278012777525
left_pair,handcrafted,random_forest,exp_20260723,0,8,37,1462,216,0.18760570799349807,0.9722222222222222,0.9593984962406015,0.9864004629629629,0.0003866196402560133
left_pair,handcrafted,rbf_svm,exp_20260723,0,8,37,1462,216,0.026470708020497113,0.9131944444444444,0.9204458958430526,0.98022762345679,0.002882548757954982
left_pair,handcrafted,hist_gradient_boosting,exp_20260723,0,8,37,1462,216,2.984155957994517,0.9722222222222222,0.9593984962406015,0.9947916666666666,0.00046253301007195846
left_pair,handcrafted,mlp,exp_20260723,0,8,37,1462,216,0.081560917024035,0.8993055555555556,0.8602004151137099,0.9864969135802468,0.005096736591155679
left_pair,handcrafted,logistic,exp_20260723,0,10,39,1558,216,0.018068165984004736,0.9513888888888888,0.9301487572761711,0.9869791666666666,0.001101038668839209
left_pair,handcrafted,random_forest,exp_20260723,0,10,39,1558,216,0.19559083299827762,0.96875,0.9544592030360531,0.9886188271604939,0.00038887729624263945
left_pair,handcrafted,rbf_svm,exp_20260723,0,10,39,1558,216,0.027206458005821332,0.90625,0.9148181011535049,0.9790702160493827,0.0031674603042782523
left_pair,handcrafted,hist_gradient_boosting,exp_20260723,0,10,39,1558,216,3.0693125420075376,0.9791666666666667,0.9693617021276595,0.9943094135802469,0.00025344039311406106
left_pair,handcrafted,mlp,exp_20260723,0,10,39,1558,216,0.13472916700993665,0.9444444444444444,0.9205882352941177,0.9985532407407408,0.0018239630010978515
left_pair,handcrafted,logistic,exp_20260723,1,2,8,312,216,0.012223124998854473,0.9548611111111112,0.9349623624782861,0.9949845679012346,0.0011934735202789337
left_pair,handcrafted,random_forest,exp_20260723,1,2,8,312,216,0.13858587501454167,0.9270833333333333,0.9361135758651287,0.9862075617283951,0.0019656963236270287
left_pair,handcrafted,rbf_svm,exp_20260723,1,2,8,312,216,0.007287666987394914,0.75,0.7714285714285714,0.9407793209876543,0.008189299511451972
left_pair,handcrafted,hist_gradient_boosting,exp_20260723,1,2,8,312,216,1.6063317919906694,0.9583333333333333,0.9489361702127659,0.9847608024691359,0.0005761913446239327
left_pair,handcrafted,mlp,exp_20260723,1,2,8,312,216,0.05006220898940228,0.8611111111111112,0.8106591865357644,0.9378858024691358,0.00929858159076913
left_pair,handcrafted,logistic,exp_20260723,1,4,10,408,216,0.013881207996746525,0.90625,0.8693284936479129,0.8765432098765432,0.004911989185133261
left_pair,handcrafted,random_forest,exp_20260723,1,4,10,408,216,0.18881754099857062,0.9131944444444444,0.9074990483441188,0.9722222222222223,0.0022166045659292163
left_pair,handcrafted,rbf_svm,exp_20260723,1,4,10,408,216,0.008446791005553678,0.7465277777777777,0.7668142070603476,0.9266010802469136,0.008288780885510598
left_pair,handcrafted,hist_gradient_boosting,exp_20260723,1,4,10,408,216,3.736706208990654,0.9270833333333333,0.8970377936670071,0.9825424382716049,0.0014092423493318686
left_pair,handcrafted,mlp,exp_20260723,1,4,10,408,216,0.05347466599778272,0.8611111111111112,0.8106591865357644,0.9799382716049383,0.008708205415209221
left_pair,handcrafted,logistic,exp_20260723,1,6,21,840,216,0.014799333992414176,0.9131944444444444,0.8785069858483137,0.9010416666666667,0.004111069716030384
left_pair,handcrafted,random_forest,exp_20260723,1,6,21,840,216,0.257284958002856,0.9097222222222223,0.9154598825831702,0.9772376543209876,0.002485658585655388
left_pair,handcrafted,rbf_svm,exp_20260723,1,6,21,840,216,0.016600083996308967,0.8020833333333333,0.8207282913165266,0.9419367283950617,0.006458990157309291
left_pair,handcrafted,hist_gradient_boosting,exp_20260723,1,6,21,840,216,4.261023625003872,0.96875,0.9591489361702128,0.9938271604938271,0.0005913246934571842
left_pair,handcrafted,mlp,exp_20260723,1,6,21,840,216,0.09268341699498706,0.9270833333333333,0.8970377936670071,0.9912229938271605,0.0030540992407234978
left_pair,handcrafted,logistic,exp_20260723,1,8,34,1318,216,0.01733512501232326,0.9027777777777778,0.8647584973166369,0.8751929012345678,0.0055436735787420645
left_pair,handcrafted,random_forest,exp_20260723,1,8,34,1318,216,0.21504058301798068,0.9236111111111112,0.9265662943176299,0.9830246913580246,0.001785594850621546
left_pair,handcrafted,rbf_svm,exp_20260723,1,8,34,1318,216,0.03142037498764694,0.8194444444444444,0.8316191817335982,0.9379822530864198,0.006107112202126688
left_pair,handcrafted,hist_gradient_boosting,exp_20260723,1,8,34,1318,216,8.55071858302108,0.9548611111111112,0.9440032052037426,0.9896797839506172,0.000973566189633859
left_pair,handcrafted,mlp,exp_20260723,1,8,34,1318,216,0.1319503750128206,0.8819444444444444,0.8375652481642042,0.9663387345679012,0.007275568214439871
left_pair,handcrafted,logistic,exp_20260723,2,2,8,312,216,0.013474416977260262,0.9305555555555556,0.9017109574080815,0.9867862654320987,0.003286069168233412
left_pair,handcrafted,random_forest,exp_20260723,2,2,8,312,216,0.1819037500245031,0.9513888888888888,0.9301487572761711,0.9878954475308641,0.0008787673360967346
left_pair,handcrafted,rbf_svm,exp_20260723,2,2,8,312,216,0.011892457987414673,0.7708333333333333,0.7897229457731471,0.941358024691358,0.007696769807639338
left_pair,handcrafted,hist_gradient_boosting,exp_20260723,2,2,8,312,216,2.5394584169844165,0.8923611111111112,0.8511172873818789,0.9751157407407407,0.00433574226175747
left_pair,handcrafted,mlp,exp_20260723,2,2,8,312,216,0.06057012500241399,0.8645833333333333,0.8151293699387715,0.959201388888889,0.008394442602241545
left_pair,handcrafted,logistic,exp_20260723,2,4,15,600,216,0.037744291010312736,0.8923611111111112,0.8511172873818789,0.9585262345679013,0.004355940714622231
left_pair,handcrafted,random_forest,exp_20260723,2,4,15,600,216,0.21322295899153687,0.9652777777777778,0.9495468560216762,0.986111111111111,0.0005378655991640865
left_pair,handcrafted,rbf_svm,exp_20260723,2,4,15,600,216,0.017841708002379164,0.7534722222222222,0.766858552631579,0.9345100308641976,0.008038575489748524
left_pair,handcrafted,hist_gradient_boosting,exp_20260723,2,4,15,600,216,4.051038500008872,0.9444444444444444,0.9205882352941177,0.9601658950617284,0.000993910737841692
left_pair,handcrafted,mlp,exp_20260723,2,4,15,600,216,0.07274599999072962,0.8888888888888888,0.8465909090909092,0.961033950617284,0.007203985363276567
left_pair,handcrafted,logistic,exp_20260723,2,6,27,1030,216,0.017120542004704475,0.9513888888888888,0.9301487572761711,0.9873649691358025,0.0009200851292262634
left_pair,handcrafted,random_forest,exp_20260723,2,6,27,1030,216,0.20803729101317003,0.9791666666666667,0.9742212674543501,0.9909336419753086,0.000285030336391938
left_pair,handcrafted,rbf_svm,exp_20260723,2,6,27,1030,216,0.022721582994563505,0.8472222222222222,0.8556971421501918,0.9523533950617284,0.004985400158623548
left_pair,handcrafted,hist_gradient_boosting,exp_20260723,2,6,27,1030,216,4.532237832987448,0.96875,0.9544592030360531,0.998070987654321,0.00042780840251320593
left_pair,handcrafted,mlp,exp_20260723,2,6,27,1030,216,0.06988525000633672,0.8576388888888888,0.8061932377721852,0.9322916666666667,0.008674169989236634
left_pair,handcrafted,logistic,exp_20260723,2,8,32,1270,216,0.020510208007181063,0.9583333333333333,0.939799331103679,0.9937307098765432,0.0007796512123204315
left_pair,handcrafted,random_forest,exp_20260723,2,8,32,1270,216,0.19943612499628216,0.9722222222222222,0.9593984962406015,0.9965277777777778,0.0003586901724741709
left_pair,handcrafted,rbf_svm,exp_20260723,2,8,32,1270,216,0.024984291987493634,0.90625,0.9148181011535049,0.982156635802469,0.0031674603042782523
left_pair,handcrafted,hist_gradient_boosting,exp_20260723,2,8,32,1270,216,5.496574624994537,0.9756944444444444,0.9643656760387452,0.9975887345679012,0.00025146609472334017
left_pair,handcrafted,mlp,exp_20260723,2,8,32,1270,216,0.07490854198113084,0.9097222222222222,0.8739110911540189,0.9907407407407407,0.004139227532236015
left_pair,handcrafted,logistic,exp_20260724,0,2,7,264,192,0.01177466698572971,0.9895833333333333,0.9895822029300054,0.9953342013888888,0.0001365633781054784
left_pair,handcrafted,random_forest,exp_20260724,0,2,7,264,192,0.17101412499323487,0.9583333333333333,0.9583152409900131,0.9900716145833334,0.000745947589797132
left_pair,handcrafted,rbf_svm,exp_20260724,0,2,7,264,192,0.006500999996205792,0.984375,0.9843745761332501,0.993923611111111,0.00018880999842527517
left_pair,handcrafted,hist_gradient_boosting,exp_20260724,0,2,7,264,192,0.749412792007206,0.9895833333333333,0.9895822029300054,0.9895833333333333,0.0001365633781054784
left_pair,handcrafted,mlp,exp_20260724,0,2,7,264,192,0.05696762498700991,0.9583333333333333,0.9582608695652174,0.9957682291666666,0.0007259875317006449
left_pair,handcrafted,logistic,exp_20260724,0,4,10,384,192,0.01047345800907351,0.9895833333333333,0.9895822029300054,0.995334201388889,0.0001365633781054784
left_pair,handcrafted,random_forest,exp_20260724,0,4,10,384,192,0.18318699998781085,0.984375,0.9843745761332501,0.9894205729166666,0.0001966353704448007
left_pair,handcrafted,rbf_svm,exp_20260724,0,4,10,384,192,0.006934709002962336,0.984375,0.9843745761332501,0.9930555555555555,0.00018880999842527517
left_pair,handcrafted,hist_gradient_boosting,exp_20260724,0,4,10,384,192,2.2130986250122078,0.9895833333333333,0.9895822029300054,0.9922960069444444,0.0001365633781054784
left_pair,handcrafted,mlp,exp_20260724,0,4,10,384,192,0.05327270898851566,0.9375,0.9372549019607843,0.9964192708333333,0.0011960424001896724
left_pair,handcrafted,logistic,exp_20260724,0,6,22,814,192,0.014793791982810944,0.9895833333333333,0.9895822029300054,0.9959852430555555,0.0001365633781054784
left_pair,handcrafted,random_forest,exp_20260724,0,6,22,814,192,0.20212504197843373,0.90625,0.9057488818588415,0.9859483506944444,0.001710445804444026
left_pair,handcrafted,rbf_svm,exp_20260724,0,6,22,814,192,0.011256500001763925,0.9791666666666666,0.9791666666666666,0.9888237847222222,0.0003312744106739165
left_pair,handcrafted,hist_gradient_boosting,exp_20260724,0,6,22,814,192,3.1831864579871763,0.9479166666666666,0.9478657543173672,0.9867621527777778,0.0008890096963204583
left_pair,handcrafted,mlp,exp_20260724,0,6,22,814,192,0.08064249999006279,0.9791666666666667,0.9791576204950065,0.998046875,0.00037714058404308086
left_pair,handcrafted,logistic,exp_20260724,0,8,29,1102,192,0.014720915991347283,0.984375,0.9843711843711844,0.9925130208333333,0.00018892720088941825
left_pair,handcrafted,random_forest,exp_20260724,0,8,29,1102,192,0.18789425000431947,0.921875,0.9217710172484042,0.9789496527777778,0.0014831007246441969
left_pair,handcrafted,rbf_svm,exp_20260724,0,8,29,1102,192,0.014878542016958818,0.9114583333333333,0.9113404862148581,0.9753689236111112,0.0016352574841028208
left_pair,handcrafted,hist_gradient_boosting,exp_20260724,0,8,29,1102,192,3.0072080839890987,0.8697916666666667,0.868503958578747,0.9825303819444445,0.002588320804329638
left_pair,handcrafted,mlp,exp_20260724,0,8,29,1102,192,0.09884270801558159,0.9739583333333333,0.9739406607128316,0.998046875,0.00043052297637795274
left_pair,handcrafted,logistic,exp_20260724,0,10,41,1582,192,0.015993917011655867,0.984375,0.9843711843711844,0.995876736111111,0.00018892720088941825
left_pair,handcrafted,random_forest,exp_20260724,0,10,41,1582,192,0.19099841700517572,0.9427083333333333,0.9427067791552506,0.9818793402777778,0.0010419609554533171
left_pair,handcrafted,rbf_svm,exp_20260724,0,10,41,1582,192,0.028244791988981888,0.9114583333333333,0.9113404862148581,0.9742838541666666,0.0016352574841028208
left_pair,handcrafted,hist_gradient_boosting,exp_20260724,0,10,41,1582,192,2.987662958999863,0.9427083333333334,0.9426943426943426,0.9809027777777777,0.001044760160473395
left_pair,handcrafted,mlp,exp_20260724,0,10,41,1582,192,0.10854299998027273,0.9739583333333333,0.9739406607128316,0.9983723958333334,0.00043052297637795274
left_pair,handcrafted,logistic,exp_20260724,1,2,6,240,192,0.010873582999920473,0.921875,0.9217029606068021,0.9180772569444444,0.0013936616126811498
left_pair,handcrafted,random_forest,exp_20260724,1,2,6,240,192,0.15102112499880604,0.859375,0.8573276455208476,0.982421875,0.002558107414282414
left_pair,handcrafted,rbf_svm,exp_20260724,1,2,6,240,192,0.006751417007762939,0.8541666666666667,0.8525669153137341,0.9536675347222222,0.0027866095035596807
left_pair,handcrafted,hist_gradient_boosting,exp_20260724,1,2,6,240,192,0.4137176669901237,0.890625,0.8897607655502393,0.9830729166666666,0.0020578631576379635
left_pair,handcrafted,mlp,exp_20260724,1,2,6,240,192,0.03988262501661666,0.8802083333333333,0.8784642906288702,0.9704861111111112,0.0027558472193259568
left_pair,handcrafted,logistic,exp_20260724,1,4,14,552,192,0.012646291987039149,0.9375,0.9373913043478261,0.9729817708333334,0.0011818701094614503
left_pair,handcrafted,random_forest,exp_20260724,1,4,14,552,192,0.2021777909831144,0.90625,0.9058823529411765,0.9822048611111112,0.001755606482219015
left_pair,handcrafted,rbf_svm,exp_20260724,1,4,14,552,192,0.010715499985963106,0.8541666666666667,0.8525669153137341,0.9624565972222222,0.0027866095035596807
left_pair,handcrafted,hist_gradient_boosting,exp_20260724,1,4,14,552,192,2.452022457990097,0.9895833333333333,0.9895822029300054,0.98828125,0.0001365633781054784
left_pair,handcrafted,mlp,exp_20260724,1,4,14,552,192,0.04754058297839947,0.8958333333333333,0.8946906537955244,0.9694010416666666,0.0022845171676408814
left_pair,handcrafted,logistic,exp_20260724,1,6,27,1030,192,0.01567250001244247,0.9583333333333333,0.9582608695652174,0.9905598958333334,0.0005903016535365638
left_pair,handcrafted,random_forest,exp_20260724,1,6,27,1030,192,0.18933324998943135,0.9583333333333333,0.9583288117200217,0.9826388888888888,0.0007103191416461744
left_pair,handcrafted,rbf_svm,exp_20260724,1,6,27,1030,192,0.018069249985273927,0.828125,0.8270695160894129,0.9513888888888888,0.003394433397116081
left_pair,handcrafted,hist_gradient_boosting,exp_20260724,1,6,27,1030,192,2.983157958020456,0.96875,0.9687194525904204,0.9875217013888888,0.0005917477182256809
left_pair,handcrafted,mlp,exp_20260724,1,6,27,1030,192,0.05600291700102389,0.8958333333333333,0.8946906537955244,0.9779730902777778,0.0022845171676408814
left_pair,handcrafted,logistic,exp_20260724,1,8,34,1294,192,0.01712558401050046,0.9895833333333333,0.9895822029300054,0.9970703125,0.0001365633781054784
left_pair,handcrafted,random_forest,exp_20260724,1,8,34,1294,192,0.18987562498659827,0.9583333333333333,0.9583288117200217,0.985134548611111,0.000708364999704401
left_pair,handcrafted,rbf_svm,exp_20260724,1,8,34,1294,192,0.021505917015019804,0.9166666666666667,0.9165217391304348,0.9813368055555556,0.0015818750917679489
left_pair,handcrafted,hist_gradient_boosting,exp_20260724,1,8,34,1294,192,3.0418179580010474,0.9895833333333333,0.9895822029300054,0.9905598958333333,0.0001365633781054784
left_pair,handcrafted,mlp,exp_20260724,1,8,34,1294,192,0.11644795897882432,0.9895833333333333,0.9895822029300054,0.9978298611111112,0.0001365633781054784
left_pair,handcrafted,logistic,exp_20260724,2,2,7,264,192,0.010545582976192236,0.9895833333333333,0.9895822029300054,0.9969618055555555,0.0001365633781054784
left_pair,handcrafted,random_forest,exp_20260724,2,2,7,264,192,0.1522341670060996,0.9895833333333333,0.9895822029300054,0.9900173611111112,0.0001365633781054784
left_pair,handcrafted,rbf_svm,exp_20260724,2,2,7,264,192,0.00614237500121817,0.984375,0.9843745761332501,0.9952256944444444,0.00018880999842527517
left_pair,handcrafted,hist_gradient_boosting,exp_20260724,2,2,7,264,192,1.1516369999735616,0.9895833333333333,0.9895822029300054,0.9934895833333333,0.0001365633781054784
left_pair,handcrafted,mlp,exp_20260724,2,2,7,264,192,0.05810333299450576,0.9583333333333333,0.9582608695652174,0.9959852430555555,0.0007259875317006449
left_pair,handcrafted,logistic,exp_20260724,2,4,15,576,192,0.012817040988011286,0.9895833333333333,0.9895822029300054,0.9986979166666666,0.0001365633781054784
left_pair,handcrafted,random_forest,exp_20260724,2,4,15,576,192,0.2043863339931704,0.984375,0.9843745761332501,0.9906684027777779,0.00021147368033644918
left_pair,handcrafted,rbf_svm,exp_20260724,2,4,15,576,192,0.008916499995393679,0.9270833333333333,0.926884996191927,0.9907769097222222,0.0013412978858303466
left_pair,handcrafted,hist_gradient_boosting,exp_20260724,2,4,15,576,192,2.480798707983922,0.984375,0.9843745761332501,0.9938151041666665,0.0002790277903541197
left_pair,handcrafted,mlp,exp_20260724,2,4,15,576,192,0.059271917009027675,0.953125,0.9530217763640811,0.9971788194444444,0.0007793699240355167
left_pair,handcrafted,logistic,exp_20260724,2,6,27,1006,192,0.015389542008051649,0.9895833333333333,0.9895822029300054,0.998046875,0.0001365633781054784
left_pair,handcrafted,random_forest,exp_20260724,2,6,27,1006,192,0.19014029201935045,0.9895833333333333,0.9895822029300054,0.9862196180555556,0.0001365633781054784
left_pair,handcrafted,rbf_svm,exp_20260724,2,6,27,1006,192,0.013956209004390985,0.9166666666666667,0.9165217391304348,0.9833984375,0.0015818750917679489
left_pair,handcrafted,hist_gradient_boosting,exp_20260724,2,6,27,1006,192,2.9752759999828413,0.984375,0.9843711843711844,0.9898003472222223,0.00018892720088941825
left_pair,handcrafted,mlp,exp_20260724,2,6,27,1006,192,0.06852508301381022,0.9635416666666667,0.9634931413825887,0.9981553819444445,0.0005354143041514742
left_pair,handcrafted,logistic,exp_20260724,2,8,29,1102,192,0.015165666991379112,0.9895833333333333,0.9895822029300054,0.998263888888889,0.0001365633781054784
left_pair,handcrafted,random_forest,exp_20260724,2,8,29,1102,192,0.1942682080261875,0.90625,0.9058823529411765,0.9854600694444444,0.0016500047727033159
left_pair,handcrafted,rbf_svm,exp_20260724,2,8,29,1102,192,0.015451916988240555,0.9166666666666667,0.9165217391304348,0.9837239583333334,0.0015818750917679489
left_pair,handcrafted,hist_gradient_boosting,exp_20260724,2,8,29,1102,192,3.0519018750055693,0.9895833333333333,0.9895822029300054,0.9903428819444444,0.0001365633781054784
left_pair,handcrafted,mlp,exp_20260724,2,8,29,1102,192,0.11119370799860917,0.9791666666666667,0.9791576204950065,0.998263888888889,0.00037714058404308086
left_pair,handcrafted,logistic,exp_20260727,0,2,13,478,192,0.014210082998033613,0.8958333333333333,0.867895968074859,0.9395833333333333,0.0014022422882384907
left_pair,handcrafted,random_forest,exp_20260727,0,2,13,478,192,0.1557967090047896,0.9111111111111112,0.9019963702359346,0.9484953703703703,0.001003135665979068
left_pair,handcrafted,rbf_svm,exp_20260727,0,2,13,478,192,0.010389875009423122,0.8888888888888888,0.8714285714285714,0.9069444444444444,0.0013063589402667317
left_pair,handcrafted,hist_gradient_boosting,exp_20260727,0,2,13,478,192,2.269898792001186,0.8999999999999999,0.8911070780399275,0.9538194444444443,0.0011466727249026078
left_pair,handcrafted,mlp,exp_20260727,0,2,13,478,192,0.04406829201616347,0.9166666666666667,0.893569844789357,0.9533564814814816,0.0010131152129506532
left_pair,handcrafted,logistic,exp_20260727,0,4,25,958,192,0.016327541001373902,0.9,0.873015873015873,0.95625,0.0013588049777011244
left_pair,handcrafted,random_forest,exp_20260727,0,4,25,958,192,0.1916753750119824,0.9291666666666667,0.9090883770158482,0.9083333333333333,0.0008306761281495135
left_pair,handcrafted,rbf_svm,exp_20260727,0,4,25,958,192,0.015791250014444813,0.8958333333333334,0.8770019218449712,0.9099537037037037,0.0012146200375349103
left_pair,handcrafted,hist_gradient_boosting,exp_20260727,0,4,25,958,192,2.413434874993982,0.925,0.9039039039039038,0.9072916666666666,0.0008730975026837629
left_pair,handcrafted,mlp,exp_20260727,0,4,25,958,192,0.0628795409866143,0.9166666666666667,0.893569844789357,0.9496527777777778,0.0010131152129506532
left_pair,handcrafted,logistic,exp_20260727,0,6,28,1078,192,0.016392374993301928,0.9,0.873015873015873,0.9634259259259259,0.0013588049777011244
left_pair,handcrafted,random_forest,exp_20260727,0,6,28,1078,192,0.19030670798383653,0.9291666666666667,0.9090883770158482,0.9282407407407408,0.0008306761281495135
left_pair,handcrafted,rbf_svm,exp_20260727,0,6,28,1078,192,0.01818350001121871,0.913888888888889,0.8932265598932265,0.9283564814814815,0.0010048599577975352
left_pair,handcrafted,hist_gradient_boosting,exp_20260727,0,6,28,1078,192,3.1648549170058686,0.9291666666666667,0.9090883770158482,0.9074074074074074,0.0008306761281495135
left_pair,handcrafted,mlp,exp_20260727,0,6,28,1078,192,0.08299545900081284,0.925,0.9039039039039038,0.9450231481481481,0.0008909753028115837
left_pair,handcrafted,logistic,exp_20260727,0,8,30,1174,192,0.017553375015268102,0.9083333333333333,0.8832762241627059,0.9597222222222223,0.0011531329232175437
left_pair,handcrafted,random_forest,exp_20260727,0,8,30,1174,192,0.1913434170128312,0.9291666666666667,0.9090883770158482,0.929513888888889,0.0008306761281495135
left_pair,handcrafted,rbf_svm,exp_20260727,0,8,30,1174,192,0.019150084001012146,0.9208333333333334,0.8987313660716765,0.8936342592592593,0.0009333966773458331
left_pair,handcrafted,hist_gradient_boosting,exp_20260727,0,8,30,1174,192,3.7009105829929467,0.9291666666666667,0.9090883770158482,0.9055555555555556,0.0008306761281495135
left_pair,handcrafted,mlp,exp_20260727,0,8,30,1174,192,0.11101587500888854,0.9291666666666667,0.9090883770158482,0.9370370370370371,0.0008306761281495135
left_pair,handcrafted,logistic,exp_20260727,0,10,40,1582,192,0.017680165998172015,0.9291666666666667,0.9090883770158482,0.9579861111111111,0.0008306761281495135
left_pair,handcrafted,random_forest,exp_20260727,0,10,40,1582,192,0.1882681249990128,0.9333333333333333,0.9142857142857144,0.9444444444444444,0.000788254753615264
left_pair,handcrafted,rbf_svm,exp_20260727,0,10,40,1582,192,0.02728970898897387,0.9333333333333333,0.9142857142857144,0.9280092592592593,0.000788254753615264
left_pair,handcrafted,hist_gradient_boosting,exp_20260727,0,10,40,1582,192,3.1822667910018936,0.9263888888888889,0.9087631027253669,0.9133101851851853,0.0009020752099958556
left_pair,handcrafted,mlp,exp_20260727,0,10,40,1582,192,0.16549508401658386,0.9333333333333333,0.9142857142857144,0.951388888888889,0.000788254753615264
left_pair,handcrafted,logistic,exp_20260727,1,2,12,456,192,0.011546666995855048,0.898611111111111,0.8952897614742099,0.962037037037037,0.0011575699554834
left_pair,handcrafted,random_forest,exp_20260727,1,2,12,456,192,0.13771162499324419,0.898611111111111,0.8952897614742099,0.9593171296296296,0.0011689043432808461
left_pair,handcrafted,rbf_svm,exp_20260727,1,2,12,456,192,0.00928862500586547,0.9333333333333333,0.9142857142857144,0.9645833333333333,0.000788254753615264
left_pair,handcrafted,hist_gradient_boosting,exp_20260727,1,2,12,456,192,2.271987874992192,0.8638888888888889,0.8659061808869748,0.9568287037037038,0.0015373961484730124
left_pair,handcrafted,mlp,exp_20260727,1,2,12,456,192,0.050620124995475635,0.9152777777777777,0.8980293501048218,0.9601851851851851,0.0010202307611865467
left_pair,handcrafted,logistic,exp_20260727,1,4,14,552,192,0.012421666004229337,0.9263888888888889,0.9087631027253669,0.9525462962962963,0.000859718034066966
left_pair,handcrafted,random_forest,exp_20260727,1,4,14,552,192,0.1903648329898715,0.9333333333333333,0.9142857142857144,0.9473958333333334,0.000788254753615264
left_pair,handcrafted,rbf_svm,exp_20260727,1,4,14,552,192,0.00980862500728108,0.9333333333333333,0.9142857142857144,0.944212962962963,0.000788254753615264
left_pair,handcrafted,hist_gradient_boosting,exp_20260727,1,4,14,552,192,2.5674138329923153,0.8972222222222223,0.8905982905982905,0.9527777777777777,0.0011642796980332732
left_pair,handcrafted,mlp,exp_20260727,1,4,14,552,192,0.07455300001311116,0.9138888888888889,0.9024280067758328,0.9603009259259259,0.0009872525814607121
left_pair,handcrafted,logistic,exp_20260727,1,6,25,982,192,0.01430295899626799,0.9333333333333333,0.9142857142857144,0.9561342592592593,0.000788254753615264
left_pair,handcrafted,random_forest,exp_20260727,1,6,25,982,192,0.19982283300487325,0.9333333333333333,0.9142857142857144,0.9550347222222222,0.000788254753615264
left_pair,handcrafted,rbf_svm,exp_20260727,1,6,25,982,192,0.014664332993561402,0.9333333333333333,0.9142857142857144,0.9454861111111111,0.000788254753615264
left_pair,handcrafted,hist_gradient_boosting,exp_20260727,1,6,25,982,192,2.9630697079992387,0.9027777777777778,0.8915866741953697,0.9526620370370371,0.0011110884818163864
left_pair,handcrafted,mlp,exp_20260727,1,6,25,982,192,0.09532316599506885,0.9263888888888889,0.9087631027253669,0.9621527777777779,0.000859718034066966
left_pair,handcrafted,logistic,exp_20260727,1,8,32,1270,192,0.017110834014602005,0.9333333333333333,0.9142857142857144,0.9552083333333333,0.000788254753615264
left_pair,handcrafted,random_forest,exp_20260727,1,8,32,1270,192,0.19511624998995103,0.9333333333333333,0.9142857142857144,0.9508101851851852,0.000788254753615264
left_pair,handcrafted,rbf_svm,exp_20260727,1,8,32,1270,192,0.023009333002846688,0.9333333333333333,0.9142857142857144,0.9408564814814815,0.000788254753615264
left_pair,handcrafted,hist_gradient_boosting,exp_20260727,1,8,32,1270,192,3.1785053329949733,0.9263888888888889,0.9087631027253669,0.9405092592592592,0.000859718034066966
left_pair,handcrafted,mlp,exp_20260727,1,8,32,1270,192,0.12878441700013354,0.9333333333333333,0.9142857142857144,0.9571759259259259,0.000788254753615264
left_pair,handcrafted,logistic,exp_20260727,2,2,3,120,192,0.009229124989360571,0.9333333333333333,0.9142857142857144,0.9579861111111111,0.000788254753615264
left_pair,handcrafted,random_forest,exp_20260727,2,2,3,120,192,0.13914183297310956,0.9333333333333333,0.9142857142857144,0.9532407407407407,0.000788254753615264
left_pair,handcrafted,rbf_svm,exp_20260727,2,2,3,120,192,0.005184207984711975,0.9263888888888889,0.9087631027253669,0.946412037037037,0.000859718034066966
left_pair,handcrafted,hist_gradient_boosting,exp_20260727,2,2,3,120,192,0.10034162501688115,0.9333333333333333,0.9142857142857144,0.9333333333333333,0.000788254753615264
left_pair,handcrafted,mlp,exp_20260727,2,2,3,120,192,0.047295625001424924,0.875,0.8423645320197044,0.9547453703703703,0.0018472295448583537
left_pair,handcrafted,logistic,exp_20260727,2,4,15,576,192,0.015947917010635138,0.9194444444444445,0.9032149658339867,0.9578703703703704,0.000931181314518668
left_pair,handcrafted,random_forest,exp_20260727,2,4,15,576,192,0.19447649997891858,0.9263888888888889,0.9087631027253669,0.953125,0.000859718034066966
left_pair,handcrafted,rbf_svm,exp_20260727,2,4,15,576,192,0.009961292002117261,0.9333333333333333,0.9142857142857144,0.955324074074074,0.000788254753615264
left_pair,handcrafted,hist_gradient_boosting,exp_20260727,2,4,15,576,192,2.6031804170052055,0.9069444444444444,0.896782955606485,0.9537037037037037,0.0010771971052409865
left_pair,handcrafted,mlp,exp_20260727,2,4,15,576,192,0.07879208298982121,0.9138888888888889,0.9024280067758328,0.959837962962963,0.0009872525814607121
left_pair,handcrafted,logistic,exp_20260727,2,6,20,816,192,0.014109125011600554,0.9263888888888889,0.9087631027253669,0.9592592592592593,0.000859718034066966
left_pair,handcrafted,random_forest,exp_20260727,2,6,20,816,192,0.18988816600176506,0.9236111111111112,0.9084149386907601,0.9574074074074075,0.0008901642962893791
left_pair,handcrafted,rbf_svm,exp_20260727,2,6,20,816,192,0.01150304198381491,0.9333333333333333,0.9142857142857144,0.950462962962963,0.000788254753615264
left_pair,handcrafted,hist_gradient_boosting,exp_20260727,2,6,20,816,192,3.158295500004897,0.9138888888888889,0.9024280067758328,0.9415509259259259,0.0009872525814607121
left_pair,handcrafted,mlp,exp_20260727,2,6,20,816,192,0.088188292022096,0.9166666666666667,0.902834008097166,0.9635416666666667,0.0009670659203662233
left_pair,handcrafted,logistic,exp_20260727,2,8,27,1104,192,0.014469833025941625,0.9263888888888889,0.9087631027253669,0.9527777777777778,0.000859718034066966
left_pair,handcrafted,random_forest,exp_20260727,2,8,27,1104,192,0.19411720801144838,0.9333333333333333,0.9142857142857144,0.9504050925925926,0.000788254753615264
left_pair,handcrafted,rbf_svm,exp_20260727,2,8,27,1104,192,0.016185875021619722,0.9333333333333333,0.9142857142857144,0.9416666666666667,0.000788254753615264
left_pair,handcrafted,hist_gradient_boosting,exp_20260727,2,8,27,1104,192,3.0785344159812666,0.9263888888888889,0.9087631027253669,0.9429398148148148,0.000859718034066966
left_pair,handcrafted,mlp,exp_20260727,2,8,27,1104,192,0.10453758298535831,0.9263888888888889,0.9087631027253669,0.9599537037037037,0.000859718034066966
left_pair,handcrafted,logistic,exp_20260728,0,2,5,240,240,0.010499459021957591,0.8819444444444444,0.8858898398068905,0.9563078703703703,0.0014508034616002624
left_pair,handcrafted,random_forest,exp_20260728,0,2,5,240,240,0.14031358298962004,0.8559027777777778,0.8625251760010347,0.9507016782407407,0.0018467199181395463
left_pair,handcrafted,rbf_svm,exp_20260728,0,2,5,240,240,0.006408709014067426,0.8663194444444444,0.8719434785008555,0.9521846064814815,0.001678211918967855
left_pair,handcrafted,hist_gradient_boosting,exp_20260728,0,2,5,240,240,0.38080616600927897,0.8402777777777778,0.848202991293995,0.8866464120370372,0.0021260787213600455
left_pair,handcrafted,mlp,exp_20260728,0,2,5,240,240,0.036426917009521276,0.9618055555555556,0.9530508082730167,0.9662181712962963,0.0004423567999944753
left_pair,handcrafted,logistic,exp_20260728,0,4,7,336,240,0.01015104100224562,0.9131944444444444,0.9131944444444444,0.959056712962963,0.0010468677690567943
left_pair,handcrafted,random_forest,exp_20260728,0,4,7,336,240,0.1781733749958221,0.9079861111111112,0.9086939980796753,0.9517505787037037,0.0011373888375876275
left_pair,handcrafted,rbf_svm,exp_20260728,0,4,7,336,240,0.007013041991740465,0.8871527777777778,0.8904929641729481,0.9563802083333334,0.0013799384764150652
left_pair,handcrafted,hist_gradient_boosting,exp_20260728,0,4,7,336,240,1.4932380829995964,0.8975694444444444,0.8996345388097965,0.9487847222222223,0.001364205998473743
left_pair,handcrafted,mlp,exp_20260728,0,4,7,336,240,0.0362278749817051,0.9618055555555556,0.9530508082730167,0.9649884259259259,0.0004423567999944753
left_pair,handcrafted,logistic,exp_20260728,0,6,15,648,240,0.012090292002540082,0.9131944444444444,0.9131944444444444,0.9496527777777778,0.000999698616772598
left_pair,handcrafted,random_forest,exp_20260728,0,6,15,648,240,0.19426366698462516,0.9600694444444444,0.9529235542716525,0.9498336226851852,0.000446402406362598
left_pair,handcrafted,rbf_svm,exp_20260728,0,6,15,648,240,0.009910082997521386,0.9340277777777778,0.9310146593848807,0.9585503472222222,0.0007627210456729423
left_pair,handcrafted,hist_gradient_boosting,exp_20260728,0,6,15,648,240,3.0161032500036526,0.9600694444444444,0.9529235542716525,0.9479890046296297,0.0004463810998865225
left_pair,handcrafted,mlp,exp_20260728,0,6,15,648,240,0.0494317919947207,0.9652777777777778,0.9572619132416839,0.9628182870370371,0.00039383945755213875
left_pair,handcrafted,logistic,exp_20260728,0,8,27,1078,240,0.015022833016701043,0.9288194444444444,0.9265856950067477,0.9526186342592593,0.0007882337900094009
left_pair,handcrafted,random_forest,exp_20260728,0,8,27,1078,240,0.2147503749874886,0.9600694444444444,0.9529235542716525,0.9531973379629629,0.000446402406362598
left_pair,handcrafted,rbf_svm,exp_20260728,0,8,27,1078,240,0.016422416985733435,0.9496527777777778,0.9442050108192207,0.9618778935185186,0.0005785048584390314
left_pair,handcrafted,hist_gradient_boosting,exp_20260728,0,8,27,1078,240,3.19969358301023,0.9600694444444444,0.9529235542716525,0.9534866898148148,0.0005140837215755987
left_pair,handcrafted,mlp,exp_20260728,0,8,27,1078,240,0.12907095899572596,0.9392361111111112,0.9354271672257,0.9588396990740741,0.000683379977462254
left_pair,handcrafted,logistic,exp_20260728,0,10,39,1534,240,0.01606962500954978,0.9184027777777778,0.9176761567763716,0.9539207175925927,0.0009201378070305484
left_pair,handcrafted,random_forest,exp_20260728,0,10,39,1534,240,0.20076233299914747,0.9131944444444444,0.9131944444444444,0.9556568287037036,0.0011044730406795152
left_pair,handcrafted,rbf_svm,exp_20260728,0,10,39,1534,240,0.026863832987146452,0.9444444444444444,0.9398237696110037,0.9625289351851852,0.0006308170286517947
left_pair,handcrafted,hist_gradient_boosting,exp_20260728,0,10,39,1534,240,3.252931750001153,0.9392361111111112,0.9354271672257,0.9496527777777778,0.0008638178124388827
left_pair,handcrafted,mlp,exp_20260728,0,10,39,1534,240,0.13266491700778715,0.9340277777777778,0.9310146593848807,0.9591290509259259,0.0007571702844212361
left_pair,handcrafted,logistic,exp_20260728,1,2,10,408,240,0.010245208017295226,0.8611111111111112,0.8672468471126189,0.9567418981481481,0.0017490769041530524
left_pair,handcrafted,random_forest,exp_20260728,1,2,10,408,240,0.16603612501057796,0.8350694444444444,0.8433741679252671,0.9501591435185185,0.002200360484631303
left_pair,handcrafted,rbf_svm,exp_20260728,1,2,10,408,240,0.007336042006500065,0.8559027777777778,0.8625251760010347,0.9518229166666666,0.0018467199181395463
left_pair,handcrafted,hist_gradient_boosting,exp_20260728,1,2,10,408,240,1.8740690419799648,0.8350694444444444,0.8433741679252671,0.8300057870370371,0.002200360484631303
left_pair,handcrafted,mlp,exp_20260728,1,2,10,408,240,0.05492766699171625,0.9652777777777778,0.9572619132416839,0.9646267361111112,0.00039383945755213875
left_pair,handcrafted,logistic,exp_20260728,1,4,17,696,240,0.012736290984321386,0.9131944444444444,0.9131944444444444,0.9479890046296297,0.000999698616772598
left_pair,handcrafted,random_forest,exp_20260728,1,4,17,696,240,0.18858716698014177,0.9131944444444444,0.9131944444444444,0.9512803819444444,0.0010774538732718493
left_pair,handcrafted,rbf_svm,exp_20260728,1,4,17,696,240,0.010143124993192032,0.9288194444444444,0.9265856950067477,0.9494357638888888,0.0008704359338246753
left_pair,handcrafted,hist_gradient_boosting,exp_20260728,1,4,17,696,240,3.252722792007262,0.9340277777777778,0.9310146593848807,0.9529079861111112,0.0007359526568629722
left_pair,handcrafted,mlp,exp_20260728,1,4,17,696,240,0.09573850000742823,0.9340277777777778,0.9310146593848807,0.9598524305555556,0.0007627210456729423
left_pair,handcrafted,logistic,exp_20260728,1,6,23,936,240,0.014264625002397224,0.9131944444444444,0.9131944444444444,0.9482783564814815,0.000978251517092714
left_pair,handcrafted,random_forest,exp_20260728,1,6,23,936,240,0.19775708302040584,0.9131944444444444,0.9131944444444444,0.9500144675925927,0.001077916132173928
left_pair,handcrafted,rbf_svm,exp_20260728,1,6,23,936,240,0.013491041987435892,0.9340277777777778,0.9310146593848807,0.9520399305555556,0.0007627210456729423
left_pair,handcrafted,hist_gradient_boosting,exp_20260728,1,6,23,936,240,4.171009708021302,0.8923611111111112,0.8950743223549986,0.9500144675925927,0.0013767864039629148
left_pair,handcrafted,mlp,exp_20260728,1,6,23,936,240,0.08261929202126339,0.9496527777777778,0.9442050108192207,0.9624565972222222,0.000551256218909745
left_pair,handcrafted,logistic,exp_20260728,1,8,31,1222,240,0.015545834001386538,0.9079861111111112,0.9086939980796753,0.9519675925925927,0.0010578123268347637
left_pair,handcrafted,random_forest,exp_20260728,1,8,31,1222,240,0.20292908299597912,0.9184027777777778,0.9176761567763716,0.9544270833333335,0.0010256039619611647
left_pair,handcrafted,rbf_svm,exp_20260728,1,8,31,1222,240,0.020705041999462992,0.9392361111111112,0.9354271672257,0.9600694444444444,0.0007046073356107767
left_pair,handcrafted,hist_gradient_boosting,exp_20260728,1,8,31,1222,240,4.753169792005792,0.9340277777777778,0.9310146593848807,0.9500144675925927,0.0008587444525602864
left_pair,handcrafted,mlp,exp_20260728,1,8,31,1222,240,0.1061650829797145,0.9496527777777778,0.9442050108192207,0.9602864583333334,0.0005785048584390314
left_pair,handcrafted,logistic,exp_20260728,2,2,11,432,240,0.015418958995724097,0.9184027777777778,0.9176761567763716,0.9582609953703703,0.0009208295380542475
left_pair,handcrafted,random_forest,exp_20260728,2,2,11,432,240,0.17559900000924245,0.8402777777777778,0.848202991293995,0.9564525462962963,0.002265035466868071
left_pair,handcrafted,rbf_svm,exp_20260728,2,2,11,432,240,0.011436833010520786,0.9652777777777778,0.9572619132416839,0.9576822916666667,0.00039383945755213875
left_pair,handcrafted,hist_gradient_boosting,exp_20260728,2,2,11,432,240,2.773389208014123,0.7621527777777778,0.7724061852876856,0.9523292824074074,0.003995046851079257
left_pair,handcrafted,mlp,exp_20260728,2,2,11,432,240,0.06840487499721348,0.9496527777777778,0.9442050108192207,0.962962962962963,0.0005785048584390314
left_pair,handcrafted,logistic,exp_20260728,2,4,13,528,240,0.01565583300543949,0.9184027777777778,0.9176761567763716,0.9578993055555556,0.0009391528809050611
left_pair,handcrafted,random_forest,exp_20260728,2,4,13,528,240,0.1988155829894822,0.8715277777777778,0.8766157461809636,0.9540292245370371,0.001756826134100503
left_pair,handcrafted,rbf_svm,exp_20260728,2,4,13,528,240,0.01347958401311189,0.9652777777777778,0.9572619132416839,0.9607204861111112,0.00039383945755213875
left_pair,handcrafted,hist_gradient_boosting,exp_20260728,2,4,13,528,240,2.8227977089991327,0.7725694444444444,0.782972582972583,0.9537037037037037,0.003731562714211896
left_pair,handcrafted,mlp,exp_20260728,2,4,13,528,240,0.07340916700195521,0.9131944444444444,0.9131944444444444,0.9647714120370371,0.0010431296661305572
left_pair,handcrafted,logistic,exp_20260728,2,6,21,816,240,0.014227999985450879,0.8923611111111112,0.8950743223549986,0.9574652777777778,0.0012893961014081563
left_pair,handcrafted,random_forest,exp_20260728,2,6,21,816,240,0.19558933400548995,0.8454861111111112,0.853003953302771,0.9520399305555556,0.0021159386010851204
left_pair,handcrafted,rbf_svm,exp_20260728,2,6,21,816,240,0.014385291986400262,0.9496527777777778,0.9442050108192207,0.9584780092592593,0.000551256218909745
left_pair,handcrafted,hist_gradient_boosting,exp_20260728,2,6,21,816,240,3.551489625009708,0.7725694444444444,0.782972582972583,0.953197337962963,0.0037297729015061207
left_pair,handcrafted,mlp,exp_20260728,2,6,21,816,240,0.07824491697829217,0.9184027777777778,0.9176761567763716,0.9627459490740741,0.0009793653199249449
left_pair,handcrafted,logistic,exp_20260728,2,8,29,1102,240,0.017943208978977054,0.8975694444444444,0.8996345388097965,0.9588396990740741,0.0012185311162229591
left_pair,handcrafted,random_forest,exp_20260728,2,8,29,1102,240,0.19981087499763817,0.8611111111111112,0.8672468471126189,0.9602141203703705,0.0018194413176810282
left_pair,handcrafted,rbf_svm,exp_20260728,2,8,29,1102,240,0.02304429200012237,0.9548611111111112,0.9485714285714286,0.9663628472222222,0.0004987145765753613
left_pair,handcrafted,hist_gradient_boosting,exp_20260728,2,8,29,1102,240,3.2429457909893245,0.7829861111111112,0.7933844770522852,0.9541377314814815,0.0035621797020674185
left_pair,handcrafted,mlp,exp_20260728,2,8,29,1102,240,0.09453112501068972,0.9288194444444444,0.9265856950067477,0.9599971064814815,0.0008157249469094045
left_pair,handcrafted,logistic,exp_20260729,0,2,8,286,240,0.012994042015634477,0.9357638888888888,0.9236425339366516,0.9462528935185185,0.0014038707462070536
left_pair,handcrafted,random_forest,exp_20260729,0,2,8,286,240,0.1691396250098478,0.9322916666666667,0.919490103991949,0.938548900462963,0.0014539670692054023
left_pair,handcrafted,rbf_svm,exp_20260729,0,2,8,286,240,0.008088333008345217,0.9340277777777778,0.919660318187424,0.9350405092592593,0.0014632679474705914
left_pair,handcrafted,hist_gradient_boosting,exp_20260729,0,2,8,286,240,3.1932967499888036,0.9392361111111112,0.9278016669321016,0.9484230324074073,0.0013537744232087045
left_pair,handcrafted,mlp,exp_20260729,0,2,8,286,240,0.05278579200967215,0.9375,0.9238095238095239,0.9304832175925926,0.0014014032742416832
left_pair,handcrafted,logistic,exp_20260729,0,4,11,406,240,0.013038250006502494,0.9322916666666667,0.919490103991949,0.9444444444444444,0.0014539670692054023
left_pair,handcrafted,random_forest,exp_20260729,0,4,11,406,240,0.19019570801174268,0.9322916666666667,0.919490103991949,0.939525462962963,0.0014539670692054023
left_pair,handcrafted,rbf_svm,exp_20260729,0,4,11,406,240,0.010631499986629933,0.9340277777777778,0.919660318187424,0.9415509259259259,0.0014632679474705914
left_pair,handcrafted,hist_gradient_boosting,exp_20260729,0,4,11,406,240,5.739866707997862,0.9392361111111112,0.9278016669321016,0.947265625,0.0013537744232087045
left_pair,handcrafted,mlp,exp_20260729,0,4,11,406,240,0.050772709015291184,0.9305555555555556,0.9155167558434244,0.9269386574074074,0.0015251326206994994
left_pair,handcrafted,logistic,exp_20260729,0,6,23,862,240,0.015348499990068376,0.9236111111111112,0.9147485080988917,0.9429976851851852,0.0015370459810506232
left_pair,handcrafted,random_forest,exp_20260729,0,6,23,862,240,0.21808900000178255,0.9288194444444444,0.9191130820399114,0.9508101851851852,0.0014840924424245811
left_pair,handcrafted,rbf_svm,exp_20260729,0,6,23,862,240,0.01701754200621508,0.9322916666666667,0.919490103991949,0.9288917824074074,0.0014539670692054023
left_pair,handcrafted,hist_gradient_boosting,exp_20260729,0,6,23,862,240,5.674344707978889,0.9166666666666667,0.9101267854277002,0.9612991898148148,0.0019262686891993457
left_pair,handcrafted,mlp,exp_20260729,0,6,23,862,240,0.09431454201694578,0.9305555555555556,0.919307745394702,0.9314236111111112,0.0014816249704592112
left_pair,handcrafted,logistic,exp_20260729,0,8,33,1294,240,0.015657292009564117,0.9322916666666667,0.919490103991949,0.9526909722222222,0.0014539670692054023
left_pair,handcrafted,random_forest,exp_20260729,0,8,33,1294,240,0.19418575000599958,0.9322916666666667,0.919490103991949,0.9333767361111112,0.0014539670692054023
left_pair,handcrafted,rbf_svm,exp_20260729,0,8,33,1294,240,0.024097249988699332,0.9340277777777778,0.919660318187424,0.9385127314814815,0.0014632679474705914
left_pair,handcrafted,hist_gradient_boosting,exp_20260729,0,8,33,1294,240,3.744268207985442,0.9409722222222222,0.9279648298875334,0.9550057870370371,0.0013092898886538733
left_pair,handcrafted,mlp,exp_20260729,0,8,33,1294,240,0.09638412500498816,0.9322916666666667,0.919490103991949,0.9298321759259259,0.0014539670692054023
left_pair,handcrafted,logistic,exp_20260729,0,10,39,1534,240,0.016885166987776756,0.9357638888888888,0.9236425339366516,0.9448784722222222,0.0014038707462070536
left_pair,handcrafted,random_forest,exp_20260729,0,10,39,1534,240,0.18508812499931082,0.9357638888888888,0.9236425339366516,0.9358362268518519,0.0014038707462070536
left_pair,handcrafted,rbf_svm,exp_20260729,0,10,39,1534,240,0.02996120898751542,0.9375,0.9238095238095239,0.9343894675925926,0.0014014032742416832
left_pair,handcrafted,hist_gradient_boosting,exp_20260729,0,10,39,1534,240,3.2115800000028685,0.9340277777777777,0.9234639642831833,0.9432870370370371,0.001560784564111271
left_pair,handcrafted,mlp,exp_20260729,0,10,39,1534,240,0.13703004200942814,0.9270833333333333,0.9151583710407241,0.9303385416666666,0.0015317212934575597
left_pair,handcrafted,logistic,exp_20260729,1,2,3,120,240,0.009664832992712036,0.9375,0.9238095238095239,0.9228153935185185,0.0014014032742416832
left_pair,handcrafted,random_forest,exp_20260729,1,2,3,120,240,0.13972795801237226,0.9305555555555556,0.9155167558434244,0.9487123842592592,0.0015251326206994994
left_pair,handcrafted,rbf_svm,exp_20260729,1,2,3,120,240,0.005571541987592354,0.9270833333333333,0.9151583710407241,0.9416956018518519,0.0015317212934575597
left_pair,handcrafted,hist_gradient_boosting,exp_20260729,1,2,3,120,240,0.32302216699463315,0.9305555555555556,0.9155167558434244,0.9233579282407407,0.0015251326206994994
left_pair,handcrafted,mlp,exp_20260729,1,2,3,120,240,0.03485141700366512,0.8854166666666667,0.8619607843137256,0.9212962962962963,0.002348873811127418
left_pair,handcrafted,logistic,exp_20260729,1,4,9,360,240,0.011794916994404048,0.9114583333333333,0.9020842572062084,0.9168836805555556,0.0017247633061390866
left_pair,handcrafted,random_forest,exp_20260729,1,4,9,360,240,0.1776610420201905,0.8854166666666667,0.8834008097165993,0.9314959490740741,0.0022354989786569092
left_pair,handcrafted,rbf_svm,exp_20260729,1,4,9,360,240,0.007814584008883685,0.9322916666666667,0.919490103991949,0.9362702546296297,0.0014539670692054023
left_pair,handcrafted,hist_gradient_boosting,exp_20260729,1,4,9,360,240,1.840146917005768,0.8263888888888888,0.8291690241097991,0.9215856481481481,0.0033697316378550717
left_pair,handcrafted,mlp,exp_20260729,1,4,9,360,240,0.046470000001136214,0.9375,0.9238095238095239,0.9232494212962963,0.0014014032742416832
left_pair,handcrafted,logistic,exp_20260729,1,6,21,840,240,0.014553624991094694,0.9375,0.9238095238095239,0.9348234953703703,0.0014014032742416832
left_pair,handcrafted,random_forest,exp_20260729,1,6,21,840,240,0.19465749998926185,0.9375,0.9238095238095239,0.949291087962963,0.0014014032742416832
left_pair,handcrafted,rbf_svm,exp_20260729,1,6,21,840,240,0.015519499982474372,0.9375,0.9238095238095239,0.9460358796296295,0.0014014032742416832
left_pair,handcrafted,hist_gradient_boosting,exp_20260729,1,6,21,840,240,3.3078663749911357,0.9270833333333333,0.9151583710407241,0.9361979166666667,0.0016041979705082978
left_pair,handcrafted,mlp,exp_20260729,1,6,21,840,240,0.0697422499943059,0.9375,0.9238095238095239,0.9246238425925926,0.0014014032742416832
left_pair,handcrafted,logistic,exp_20260729,1,8,28,1104,240,0.014425417000893503,0.9322916666666667,0.919490103991949,0.9346788194444444,0.0014539670692054023
left_pair,handcrafted,random_forest,exp_20260729,1,8,28,1104,240,0.1992407500219997,0.9322916666666667,0.919490103991949,0.9364149305555556,0.0014539670692054023
left_pair,handcrafted,rbf_svm,exp_20260729,1,8,28,1104,240,0.018235666007967666,0.9375,0.9238095238095239,0.9377893518518519,0.0014014032742416832
left_pair,handcrafted,hist_gradient_boosting,exp_20260729,1,8,28,1104,240,3.023174582980573,0.921875,0.9108138238573021,0.9445891203703703,0.001705455594984083
left_pair,handcrafted,mlp,exp_20260729,1,8,28,1104,240,0.0940229999832809,0.9322916666666667,0.919490103991949,0.9289641203703703,0.0014539670692054023
left_pair,handcrafted,logistic,exp_20260729,2,2,13,478,240,0.01423320799949579,0.9375,0.9238095238095239,0.9338107638888888,0.0014014032742416832
left_pair,handcrafted,random_forest,exp_20260729,2,2,13,478,240,0.16591195901855826,0.9375,0.9238095238095239,0.9322916666666666,0.0014014032742416832
left_pair,handcrafted,rbf_svm,exp_20260729,2,2,13,478,240,0.00880637500085868,0.9305555555555556,0.9155167558434244,0.9211516203703703,0.0015251326206994994
left_pair,handcrafted,hist_gradient_boosting,exp_20260729,2,2,13,478,240,2.1666659160109702,0.9322916666666667,0.919490103991949,0.9307002314814815,0.0015306998488242686
left_pair,handcrafted,mlp,exp_20260729,2,2,13,478,240,0.048552916006883606,0.9340277777777778,0.919660318187424,0.9317129629629629,0.0014632679474705914
left_pair,handcrafted,logistic,exp_20260729,2,4,18,718,240,0.014271291001932696,0.9375,0.9238095238095239,0.9419849537037037,0.0014014032742416832
left_pair,handcrafted,random_forest,exp_20260729,2,4,18,718,240,0.19449470800464042,0.9375,0.9238095238095239,0.9421296296296295,0.0014014032742416832
left_pair,handcrafted,rbf_svm,exp_20260729,2,4,18,718,240,0.012803792022168636,0.9340277777777778,0.919660318187424,0.9408998842592593,0.0014632679474705914
left_pair,handcrafted,hist_gradient_boosting,exp_20260729,2,4,18,718,240,2.947377457981929,0.9357638888888888,0.9236425339366516,0.9358362268518519,0.0014282962145062046
left_pair,handcrafted,mlp,exp_20260729,2,4,18,718,240,0.08429720799904317,0.9375,0.9238095238095239,0.9303385416666666,0.0014014032742416832
left_pair,handcrafted,logistic,exp_20260729,2,6,25,982,240,0.013471415993990377,0.9357638888888888,0.9236425339366516,0.9342447916666666,0.0014038707462070536
left_pair,handcrafted,random_forest,exp_20260729,2,6,25,982,240,0.2065478330187034,0.9357638888888888,0.9236425339366516,0.928783275462963,0.0014331722698988855
left_pair,handcrafted,rbf_svm,exp_20260729,2,6,25,982,240,0.015875374985625967,0.9375,0.9238095238095239,0.9353298611111112,0.0014014032742416832
left_pair,handcrafted,hist_gradient_boosting,exp_20260729,2,6,25,982,240,3.0398979159945156,0.9166666666666667,0.906455956346113,0.9256365740740741,0.0018329160942700529
left_pair,handcrafted,mlp,exp_20260729,2,6,25,982,240,0.0944355420069769,0.9322916666666667,0.919490103991949,0.9285300925925926,0.0014539670692054023
left_pair,handcrafted,logistic,exp_20260729,2,8,32,1246,240,0.014878583984682336,0.9357638888888888,0.9236425339366516,0.9307002314814815,0.0014038707462070536
left_pair,handcrafted,random_forest,exp_20260729,2,8,32,1246,240,0.18740124997566454,0.9305555555555556,0.919307745394702,0.9280237268518519,0.0014857360648626045
left_pair,handcrafted,rbf_svm,exp_20260729,2,8,32,1246,240,0.017551916011143476,0.9375,0.9238095238095239,0.9325086805555556,0.0014014032742416832
left_pair,handcrafted,hist_gradient_boosting,exp_20260729,2,8,32,1246,240,2.4269598340033554,0.9288194444444444,0.9191130820399114,0.9242621527777778,0.0015634899848125483
left_pair,handcrafted,mlp,exp_20260729,2,8,32,1246,240,0.12732404199778102,0.9357638888888888,0.9236425339366516,0.9299768518518519,0.0014038707462070536
left_pair,handcrafted,logistic,exp_20260730,0,2,7,264,240,0.010567833989625797,0.8819444444444444,0.8578496272036792,0.9064670138888888,0.003032237914952963
left_pair,handcrafted,random_forest,exp_20260730,0,2,7,264,240,0.18372287499369122,0.8767361111111112,0.8573426573426574,0.9194516782407407,0.0027970276099227535
left_pair,handcrafted,rbf_svm,exp_20260730,0,2,7,264,240,0.0074552920123096555,0.859375,0.844142167617376,0.9027777777777778,0.0031075563959185887
left_pair,handcrafted,hist_gradient_boosting,exp_20260730,0,2,7,264,240,1.1875046660134103,0.859375,0.844142167617376,0.9040798611111112,0.0029907342271488354
left_pair,handcrafted,mlp,exp_20260730,0,2,7,264,240,0.0598578329954762,0.6909722222222222,0.6180189202238953,0.9059606481481481,0.00740071232860776
left_pair,handcrafted,logistic,exp_20260730,0,4,13,528,240,0.010459250013809651,0.8680555555555556,0.848951048951049,0.9059606481481481,0.0030061907321919054
left_pair,handcrafted,random_forest,exp_20260730,0,4,13,528,240,0.1883377920021303,0.8420138888888888,0.8339689578713969,0.9028139467592593,0.00336069416420668
left_pair,handcrafted,rbf_svm,exp_20260730,0,4,13,528,240,0.007684250012971461,0.8194444444444444,0.8124467178175618,0.900607638888889,0.003643849509262144
left_pair,handcrafted,hist_gradient_boosting,exp_20260730,0,4,13,528,240,2.188991040980909,0.8628472222222222,0.8446438881016113,0.8908058449074074,0.0031220902683726094
left_pair,handcrafted,mlp,exp_20260730,0,4,13,528,240,0.08520395800587721,0.6944444444444444,0.6228571428571429,0.9063946759259259,0.007276752491485112
left_pair,handcrafted,logistic,exp_20260730,0,6,20,816,240,0.011780458997236565,0.8177083333333333,0.7914349276974415,0.8794849537037037,0.004057775144805989
left_pair,handcrafted,random_forest,exp_20260730,0,6,20,816,240,0.18134162499336526,0.859375,0.8476190476190477,0.9021990740740741,0.003021293383462558
left_pair,handcrafted,rbf_svm,exp_20260730,0,6,20,816,240,0.011386332975234836,0.8715277777777778,0.8530415157717944,0.8961226851851852,0.0029533783886166506
left_pair,handcrafted,hist_gradient_boosting,exp_20260730,0,6,20,816,240,2.968469500017818,0.8350694444444444,0.8156295830714435,0.909252025462963,0.0037840711367087302
left_pair,handcrafted,mlp,exp_20260730,0,6,20,816,240,0.07599879201734439,0.6909722222222222,0.6180189202238953,0.8997395833333334,0.00740071232860776
left_pair,handcrafted,logistic,exp_20260730,0,8,28,1102,240,0.013172082981327549,0.8871527777777778,0.8659124240519589,0.9092881944444444,0.002690578338919164
left_pair,handcrafted,random_forest,exp_20260730,0,8,28,1102,240,0.1900878750020638,0.8854166666666666,0.8657342657342657,0.892578125,0.0027229692804904126
left_pair,handcrafted,rbf_svm,exp_20260730,0,8,28,1102,240,0.01500087499152869,0.8854166666666667,0.8619607843137256,0.8803530092592593,0.0028950738231202835
left_pair,handcrafted,hist_gradient_boosting,exp_20260730,0,8,28,1102,240,2.928705958998762,0.8645833333333333,0.8484848484848485,0.9205005787037037,0.0030026627069674556
left_pair,handcrafted,mlp,exp_20260730,0,8,28,1102,240,0.11186225002165884,0.8888888888888888,0.8660714285714286,0.9131944444444444,0.0027711139859976355
left_pair,handcrafted,logistic,exp_20260730,0,10,39,1534,240,0.017176708002807572,0.8836805555555556,0.8618066339795153,0.9178240740740741,0.0028252539531757235
left_pair,handcrafted,random_forest,exp_20260730,0,10,39,1534,240,0.1896776669891551,0.8888888888888888,0.8660714285714286,0.8978587962962963,0.0027711139859976355
left_pair,handcrafted,rbf_svm,exp_20260730,0,10,39,1534,240,0.023332375014433637,0.8854166666666667,0.8619607843137256,0.8824508101851852,0.0028950738231202835
left_pair,handcrafted,hist_gradient_boosting,exp_20260730,0,10,39,1534,240,3.1477374579990283,0.8663194444444444,0.8487289025842146,0.9154369212962963,0.002979179000388352
left_pair,handcrafted,mlp,exp_20260730,0,10,39,1534,240,0.11135629200725816,0.8836805555555556,0.8618066339795153,0.9131221064814815,0.0028259803906488796
left_pair,handcrafted,logistic,exp_20260730,1,2,9,384,240,0.011863291001645848,0.8576388888888888,0.8438571503929947,0.9231047453703703,0.0030475164763021406
left_pair,handcrafted,random_forest,exp_20260730,1,2,9,384,240,0.15105529202264734,0.7847222222222223,0.7884841363102233,0.8999927662037037,0.005175011936848785
left_pair,handcrafted,rbf_svm,exp_20260730,1,2,9,384,240,0.008094249991700053,0.8628472222222222,0.8446438881016113,0.8904803240740741,0.0031450642104761378
left_pair,handcrafted,hist_gradient_boosting,exp_20260730,1,2,9,384,240,1.8662589169980492,0.796875,0.7988924511804139,0.8914568865740742,0.004488410130826953
left_pair,handcrafted,mlp,exp_20260730,1,2,9,384,240,0.045751666999422014,0.6840277777777778,0.6082581478359133,0.8958333333333334,0.007574391610871086
left_pair,handcrafted,logistic,exp_20260730,1,4,11,480,240,0.011530749994562939,0.8628472222222223,0.8482186775349589,0.9096498842592593,0.0028288859759248147
left_pair,handcrafted,random_forest,exp_20260730,1,4,11,480,240,0.19009437499335036,0.8524305555555556,0.8394818361025064,0.9030671296296297,0.0031532852940783585
left_pair,handcrafted,rbf_svm,exp_20260730,1,4,11,480,240,0.009062291006557643,0.8784722222222222,0.8575319505552064,0.9024884259259259,0.002866847479867314
left_pair,handcrafted,hist_gradient_boosting,exp_20260730,1,4,11,480,240,2.3248907920205966,0.8454861111111112,0.8347428450361059,0.883861400462963,0.0033852944646509692
left_pair,handcrafted,mlp,exp_20260730,1,4,11,480,240,0.082466874999227,0.6909722222222222,0.6180189202238953,0.9137731481481481,0.00740071232860776
left_pair,handcrafted,logistic,exp_20260730,1,6,19,768,240,0.013507084018783644,0.8663194444444444,0.8487289025842146,0.9178240740740741,0.0029677146645704644
left_pair,handcrafted,random_forest,exp_20260730,1,6,19,768,240,0.19695104099810123,0.84375,0.8310335116868488,0.906322337962963,0.0033428273129861618
left_pair,handcrafted,rbf_svm,exp_20260730,1,6,19,768,240,0.010959167004330084,0.8611111111111112,0.8444043384556079,0.90234375,0.0030522703984280494
left_pair,handcrafted,hist_gradient_boosting,exp_20260730,1,6,19,768,240,3.2733094159921166,0.8541666666666667,0.8432175709316901,0.8876591435185185,0.0031652913183447744
left_pair,handcrafted,mlp,exp_20260730,1,6,19,768,240,0.07653304099221714,0.6909722222222222,0.6180189202238953,0.9115306712962963,0.00740071232860776
left_pair,handcrafted,logistic,exp_20260730,1,8,31,1248,240,0.012530709005659446,0.8802083333333334,0.8577008928571428,0.9026331018518519,0.0029517022678744917
left_pair,handcrafted,random_forest,exp_20260730,1,8,31,1248,240,0.20094466698355973,0.8663194444444444,0.8522973044258058,0.9002097800925926,0.0031651333920897588
left_pair,handcrafted,rbf_svm,exp_20260730,1,8,31,1248,240,0.017736959009198472,0.875,0.849624060150376,0.8680555555555556,0.003229236111876755
left_pair,handcrafted,hist_gradient_boosting,exp_20260730,1,8,31,1248,240,3.049737916007871,0.8767361111111112,0.8573426573426574,0.9055266203703703,0.00288762129447642
left_pair,handcrafted,mlp,exp_20260730,1,8,31,1248,240,0.08374395899591036,0.6909722222222222,0.6180189202238953,0.9089265046296297,0.00740071232860776
left_pair,handcrafted,logistic,exp_20260730,2,2,13,454,240,0.011199540982488543,0.8732638888888888,0.8532469120704416,0.9181134259259259,0.0029627665421477285
left_pair,handcrafted,random_forest,exp_20260730,2,2,13,454,240,0.16354358301032335,0.8923611111111112,0.8701819894959083,0.8965928819444444,0.002720779857063886
left_pair,handcrafted,rbf_svm,exp_20260730,2,2,13,454,240,0.009989541984396055,0.8854166666666667,0.8619607843137256,0.9004629629629629,0.0028950738231202835
left_pair,handcrafted,hist_gradient_boosting,exp_20260730,2,2,13,454,240,2.1253223750100005,0.8715277777777778,0.8530415157717944,0.9134114583333333,0.00307639796189813
left_pair,handcrafted,mlp,exp_20260730,2,2,13,454,240,0.07439362502191216,0.8836805555555556,0.8618066339795153,0.9174623842592593,0.0028259803906488796
left_pair,handcrafted,logistic,exp_20260730,2,4,16,574,240,0.011556583980564028,0.8732638888888888,0.8532469120704416,0.91796875,0.0029627665421477285
left_pair,handcrafted,random_forest,exp_20260730,2,4,16,574,240,0.18815929201082326,0.8836805555555556,0.8618066339795153,0.9138454861111112,0.0028259803906488796
left_pair,handcrafted,rbf_svm,exp_20260730,2,4,16,574,240,0.009248209011275321,0.8854166666666667,0.8619607843137256,0.8998842592592593,0.0028950738231202835
left_pair,handcrafted,hist_gradient_boosting,exp_20260730,2,4,16,574,240,2.6256611249991693,0.8697916666666666,0.8528149147553048,0.9136284722222222,0.002946773616705006
left_pair,handcrafted,mlp,exp_20260730,2,4,16,574,240,0.07756950001930818,0.8888888888888888,0.8660714285714286,0.9188368055555556,0.0027711139859976355
left_pair,handcrafted,logistic,exp_20260730,2,6,23,862,240,0.014678709005238488,0.8871527777777778,0.8659124240519589,0.9086371527777778,0.002690578338919164
left_pair,handcrafted,random_forest,exp_20260730,2,6,23,862,240,0.17357858299510553,0.8871527777777778,0.8659124240519589,0.9059606481481481,0.00269130477639232
left_pair,handcrafted,rbf_svm,exp_20260730,2,6,23,862,240,0.01262120800674893,0.8854166666666667,0.8619607843137256,0.8726851851851851,0.0028950738231202835
left_pair,handcrafted,hist_gradient_boosting,exp_20260730,2,6,23,862,240,2.9865888330095913,0.8489583333333333,0.8354169963601836,0.9106626157407407,0.0033083313369227717
left_pair,handcrafted,mlp,exp_20260730,2,6,23,862,240,0.08141762501327321,0.8819444444444444,0.8578496272036792,0.916087962962963,0.0030190336602429323
left_pair,handcrafted,logistic,exp_20260730,2,8,33,1294,240,0.015715707995695993,0.8923611111111112,0.8701819894959083,0.9181857638888888,0.002636438371741076
left_pair,handcrafted,random_forest,exp_20260730,2,8,33,1294,240,0.1993151670030784,0.8715277777777778,0.8530415157717944,0.9118200231481481,0.0028797526804277516
left_pair,handcrafted,rbf_svm,exp_20260730,2,8,33,1294,240,0.01845587498974055,0.8854166666666667,0.8619607843137256,0.8844039351851852,0.0028950738231202835
left_pair,handcrafted,hist_gradient_boosting,exp_20260730,2,8,33,1294,240,3.11479274998419,0.8680555555555556,0.8525669153137341,0.9217303240740741,0.002802291535001383
left_pair,handcrafted,mlp,exp_20260730,2,8,33,1294,240,0.09920570798567496,0.8854166666666667,0.8619607843137256,0.9122540509259259,0.0028950738231202835
left_pair,handcrafted,logistic,exp_20260731,0,2,5,240,238,0.009894290997181088,0.8017068273092369,0.7459698196540302,0.8515729585006694,0.004343565733693921
left_pair,handcrafted,random_forest,exp_20260731,0,2,5,240,238,0.15442862501367927,0.8163487282463187,0.7941338365966817,0.9056224899598393,0.0037953994855696232
left_pair,handcrafted,rbf_svm,exp_20260731,0,2,5,240,238,0.0066454999905545264,0.8071452476572958,0.8217935165609584,0.9001004016064258,0.005261326607812684
left_pair,handcrafted,hist_gradient_boosting,exp_20260731,0,2,5,240,238,0.43624908398487605,0.8091532797858099,0.7763972773463714,0.8954568273092369,0.004038057760465154
left_pair,handcrafted,mlp,exp_20260731,0,2,5,240,238,0.03629124999861233,0.6716867469879518,0.5401903614030734,0.6984605087014726,0.007692533486905688
left_pair,handcrafted,logistic,exp_20260731,0,4,17,720,238,0.012557374982861802,0.7903279785809907,0.7136289352225993,0.8596050870147256,0.004810932202266062
left_pair,handcrafted,random_forest,exp_20260731,0,4,17,720,238,0.23643266598810442,0.7652275769745649,0.7735294117647059,0.9162901606425703,0.006947437557823495
left_pair,handcrafted,rbf_svm,exp_20260731,0,4,17,720,238,0.011486750008771196,0.8323293172690763,0.8117088607594937,0.9127342704149932,0.004474797218932388
left_pair,handcrafted,hist_gradient_boosting,exp_20260731,0,4,17,720,238,2.853401833999669,0.8288152610441767,0.7815900365202735,0.8885960508701473,0.004179035410360573
left_pair,handcrafted,mlp,exp_20260731,0,4,17,720,238,0.06372437500976957,0.713855421686747,0.600833289197253,0.7579484605087015,0.006646187365417906
left_pair,handcrafted,logistic,exp_20260731,0,6,23,960,238,0.014033917017513886,0.8755856760374833,0.8220826792255364,0.9156626506024097,0.0026057608138137737
left_pair,handcrafted,random_forest,exp_20260731,0,6,23,960,238,0.19054512499133125,0.785140562248996,0.7941176470588236,0.9198042168674698,0.005836461352089518
left_pair,handcrafted,rbf_svm,exp_20260731,0,6,23,960,238,0.015281833009794354,0.8504016064257028,0.8368153585544891,0.920264390896921,0.0040984379400353975
left_pair,handcrafted,hist_gradient_boosting,exp_20260731,0,6,23,960,238,3.069204750005156,0.7521753681392236,0.7141141141141141,0.8123744979919678,0.006750922230372572
left_pair,handcrafted,mlp,exp_20260731,0,6,23,960,238,0.09760499998810701,0.7059906291834003,0.6007769047408846,0.7529283801874164,0.006715609321042795
left_pair,handcrafted,logistic,exp_20260731,0,8,31,1272,238,0.015938374999677762,0.8268072289156627,0.8293834865480307,0.9347389558232931,0.004227993179063437
left_pair,handcrafted,random_forest,exp_20260731,0,8,31,1272,238,0.26690441599930637,0.8152610441767068,0.838095238095238,0.9613453815261045,0.005992629421687146
left_pair,handcrafted,rbf_svm,exp_20260731,0,8,31,1272,238,0.08078229200327769,0.8624497991967872,0.8539877300613496,0.9484605087014726,0.0037567489420391757
left_pair,handcrafted,hist_gradient_boosting,exp_20260731,0,8,31,1272,238,4.425529375002952,0.8253848728246318,0.8064004126738488,0.92315093708166,0.0037304507039465163
left_pair,handcrafted,mlp,exp_20260731,0,8,31,1272,238,0.07480320800095797,0.8162650602409638,0.7386733867338673,0.8653781793842036,0.004183128203454075
left_pair,handcrafted,logistic,exp_20260731,0,10,38,1536,238,0.015264125016983598,0.8328313253012047,0.8380952380952381,0.9379183400267738,0.004217503061909217
left_pair,handcrafted,random_forest,exp_20260731,0,10,38,1536,238,0.1968341669999063,0.7879016064257028,0.7867694551515783,0.9357848058902276,0.006770179880401144
left_pair,handcrafted,rbf_svm,exp_20260731,0,10,38,1536,238,0.025676583987660706,0.8624497991967872,0.8539877300613496,0.9447791164658634,0.0037567489420391757
left_pair,handcrafted,hist_gradient_boosting,exp_20260731,0,10,38,1536,238,3.108788415993331,0.8193607764390897,0.7982056590752243,0.8875083668005354,0.004016974927450349
left_pair,handcrafted,mlp,exp_20260731,0,10,38,1536,238,0.13838837499497458,0.8447958500669344,0.7985441002200779,0.8716532797858099,0.0030279213477119723
left_pair,handcrafted,logistic,exp_20260731,1,2,10,408,238,0.009987166995415464,0.7374497991967872,0.7484143763213531,0.9103078982597055,0.006801415578090334
left_pair,handcrafted,random_forest,exp_20260731,1,2,10,408,238,0.13921995801501907,0.7062416331994645,0.7329933707292198,0.8701890896921017,0.007765913463246219
left_pair,handcrafted,rbf_svm,exp_20260731,1,2,10,408,238,0.00655529199866578,0.7726740294511378,0.8016808323215008,0.899263721552878,0.005713514773811384
left_pair,handcrafted,hist_gradient_boosting,exp_20260731,1,2,10,408,238,1.8504846669966355,0.7370314591700133,0.7679674024448166,0.8647506693440429,0.00696091909338987
left_pair,handcrafted,mlp,exp_20260731,1,2,10,408,238,0.05563691700808704,0.7078313253012049,0.5923722079985874,0.8247155287817939,0.006776145959199894
left_pair,handcrafted,logistic,exp_20260731,1,4,18,720,238,0.013406874990323558,0.7779451137884873,0.7768517553911867,0.9005187416331994,0.006008374221275285
left_pair,handcrafted,random_forest,exp_20260731,1,4,18,720,238,0.19195920799393207,0.8724062918340026,0.8637218813905931,0.9505940428380187,0.002849415918584307
left_pair,handcrafted,rbf_svm,exp_20260731,1,4,18,720,238,0.012226999999256805,0.8606091030789826,0.8606091030789826,0.9602576974564925,0.003682608131672721
left_pair,handcrafted,hist_gradient_boosting,exp_20260731,1,4,18,720,238,2.702732834004564,0.8052208835341366,0.7752250255382303,0.8353831994645248,0.004364135196020301
left_pair,handcrafted,mlp,exp_20260731,1,4,18,720,238,0.09637379099149257,0.8538319946452477,0.8106818181818182,0.8911479250334673,0.0028155364931696934
left_pair,handcrafted,logistic,exp_20260731,1,6,25,1008,238,0.013357916002860293,0.7730923694779116,0.7773809523809524,0.8960006693440429,0.005978922454231264
left_pair,handcrafted,random_forest,exp_20260731,1,6,25,1008,238,0.19264112500241026,0.8381024096385542,0.8068181818181819,0.9197205488621152,0.003820537516103535
left_pair,handcrafted,rbf_svm,exp_20260731,1,6,25,1008,238,0.017105333012295887,0.8654618473895582,0.8583420561131293,0.9548192771084337,0.0036835505922268637
left_pair,handcrafted,hist_gradient_boosting,exp_20260731,1,6,25,1008,238,2.9189321669982746,0.803380187416332,0.7807483486544229,0.9011044176706827,0.004386810484140904
left_pair,handcrafted,mlp,exp_20260731,1,6,25,1008,238,0.09219833300448954,0.8586847389558233,0.8083341136810562,0.8879685408299866,0.0030201501113700548
left_pair,handcrafted,logistic,exp_20260731,1,8,31,1248,238,0.013787458010483533,0.7879016064257028,0.7867694551515783,0.9160809906291834,0.005710236812247724
left_pair,handcrafted,random_forest,exp_20260731,1,8,31,1248,238,0.19691966701066121,0.793925702811245,0.7950817950817951,0.9382948460508702,0.006446629628270216
left_pair,handcrafted,rbf_svm,exp_20260731,1,8,31,1248,238,0.020983875001547858,0.8654618473895582,0.8583420561131293,0.9523092369477912,0.0036835505922268637
left_pair,handcrafted,hist_gradient_boosting,exp_20260731,1,8,31,1248,238,3.088257583003724,0.7994477911646587,0.7794340924775707,0.8750000000000001,0.004789471569873362
left_pair,handcrafted,mlp,exp_20260731,1,8,31,1248,238,0.07345020901993848,0.8042168674698795,0.7227747612135549,0.8663821954484605,0.004609749366183456
left_pair,handcrafted,logistic,exp_20260731,2,2,6,264,238,0.010246291989460588,0.8242135207496653,0.7965021375825885,0.9197623828647925,0.003466275097583209
left_pair,handcrafted,random_forest,exp_20260731,2,2,6,264,238,0.16113429199322127,0.7796184738955824,0.8084461698702774,0.9134454484605087,0.0055120407656804385
left_pair,handcrafted,rbf_svm,exp_20260731,2,2,6,264,238,0.006202542019309476,0.804384203480589,0.830074391395472,0.9067101740294512,0.004963521443270155
left_pair,handcrafted,hist_gradient_boosting,exp_20260731,2,2,6,264,238,1.342488709022291,0.7796184738955824,0.8084461698702774,0.8365545515394912,0.005642016904218744
left_pair,handcrafted,mlp,exp_20260731,2,2,6,264,238,0.03496779201668687,0.6957831325301205,0.5752628324056897,0.7525937081659974,0.007150025893857658
left_pair,handcrafted,logistic,exp_20260731,2,4,8,360,238,0.010206999984802678,0.8575133868808568,0.797798463356974,0.9133199464524766,0.003005696849788737
left_pair,handcrafted,random_forest,exp_20260731,2,4,8,360,238,0.17366033399594016,0.8596050870147256,0.805092316855271,0.9329819277108434,0.002849808463527676
left_pair,handcrafted,rbf_svm,exp_20260731,2,4,8,360,238,0.007017791998805478,0.8418674698795181,0.8513877225846738,0.9205990629183399,0.003923249114258861
left_pair,handcrafted,hist_gradient_boosting,exp_20260731,2,4,8,360,238,1.9971194170066155,0.8153447121820616,0.741996097419961,0.9480421686746987,0.004175408130854039
left_pair,handcrafted,mlp,exp_20260731,2,4,8,360,238,0.03367691702442244,0.6626506024096386,0.5267045454545455,0.7080823293172691,0.007887840146374446
left_pair,handcrafted,logistic,exp_20260731,2,6,20,816,238,0.012277625006390736,0.7283299866131191,0.6948948043134002,0.856425702811245,0.007454245321532086
left_pair,handcrafted,random_forest,exp_20260731,2,6,20,816,238,0.19118129200069234,0.8302376171352075,0.8046435272045028,0.8898092369477911,0.0035641124083455977
left_pair,handcrafted,rbf_svm,exp_20260731,2,6,20,816,238,0.010743666993221268,0.8675535475234271,0.8661110532347119,0.9148259705488622,0.0036086598585891257
left_pair,handcrafted,hist_gradient_boosting,exp_20260731,2,6,20,816,238,3.6387295000022277,0.7352744310575636,0.7000545492165604,0.809822623828648,0.006886211107288435
left_pair,handcrafted,mlp,exp_20260731,2,6,20,816,238,0.0968588340037968,0.7168674698795181,0.6050420168067226,0.7569444444444444,0.0065729890156055945
left_pair,handcrafted,logistic,exp_20260731,2,8,26,1056,238,0.01524329200037755,0.8246318607764391,0.7674538650148406,0.8747489959839357,0.003993097245782198
left_pair,handcrafted,random_forest,exp_20260731,2,8,26,1056,238,0.2196462920110207,0.8223728246318608,0.8022943037974684,0.9268741633199464,0.004467643131022517
left_pair,handcrafted,rbf_svm,exp_20260731,2,8,26,1056,238,0.014222833997337148,0.8585174029451137,0.8529169413315755,0.9146586345381525,0.0037994069195432115
left_pair,handcrafted,hist_gradient_boosting,exp_20260731,2,8,26,1056,238,3.1479741249931976,0.7910809906291834,0.7526595242144247,0.8424949799196788,0.004837337294719216
left_pair,handcrafted,mlp,exp_20260731,2,8,26,1056,238,0.11866191599983722,0.7150267737617135,0.6131995477671001,0.7629685408299867,0.006556320272035063
all,handcrafted,logistic,exp_20260715,0,2,7,792,120,0.01564595798845403,0.9416666666666667,0.9416301855326246,0.9891666666666666,0.000896456058754939
all,handcrafted,random_forest,exp_20260715,0,2,7,792,120,0.14793070900486782,0.9083333333333333,0.9075565515792423,0.9969444444444444,0.002784700596480132
all,handcrafted,rbf_svm,exp_20260715,0,2,7,792,120,0.01058974998886697,0.975,0.9749982637683172,0.9980555555555556,0.000252719908317424
all,handcrafted,hist_gradient_boosting,exp_20260715,0,2,7,792,120,3.001611083978787,0.9083333333333333,0.9075565515792423,0.9841666666666667,0.003183193982013996
all,handcrafted,mlp,exp_20260715,0,2,7,792,120,0.0836062089947518,0.9666666666666666,0.9666574048346763,0.995,0.0004681051638117605
all,handcrafted,logistic,exp_20260715,0,4,19,2160,120,0.019235582993132994,0.9083333333333333,0.9080203470141454,0.9880555555555555,0.002998118922384339
all,handcrafted,random_forest,exp_20260715,0,4,19,2160,120,0.2010367079928983,0.9166666666666667,0.916083916083916,0.9868055555555555,0.0027421300892863884
all,handcrafted,rbf_svm,exp_20260715,0,4,19,2160,120,0.03606404201127589,0.9833333333333334,0.9833287024173382,0.9986111111111111,0.00016870890107433933
all,handcrafted,hist_gradient_boosting,exp_20260715,0,4,19,2160,120,3.5260036250110716,0.9416666666666667,0.9414674935544561,0.9925,0.0016101168575549487
all,handcrafted,mlp,exp_20260715,0,4,19,2160,120,0.12670362499193288,0.9166666666666666,0.9162946428571428,0.9919444444444445,0.003022297838989934
all,handcrafted,logistic,exp_20260715,0,6,32,3598,120,0.03028158302186057,0.975,0.9749982637683172,0.9988888888888889,0.000252719908317424
all,handcrafted,random_forest,exp_20260715,0,6,32,3598,120,0.22677704200032167,0.8583333333333334,0.8554319325349018,0.98875,0.006083768242499781
all,handcrafted,rbf_svm,exp_20260715,0,6,32,3598,120,0.0904432499955874,0.9833333333333334,0.9833287024173382,0.9988888888888888,0.00016870890107433933
all,handcrafted,hist_gradient_boosting,exp_20260715,0,6,32,3598,120,3.6440224169928115,0.925,0.9245757385292269,0.9958333333333333,0.002142170916367343
all,handcrafted,mlp,exp_20260715,0,6,32,3598,120,0.2421112090232782,0.95,0.95,0.9747222222222223,0.0007642930325329137
all,handcrafted,logistic,exp_20260715,0,8,37,4305,120,0.017260082997381687,0.975,0.9749982637683172,0.9983333333333333,0.000252719908317424
all,handcrafted,random_forest,exp_20260715,0,8,37,4305,120,0.24130337499082088,0.9833333333333334,0.9833287024173382,0.9955555555555555,0.00016870890107433933
all,handcrafted,rbf_svm,exp_20260715,0,8,37,4305,120,0.10258695800439455,0.9833333333333334,0.9833287024173382,0.9988888888888888,0.00016870890107433933
all,handcrafted,hist_gradient_boosting,exp_20260715,0,8,37,4305,120,3.8406146250199527,0.9666666666666667,0.9666295884315907,0.9966666666666666,0.0012634147566055061
all,handcrafted,mlp,exp_20260715,0,8,37,4305,120,0.29199333299766295,0.9583333333333333,0.9583304396138621,0.9805555555555556,0.0005489077770385771
all,handcrafted,logistic,exp_20260715,0,10,44,5169,120,0.0211834590008948,0.975,0.9749982637683172,0.9988888888888889,0.000252719908317424
all,handcrafted,random_forest,exp_20260715,0,10,44,5169,120,0.2682200830022339,0.9833333333333334,0.9833287024173382,0.9894444444444446,0.00016870890107433933
all,handcrafted,rbf_svm,exp_20260715,0,10,44,5169,120,0.1433569999935571,0.9833333333333334,0.9833287024173382,0.9994444444444445,0.00016870890107433933
all,handcrafted,hist_gradient_boosting,exp_20260715,0,10,44,5169,120,3.843340542021906,0.9833333333333334,0.9833287024173382,0.9969444444444444,0.00016870890107433933
all,handcrafted,mlp,exp_20260715,0,10,44,5169,120,0.26253224999527447,0.9583333333333333,0.9583304396138621,0.9886111111111111,0.0005489077770385771
all,handcrafted,logistic,exp_20260715,1,2,5,707,120,0.007889874977990985,0.975,0.9749982637683172,0.9988888888888889,0.000252719908317424
all,handcrafted,random_forest,exp_20260715,1,2,5,707,120,0.13441070899716578,0.9833333333333334,0.9833287024173382,0.9993055555555554,0.00016870890107433933
all,handcrafted,rbf_svm,exp_20260715,1,2,5,707,120,0.009157208987744525,0.9666666666666667,0.9666666666666667,0.9969444444444444,0.00038133109722909625
all,handcrafted,hist_gradient_boosting,exp_20260715,1,2,5,707,120,3.0030395409849007,0.975,0.9749982637683172,0.9988888888888889,0.000252719908317424
all,handcrafted,mlp,exp_20260715,1,2,5,707,120,0.06261733299470507,0.975,0.9749843652282677,0.9991666666666666,0.00029663320339784157
all,handcrafted,logistic,exp_20260715,1,4,17,2075,120,0.01951645899680443,0.975,0.9749982637683172,0.9988888888888889,0.000252719908317424
all,handcrafted,random_forest,exp_20260715,1,4,17,2075,120,0.20001954198232852,0.975,0.9749843652282677,0.9961111111111111,0.000253063351611509
all,handcrafted,rbf_svm,exp_20260715,1,4,17,2075,120,0.025946708978153765,0.975,0.9749982637683172,0.9983333333333333,0.000252719908317424
all,handcrafted,hist_gradient_boosting,exp_20260715,1,4,17,2075,120,3.5963926250115037,0.9833333333333334,0.9833287024173382,0.9955555555555555,0.0004938367440363786
all,handcrafted,mlp,exp_20260715,1,4,17,2075,120,0.22566975001245737,0.9583333333333333,0.9583304396138621,0.9836111111111111,0.0005489077770385771
all,handcrafted,logistic,exp_20260715,1,6,29,3369,120,0.015889375004917383,0.975,0.9749982637683172,0.9988888888888889,0.000252719908317424
all,handcrafted,random_forest,exp_20260715,1,6,29,3369,120,0.19631720799952745,0.975,0.9749843652282677,0.9959722222222223,0.000253063351611509
all,handcrafted,rbf_svm,exp_20260715,1,6,29,3369,120,0.06743199998163618,0.9833333333333334,0.9833287024173382,0.9988888888888888,0.00016870890107433933
all,handcrafted,hist_gradient_boosting,exp_20260715,1,6,29,3369,120,4.386690624989569,0.975,0.9749843652282677,0.9963888888888889,0.000464247534319806
all,handcrafted,mlp,exp_20260715,1,6,29,3369,120,0.3410552080022171,0.9666666666666667,0.9666666666666667,0.9916666666666666,0.00038133109722909625
all,handcrafted,logistic,exp_20260715,1,8,32,3729,120,0.01562745898263529,0.975,0.9749982637683172,0.9983333333333333,0.000252719908317424
all,handcrafted,random_forest,exp_20260715,1,8,32,3729,120,0.228951249999227,0.975,0.9749843652282677,0.99,0.000253063351611509
all,handcrafted,rbf_svm,exp_20260715,1,8,32,3729,120,0.07172841700958088,0.9833333333333334,0.9833287024173382,0.9988888888888888,0.00016870890107433933
all,handcrafted,hist_gradient_boosting,exp_20260715,1,8,32,3729,120,4.1278021250036545,0.9833333333333334,0.9833287024173382,0.9963888888888889,0.00016870890107433933
all,handcrafted,mlp,exp_20260715,1,8,32,3729,120,0.28369166699121706,0.9583333333333333,0.9583304396138621,0.9827777777777778,0.0005489077770385771
all,handcrafted,logistic,exp_20260715,2,2,8,862,120,0.00929704200825654,0.95,0.9499861072520144,0.9755555555555555,0.0007670419392391241
all,handcrafted,random_forest,exp_20260715,2,2,8,862,120,0.13935083302203566,0.8916666666666666,0.8903801559974702,0.9897222222222223,0.003638626924849453
all,handcrafted,rbf_svm,exp_20260715,2,2,8,862,120,0.013299667014507577,0.975,0.9749982637683172,0.9983333333333333,0.000252719908317424
all,handcrafted,hist_gradient_boosting,exp_20260715,2,2,8,862,120,3.0430092080205213,0.875,0.873015873015873,0.9897222222222223,0.004432840485995041
all,handcrafted,mlp,exp_20260715,2,2,8,862,120,0.07412062500952743,0.8333333333333333,0.8303167420814479,0.9691666666666666,0.00644248334248002
all,handcrafted,logistic,exp_20260715,2,4,16,1726,120,0.018169291026424617,0.9583333333333333,0.9583304396138621,0.9802777777777778,0.0005489077770385771
all,handcrafted,random_forest,exp_20260715,2,4,16,1726,120,0.20043162498041056,0.8583333333333334,0.8554319325349018,0.9880555555555556,0.005331053356066222
all,handcrafted,rbf_svm,exp_20260715,2,4,16,1726,120,0.0207834170141723,0.975,0.9749982637683172,0.9972222222222222,0.000252719908317424
all,handcrafted,hist_gradient_boosting,exp_20260715,2,4,16,1726,120,3.3628522499930114,0.9416666666666667,0.9414674935544561,0.9888888888888888,0.001551467193530423
all,handcrafted,mlp,exp_20260715,2,4,16,1726,120,0.18986458401195705,0.9083333333333333,0.9081739130434783,0.9738888888888889,0.002658549919455926
all,handcrafted,logistic,exp_20260715,2,6,21,2433,120,0.02185633301269263,0.9666666666666667,0.9666666666666667,0.9969444444444444,0.00038133109722909625
all,handcrafted,random_forest,exp_20260715,2,6,21,2433,120,0.18194233402027749,0.975,0.9749843652282677,0.9943055555555556,0.000253063351611509
all,handcrafted,rbf_svm,exp_20260715,2,6,21,2433,120,0.032070624991320074,0.9833333333333334,0.9833287024173382,0.9980555555555555,0.00016870890107433933
all,handcrafted,hist_gradient_boosting,exp_20260715,2,6,21,2433,120,3.8327110419922974,0.9833333333333334,0.9833287024173382,0.9974999999999999,0.00016870890107433933
all,handcrafted,mlp,exp_20260715,2,6,21,2433,120,0.25962058297591284,0.9583333333333333,0.9583304396138621,0.9874999999999999,0.0005489077770385771
all,handcrafted,logistic,exp_20260715,2,8,32,3729,120,0.01549529199837707,0.975,0.9749982637683172,0.9983333333333333,0.000252719908317424
all,handcrafted,random_forest,exp_20260715,2,8,32,3729,120,0.21794583299197257,0.975,0.9749843652282677,0.99,0.000253063351611509
all,handcrafted,rbf_svm,exp_20260715,2,8,32,3729,120,0.07155345898354426,0.9833333333333334,0.9833287024173382,0.9988888888888888,0.00016870890107433933
all,handcrafted,hist_gradient_boosting,exp_20260715,2,8,32,3729,120,4.053694832982728,0.9833333333333334,0.9833287024173382,0.9963888888888889,0.00016870890107433933
all,handcrafted,mlp,exp_20260715,2,8,32,3729,120,0.24077624999335967,0.9583333333333333,0.9583304396138621,0.9827777777777778,0.0005489077770385771
all,handcrafted,logistic,exp_20260717,0,2,11,1296,144,0.011260917002800852,0.8611111111111112,0.8610038610038611,0.9577546296296297,0.005061465850658097
all,handcrafted,random_forest,exp_20260717,0,2,11,1296,144,0.1558413750026375,0.7291666666666666,0.7077283372365339,0.9996141975308642,0.012038306855831396
all,handcrafted,rbf_svm,exp_20260717,0,2,11,1296,144,0.02914829200017266,0.9791666666666667,0.9791576204950065,0.9998070987654322,0.0005142176970460414
all,handcrafted,hist_gradient_boosting,exp_20260717,0,2,11,1296,144,7.272698959015543,0.7569444444444444,0.741684178155912,0.956983024691358,0.010515329244288182
all,handcrafted,mlp,exp_20260717,0,2,11,1296,144,0.10482212499482557,0.9375,0.9374969857728479,0.9756944444444444,0.0023580692363572727
all,handcrafted,logistic,exp_20260717,0,4,13,1560,144,0.019075791002251208,0.8402777777777778,0.8402700747528333,0.9232253086419753,0.006190457731477735
all,handcrafted,random_forest,exp_20260717,0,4,13,1560,144,0.2077665000106208,0.9375,0.9374728614850196,0.967013888888889,0.0030122466255339438
all,handcrafted,rbf_svm,exp_20260717,0,4,13,1560,144,0.04721387499012053,0.9513888888888888,0.9512737467975056,0.9774305555555556,0.0013642008161752447
all,handcrafted,hist_gradient_boosting,exp_20260717,0,4,13,1560,144,7.766008541977499,0.9444444444444444,0.9444337256415203,0.9737654320987653,0.0026201123430743822
all,handcrafted,mlp,exp_20260717,0,4,13,1560,144,0.1289179589948617,0.8611111111111112,0.8608695652173913,0.9702932098765432,0.005577768114324753
all,handcrafted,logistic,exp_20260717,0,6,25,2928,144,0.021990624984027818,0.8402777777777778,0.8402700747528333,0.9185956790123457,0.006190457731477735
all,handcrafted,random_forest,exp_20260717,0,6,25,2928,144,0.23069912500795908,0.9236111111111112,0.9236074270557029,0.958912037037037,0.0036349670489559363
all,handcrafted,rbf_svm,exp_20260717,0,6,25,2928,144,0.05916649999562651,0.9375,0.9372549019607843,0.947337962962963,0.0019866861834884667
all,handcrafted,hist_gradient_boosting,exp_20260717,0,6,25,2928,144,4.991904124995926,0.9444444444444444,0.9444015444015443,0.962962962962963,0.002428442185221244
all,handcrafted,mlp,exp_20260717,0,6,25,2928,144,0.22143316600704566,0.8958333333333333,0.8957881024750325,0.9459876543209876,0.004466173780723277
all,handcrafted,logistic,exp_20260717,0,8,31,3707,144,0.017503707989817485,0.8402777777777778,0.8402700747528333,0.9153163580246915,0.006190457731477735
all,handcrafted,random_forest,exp_20260717,0,8,31,3707,144,0.21533162498963065,0.9375,0.9374969857728479,0.9780092592592593,0.0026901809155920756
all,handcrafted,rbf_svm,exp_20260717,0,8,31,3707,144,0.06439941699500196,0.9305555555555556,0.9302190346966466,0.9380787037037036,0.002155103134477943
all,handcrafted,hist_gradient_boosting,exp_20260717,0,8,31,3707,144,5.694369542005006,0.9444444444444444,0.9444337256415203,0.9633487654320988,0.0021063764752793763
all,handcrafted,mlp,exp_20260717,0,8,31,3707,144,0.19297641699085943,0.8958333333333333,0.8955866002803694,0.9361496913580246,0.004131503312467137
all,handcrafted,logistic,exp_20260717,0,10,44,5145,144,0.028873083007056266,0.7986111111111112,0.7983680169957993,0.8078703703703703,0.009445173222038545
all,handcrafted,random_forest,exp_20260717,0,10,44,5145,144,0.26495250000152737,0.9236111111111112,0.9236074270557029,0.9558256172839505,0.0036349670489559363
all,handcrafted,rbf_svm,exp_20260717,0,10,44,5145,144,0.14475841700914316,0.9305555555555556,0.9302190346966466,0.9293981481481481,0.002155103134477943
all,handcrafted,hist_gradient_boosting,exp_20260717,0,10,44,5145,144,5.7638497080188245,0.9097222222222222,0.9096830221450283,0.9419367283950617,0.004030341253935651
all,handcrafted,mlp,exp_20260717,0,10,44,5145,144,0.24628033398767002,0.8541666666666667,0.8541596334699784,0.9209104938271605,0.006265781782765118
all,handcrafted,logistic,exp_20260717,1,2,8,838,144,0.009718083019834012,0.8194444444444444,0.8194096083349411,0.890625,0.00752403500385546
all,handcrafted,random_forest,exp_20260717,1,2,8,838,144,0.2728010829887353,0.8333333333333333,0.8285714285714285,0.9940200617283951,0.008460723883275893
all,handcrafted,rbf_svm,exp_20260717,1,2,8,838,144,0.02601862497976981,0.9513888888888888,0.9512737467975056,0.9986496913580247,0.0013642008161752447
all,handcrafted,hist_gradient_boosting,exp_20260717,1,2,8,838,144,3.8069041249982547,0.8472222222222222,0.8435710053328067,0.9911265432098766,0.008024663686468411
all,handcrafted,mlp,exp_20260717,1,2,8,838,144,0.10162974998820573,0.8402777777777777,0.8393402861993693,0.9544753086419753,0.0061641858356855355
all,handcrafted,logistic,exp_20260717,1,4,15,1702,144,0.02243958300095983,0.8055555555555556,0.8054054054054054,0.8479938271604939,0.009250305402165088
all,handcrafted,random_forest,exp_20260717,1,4,15,1702,144,0.22175454199896194,0.875,0.874903474903475,0.9409722222222222,0.0057730653350787815
all,handcrafted,rbf_svm,exp_20260717,1,4,15,1702,144,0.03169858400360681,0.9375,0.9372549019607843,0.9398148148148149,0.002501668360764563
all,handcrafted,hist_gradient_boosting,exp_20260717,1,4,15,1702,144,7.100112874992192,0.9305555555555556,0.9305421570519004,0.9556327160493827,0.003530298130239239
all,handcrafted,mlp,exp_20260717,1,4,15,1702,144,0.09732158301630989,0.875,0.8749758826934207,0.9351851851851851,0.00502329809363038
all,handcrafted,logistic,exp_20260717,1,6,25,2913,144,0.024847332999343053,0.8055555555555556,0.8054054054054054,0.8485725308641976,0.008661502548444779
all,handcrafted,random_forest,exp_20260717,1,6,25,2913,144,0.25432845897739753,0.9375,0.9374969857728479,0.9591049382716049,0.003172764193978681
all,handcrafted,rbf_svm,exp_20260717,1,6,25,2913,144,0.04985258399392478,0.9305555555555556,0.9302190346966466,0.9282407407407407,0.002155103134477943
all,handcrafted,hist_gradient_boosting,exp_20260717,1,6,25,2913,144,6.805146707978565,0.9513888888888888,0.9513677811550152,0.9477237654320987,0.0020363079027616825
all,handcrafted,mlp,exp_20260717,1,6,25,2913,144,0.18770683399634436,0.8888888888888888,0.8885448916408669,0.9193672839506173,0.004770864840347003
all,handcrafted,logistic,exp_20260717,1,8,32,3705,144,0.03398491602274589,0.8055555555555556,0.8054054054054054,0.8385416666666667,0.008661502548444779
all,handcrafted,random_forest,exp_20260717,1,8,32,3705,144,0.26644716699956916,0.9166666666666666,0.9166666666666666,0.9635416666666666,0.003845506200906682
all,handcrafted,rbf_svm,exp_20260717,1,8,32,3705,144,0.06715620798058808,0.9305555555555556,0.9302190346966466,0.9234182098765432,0.002155103134477943
all,handcrafted,hist_gradient_boosting,exp_20260717,1,8,32,3705,144,7.053134957997827,0.9236111111111112,0.9236074270557029,0.9427083333333333,0.004148702916750942
all,handcrafted,mlp,exp_20260717,1,8,32,3705,144,0.2671534580003936,0.8680555555555556,0.8678962869972477,0.9068287037037037,0.005182697854747915
all,handcrafted,logistic,exp_20260717,2,2,7,792,144,0.012227875005919486,0.7569444444444444,0.7549472455875919,0.8946759259259259,0.011224919738862861
all,handcrafted,random_forest,exp_20260717,2,2,7,792,144,0.21078320799279027,0.6319444444444444,0.5742734422937469,1.0,0.01584423710151114
all,handcrafted,rbf_svm,exp_20260717,2,2,7,792,144,0.016049958008807153,0.9861111111111112,0.9861111111111112,0.9963348765432098,0.00014228349468869262
all,handcrafted,hist_gradient_boosting,exp_20260717,2,2,7,792,144,5.232861333002802,0.75,0.7333333333333334,0.9801311728395061,0.012215788086841957
all,handcrafted,mlp,exp_20260717,2,2,7,792,144,0.07954641699325293,0.8888888888888888,0.8888674512830408,0.9604552469135803,0.004348317200070836
all,handcrafted,logistic,exp_20260717,2,4,12,1475,144,0.019027500005904585,0.8541666666666667,0.8541033434650456,0.9241898148148148,0.005453600133117659
all,handcrafted,random_forest,exp_20260717,2,4,12,1475,144,0.21412912500090897,0.8680555555555556,0.865717791411043,0.9986496913580247,0.00699655941019965
all,handcrafted,rbf_svm,exp_20260717,2,4,12,1475,144,0.02127166700665839,0.9722222222222222,0.9722007722007722,0.9978780864197531,0.0003812032337325704
all,handcrafted,hist_gradient_boosting,exp_20260717,2,4,12,1475,144,5.954456042003585,0.9652777777777778,0.9652761032071377,0.9932484567901235,0.0013971264806009775
all,handcrafted,mlp,exp_20260717,2,4,12,1475,144,0.1419185410195496,0.8958333333333334,0.8957075949978273,0.9452160493827161,0.00454689080179036
all,handcrafted,logistic,exp_20260717,2,6,24,2915,144,0.023011041979771107,0.8402777777777778,0.8402700747528333,0.9259259259259259,0.006190457731477735
all,handcrafted,random_forest,exp_20260717,2,6,24,2915,144,0.24452245901920833,0.8958333333333333,0.8946906537955244,0.9953703703703702,0.004723646827765652
all,handcrafted,rbf_svm,exp_20260717,2,6,24,2915,144,0.05441129198879935,0.9652777777777778,0.9652358649992758,0.9998070987654322,0.0005496201847220472
all,handcrafted,hist_gradient_boosting,exp_20260717,2,6,24,2915,144,8.30265170900384,0.9236111111111112,0.9231627455736114,0.9982638888888888,0.0031746333760019276
all,handcrafted,mlp,exp_20260717,2,6,24,2915,144,0.2410647090000566,0.9027777777777778,0.9024767801857585,0.9278549382716049,0.0040261494595924185
all,handcrafted,logistic,exp_20260717,2,8,31,3707,144,0.02116299999761395,0.8402777777777778,0.8402700747528333,0.9153163580246915,0.006190457731477735
all,handcrafted,random_forest,exp_20260717,2,8,31,3707,144,0.26681816700147465,0.9375,0.9374969857728479,0.9780092592592593,0.0026901809155920756
all,handcrafted,rbf_svm,exp_20260717,2,8,31,3707,144,0.07442445901688188,0.9305555555555556,0.9302190346966466,0.9380787037037036,0.002155103134477943
all,handcrafted,hist_gradient_boosting,exp_20260717,2,8,31,3707,144,7.587715666013537,0.9444444444444444,0.9444337256415203,0.9633487654320988,0.0021063764752793763
all,handcrafted,mlp,exp_20260717,2,8,31,3707,144,0.2017144580022432,0.8958333333333333,0.8955866002803694,0.9361496913580246,0.004131503312467137
all,handcrafted,logistic,exp_20260720,0,2,12,1368,144,0.019029166986001655,1.0,1.0,1.0,0.0
all,handcrafted,random_forest,exp_20260720,0,2,12,1368,144,0.2246633339964319,0.9166666666666667,0.916083916083916,0.9998070987654322,0.005155519239300979
all,handcrafted,rbf_svm,exp_20260720,0,2,12,1368,144,0.018748708011116832,0.9930555555555556,0.9930552206414276,1.0,7.215813939127735e-05
all,handcrafted,hist_gradient_boosting,exp_20260720,0,2,12,1368,144,5.823792584007606,0.9166666666666667,0.916083916083916,0.9990354938271604,0.005155519239300979
all,handcrafted,mlp,exp_20260720,0,2,12,1368,144,0.12593095799093135,0.9861111111111112,0.9861084314103801,1.0,0.0017125105675599307
all,handcrafted,logistic,exp_20260720,0,4,17,2051,144,0.018394208018435165,1.0,1.0,1.0,0.0
all,handcrafted,random_forest,exp_20260720,0,4,17,2051,144,0.2191237089864444,0.9166666666666667,0.916083916083916,0.9998070987654322,0.005155519239300979
all,handcrafted,rbf_svm,exp_20260720,0,4,17,2051,144,0.0281458749959711,0.9930555555555556,0.9930552206414276,1.0,7.215813939127735e-05
all,handcrafted,hist_gradient_boosting,exp_20260720,0,4,17,2051,144,6.882084915996529,0.9166666666666667,0.916083916083916,0.9959490740740741,0.005155519239300979
all,handcrafted,mlp,exp_20260720,0,4,17,2051,144,0.15924162499140948,0.9861111111111112,0.9861084314103801,1.0,0.0017125105675599307
all,handcrafted,logistic,exp_20260720,0,6,28,3347,144,0.026980833994457498,1.0,1.0,1.0,0.0
all,handcrafted,random_forest,exp_20260720,0,6,28,3347,144,0.2784406249993481,0.9166666666666667,0.916083916083916,0.9999035493827161,0.005155519239300979
all,handcrafted,rbf_svm,exp_20260720,0,6,28,3347,144,0.07735191701794975,0.9861111111111112,0.9861084314103801,1.0,0.00023269190326406303
all,handcrafted,hist_gradient_boosting,exp_20260720,0,6,28,3347,144,6.818683334015077,0.8958333333333333,0.8946906537955244,0.9928626543209875,0.005946310557067095
all,handcrafted,mlp,exp_20260720,0,6,28,3347,144,0.25091816700296476,0.9861111111111112,0.9861084314103801,0.9996141975308642,0.0017125105675599307
all,handcrafted,logistic,exp_20260720,0,8,37,4281,144,0.018716791993938386,0.9861111111111112,0.9861084314103801,1.0,0.0017125105675599307
all,handcrafted,random_forest,exp_20260720,0,8,37,4281,144,0.28948574999230914,0.9166666666666667,0.916083916083916,1.0,0.005155519239300979
all,handcrafted,rbf_svm,exp_20260720,0,8,37,4281,144,0.10044187499443069,0.9861111111111112,0.9861084314103801,1.0,0.00023269190326406303
all,handcrafted,hist_gradient_boosting,exp_20260720,0,8,37,4281,144,9.550054084014846,0.9861111111111112,0.9861084314103801,0.9998070987654321,0.0005996117977334164
all,handcrafted,mlp,exp_20260720,0,8,37,4281,144,0.3826137500000186,0.9861111111111112,0.9861084314103801,1.0,0.0017125105675599307
all,handcrafted,logistic,exp_20260720,0,10,44,5145,144,0.023738666001008824,0.9930555555555556,0.9930552206414276,0.9998070987654322,7.215813939127735e-05
all,handcrafted,random_forest,exp_20260720,0,10,44,5145,144,0.3552730410010554,0.9722222222222222,0.9722007722007722,0.9998070987654321,0.0007580388580114075
all,handcrafted,rbf_svm,exp_20260720,0,10,44,5145,144,0.16853154200362042,0.9861111111111112,0.9861084314103801,0.9992283950617283,0.00023269190326406303
all,handcrafted,hist_gradient_boosting,exp_20260720,0,10,44,5145,144,5.770095832995139,0.9791666666666667,0.9791576204950065,0.9990354938271605,0.00046572644125003073
all,handcrafted,mlp,exp_20260720,0,10,44,5145,144,0.2537857499846723,0.9791666666666667,0.9791656619242826,0.9996141975308642,0.001784668706951208
all,handcrafted,logistic,exp_20260720,1,2,7,792,144,0.007764875015709549,1.0,1.0,1.0,0.0
all,handcrafted,random_forest,exp_20260720,1,2,7,792,144,0.1386429580161348,0.9097222222222222,0.9089804055039626,0.9994212962962963,0.005227677378692256
all,handcrafted,rbf_svm,exp_20260720,1,2,7,792,144,0.010705499997129664,0.9861111111111112,0.9861084314103801,0.9988425925925927,0.00023269190326406303
all,handcrafted,hist_gradient_boosting,exp_20260720,1,2,7,792,144,6.7210354169947095,0.9583333333333333,0.9582608695652174,0.9947916666666666,0.0009314528825000615
all,handcrafted,mlp,exp_20260720,1,2,7,792,144,0.0819093750033062,0.9583333333333333,0.9583252942311402,0.9947916666666666,0.002122591238160553
all,handcrafted,logistic,exp_20260720,1,4,12,1499,144,0.019041833002120256,0.9791666666666667,0.9791656619242826,0.9986496913580247,0.0011833525061713853
all,handcrafted,random_forest,exp_20260720,1,4,12,1499,144,0.20463970801210962,0.9930555555555556,0.9930552206414276,0.9995177469135802,7.215813939127735e-05
all,handcrafted,rbf_svm,exp_20260720,1,4,12,1499,144,0.021840083005372435,0.9861111111111112,0.9861084314103801,0.9986496913580247,0.00023269190326406303
all,handcrafted,hist_gradient_boosting,exp_20260720,1,4,12,1499,144,6.739589666976826,0.9652777777777778,0.9652358649992758,0.9988425925925926,0.0006984183445140938
all,handcrafted,mlp,exp_20260720,1,4,12,1499,144,0.14938916699611582,0.9722222222222222,0.9722007722007722,0.9932484567901234,0.0018898993348964899
all,handcrafted,logistic,exp_20260720,1,6,24,2867,144,0.030808874987997115,0.9930555555555556,0.9930552206414276,0.9998070987654322,7.215813939127735e-05
all,handcrafted,random_forest,exp_20260720,1,6,24,2867,144,0.26269558400963433,0.9652777777777778,0.9652358649992758,0.9990354938271604,0.0016343847102480876
all,handcrafted,rbf_svm,exp_20260720,1,6,24,2867,144,0.07349058298859745,0.9791666666666667,0.9791576204950065,0.9992283950617283,0.0005250043200254399
all,handcrafted,hist_gradient_boosting,exp_20260720,1,6,24,2867,144,7.628160416992614,0.9722222222222222,0.9722007722007722,0.9990354938271605,0.0011069310519059483
all,handcrafted,mlp,exp_20260720,1,6,24,2867,144,0.3302499999990687,0.9930555555555556,0.9930552206414276,1.0,7.215813939127735e-05
all,handcrafted,logistic,exp_20260720,1,8,37,4305,144,0.01803191698854789,0.9861111111111112,0.9861084314103801,0.9998070987654322,0.00023269190326406303
all,handcrafted,random_forest,exp_20260720,1,8,37,4305,144,0.2834567920072004,0.9583333333333333,0.9582608695652174,0.9989390432098766,0.002274911283669819
all,handcrafted,rbf_svm,exp_20260720,1,8,37,4305,144,0.11031716701108962,0.9861111111111112,0.9861084314103801,0.9996141975308642,0.00023269190326406303
all,handcrafted,hist_gradient_boosting,exp_20260720,1,8,37,4305,144,7.395566249993863,0.9930555555555556,0.9930552206414276,0.9986496913580247,7.215813939127735e-05
all,handcrafted,mlp,exp_20260720,1,8,37,4305,144,0.3159739169932436,0.9930555555555556,0.9930552206414276,0.9996141975308642,7.215813939127735e-05
all,handcrafted,logistic,exp_20260720,2,2,8,936,144,0.010274915985064581,1.0,1.0,1.0,0.0
all,handcrafted,random_forest,exp_20260720,2,2,8,936,144,0.19420099997660145,0.9305555555555556,0.9302190346966466,1.0,0.0032474874091341956
all,handcrafted,rbf_svm,exp_20260720,2,2,8,936,144,0.022052832995541394,0.9930555555555556,0.9930552206414276,1.0,7.215813939127735e-05
all,handcrafted,hist_gradient_boosting,exp_20260720,2,2,8,936,144,6.616515707981307,0.9097222222222222,0.9089804055039626,0.9967206790123457,0.005227677378692256
all,handcrafted,mlp,exp_20260720,2,2,8,936,144,0.08395445899805054,0.9722222222222223,0.9722168628207601,0.9984567901234568,0.0018549914528761904
all,handcrafted,logistic,exp_20260720,2,4,10,1200,144,0.018767333996947855,0.9861111111111112,0.9861084314103801,0.9998070987654322,0.00023269190326406303
all,handcrafted,random_forest,exp_20260720,2,4,10,1200,144,0.20616145798703656,0.9791666666666667,0.9791576204950065,0.9990354938271604,0.00046572644125003073
all,handcrafted,rbf_svm,exp_20260720,2,4,10,1200,144,0.023056916979840025,0.9861111111111112,0.9861084314103801,0.9996141975308642,0.00023269190326406303
all,handcrafted,hist_gradient_boosting,exp_20260720,2,4,10,1200,144,6.338198750017909,0.9791666666666667,0.9791576204950065,0.9974922839506173,0.0003773508167685225
all,handcrafted,mlp,exp_20260720,2,4,10,1200,144,0.1371572919888422,0.9861111111111112,0.9861084314103801,0.9994212962962963,0.00023269190326406303
all,handcrafted,logistic,exp_20260720,2,6,20,2411,144,0.021622334024868906,0.9791666666666667,0.9791656619242826,0.9949845679012346,0.0011833525061713853
all,handcrafted,random_forest,exp_20260720,2,6,20,2411,144,0.2273582920024637,0.9722222222222222,0.9722007722007722,0.9998070987654321,0.0005378845806413081
all,handcrafted,rbf_svm,exp_20260720,2,6,20,2411,144,0.05294024999602698,0.9791666666666667,0.9791576204950065,0.9992283950617283,0.0005250043200254399
all,handcrafted,hist_gradient_boosting,exp_20260720,2,6,20,2411,144,6.337526374991285,0.9791666666666667,0.9791576204950065,0.9972993827160493,0.0003773508167685225
all,handcrafted,mlp,exp_20260720,2,6,20,2411,144,0.17291212501004338,0.9930555555555556,0.9930552206414276,0.9998070987654322,7.215813939127735e-05
all,handcrafted,logistic,exp_20260720,2,8,31,3707,144,0.030873792013153434,0.9861111111111112,0.9861111111111112,0.998263888888889,0.0010228187422985995
all,handcrafted,random_forest,exp_20260720,2,8,31,3707,144,0.2540582499932498,0.9444444444444444,0.9442724458204335,0.9988425925925926,0.002669239358538421
all,handcrafted,rbf_svm,exp_20260720,2,8,31,3707,144,0.09316329102148302,0.9861111111111112,0.9861084314103801,0.9992283950617283,0.00023269190326406303
all,handcrafted,hist_gradient_boosting,exp_20260720,2,8,31,3707,144,7.246047542023007,0.9166666666666667,0.916083916083916,0.9978780864197532,0.005155519239300979
all,handcrafted,mlp,exp_20260720,2,8,31,3707,144,0.2553392499976326,0.9930555555555556,0.9930552206414276,0.9996141975308642,7.215813939127735e-05
all,handcrafted,logistic,exp_20260721,0,2,11,1296,216,0.010956957994494587,1.0,1.0,1.0,0.0
all,handcrafted,random_forest,exp_20260721,0,2,11,1296,216,0.19805233299848624,0.9895833333333334,0.9895833333333334,0.999903549382716,0.00010830041502417296
all,handcrafted,rbf_svm,exp_20260721,0,2,11,1296,216,0.026870292000239715,0.9965277777777778,0.9948095638591854,1.0,3.6836561706974544e-05
all,handcrafted,hist_gradient_boosting,exp_20260721,0,2,11,1296,216,6.17881695899996,0.9965277777777778,0.9948095638591854,0.9992283950617284,3.6836561706974544e-05
all,handcrafted,mlp,exp_20260721,0,2,11,1296,216,0.11107595800422132,0.9791666666666667,0.9693617021276595,0.9704861111111112,0.003610935047753616
all,handcrafted,logistic,exp_20260721,0,4,13,1584,216,0.02038395800627768,0.9965277777777778,0.9948095638591854,1.0,3.6836561706974544e-05
all,handcrafted,random_forest,exp_20260721,0,4,13,1584,216,0.24489724999875762,0.9965277777777778,0.9948095638591854,1.0,3.6836561706974544e-05
all,handcrafted,rbf_svm,exp_20260721,0,4,13,1584,216,0.03722291701706126,0.9965277777777778,0.9948095638591854,1.0,3.6836561706974544e-05
all,handcrafted,hist_gradient_boosting,exp_20260721,0,4,13,1584,216,6.633597542007919,0.9965277777777778,0.9948095638591854,1.0,3.6836561706974544e-05
all,handcrafted,mlp,exp_20260721,0,4,13,1584,216,0.18652191699948162,0.9965277777777778,0.9948095638591854,1.0,3.6836561706974544e-05
all,handcrafted,logistic,exp_20260721,0,6,23,2795,216,0.02534629197907634,0.9930555555555556,0.9896541814350033,1.0,9.721639406008595e-05
all,handcrafted,random_forest,exp_20260721,0,6,23,2795,216,0.24780945800011978,1.0,1.0,1.0,0.0
all,handcrafted,rbf_svm,exp_20260721,0,6,23,2795,216,0.05008533300133422,0.9965277777777778,0.9948095638591854,1.0,3.6836561706974544e-05
all,handcrafted,hist_gradient_boosting,exp_20260721,0,6,23,2795,216,6.742853417003062,0.9965277777777778,0.9948095638591854,0.9997106481481481,3.6836561706974544e-05
all,handcrafted,mlp,exp_20260721,0,6,23,2795,216,0.1938273329869844,0.9965277777777778,0.9948095638591854,1.0,3.6836561706974544e-05
all,handcrafted,logistic,exp_20260721,0,8,35,4235,216,0.036055709002539515,0.9965277777777778,0.9948095638591854,1.0,3.6836561706974544e-05
all,handcrafted,random_forest,exp_20260721,0,8,35,4235,216,0.4288020000094548,0.9965277777777778,0.9948095638591854,0.9998070987654321,3.6836561706974544e-05
all,handcrafted,rbf_svm,exp_20260721,0,8,35,4235,216,0.15380000000004657,0.9965277777777778,0.9948095638591854,1.0,3.6836561706974544e-05
all,handcrafted,hist_gradient_boosting,exp_20260721,0,8,35,4235,216,7.575533666007686,0.9965277777777778,0.9948095638591854,0.9996141975308642,3.6836561706974544e-05
all,handcrafted,mlp,exp_20260721,0,8,35,4235,216,0.2326231659972109,1.0,1.0,1.0,0.0
all,handcrafted,logistic,exp_20260721,0,10,43,5073,216,0.023218290996737778,1.0,1.0,1.0,0.0
all,handcrafted,random_forest,exp_20260721,0,10,43,5073,216,0.33321075001731515,0.9965277777777778,0.9948095638591854,0.9999035493827161,3.6836561706974544e-05
all,handcrafted,rbf_svm,exp_20260721,0,10,43,5073,216,0.17427849999512546,0.9965277777777778,0.9948095638591854,1.0,3.6836561706974544e-05
all,handcrafted,hist_gradient_boosting,exp_20260721,0,10,43,5073,216,7.7978208330168854,0.9895833333333334,0.9895833333333334,0.9993248456790124,0.000289217934446467
all,handcrafted,mlp,exp_20260721,0,10,43,5073,216,0.2572301250183955,1.0,1.0,1.0,0.0
all,handcrafted,logistic,exp_20260721,1,2,11,1281,216,0.01147104101255536,0.9965277777777778,0.9948095638591854,1.0,3.6836561706974544e-05
all,handcrafted,random_forest,exp_20260721,1,2,11,1281,216,0.16742608399363235,0.9965277777777778,0.9948095638591854,0.999903549382716,3.6836561706974544e-05
all,handcrafted,rbf_svm,exp_20260721,1,2,11,1281,216,0.03647295798873529,0.9965277777777778,0.9948095638591854,1.0,3.6836561706974544e-05
all,handcrafted,hist_gradient_boosting,exp_20260721,1,2,11,1281,216,6.892638209013967,0.9930555555555556,0.9947733926972682,0.9999035493827161,7.146385331719841e-05
all,handcrafted,mlp,exp_20260721,1,2,11,1281,216,0.1079762919980567,0.9965277777777778,0.9948095638591854,1.0,3.6836561706974544e-05
all,handcrafted,logistic,exp_20260721,1,4,18,2073,216,0.021528374985791743,0.9965277777777778,0.9948095638591854,1.0,3.6836561706974544e-05
all,handcrafted,random_forest,exp_20260721,1,4,18,2073,216,0.22323554201284423,1.0,1.0,1.0,0.0
all,handcrafted,rbf_svm,exp_20260721,1,4,18,2073,216,0.035676625004271045,0.9965277777777778,0.9948095638591854,1.0,3.6836561706974544e-05
all,handcrafted,hist_gradient_boosting,exp_20260721,1,4,18,2073,216,7.176663666992681,0.9861111111111112,0.9895094706168043,0.9999999999999999,0.00021587337384037966
all,handcrafted,mlp,exp_20260721,1,4,18,2073,216,0.17413854200276546,1.0,1.0,1.0,0.0
all,handcrafted,logistic,exp_20260721,1,6,25,2937,216,0.028542000014567748,1.0,1.0,1.0,0.0
all,handcrafted,random_forest,exp_20260721,1,6,25,2937,216,0.25365570801659487,1.0,1.0,1.0,0.0
all,handcrafted,rbf_svm,exp_20260721,1,6,25,2937,216,0.07356195797910914,0.9965277777777778,0.9948095638591854,1.0,3.6836561706974544e-05
all,handcrafted,hist_gradient_boosting,exp_20260721,1,6,25,2937,216,7.2787741660140455,1.0,1.0,1.0,0.0
all,handcrafted,mlp,exp_20260721,1,6,25,2937,216,0.29002833299455233,1.0,1.0,1.0,0.0
all,handcrafted,logistic,exp_20260721,1,8,36,4233,216,0.0206112920132,1.0,1.0,1.0,0.0
all,handcrafted,random_forest,exp_20260721,1,8,36,4233,216,0.29654204100370407,0.9965277777777778,0.9948095638591854,1.0,3.6836561706974544e-05
all,handcrafted,rbf_svm,exp_20260721,1,8,36,4233,216,0.11303795801359229,0.9965277777777778,0.9948095638591854,1.0,3.6836561706974544e-05
all,handcrafted,hist_gradient_boosting,exp_20260721,1,8,36,4233,216,7.569341082999017,0.9930555555555556,0.9947733926972682,1.0,0.00025238137273949246
all,handcrafted,mlp,exp_20260721,1,8,36,4233,216,0.32317179199890234,1.0,1.0,1.0,0.0
all,handcrafted,logistic,exp_20260721,2,2,12,1368,216,0.010261707997415215,1.0,1.0,1.0,0.0
all,handcrafted,random_forest,exp_20260721,2,2,12,1368,216,0.167822209012229,0.9861111111111112,0.9895094706168043,0.9998070987654321,0.0016423612517166915
all,handcrafted,rbf_svm,exp_20260721,2,2,12,1368,216,0.034805000002961606,1.0,1.0,1.0,0.0
all,handcrafted,hist_gradient_boosting,exp_20260721,2,2,12,1368,216,6.473374124994734,0.9930555555555556,0.9947733926972682,1.0,0.0007426340402986215
all,handcrafted,mlp,exp_20260721,2,2,12,1368,216,0.1201944159984123,1.0,1.0,1.0,0.0
all,handcrafted,logistic,exp_20260721,2,4,24,2662,216,0.027147374988999218,1.0,1.0,1.0,0.0
all,handcrafted,random_forest,exp_20260721,2,4,24,2662,216,0.2435942919983063,1.0,1.0,1.0,0.0
all,handcrafted,rbf_svm,exp_20260721,2,4,24,2662,216,0.06608762498944998,0.9965277777777778,0.9948095638591854,1.0,3.6836561706974544e-05
all,handcrafted,hist_gradient_boosting,exp_20260721,2,4,24,2662,216,7.347778875002405,0.9861111111111112,0.9895094706168043,0.9999999999999999,0.00032384522605669085
all,handcrafted,mlp,exp_20260721,2,4,24,2662,216,0.17346337501658127,1.0,1.0,1.0,0.0
all,handcrafted,logistic,exp_20260721,2,6,26,2926,216,0.02819408301729709,1.0,1.0,1.0,0.0
all,handcrafted,random_forest,exp_20260721,2,6,26,2926,216,0.24090570901171304,1.0,1.0,1.0,0.0
all,handcrafted,rbf_svm,exp_20260721,2,6,26,2926,216,0.06797633299720474,0.9965277777777778,0.9948095638591854,1.0,3.6836561706974544e-05
all,handcrafted,hist_gradient_boosting,exp_20260721,2,6,26,2926,216,6.436439916986274,0.9861111111111112,0.9895094706168043,0.999903549382716,0.00032384522605669085
all,handcrafted,mlp,exp_20260721,2,6,26,2926,216,0.22949195801629685,1.0,1.0,1.0,0.0
all,handcrafted,logistic,exp_20260721,2,8,38,4366,216,0.02693687498685904,1.0,1.0,1.0,0.0
all,handcrafted,random_forest,exp_20260721,2,8,38,4366,216,0.3091114590060897,1.0,1.0,1.0,0.0
all,handcrafted,rbf_svm,exp_20260721,2,8,38,4366,216,0.16009625000879169,0.9965277777777778,0.9948095638591854,1.0,3.6836561706974544e-05
all,handcrafted,hist_gradient_boosting,exp_20260721,2,8,38,4366,216,7.633503083023243,0.9826388888888888,0.9843201780918044,0.9986496913580246,0.0010318519747450885
all,handcrafted,mlp,exp_20260721,2,8,38,4366,216,0.32439779199194163,1.0,1.0,1.0,0.0
all,handcrafted,logistic,exp_20260723,0,2,7,864,648,0.010823499993421137,0.9722222222222222,0.9673469387755103,0.9891653806584362,0.001761862442973401
all,handcrafted,random_forest,exp_20260723,0,2,7,864,648,0.2042385000095237,0.9571759259259259,0.9519323492322528,0.9930877057613169,0.000714906746794362
all,handcrafted,rbf_svm,exp_20260723,0,2,7,864,648,0.04699712499859743,0.9479166666666667,0.9253576612067178,0.9961634087791496,0.004130186810518159
all,handcrafted,hist_gradient_boosting,exp_20260723,0,2,7,864,648,6.123795749997953,0.9247685185185185,0.9252605179512627,0.9859396433470508,0.0018757824280615874
all,handcrafted,mlp,exp_20260723,0,2,7,864,648,0.11558637500274926,0.9525462962962963,0.9332337334501056,0.9758230452674898,0.003139460480003339
all,handcrafted,logistic,exp_20260723,0,4,15,1800,648,0.022508624999318272,0.9664351851851851,0.9686032990223524,0.9975244341563786,0.0006483738765310778
all,handcrafted,random_forest,exp_20260723,0,4,15,1800,648,0.22385462501551956,0.9050925925925926,0.9175070570653678,0.988468792866941,0.0029116782018001096
all,handcrafted,rbf_svm,exp_20260723,0,4,15,1800,648,0.06967916700523347,0.9606481481481481,0.9522405660377358,0.9953810871056241,0.0006698064638262151
all,handcrafted,hist_gradient_boosting,exp_20260723,0,4,15,1800,648,7.116724749997957,0.9108796296296297,0.9215107636403678,0.9865719307270232,0.002721757224394588
all,handcrafted,mlp,exp_20260723,0,4,15,1800,648,0.177174082986312,0.9733796296296297,0.9610510773412081,0.9979316700960219,0.00047793846376769055
all,handcrafted,logistic,exp_20260723,0,6,26,3096,648,0.03260395899997093,0.9814814814814814,0.9759661746161263,0.9987354252400549,0.00023216585461031036
all,handcrafted,random_forest,exp_20260723,0,6,26,3096,648,0.26696649999939837,0.9224537037037037,0.9308781094867552,0.9899262688614541,0.002173824594521452
all,handcrafted,rbf_svm,exp_20260723,0,6,26,3096,648,0.12731141698895954,0.9490740740740741,0.938849976932433,0.9938378772290809,0.0009079833216074781
all,handcrafted,hist_gradient_boosting,exp_20260723,0,6,26,3096,648,6.851793083013035,0.9282407407407407,0.9362762237762238,0.9889188957475994,0.0017809472154290211
all,handcrafted,mlp,exp_20260723,0,6,26,3096,648,0.19317320798290893,0.9675925925925926,0.9528188059080508,0.9956918724279835,0.0005968329074493772
all,handcrafted,logistic,exp_20260723,0,8,37,4377,648,0.037243208003928885,0.9837962962962963,0.976069638617779,0.9984032064471879,0.00024157730924778277
all,handcrafted,random_forest,exp_20260723,0,8,37,4377,648,0.30167704197810963,0.9652777777777777,0.9526315789473685,0.9903549382716049,0.0005845003785273529
all,handcrafted,rbf_svm,exp_20260723,0,8,37,4377,648,0.2436746250023134,0.9652777777777778,0.9495468560216762,0.9985639574759946,0.000582535455975258
all,handcrafted,hist_gradient_boosting,exp_20260723,0,8,37,4377,648,7.767816457984736,0.9502314814814814,0.9389747506984629,0.9875364368998628,0.001016929054378144
all,handcrafted,mlp,exp_20260723,0,8,37,4377,648,0.352953499997966,0.9803240740740741,0.9710336231899301,0.9985103737997256,0.000295531005490116
all,handcrafted,logistic,exp_20260723,0,10,39,4641,648,0.020114332990488037,0.9826388888888888,0.974387554248583,0.9981995884773663,0.000274737767267325
all,handcrafted,random_forest,exp_20260723,0,10,39,4641,648,0.32826670800568536,0.9675925925925926,0.954368934570957,0.9908264746227711,0.0005527757660889009
all,handcrafted,rbf_svm,exp_20260723,0,10,39,4641,648,0.20294233300955966,0.9652777777777778,0.9495468560216762,0.9984889403292182,0.000582535455975258
all,handcrafted,hist_gradient_boosting,exp_20260723,0,10,39,4641,648,7.5754445000202395,0.9502314814814814,0.9404872800745221,0.988565243484225,0.001050170232815293
all,handcrafted,mlp,exp_20260723,0,10,39,4641,648,0.2739206670084968,0.9733796296296297,0.9610510773412081,0.9985746742112483,0.00046879529487168294
all,handcrafted,logistic,exp_20260723,1,2,8,936,648,0.0112839579815045,0.9571759259259259,0.9566472828283099,0.995713305898491,0.0008094883154270362
all,handcrafted,random_forest,exp_20260723,1,2,8,936,648,0.19098304101498798,0.90625,0.9191919191919191,0.9879972565157751,0.0026789375585648226
all,handcrafted,rbf_svm,exp_20260723,1,2,8,936,648,0.031421042018337175,0.9537037037037037,0.9469546732858897,0.994212962962963,0.0008450451025436637
all,handcrafted,hist_gradient_boosting,exp_20260723,1,2,8,936,648,6.083200042019598,0.9039351851851851,0.9143753785167649,0.9848358196159122,0.003129824157329499
all,handcrafted,mlp,exp_20260723,1,2,8,936,648,0.07075570899178274,0.9189814814814814,0.8861982799281464,0.965267061042524,0.0027844674679919864
all,handcrafted,logistic,exp_20260723,1,4,10,1200,648,0.016491291986312717,0.9629629629629629,0.9587085811384877,0.9951346021947873,0.0005390205561763187
all,handcrafted,random_forest,exp_20260723,1,4,10,1200,648,0.1992105410026852,0.9189814814814814,0.9258427701060479,0.9865183470507544,0.002006777134022229
all,handcrafted,rbf_svm,exp_20260723,1,4,10,1200,648,0.03254745798767544,0.962962962962963,0.9478145660955746,0.9961312585733882,0.0006189478397863274
all,handcrafted,hist_gradient_boosting,exp_20260723,1,4,10,1200,648,6.204175541992299,0.8923611111111112,0.8923611111111112,0.9799275548696845,0.003082358329866409
all,handcrafted,mlp,exp_20260723,1,4,10,1200,648,0.09794262499781325,0.9409722222222222,0.9158396552909629,0.9861539780521262,0.0017111568512733811
all,handcrafted,logistic,exp_20260723,1,6,21,2496,648,0.021716291026677936,0.9722222222222223,0.9641425759480162,0.9976530349794238,0.0004136782663071378
all,handcrafted,random_forest,exp_20260723,1,6,21,2496,648,0.23111449999851175,0.9108796296296297,0.9215107636403678,0.9853877314814814,0.0024821757632818467
all,handcrafted,rbf_svm,exp_20260723,1,6,21,2496,648,0.07498266699258238,0.962962962962963,0.9524388709474478,0.9937950102880659,0.00054191653923161
all,handcrafted,hist_gradient_boosting,exp_20260723,1,6,21,2496,648,6.323345625016373,0.9189814814814815,0.9288318762904715,0.9876543209876543,0.00232810039034118
all,handcrafted,mlp,exp_20260723,1,6,21,2496,648,0.2446219999983441,0.9675925925925926,0.9528188059080508,0.9940200617283951,0.0006233872766976335
all,handcrafted,logistic,exp_20260723,1,8,34,3934,648,0.023175332986284047,0.9768518518518519,0.9724723874256584,0.9985425240054869,0.0002895676473917614
all,handcrafted,random_forest,exp_20260723,1,8,34,3934,648,0.3038197500281967,0.931712962962963,0.9382795002490047,0.9888867455418382,0.0016545151703125259
all,handcrafted,rbf_svm,exp_20260723,1,8,34,3934,648,0.17199204201460816,0.9594907407407407,0.9459724234244562,0.995241769547325,0.0005953409244643434
all,handcrafted,hist_gradient_boosting,exp_20260723,1,8,34,3934,648,7.221708333992865,0.9143518518518519,0.9221153846153847,0.9886938443072703,0.002461293827736315
all,handcrafted,mlp,exp_20260723,1,8,34,3934,648,0.27136199999949895,0.9803240740740741,0.9710336231899301,0.9985532407407407,0.00032592361960900895
all,handcrafted,logistic,exp_20260723,2,2,8,936,648,0.01027833399712108,0.9594907407407407,0.9490416474436942,0.9930877057613169,0.0007518664887153165
all,handcrafted,random_forest,exp_20260723,2,2,8,936,648,0.1935984159936197,0.9421296296296295,0.9365511182150901,0.9806884430727023,0.0011243038117475538
all,handcrafted,rbf_svm,exp_20260723,2,2,8,936,648,0.02847049999400042,0.9560185185185185,0.9395722811671088,0.9924018347050755,0.0007048287867484764
all,handcrafted,hist_gradient_boosting,exp_20260723,2,2,8,936,648,5.868290624988731,0.9282407407407407,0.9213716697441309,0.9791452331961591,0.0016608455421797809
all,handcrafted,mlp,exp_20260723,2,2,8,936,648,0.12845129100605845,0.9513888888888888,0.9301487572761711,0.9875578703703703,0.0013376057820154582
all,handcrafted,logistic,exp_20260723,2,4,15,1800,648,0.02036970798508264,0.9733796296296297,0.9674181417861273,0.9978888031550068,0.00039060605460251765
all,handcrafted,random_forest,exp_20260723,2,4,15,1800,648,0.24348491700948216,0.9178240740740741,0.9256555944055944,0.9871345593278463,0.0021917370156210054
all,handcrafted,rbf_svm,exp_20260723,2,4,15,1800,648,0.06843824998941272,0.9537037037037037,0.9363359015460986,0.9948988340192044,0.0007131197003455241
all,handcrafted,hist_gradient_boosting,exp_20260723,2,4,15,1800,648,7.194406624999829,0.9166666666666666,0.922504892367906,0.9876971879286695,0.0023866071958923833
all,handcrafted,mlp,exp_20260723,2,4,15,1800,648,0.1476247500104364,0.9652777777777778,0.9495468560216762,0.995713305898491,0.0006454935010608146
all,handcrafted,logistic,exp_20260723,2,6,27,3094,648,0.026489125011721626,0.9814814814814815,0.9792617879240453,0.9987461419753086,0.00022383877438924595
all,handcrafted,random_forest,exp_20260723,2,6,27,3094,648,0.24967729099444114,0.9293981481481481,0.9364366600908982,0.9892189643347051,0.0016866772403492981
all,handcrafted,rbf_svm,exp_20260723,2,6,27,3094,648,0.12724975001765415,0.9583333333333334,0.9458646616541353,0.9950810185185186,0.0006336955062218108
all,handcrafted,hist_gradient_boosting,exp_20260723,2,6,27,3094,648,6.8246002919913735,0.9293981481481481,0.933399688419595,0.9897976680384087,0.0015311421095665655
all,handcrafted,mlp,exp_20260723,2,6,27,3094,648,0.38471845802268945,0.9826388888888888,0.9760182717929197,0.9987675754458162,0.00025991317817750396
all,handcrafted,logistic,exp_20260723,2,8,32,3777,648,0.021511250000912696,0.9814814814814814,0.9727088948787062,0.9983817729766804,0.0002849579026372154
all,handcrafted,random_forest,exp_20260723,2,8,32,3777,648,0.2903378749906551,0.9675925925925926,0.954368934570957,0.9930769890260631,0.0005527757660889009
all,handcrafted,rbf_svm,exp_20260723,2,8,32,3777,648,0.15007429200340994,0.9664351851851851,0.9511813682829569,0.998263888888889,0.0005705605945807807
all,handcrafted,hist_gradient_boosting,exp_20260723,2,8,32,3777,648,7.365053374989657,0.9571759259259259,0.9457553339541892,0.9913194444444444,0.0007469615497931769
all,handcrafted,mlp,exp_20260723,2,8,32,3777,648,0.2899815840064548,0.9803240740740741,0.9710336231899301,0.9989068930041153,0.00028446645687158157
all,handcrafted,logistic,exp_20260724,0,2,7,792,563,0.00818441598676145,0.9640467171717171,0.9644166350650992,0.9956186868686868,0.0006179988108087357
all,handcrafted,random_forest,exp_20260724,0,2,7,792,563,0.192360833985731,0.9131376262626263,0.9140370521172638,0.9925126262626263,0.0015662557020999321
all,handcrafted,rbf_svm,exp_20260724,0,2,7,792,563,0.027870208024978638,0.9676830808080807,0.9679838750442299,0.9937752525252525,0.00055002695943939
all,handcrafted,hist_gradient_boosting,exp_20260724,0,2,7,792,563,6.287953666003887,0.9257828282828283,0.9266864219175297,0.9927146464646465,0.0012542184284456918
all,handcrafted,mlp,exp_20260724,0,2,7,792,563,0.1272406670032069,0.9422285353535353,0.9429411168541604,0.9926515151515152,0.0010007915266050259
all,handcrafted,logistic,exp_20260724,0,4,10,1152,563,0.013745625008596107,0.9695012626262627,0.9697664648149377,0.9929671717171717,0.0005290563730227539
all,handcrafted,random_forest,exp_20260724,0,4,10,1152,563,0.2283474580035545,0.9513194444444444,0.9519060711426935,0.9925568181818182,0.0008643086873968925
all,handcrafted,rbf_svm,exp_20260724,0,4,10,1152,563,0.02344270801404491,0.9695012626262627,0.9697664648149377,0.9939141414141414,0.0005290563730227539
all,handcrafted,hist_gradient_boosting,exp_20260724,0,4,10,1152,563,6.343869542004541,0.9513194444444444,0.9519060711426935,0.9926893939393939,0.0007844950614510957
all,handcrafted,mlp,exp_20260724,0,4,10,1152,563,0.1347140000143554,0.9590025252525253,0.9591144032609966,0.9886868686868686,0.0007720597265065598
all,handcrafted,logistic,exp_20260724,0,6,22,2446,563,0.02325108301010914,0.9604103535353535,0.9608464203525275,0.994280303030303,0.0006967625945412663
all,handcrafted,random_forest,exp_20260724,0,6,22,2446,563,0.23675741700571962,0.9640467171717171,0.9644166350650992,0.9910984848484847,0.0005980525244946981
all,handcrafted,rbf_svm,exp_20260724,0,6,22,2446,563,0.07125741700292565,0.9878472222222222,0.9875651951674329,0.9936742424242424,0.00018003021990209086
all,handcrafted,hist_gradient_boosting,exp_20260724,0,6,22,2446,563,7.297561790997861,0.9404103535353535,0.9411447922375369,0.9935606060606061,0.001091387602008927
all,handcrafted,mlp,exp_20260724,0,6,22,2446,563,0.24779949997900985,0.9640467171717171,0.9644166350650992,0.993219696969697,0.0006573930592773785
all,handcrafted,logistic,exp_20260724,0,8,29,3286,563,0.016982500004814938,0.9640467171717171,0.9644166350650992,0.9941919191919192,0.0006520008328080261
all,handcrafted,random_forest,exp_20260724,0,8,29,3286,563,0.26813945901812986,0.9751199494949494,0.9751199494949494,0.9907954545454547,0.00037984268851128154
all,handcrafted,rbf_svm,exp_20260724,0,8,29,3286,563,0.10746895900228992,0.984375,0.9840134026180538,0.99125,0.0002605621450649357
all,handcrafted,hist_gradient_boosting,exp_20260724,0,8,29,3286,563,6.653490458003944,0.9622285353535354,0.9626319166353238,0.9905050505050506,0.0006185171308509249
all,handcrafted,mlp,exp_20260724,0,8,29,3286,563,0.2945423340133857,0.9551199494949495,0.9555141864706236,0.9940151515151515,0.0008561826617963256
all,handcrafted,logistic,exp_20260724,0,10,41,4726,563,0.03966166600002907,0.9695012626262627,0.9697664648149377,0.9963762626262627,0.0005290563730227539
all,handcrafted,random_forest,exp_20260724,0,10,41,4726,563,0.34324329197988845,0.9732196969696969,0.9733354803876064,0.9897095959595961,0.0004358835848145138
all,handcrafted,rbf_svm,exp_20260724,0,10,41,4726,563,0.2248629579844419,0.984375,0.9840134026180538,0.9930176767676767,0.0002605621450649357
all,handcrafted,hist_gradient_boosting,exp_20260724,0,10,41,4726,563,6.613359665992903,0.9623926767676767,0.9626526918302172,0.9928535353535354,0.0005621960329960357
all,handcrafted,mlp,exp_20260724,0,10,41,4726,563,0.28884620798635297,0.960574494949495,0.9608691806096143,0.9945959595959596,0.0007375854612565794
all,handcrafted,logistic,exp_20260724,1,2,6,720,563,0.009321458026533946,0.920574494949495,0.9213886773292714,0.9875883838383838,0.00142126844045241
all,handcrafted,random_forest,exp_20260724,1,2,6,720,563,0.18351841700496152,0.8731376262626263,0.8735399820305481,0.9865151515151515,0.002417801579476784
all,handcrafted,rbf_svm,exp_20260724,1,2,6,720,563,0.03501070800120942,0.9174305555555555,0.91801316955806,0.9852777777777777,0.0015615528441823175
all,handcrafted,hist_gradient_boosting,exp_20260724,1,2,6,720,563,4.712012792006135,0.9003282828282828,0.9011867798027247,0.9864646464646465,0.001861705665103623
all,handcrafted,mlp,exp_20260724,1,2,6,720,563,0.07780058399657719,0.915435606060606,0.9147357261850674,0.9672979797979798,0.0029965563957591967
all,handcrafted,logistic,exp_20260724,1,4,14,1656,563,0.019944041996495798,0.9404103535353535,0.9411447922375369,0.9950505050505051,0.0010242023123548881
all,handcrafted,random_forest,exp_20260724,1,4,14,1656,563,0.23014054200029932,0.8785921717171716,0.8791260907042994,0.9901010101010101,0.0021699073658253795
all,handcrafted,rbf_svm,exp_20260724,1,4,14,1656,563,0.057309041992994025,0.9733838383838384,0.9733449064941213,0.9929924242424243,0.0004946055324536637
all,handcrafted,hist_gradient_boosting,exp_20260724,1,4,14,1656,563,5.4703542919887695,0.8967739898989899,0.897593571795551,0.9905050505050504,0.001868845191267038
all,handcrafted,mlp,exp_20260724,1,4,14,1656,563,0.15432562501518987,0.9514015151515152,0.9519237155462783,0.9924242424242424,0.0008797389433490934
all,handcrafted,logistic,exp_20260724,1,6,27,3094,563,0.030845541012240574,0.9367739898989899,0.9375485302273988,0.9939141414141414,0.0011875045366242982
all,handcrafted,random_forest,exp_20260724,1,6,27,3094,563,0.26027479200274684,0.8987563131313131,0.8995744463980837,0.9886237373737374,0.001888153881646483
all,handcrafted,rbf_svm,exp_20260724,1,6,27,3094,563,0.12989362500957213,0.9698295454545455,0.9697908940266708,0.9918181818181819,0.0005807074604595984
all,handcrafted,hist_gradient_boosting,exp_20260724,1,6,27,3094,563,5.891793999995571,0.9315656565656565,0.9322425762643154,0.9886616161616162,0.0011878589865803519
all,handcrafted,mlp,exp_20260724,1,6,27,3094,563,0.2543567910033744,0.965864898989899,0.9662006098235303,0.9955681818181819,0.00058957231189869
all,handcrafted,logistic,exp_20260724,1,8,34,3862,563,0.02163687499705702,0.9567739898989899,0.9572729572476599,0.996439393939394,0.0007266169822605097
all,handcrafted,random_forest,exp_20260724,1,8,34,3862,563,0.2805266249924898,0.9695833333333332,0.9697737213598825,0.990719696969697,0.0004855969340718408
all,handcrafted,rbf_svm,exp_20260724,1,8,34,3862,563,0.14557233298546635,0.9861111111111112,0.9857892876975112,0.9940277777777778,0.00024276801428664506
all,handcrafted,hist_gradient_boosting,exp_20260724,1,8,34,3862,563,6.820183792005992,0.9659469696969697,0.9662095783225774,0.9931818181818183,0.0005742779889986872
all,handcrafted,mlp,exp_20260724,1,8,34,3862,563,0.265363416983746,0.9676830808080807,0.9679838750442299,0.994810606060606,0.000568601725482054
all,handcrafted,logistic,exp_20260724,2,2,7,768,563,0.008887374977348372,0.9676830808080807,0.9679838750442299,0.994949494949495,0.000568601725482054
all,handcrafted,random_forest,exp_20260724,2,2,7,768,563,0.1848369579820428,0.9531376262626262,0.953695971252151,0.9920454545454546,0.0008234464681850324
all,handcrafted,rbf_svm,exp_20260724,2,2,7,768,563,0.018493999989004806,0.9695012626262627,0.9697664648149377,0.9941287878787879,0.0005290563730227539
all,handcrafted,hist_gradient_boosting,exp_20260724,2,2,7,768,563,6.7823582499986514,0.9476010101010102,0.9483016848578114,0.9909217171717172,0.0008661359279437586
all,handcrafted,mlp,exp_20260724,2,2,7,768,563,0.1837981669814326,0.9241161616161616,0.9236234458259325,0.9818813131313131,0.002327556391089775
all,handcrafted,logistic,exp_20260724,2,4,15,1704,563,0.019971667003119364,0.9640467171717171,0.9644166350650992,0.9968686868686869,0.0005920569549403595
all,handcrafted,random_forest,exp_20260724,2,4,15,1704,563,0.21175808299449272,0.9695012626262627,0.9697664648149377,0.9933838383838383,0.0005143752946436638
all,handcrafted,rbf_svm,exp_20260724,2,4,15,1704,563,0.06558508300804533,0.9878472222222222,0.9875651951674329,0.9939015151515151,0.0001886869104870917
all,handcrafted,hist_gradient_boosting,exp_20260724,2,4,15,1704,563,6.310962124989601,0.9640467171717171,0.9644166350650992,0.9955681818181819,0.0005920569549403595
all,handcrafted,mlp,exp_20260724,2,4,15,1704,563,0.12077654199674726,0.9504040404040404,0.9502537174017318,0.9890151515151515,0.0011331859641129304
all,handcrafted,logistic,exp_20260724,2,6,27,2998,563,0.029311708989553154,0.9640467171717171,0.9644166350650992,0.9958080808080808,0.0005920569549403595
all,handcrafted,random_forest,exp_20260724,2,6,27,2998,563,0.2539884590078145,0.9731376262626262,0.9733297541410728,0.991780303030303,0.0004282416013638965
all,handcrafted,rbf_svm,exp_20260724,2,6,27,2998,563,0.09548087499570101,0.9861111111111112,0.9857892876975112,0.9931186868686869,0.00024276801428664506
all,handcrafted,hist_gradient_boosting,exp_20260724,2,6,27,2998,563,6.3385533330147155,0.9768560606060606,0.9768951267942659,0.9923737373737375,0.00032714903970985877
all,handcrafted,mlp,exp_20260724,2,6,27,2998,563,0.22028533401316963,0.9659469696969697,0.9662095783225774,0.9937247474747475,0.0005860563330767005
all,handcrafted,logistic,exp_20260724,2,8,29,3286,563,0.026125709002371877,0.9676830808080807,0.9679838750442299,0.9955808080808081,0.0005472951932071193
all,handcrafted,random_forest,exp_20260724,2,8,29,3286,563,0.2555373749928549,0.9767739898989899,0.9768907496692589,0.9923863636363637,0.0003300913032512065
all,handcrafted,rbf_svm,exp_20260724,2,8,29,3286,563,0.10243137498036958,0.9861111111111112,0.9857892876975112,0.9936868686868686,0.00024276801428664506
all,handcrafted,hist_gradient_boosting,exp_20260724,2,8,29,3286,563,6.068675667018397,0.9713194444444444,0.9715484131797049,0.993270202020202,0.0004018597727300496
all,handcrafted,mlp,exp_20260724,2,8,29,3286,563,0.2530585000058636,0.9551199494949495,0.9555141864706236,0.9935984848484849,0.0008561826617963256
all,handcrafted,logistic,exp_20260727,0,2,13,1438,576,0.014520791999530047,0.9287037037037037,0.9106067566393107,0.960108024691358,0.0008357042091639828
all,handcrafted,random_forest,exp_20260727,0,2,13,1438,576,0.19519637498888187,0.9180555555555556,0.9045686866002907,0.9551633230452674,0.0009584373016843953
all,handcrafted,rbf_svm,exp_20260727,0,2,13,1438,576,0.06746316698263399,0.9180555555555556,0.8952891841343887,0.9521862139917696,0.0009993134001069423
all,handcrafted,hist_gradient_boosting,exp_20260727,0,2,13,1438,576,5.852681541000493,0.8685185185185185,0.864406779661017,0.9463991769547325,0.0015308262985813995
all,handcrafted,mlp,exp_20260727,0,2,13,1438,576,0.12559808301739395,0.9074074074074074,0.8953488372093024,0.9534979423868313,0.0010870570421889375
all,handcrafted,logistic,exp_20260727,0,4,25,2878,576,0.031434083997737616,0.925,0.9039039039039038,0.95625,0.00089148915641656
all,handcrafted,random_forest,exp_20260727,0,4,25,2878,576,0.26100183301605284,0.9282407407407407,0.9089824663595156,0.938207304526749,0.0008403567634553311
all,handcrafted,rbf_svm,exp_20260727,0,4,25,2878,576,0.11496937499032356,0.9125,0.8884184308841843,0.9475180041152264,0.0010734143876127234
all,handcrafted,hist_gradient_boosting,exp_20260727,0,4,25,2878,576,7.296209749998525,0.9259259259259259,0.9071428571428573,0.930516975308642,0.000864340140497248
all,handcrafted,mlp,exp_20260727,0,4,25,2878,576,0.3540026250120718,0.9282407407407407,0.9089824663595156,0.9620241769547325,0.0008403567634553311
all,handcrafted,logistic,exp_20260727,0,6,28,3238,576,0.02071233300375752,0.9277777777777778,0.9073588360469145,0.9569187242798355,0.0008448165863275966
all,handcrafted,random_forest,exp_20260727,0,6,28,3238,576,0.2910179589816835,0.9291666666666667,0.9090883770158482,0.9392618312757202,0.0008306761281495135
all,handcrafted,rbf_svm,exp_20260727,0,6,28,3238,576,0.19282329099951312,0.9138888888888889,0.890134501556674,0.9482767489711934,0.0010533146627253666
all,handcrafted,hist_gradient_boosting,exp_20260727,0,6,28,3238,576,6.674321708997013,0.9226851851851852,0.9020695837648186,0.9380658436213991,0.0009048416631262027
all,handcrafted,mlp,exp_20260727,0,6,28,3238,576,0.25336154201067984,0.9282407407407407,0.9089824663595156,0.9643775720164609,0.0008403567634553311
all,handcrafted,logistic,exp_20260727,0,8,30,3502,576,0.02487366698915139,0.9291666666666667,0.9090883770158482,0.9528420781893004,0.0008306761281495135
all,handcrafted,random_forest,exp_20260727,0,8,30,3502,576,0.3139506660227198,0.9291666666666667,0.9090883770158482,0.941628086419753,0.0008306761281495135
all,handcrafted,rbf_svm,exp_20260727,0,8,30,3502,576,0.1517799170105718,0.9152777777777779,0.8918516284123403,0.9445087448559671,0.00102674181752376
all,handcrafted,hist_gradient_boosting,exp_20260727,0,8,30,3502,576,6.284556541999336,0.9189814814814815,0.9016072676450035,0.9309027777777777,0.0009464288205121111
all,handcrafted,mlp,exp_20260727,0,8,30,3502,576,0.2747773330193013,0.9305555555555556,0.9108193472471666,0.9614711934156379,0.0008165356699714304
all,handcrafted,logistic,exp_20260727,0,10,40,4713,576,0.019643083011033013,0.9291666666666667,0.9090883770158482,0.9563786008230453,0.0008306761281495135
all,handcrafted,random_forest,exp_20260727,0,10,40,4713,576,0.3084602089948021,0.9305555555555556,0.9108193472471666,0.9526748971193416,0.0008165356699714304
all,handcrafted,rbf_svm,exp_20260727,0,10,40,4713,576,0.19408700001076795,0.9222222222222223,0.9004542761208769,0.9484310699588477,0.0009316886061912736
all,handcrafted,hist_gradient_boosting,exp_20260727,0,10,40,4713,576,7.47967620898271,0.9273148148148148,0.9088740472815146,0.9427597736625515,0.0008515546632977127
all,handcrafted,mlp,exp_20260727,0,10,40,4713,576,0.3835717080219183,0.9282407407407407,0.9089824663595156,0.9608410493827161,0.0008403567634553311
all,handcrafted,logistic,exp_20260727,1,2,12,1368,576,0.012261750001925975,0.912037037037037,0.8990978365595166,0.9600565843621399,0.0010127839650642787
all,handcrafted,random_forest,exp_20260727,1,2,12,1368,576,0.2098101670271717,0.9180555555555556,0.9076479076479076,0.9569251543209876,0.0009426538807218272
all,handcrafted,rbf_svm,exp_20260727,1,2,12,1368,576,0.06417062500258908,0.9222222222222223,0.9035714285714285,0.9551311728395061,0.0009180318093583481
all,handcrafted,hist_gradient_boosting,exp_20260727,1,2,12,1368,576,5.619713416992454,0.8717592592592592,0.8721033882433202,0.9578703703703704,0.0014877805105943903
all,handcrafted,mlp,exp_20260727,1,2,12,1368,576,0.11932933298521675,0.9023148148148148,0.8900126778419495,0.9506944444444445,0.0011806357042640904
all,handcrafted,logistic,exp_20260727,1,4,14,1632,576,0.025144291983451694,0.9277777777777778,0.9104967430759285,0.9606224279835391,0.0008413695119803392
all,handcrafted,random_forest,exp_20260727,1,4,14,1632,576,0.2122659170127008,0.9268518518518518,0.9103842276240618,0.9592335390946503,0.0008598901800283837
all,handcrafted,rbf_svm,exp_20260727,1,4,14,1632,576,0.07099450001260266,0.9236111111111112,0.9021784440567537,0.9599794238683128,0.0009115888813039167
all,handcrafted,hist_gradient_boosting,exp_20260727,1,4,14,1632,576,5.907108958985191,0.9018518518518519,0.8944121365360304,0.9577674897119342,0.001152119568769571
all,handcrafted,mlp,exp_20260727,1,4,14,1632,576,0.13463641700218432,0.9185185185185185,0.9030907278165503,0.9598122427983539,0.0009555952541930989
all,handcrafted,logistic,exp_20260727,1,6,25,2913,576,0.024684917007107288,0.9296296296296296,0.9107142857142858,0.961059670781893,0.0008268771554646505
all,handcrafted,random_forest,exp_20260727,1,6,25,2913,576,0.267891832976602,0.9310185185185185,0.9124476140547886,0.962962962962963,0.0008120758470991647
all,handcrafted,rbf_svm,exp_20260727,1,6,25,2913,576,0.10788766699261032,0.925,0.9039039039039038,0.9600951646090535,0.00088501603610231
all,handcrafted,hist_gradient_boosting,exp_20260727,1,6,25,2913,576,6.061931250005728,0.9013888888888889,0.8898582162773858,0.9557741769547325,0.0011351549661598448
all,handcrafted,mlp,exp_20260727,1,6,25,2913,576,0.2774020410142839,0.925,0.9070310269048831,0.9634902263374486,0.0008760366069690161
all,handcrafted,logistic,exp_20260727,1,8,32,3777,576,0.017232167010661215,0.9282407407407407,0.9089824663595156,0.9572788065843623,0.0008403567634553311
all,handcrafted,random_forest,exp_20260727,1,8,32,3777,576,0.28055870899697766,0.9333333333333333,0.9142857142857144,0.9552533436213992,0.000788254753615264
all,handcrafted,rbf_svm,exp_20260727,1,8,32,3777,576,0.14854195801308379,0.925,0.9039039039039038,0.9515303497942387,0.00088501603610231
all,handcrafted,hist_gradient_boosting,exp_20260727,1,8,32,3777,576,7.3949860830034595,0.9226851851851852,0.9051851851851851,0.9465406378600822,0.0009030282327612245
all,handcrafted,mlp,exp_20260727,1,8,32,3777,576,0.19869550000294112,0.9222222222222223,0.9035714285714285,0.9632587448559671,0.0009102767900344562
all,handcrafted,logistic,exp_20260727,2,2,3,360,576,0.013423750002402812,0.9101851851851852,0.8927281079671728,0.9464634773662551,0.001087422996302925
all,handcrafted,random_forest,exp_20260727,2,2,3,360,576,0.15190945801441558,0.9199074074074074,0.8986212965679085,0.9509837962962964,0.0009844526082802415
all,handcrafted,rbf_svm,exp_20260727,2,2,3,360,576,0.010856209002668038,0.9208333333333334,0.9018438362700658,0.9516203703703704,0.0009381471577153683
all,handcrafted,hist_gradient_boosting,exp_20260727,2,2,3,360,576,3.486905541998567,0.8958333333333334,0.8829615967739415,0.9337577160493827,0.0012144968011517812
all,handcrafted,mlp,exp_20260727,2,2,3,360,576,0.06830850002006628,0.8527777777777777,0.8213464696223317,0.9178112139917696,0.0024424760371028024
all,handcrafted,logistic,exp_20260727,2,4,15,1728,576,0.023334958008490503,0.9300925925925926,0.9123410202655486,0.960545267489712,0.0008177555883624169
all,handcrafted,random_forest,exp_20260727,2,4,15,1728,576,0.22131208301289007,0.9259259259259259,0.9102691924227317,0.9571952160493827,0.0008525370055714316
all,handcrafted,rbf_svm,exp_20260727,2,4,15,1728,576,0.055215041997144,0.925,0.9039039039039038,0.9579603909465021,0.0008974484231258337
all,handcrafted,hist_gradient_boosting,exp_20260727,2,4,15,1728,576,6.994279707985697,0.8837962962962963,0.8805935876460289,0.9577546296296295,0.0013288504365469886
all,handcrafted,mlp,exp_20260727,2,4,15,1728,576,0.09934600000269711,0.8810185185185185,0.8597939923155375,0.929513888888889,0.0016212156785652169
all,handcrafted,logistic,exp_20260727,2,6,20,2435,576,0.021908374998020008,0.9277777777777778,0.9104967430759285,0.9614840534979424,0.0008415766818463175
all,handcrafted,random_forest,exp_20260727,2,6,20,2435,576,0.2518696250044741,0.9254629629629629,0.908649615175309,0.9561599794238683,0.0008662191062201531
all,handcrafted,rbf_svm,exp_20260727,2,6,20,2435,576,0.07421870902180672,0.9263888888888889,0.9056306898097344,0.9579732510288066,0.0008649163112149533
all,handcrafted,hist_gradient_boosting,exp_20260727,2,6,20,2435,576,5.82262674998492,0.8921296296296296,0.8852194046515747,0.9556584362139917,0.0012231932751038063
all,handcrafted,mlp,exp_20260727,2,6,20,2435,576,0.2645566669816617,0.9236111111111112,0.9053004805082405,0.9651877572016462,0.0008901770651470994
all,handcrafted,logistic,exp_20260727,2,8,27,3275,576,0.02267283297260292,0.9305555555555556,0.9108193472471666,0.9582690329218108,0.0008165356699714304
all,handcrafted,random_forest,exp_20260727,2,8,27,3275,576,0.30295358298462816,0.9333333333333333,0.9142857142857144,0.9496270576131688,0.000788254753615264
all,handcrafted,rbf_svm,exp_20260727,2,8,27,3275,576,0.1086403329973109,0.925,0.9039039039039038,0.9520961934156379,0.00088501603610231
all,handcrafted,hist_gradient_boosting,exp_20260727,2,8,27,3275,576,5.272930584003916,0.9166666666666667,0.89975635224504,0.9390303497942387,0.0009789776673013245
all,handcrafted,mlp,exp_20260727,2,8,27,3275,576,0.4156608750054147,0.9310185185185185,0.9124476140547886,0.9580632716049383,0.0008120758470991647
all,handcrafted,logistic,exp_20260728,0,2,5,707,720,0.02185804198961705,0.9479166666666667,0.9427462705556793,0.9617412551440329,0.0005869473099491214
all,handcrafted,random_forest,exp_20260728,0,2,5,707,720,0.24797450000187382,0.9392361111111112,0.9354271672257,0.9578711741255144,0.0007233814236112397
all,handcrafted,rbf_svm,exp_20260728,0,2,5,707,720,0.03450437501305714,0.9461805555555556,0.9412858634578092,0.957810892489712,0.0006170543948528545
all,handcrafted,hist_gradient_boosting,exp_20260728,0,2,5,707,720,4.476838666014373,0.8640046296296295,0.8701969171767829,0.9607847865226338,0.002152209294485783
all,handcrafted,mlp,exp_20260728,0,2,5,707,720,0.07717029200284742,0.9340277777777778,0.9221990172714252,0.9602703832304527,0.0008636162843806616
all,handcrafted,logistic,exp_20260728,0,4,7,971,720,0.01255258300807327,0.9583333333333334,0.9514744011608085,0.9630353009259259,0.00046397967841682835
all,handcrafted,random_forest,exp_20260728,0,4,7,971,720,0.19759916700422764,0.9288194444444444,0.9265856950067477,0.9598403742283951,0.0008702905054471534
all,handcrafted,rbf_svm,exp_20260728,0,4,7,971,720,0.02294366600108333,0.9548611111111112,0.9485714285714286,0.9585583847736626,0.00051679998692574
all,handcrafted,hist_gradient_boosting,exp_20260728,0,4,7,971,720,2.9995709999930114,0.9079861111111112,0.9086939980796753,0.9624967849794239,0.001381734023911096
all,handcrafted,mlp,exp_20260728,0,4,7,971,720,0.1524789170071017,0.9641203703703703,0.9558571369239623,0.9632442772633745,0.00041932137090738863
all,handcrafted,logistic,exp_20260728,0,6,15,1907,720,0.02081041701603681,0.9548611111111112,0.9485714285714286,0.9590727880658436,0.0005058668533320758
all,handcrafted,random_forest,exp_20260728,0,6,15,1907,720,0.2000898749975022,0.9635416666666667,0.9558172910377591,0.9524458269032923,0.0004297444202693832
all,handcrafted,rbf_svm,exp_20260728,0,6,15,1907,720,0.04757324999081902,0.9583333333333334,0.9514744011608085,0.9531651877572017,0.00047283198125202413
all,handcrafted,hist_gradient_boosting,exp_20260728,0,6,15,1907,720,3.544023374997778,0.9479166666666667,0.9427462705556793,0.951758616255144,0.0006619873130238175
all,handcrafted,mlp,exp_20260728,0,6,15,1907,720,0.17236925000906922,0.958912037037037,0.9515193764060965,0.9617010673868313,0.0004755345259836669
all,handcrafted,logistic,exp_20260728,0,8,27,3201,720,0.028806125017581508,0.9427083333333334,0.938359969020708,0.9608812371399177,0.0006503526973286543
all,handcrafted,random_forest,exp_20260728,0,8,27,3201,720,0.20715341699542478,0.9600694444444444,0.9529235542716525,0.9557372042181069,0.00045347819241210567
all,handcrafted,rbf_svm,exp_20260728,0,8,27,3201,720,0.11302829199121334,0.9600694444444444,0.9529235542716525,0.9553192515432098,0.00044631171133800756
all,handcrafted,hist_gradient_boosting,exp_20260728,0,8,27,3201,720,3.6671305829950143,0.9322916666666667,0.9295401938443534,0.957617991255144,0.000993698203641634
all,handcrafted,mlp,exp_20260728,0,8,27,3201,720,0.3023484159784857,0.9392361111111112,0.9354271672257,0.958204732510288,0.0006889640303445404
all,handcrafted,logistic,exp_20260728,0,10,39,4569,720,0.018798791017616168,0.9375,0.9339581256231306,0.9612268518518519,0.0007363796777238888
all,handcrafted,random_forest,exp_20260728,0,10,39,4569,720,0.1892648330249358,0.953125,0.9471175701079286,0.9560024434156379,0.0005510016800344167
all,handcrafted,rbf_svm,exp_20260728,0,10,39,4569,720,0.2634649159736,0.9583333333333334,0.9514744011608085,0.9550379372427984,0.00047283198125202413
all,handcrafted,hist_gradient_boosting,exp_20260728,0,10,39,4569,720,3.9505861249926966,0.9461805555555556,0.9412858634578092,0.9567740483539096,0.0007045674690377168
all,handcrafted,mlp,exp_20260728,0,10,39,4569,720,0.2530582079780288,0.9427083333333334,0.938359969020708,0.9596032664609053,0.0006360704746585083
all,handcrafted,logistic,exp_20260728,1,2,10,1211,720,0.008691374998306856,0.8883101851851851,0.8918831168831169,0.961693029835391,0.0015161846147192324
all,handcrafted,random_forest,exp_20260728,1,2,10,1211,720,0.14260612498037517,0.8096064814814815,0.8198300497738413,0.9607646926440329,0.002780056343482764
all,handcrafted,rbf_svm,exp_20260728,1,2,10,1211,720,0.023965999978827313,0.8993055555555556,0.9011500193823492,0.9586548353909465,0.0012445205771087317
all,handcrafted,hist_gradient_boosting,exp_20260728,1,2,10,1211,720,3.1070477080065757,0.7806712962962963,0.7918054451872145,0.955054012345679,0.0036567724815446873
all,handcrafted,mlp,exp_20260728,1,2,10,1211,720,0.17413100000703707,0.9600694444444444,0.9529235542716525,0.9623119212962963,0.0004464657976387004
all,handcrafted,logistic,exp_20260728,1,4,17,2075,720,0.02338329199119471,0.9409722222222222,0.9368944416114227,0.9591049382716049,0.0006739743590570533
all,handcrafted,random_forest,exp_20260728,1,4,17,2075,720,0.20833583298372105,0.9565972222222222,0.9500236990792066,0.9506896219135802,0.000503532642360373
all,handcrafted,rbf_svm,exp_20260728,1,4,17,2075,720,0.052637333021266386,0.9461805555555556,0.9412858634578092,0.9523775077160495,0.0006151637473130137
all,handcrafted,hist_gradient_boosting,exp_20260728,1,4,17,2075,720,3.4309340420004446,0.9444444444444444,0.9398237696110037,0.9528034979423868,0.0006607461616709343
all,handcrafted,mlp,exp_20260728,1,4,17,2075,720,0.23709962499560788,0.9461805555555556,0.9412858634578092,0.9593621399176955,0.0006008886268015596
all,handcrafted,logistic,exp_20260728,1,6,23,2795,720,0.01585379199241288,0.9375,0.9339581256231306,0.960350758744856,0.0007091633090726939
all,handcrafted,random_forest,exp_20260728,1,6,23,2795,720,0.18369341699872166,0.9461805555555556,0.9412858634578092,0.9561109503600823,0.0006317038016155707
all,handcrafted,rbf_svm,exp_20260728,1,6,23,2795,720,0.10022870800457895,0.9496527777777778,0.9442050108192207,0.9536474408436214,0.0005692722407116086
all,handcrafted,hist_gradient_boosting,exp_20260728,1,6,23,2795,720,3.7636752919934224,0.9357638888888888,0.9324872964793243,0.9574250900205761,0.0009205354899405984
all,handcrafted,mlp,exp_20260728,1,6,23,2795,720,0.30088183301268145,0.9322916666666667,0.9295401938443534,0.9595309284979424,0.000768278315864676
all,handcrafted,logistic,exp_20260728,1,8,31,3633,720,0.016702332999557257,0.9409722222222222,0.9368944416114227,0.9613634902263375,0.0006739743590570533
all,handcrafted,random_forest,exp_20260728,1,8,31,3633,720,0.17344995800522156,0.9565972222222222,0.9500236990792066,0.9548771862139918,0.0005125614381255766
all,handcrafted,rbf_svm,exp_20260728,1,8,31,3633,720,0.16385362501023337,0.9583333333333334,0.9514744011608085,0.95434670781893,0.00047283198125202413
all,handcrafted,hist_gradient_boosting,exp_20260728,1,8,31,3633,720,3.6979945829953067,0.9427083333333334,0.938359969020708,0.9554719650205762,0.0007894223413084762
all,handcrafted,mlp,exp_20260728,1,8,31,3633,720,0.3029040000110399,0.9305555555555556,0.9280638792752036,0.9593621399176955,0.0007840666429375965
all,handcrafted,logistic,exp_20260728,2,2,11,1296,720,0.012104124994948506,0.9184027777777778,0.9176761567763716,0.9626896862139918,0.001053519397748409
all,handcrafted,random_forest,exp_20260728,2,2,11,1296,720,0.1537519169796724,0.9074074074074074,0.9085850636538969,0.9570473251028807,0.0012793946672579387
all,handcrafted,rbf_svm,exp_20260728,2,2,11,1296,720,0.05515541700879112,0.9641203703703703,0.9558571369239623,0.9624565972222222,0.0004616342336378713
all,handcrafted,hist_gradient_boosting,exp_20260728,2,2,11,1296,720,3.0240168340096716,0.8292824074074074,0.8382574402409498,0.9564123585390946,0.0028429390862657715
all,handcrafted,mlp,exp_20260728,2,2,11,1296,720,0.09538529202109203,0.8987268518518519,0.8987268518518519,0.9580439814814815,0.0015277071435379345
all,handcrafted,logistic,exp_20260728,2,4,13,1560,720,0.020648750010877848,0.9270833333333334,0.9251056202790936,0.961789480452675,0.0008844159228460328
all,handcrafted,random_forest,exp_20260728,2,4,13,1560,720,0.20787962499889545,0.9236111111111112,0.9221397159541489,0.9577385545267489,0.0010432546707100116
all,handcrafted,rbf_svm,exp_20260728,2,4,13,1560,720,0.06595925000146963,0.9652777777777778,0.9572619132416839,0.9607124485596709,0.0003938394575521388
all,handcrafted,hist_gradient_boosting,exp_20260728,2,4,13,1560,720,3.2851026249991264,0.8315972222222222,0.8409946998233275,0.9573447145061729,0.0029381033142355964
all,handcrafted,mlp,exp_20260728,2,4,13,1560,720,0.15131962500163354,0.9155092592592593,0.9147876008737882,0.9617091049382717,0.0011476395998016677
all,handcrafted,logistic,exp_20260728,2,6,21,2424,720,0.02353733399650082,0.9236111111111112,0.9221397159541489,0.9620547196502058,0.0009268444776819396
all,handcrafted,random_forest,exp_20260728,2,6,21,2424,720,0.20857216700096615,0.9091435185185185,0.91008991008991,0.9587914737654322,0.0012033247892817031
all,handcrafted,rbf_svm,exp_20260728,2,6,21,2424,720,0.08184383300249465,0.9600694444444444,0.9529235542716525,0.9596595293209876,0.00044631171133800756
all,handcrafted,hist_gradient_boosting,exp_20260728,2,6,21,2424,720,3.5853408749972004,0.8443287037037037,0.8525539322054233,0.9568946116255145,0.002588410512193085
all,handcrafted,mlp,exp_20260728,2,6,21,2424,720,0.18595591699704528,0.9166666666666667,0.916184298204064,0.9627941743827161,0.001114744631443286
all,handcrafted,logistic,exp_20260728,2,8,29,3286,720,0.027983250009128824,0.9149305555555556,0.9146904012643815,0.9632282021604939,0.00104066553382687
all,handcrafted,random_forest,exp_20260728,2,8,29,3286,720,0.2254499160044361,0.9253472222222222,0.9236236342420706,0.9590526941872428,0.0009349393204658293
all,handcrafted,rbf_svm,exp_20260728,2,8,29,3286,720,0.12478329200530425,0.9600694444444444,0.9529235542716525,0.9585905349794239,0.00044631171133800756
all,handcrafted,hist_gradient_boosting,exp_20260728,2,8,29,3286,720,3.4762990000017453,0.8680555555555556,0.8735035750766088,0.9552629886831275,0.0019466194485592196
all,handcrafted,mlp,exp_20260728,2,8,29,3286,720,0.21472175000235438,0.9253472222222222,0.9236236342420706,0.9607687114197531,0.00092405734755646
all,handcrafted,logistic,exp_20260729,0,2,8,862,720,0.012319792003836483,0.9074074074074074,0.8990758490796988,0.926930619855967,0.0018871799646937699
all,handcrafted,random_forest,exp_20260729,0,2,8,862,720,0.13741100000333972,0.9328703703703705,0.9208144796380091,0.9369293338477366,0.0014387615642506226
all,handcrafted,rbf_svm,exp_20260729,0,2,8,862,720,0.0333458750101272,0.9328703703703703,0.9182785261954897,0.9318576388888888,0.0014838895052135606
all,handcrafted,hist_gradient_boosting,exp_20260729,0,2,8,862,720,2.9805572500044946,0.9166666666666666,0.9076833855737536,0.9425234696502057,0.001707797996925002
all,handcrafted,mlp,exp_20260729,0,2,8,862,720,0.12389562500175089,0.9201388888888888,0.908122699386503,0.9336821630658436,0.001697433248280111
all,handcrafted,logistic,exp_20260729,0,4,11,1198,720,0.019110166002064943,0.9143518518518519,0.9049223946784923,0.9277986754115227,0.001734759118010302
all,handcrafted,random_forest,exp_20260729,0,4,11,1198,720,0.17665416697855107,0.9328703703703705,0.9208144796380091,0.9325046617798354,0.0014387615642506226
all,handcrafted,rbf_svm,exp_20260729,0,4,11,1198,720,0.04333754099206999,0.9311342592592593,0.916841381983474,0.9332481352880658,0.001501410770201467
all,handcrafted,hist_gradient_boosting,exp_20260729,0,4,11,1198,720,3.0794203339901287,0.9207175925925926,0.9106719102938019,0.9411410108024691,0.0016593898358724568
all,handcrafted,mlp,exp_20260729,0,4,11,1198,720,0.11863800001447089,0.9184027777777778,0.9066742081447964,0.9311422968106996,0.001719366791979555
all,handcrafted,logistic,exp_20260729,0,6,23,2566,720,0.023727000021608546,0.9236111111111112,0.9135077226654273,0.9293459040637859,0.0015573394062565467
all,handcrafted,random_forest,exp_20260729,0,6,23,2566,720,0.23775975001626648,0.9282407407407407,0.9165407639820744,0.9483024691358024,0.0015097599558586236
all,handcrafted,rbf_svm,exp_20260729,0,6,23,2566,720,0.08651249998365529,0.9322916666666667,0.9182228349417221,0.9312065972222222,0.0014807892124584978
all,handcrafted,hist_gradient_boosting,exp_20260729,0,6,23,2566,720,3.495256124995649,0.9085648148148149,0.9028571428571428,0.9565007716049383,0.0017855302238846023
all,handcrafted,mlp,exp_20260729,0,6,23,2566,720,0.209883625007933,0.9172453703703705,0.9065302911093627,0.93627829218107,0.001733627622408812
all,handcrafted,logistic,exp_20260729,0,8,33,3849,720,0.020414583006640896,0.9346064814814815,0.9222576687116564,0.9326855066872428,0.0014289663303026494
all,handcrafted,random_forest,exp_20260729,0,8,33,3849,720,0.23665554099716246,0.9334490740740741,0.9208735310971732,0.9505931712962963,0.001465107462645912
all,handcrafted,rbf_svm,exp_20260729,0,8,33,3849,720,0.13556799999787472,0.9334490740740741,0.9196049200848615,0.9374678497942387,0.0014601676547155286
all,handcrafted,hist_gradient_boosting,exp_20260729,0,8,33,3849,720,3.563775875023566,0.9369212962962963,0.9250281439161007,0.9556246784979423,0.0014133224143457938
all,handcrafted,mlp,exp_20260729,0,8,33,3849,720,0.3257540420163423,0.9293981481481481,0.9166651953600875,0.939429012345679,0.0014926534832263108
all,handcrafted,logistic,exp_20260729,0,10,39,4569,720,0.02160662499954924,0.9311342592592593,0.9193698906267498,0.9318335262345678,0.001465096042858527
all,handcrafted,random_forest,exp_20260729,0,10,39,4569,720,0.19483741698786616,0.9334490740740741,0.9208735310971732,0.948165830761317,0.0014331596964608508
all,handcrafted,rbf_svm,exp_20260729,0,10,39,4569,720,0.23536500000045635,0.9334490740740741,0.9196049200848615,0.9344537680041152,0.0014601676547155286
all,handcrafted,hist_gradient_boosting,exp_20260729,0,10,39,4569,720,3.7530171670077834,0.9270833333333333,0.9164106973842924,0.9483024691358024,0.0015348092537357176
all,handcrafted,mlp,exp_20260729,0,10,39,4569,720,0.21956399999908172,0.9299768518518519,0.9167253131132147,0.9319701646090535,0.0015036069944541542
all,handcrafted,logistic,exp_20260729,1,2,3,336,720,0.008717040996998549,0.9247685185185186,0.9111422800937943,0.9215052726337448,0.0016005465434333727
all,handcrafted,random_forest,exp_20260729,1,2,3,336,720,0.11723341699689627,0.916087962962963,0.902679640102727,0.9301134902263374,0.0017537375634787225
all,handcrafted,rbf_svm,exp_20260729,1,2,3,336,720,0.010588167002424598,0.9241898148148148,0.9110795716293649,0.9267216435185186,0.0016397550780410115
all,handcrafted,hist_gradient_boosting,exp_20260729,1,2,3,336,720,1.5916135409788694,0.9103009259259259,0.9007060900264784,0.9236593364197532,0.002044237915922206
all,handcrafted,mlp,exp_20260729,1,2,3,336,720,0.06056725000962615,0.8425925925925926,0.8250494235378505,0.8966290509259259,0.0032185360255587527
all,handcrafted,logistic,exp_20260729,1,4,9,1056,720,0.015137582988245413,0.9236111111111112,0.9110153780963648,0.9223492155349794,0.0015817482417102061
all,handcrafted,random_forest,exp_20260729,1,4,9,1056,720,0.20466658400255255,0.9010416666666666,0.8956643950778052,0.9342005851337449,0.0019243763669149565
all,handcrafted,rbf_svm,exp_20260729,1,4,9,1056,720,0.027431750000687316,0.931712962962963,0.9181657848324515,0.9303224665637859,0.0014816117031136212
all,handcrafted,hist_gradient_boosting,exp_20260729,1,4,9,1056,720,3.0265007500129286,0.8333333333333334,0.8372881355932204,0.9291329089506173,0.0032018491455469435
all,handcrafted,mlp,exp_20260729,1,4,9,1056,720,0.11985716698109172,0.9189814814814814,0.9067438045073828,0.9238924254115226,0.0017404727173005205
all,handcrafted,logistic,exp_20260729,1,6,21,2496,720,0.024212374992202967,0.9346064814814815,0.9209876543209876,0.9282407407407407,0.0014434688803827455
all,handcrafted,random_forest,exp_20260729,1,6,21,2496,720,0.23185629199724644,0.9259259259259259,0.9150275373721479,0.9526748971193416,0.0015933529624945642
all,handcrafted,rbf_svm,exp_20260729,1,6,21,2496,720,0.08364270799211226,0.9340277777777778,0.919660318187424,0.9234262474279835,0.0014632679474705914
all,handcrafted,hist_gradient_boosting,exp_20260729,1,6,21,2496,720,3.3488467920105904,0.9097222222222222,0.9018335082072166,0.9491464120370371,0.0019101496543026894
all,handcrafted,mlp,exp_20260729,1,6,21,2496,720,0.26657549999072216,0.9334490740740741,0.9196049200848615,0.9296794624485597,0.0014601676547155286
all,handcrafted,logistic,exp_20260729,1,8,28,3288,720,0.01620841698604636,0.9322916666666667,0.919490103991949,0.9286024305555556,0.0014702094457885882
all,handcrafted,random_forest,exp_20260729,1,8,28,3288,720,0.1881256670167204,0.9293981481481481,0.917923883049395,0.9472616062242798,0.0015128677957326178
all,handcrafted,rbf_svm,exp_20260729,1,8,28,3288,720,0.13242150002042763,0.9351851851851851,0.9210427371851109,0.9266251929012346,0.0014426463897276223
all,handcrafted,hist_gradient_boosting,exp_20260729,1,8,28,3288,720,3.516925790987443,0.9212962962962963,0.91198113430764,0.9495081018518519,0.0016123227346790173
all,handcrafted,mlp,exp_20260729,1,8,28,3288,720,0.24960908299544826,0.9299768518518519,0.9167253131132147,0.9306921939300412,0.0015036069944541542
all,handcrafted,logistic,exp_20260729,2,2,13,1438,720,0.01172249999945052,0.9351851851851851,0.9210427371851109,0.9271878215020576,0.0014426463897276223
all,handcrafted,random_forest,exp_20260729,2,2,13,1438,720,0.16089583397842944,0.9375,0.9250846625766871,0.9321871784979425,0.001388390624743158
all,handcrafted,rbf_svm,exp_20260729,2,2,13,1438,720,0.04947058399557136,0.9305555555555556,0.9155167558434244,0.9257732124485596,0.0015251326206994992
all,handcrafted,hist_gradient_boosting,exp_20260729,2,2,13,1438,720,4.446168458991451,0.9340277777777778,0.9221990172714252,0.9326613940329218,0.0014447004812612825
all,handcrafted,mlp,exp_20260729,2,2,13,1438,720,0.09939858299912885,0.927662037037037,0.9139631600908167,0.929052533436214,0.0015448501099400926
all,handcrafted,logistic,exp_20260729,2,4,18,2145,720,0.025141375022940338,0.9351851851851851,0.9223150126238104,0.9306520061728395,0.0014197470298847133
all,handcrafted,random_forest,exp_20260729,2,4,18,2145,720,0.2444639999885112,0.9392361111111112,0.9265254217330895,0.9372990612139918,0.0013611021851913077
all,handcrafted,rbf_svm,exp_20260729,2,4,18,2145,720,0.06839791699894704,0.9340277777777778,0.919660318187424,0.9354423868312757,0.0014632679474705914
all,handcrafted,hist_gradient_boosting,exp_20260729,2,4,18,2145,720,7.239541124989046,0.9386574074074074,0.9264705882352942,0.9394450874485596,0.0013755615637102393
all,handcrafted,mlp,exp_20260729,2,4,18,2145,720,0.224695208016783,0.9351851851851851,0.9210427371851109,0.938818158436214,0.0014426463897276223
all,handcrafted,logistic,exp_20260729,2,6,25,2937,720,0.018343458999879658,0.9363425925925926,0.9236994764151314,0.9296553497942387,0.0014030482555519302
all,handcrafted,random_forest,exp_20260729,2,6,25,2937,720,0.21624775000964291,0.9322916666666666,0.9207540939787262,0.9322796103395061,0.0014492476964687545
all,handcrafted,rbf_svm,exp_20260729,2,6,25,2937,720,0.09613304099184461,0.9351851851851851,0.9210427371851109,0.9321871784979424,0.0014426463897276223
all,handcrafted,hist_gradient_boosting,exp_20260729,2,6,25,2937,720,3.5406487910076976,0.921875,0.9120539654520237,0.931319122942387,0.0016828565146056011
all,handcrafted,mlp,exp_20260729,2,6,25,2937,720,0.25798666599439457,0.931712962962963,0.9181657848324515,0.936913258744856,0.001477688919703435
all,handcrafted,logistic,exp_20260729,2,8,32,3729,720,0.0171683749940712,0.9363425925925926,0.9236994764151314,0.9298161008230452,0.0014030482555519302
all,handcrafted,random_forest,exp_20260729,2,8,32,3729,720,0.20407899998826906,0.9334490740740741,0.9221390525738352,0.9318375450102881,0.0014280899869241813
all,handcrafted,rbf_svm,exp_20260729,2,8,32,3729,720,0.150148957996862,0.9334490740740741,0.9196049200848615,0.9361416538065843,0.0014601676547155286
all,handcrafted,hist_gradient_boosting,exp_20260729,2,8,32,3729,720,3.8450502080086153,0.9224537037037037,0.9133644079999842,0.9313432355967077,0.0016748044232753855
all,handcrafted,mlp,exp_20260729,2,8,32,3729,720,0.26694662499357946,0.9311342592592593,0.9181073703366698,0.9358201517489713,0.0014869082201213711
all,handcrafted,logistic,exp_20260730,0,2,7,768,720,0.008409917005337775,0.8773148148148149,0.8549107142857143,0.9085808899176954,0.003009470086529341
all,handcrafted,random_forest,exp_20260730,0,2,7,768,720,0.14289629200357012,0.8472222222222222,0.8384239245978314,0.9078695666152263,0.0036579984293408857
all,handcrafted,rbf_svm,exp_20260730,0,2,7,768,720,0.018663625000044703,0.8564814814814814,0.8425,0.9084281764403292,0.003339216696101938
all,handcrafted,hist_gradient_boosting,exp_20260730,0,2,7,768,720,2.6260613329941407,0.7991898148148149,0.7925547030406366,0.8776523919753086,0.004670630309675859
all,handcrafted,mlp,exp_20260730,0,2,7,768,720,0.09093445900361985,0.8576388888888888,0.8354394093173525,0.8960503472222222,0.003464888560092984
all,handcrafted,logistic,exp_20260730,0,4,13,1547,720,0.016641916998196393,0.8778935185185185,0.8562230636352532,0.9131864068930042,0.0029572671724618495
all,handcrafted,random_forest,exp_20260730,0,4,13,1547,720,0.1930048749782145,0.853587962962963,0.8408372866435174,0.9124308770576132,0.003282409169868686
all,handcrafted,rbf_svm,exp_20260730,0,4,13,1547,720,0.028954457986401394,0.8622685185185186,0.8457643622200585,0.9147456918724279,0.0032078662088696674
all,handcrafted,hist_gradient_boosting,exp_20260730,0,4,13,1547,720,2.8593645830114838,0.8188657407407407,0.8190500125659714,0.9053899819958848,0.003948166036392046
all,handcrafted,mlp,exp_20260730,0,4,13,1547,720,0.18046324999886565,0.8761574074074074,0.8522751027802941,0.9105661651234569,0.0031470276935215554
all,handcrafted,logistic,exp_20260730,0,6,20,2411,720,0.023855166975408792,0.8715277777777778,0.8518161837230795,0.909641846707819,0.0030208691717342404
all,handcrafted,random_forest,exp_20260730,0,6,20,2411,720,0.2027249589737039,0.8628472222222222,0.8470387139401759,0.9108072916666666,0.00311628851374388
all,handcrafted,rbf_svm,exp_20260730,0,6,20,2411,720,0.05886341701261699,0.880787037037037,0.857752709748898,0.9008166152263375,0.002972702928393618
all,handcrafted,hist_gradient_boosting,exp_20260730,0,6,20,2411,720,3.7018678750027902,0.8287037037037037,0.8242016519804113,0.9218910751028806,0.004190913610146821
all,handcrafted,mlp,exp_20260730,0,6,20,2411,720,0.18301799998153,0.875,0.8509054244183009,0.9091676311728396,0.0031595238364877497
all,handcrafted,logistic,exp_20260730,0,8,28,3273,720,0.025309541990282014,0.8755787037037037,0.8547384593896221,0.9091274434156379,0.0029393347320811293
all,handcrafted,random_forest,exp_20260730,0,8,28,3273,720,0.21888658398529515,0.8686342592592593,0.8514527731929868,0.9186117541152262,0.0030028013435032573
all,handcrafted,rbf_svm,exp_20260730,0,8,28,3273,720,0.09955445799278095,0.8842592592592593,0.8605904767805694,0.8960262345679012,0.0029363937665119197
all,handcrafted,hist_gradient_boosting,exp_20260730,0,8,28,3273,720,3.6985885000030976,0.8576388888888888,0.8450109979569631,0.9314155735596709,0.003253832401544979
all,handcrafted,mlp,exp_20260730,0,8,28,3273,720,0.2743563329859171,0.8761574074074074,0.8547981756693865,0.9151636445473251,0.00299282254691317
all,handcrafted,logistic,exp_20260730,0,10,39,4569,720,0.018236500007333234,0.880787037037037,0.857752709748898,0.9092962319958848,0.002972945074218003
all,handcrafted,random_forest,exp_20260730,0,10,39,4569,720,0.2544305000046734,0.8715277777777778,0.8530415157717944,0.9167550797325104,0.0029812342734760926
all,handcrafted,rbf_svm,exp_20260730,0,10,39,4569,720,0.18149012501817197,0.8831018518518519,0.8592200963699616,0.8912921167695473,0.00297771371221947
all,handcrafted,hist_gradient_boosting,exp_20260730,0,10,39,4569,720,3.9646484999975655,0.8576388888888888,0.8438571503929947,0.9253472222222223,0.0031364199384347918
all,handcrafted,mlp,exp_20260730,0,10,39,4569,720,0.22024529098416679,0.875,0.8509054244183009,0.9125273276748972,0.0031595238364877497
all,handcrafted,logistic,exp_20260730,1,2,9,1139,720,0.010984374996041879,0.8559027777777777,0.8412397969836343,0.9181295010288066,0.0032884385805390277
all,handcrafted,random_forest,exp_20260730,1,2,9,1139,720,0.13793433300452307,0.8252314814814814,0.8221570627231005,0.9166988168724279,0.004025878066280156
all,handcrafted,rbf_svm,exp_20260730,1,2,9,1139,720,0.030872665985953063,0.8721064814814814,0.8518817538194013,0.9147456918724279,0.0030536141584127322
all,handcrafted,hist_gradient_boosting,exp_20260730,1,2,9,1139,720,3.1846680419985205,0.8096064814814814,0.8110220958780203,0.9120169431584362,0.004328163850006091
all,handcrafted,mlp,exp_20260730,1,2,9,1139,720,0.1288424170052167,0.8726851851851851,0.8481656248367606,0.9087818287037036,0.003191985011600519
all,handcrafted,logistic,exp_20260730,1,4,11,1427,720,0.01889212499372661,0.8761574074074074,0.8547981756693865,0.9079057355967078,0.003000218288873616
all,handcrafted,random_forest,exp_20260730,1,4,11,1427,720,0.1966700420016423,0.8431712962962963,0.8331447963800904,0.9113940329218108,0.003597870961560415
all,handcrafted,rbf_svm,exp_20260730,1,4,11,1427,720,0.03672179201385006,0.8726851851851851,0.8506973850724517,0.9087496784979423,0.003128599637149287
all,handcrafted,hist_gradient_boosting,exp_20260730,1,4,11,1427,720,3.3542656669742428,0.8298611111111112,0.8255467552173119,0.9104576581790123,0.0040729120838771515
all,handcrafted,mlp,exp_20260730,1,4,11,1427,720,0.16075954100233503,0.875,0.8509054244183009,0.9050684799382716,0.0031595238364877497
all,handcrafted,logistic,exp_20260730,1,6,19,2291,720,0.01999383300426416,0.8738425925925926,0.8533106960950764,0.911522633744856,0.002995982827918555
all,handcrafted,random_forest,exp_20260730,1,6,19,2291,720,0.21571087499614805,0.84375,0.8365313048473997,0.915187757201646,0.0035029830436826594
all,handcrafted,rbf_svm,exp_20260730,1,6,19,2291,720,0.05311387500842102,0.8738425925925926,0.8533106960950764,0.9134837962962963,0.0030009681895988034
all,handcrafted,hist_gradient_boosting,exp_20260730,1,6,19,2291,720,3.437275125004817,0.818287037037037,0.8169849348819429,0.9125554591049383,0.004228381540528887
all,handcrafted,mlp,exp_20260730,1,6,19,2291,720,0.2734615829831455,0.8767361111111112,0.8561047780742178,0.9122781635802468,0.002960938436426464
all,handcrafted,logistic,exp_20260730,1,8,31,3731,720,0.017386749997967854,0.875,0.8521743846410115,0.9098508230452674,0.0030954694742043095
all,handcrafted,random_forest,exp_20260730,1,8,31,3731,720,0.1946044170181267,0.8755787037037037,0.8559773478935522,0.9112252443415638,0.0029509857577043556
all,handcrafted,rbf_svm,exp_20260730,1,8,31,3731,720,0.1614838329842314,0.8796296296296297,0.855108359133127,0.8901025591563786,0.0030891011418049596
all,handcrafted,hist_gradient_boosting,exp_20260730,1,8,31,3731,720,3.708243417000631,0.8547453703703703,0.8455723053370825,0.9177919238683128,0.003285725968234436
all,handcrafted,mlp,exp_20260730,1,8,31,3731,720,0.28529454200179316,0.8796296296296297,0.8563834422657952,0.9134918338477367,0.00301866643816223
all,handcrafted,logistic,exp_20260730,2,2,13,1366,720,0.010883292008657008,0.875,0.8534312784631223,0.9144804526748972,0.0030047014485278752
all,handcrafted,random_forest,exp_20260730,2,2,13,1366,720,0.14419787499355152,0.8703703703703703,0.8528928160712652,0.9122178819444445,0.0029585766470778046
all,handcrafted,rbf_svm,exp_20260730,2,2,13,1366,720,0.038169790990650654,0.8790509259259259,0.8550623649919866,0.907101980452675,0.0030874189462635915
all,handcrafted,hist_gradient_boosting,exp_20260730,2,2,13,1366,720,3.1825226249929983,0.8634259259259259,0.8506469616676191,0.9159272119341564,0.00311402300043304
all,handcrafted,mlp,exp_20260730,2,2,13,1366,720,0.1182864579895977,0.8680555555555556,0.848951048951049,0.9089023919753086,0.003119317423095268
all,handcrafted,logistic,exp_20260730,2,4,16,1726,720,0.019152624998241663,0.875,0.8534312784631223,0.9149948559670783,0.0030047014485278752
all,handcrafted,random_forest,exp_20260730,2,4,16,1726,720,0.1975800829823129,0.8721064814814815,0.8531123282667449,0.910329057355967,0.0029790607056835844
all,handcrafted,rbf_svm,exp_20260730,2,4,16,1726,720,0.04925208300119266,0.8790509259259259,0.8550623649919866,0.9091033307613169,0.0030874189462635915
all,handcrafted,hist_gradient_boosting,exp_20260730,2,4,16,1726,720,2.9187048750172835,0.8628472222222223,0.8482186775349589,0.9135038901748972,0.0031915411245360507
all,handcrafted,mlp,exp_20260730,2,4,16,1726,720,0.1851792499946896,0.8657407407407407,0.8462243415994222,0.9166907793209876,0.00314722595632676
all,handcrafted,logistic,exp_20260730,2,6,23,2590,720,0.02410925002186559,0.8761574074074074,0.8547981756693865,0.9090149176954733,0.0029634077982150717
all,handcrafted,random_forest,exp_20260730,2,6,23,2590,720,0.1930447920167353,0.8715277777777777,0.8542555510572701,0.9211877893518519,0.0029237709806478615
all,handcrafted,rbf_svm,exp_20260730,2,6,23,2590,720,0.08060729200951755,0.8819444444444444,0.8578496272036792,0.895825295781893,0.003023435076163696
all,handcrafted,hist_gradient_boosting,exp_20260730,2,6,23,2590,720,3.451541249989532,0.8460648148148149,0.8337390705356513,0.9279272762345678,0.0033546501669837994
all,handcrafted,mlp,exp_20260730,2,6,23,2590,720,0.19397420901805162,0.8709490740740741,0.8492731149447568,0.9150028935185186,0.0031762199359681915
all,handcrafted,logistic,exp_20260730,2,8,33,3873,720,0.025605125003494322,0.8790509259259259,0.8563322491093412,0.9081950874485596,0.0029909917299440324
all,handcrafted,random_forest,exp_20260730,2,8,33,3873,720,0.28261404199292883,0.8697916666666667,0.8516052762568442,0.9161522633744856,0.0029938760045810295
all,handcrafted,rbf_svm,exp_20260730,2,8,33,3873,720,0.11534004198620096,0.8831018518518519,0.8592200963699616,0.8920958719135803,0.00297771371221947
all,handcrafted,hist_gradient_boosting,exp_20260730,2,8,33,3873,720,4.2724840420123655,0.8611111111111112,0.8455911597039718,0.9239004629629629,0.003244623539164268
all,handcrafted,mlp,exp_20260730,2,8,33,3873,720,0.2520302919729147,0.8796296296296297,0.8563834422657952,0.9153967335390947,0.00301866643816223
all,handcrafted,logistic,exp_20260731,0,2,5,707,718,0.008966291992692277,0.897410358565737,0.8465796052153889,0.9079515272244356,0.00187573650858581
all,handcrafted,random_forest,exp_20260731,0,2,5,707,718,0.13777041700086556,0.8782462741626088,0.8358306325582371,0.9378781171609857,0.002386773208413015
all,handcrafted,rbf_svm,exp_20260731,0,2,5,707,718,0.01972566600306891,0.9047329201711671,0.8599288883295051,0.9417330677290836,0.0017082756593216953
all,handcrafted,hist_gradient_boosting,exp_20260731,0,2,5,707,718,2.4554961250105407,0.831977644975653,0.8065711914999083,0.9255016969160395,0.00398678490331261
all,handcrafted,mlp,exp_20260731,0,2,5,707,718,0.0773356250138022,0.849601593625498,0.7819862899382464,0.9017725394717427,0.0030495437850230176
all,handcrafted,logistic,exp_20260731,0,4,17,2147,718,0.02331904199672863,0.910035782794747,0.86573038075487,0.9222554227534306,0.00149791626044533
all,handcrafted,random_forest,exp_20260731,0,4,17,2147,718,0.218230250000488,0.8594879740298067,0.8372733612273362,0.9401468201268998,0.00331194944874238
all,handcrafted,rbf_svm,exp_20260731,0,4,17,2147,718,0.05978229199536145,0.8776283753873395,0.8427029383926578,0.9304079976390733,0.002680313945829684
all,handcrafted,hist_gradient_boosting,exp_20260731,0,4,17,2147,718,3.3655165420204867,0.7960196252028922,0.7913397268235978,0.9011869189907038,0.004757226912908466
all,handcrafted,mlp,exp_20260731,0,4,17,2147,718,0.2039898329821881,0.901394422310757,0.8520835284202641,0.9280378486055777,0.0018249131892690126
all,handcrafted,logistic,exp_20260731,0,6,23,2843,718,0.022831042006146163,0.9020676553047071,0.8546143039351373,0.9213055186660765,0.0017666144749826885
all,handcrafted,random_forest,exp_20260731,0,6,23,2843,718,0.19767237501218915,0.8928913973734691,0.8625464885921459,0.9456940755496532,0.002212642517949825
all,handcrafted,rbf_svm,exp_20260731,0,6,23,2843,718,0.09073441597865894,0.8862420687619891,0.851595677808817,0.9346133982588165,0.0024671742834783796
all,handcrafted,hist_gradient_boosting,exp_20260731,0,6,23,2843,718,3.5997061250091065,0.8280489154493138,0.8096763240046005,0.8979314224583148,0.00389935253431603
all,handcrafted,mlp,exp_20260731,0,6,23,2843,718,0.23544641700573266,0.9043824701195219,0.8562274729675611,0.9296702080566622,0.0017497458655666123
all,handcrafted,logistic,exp_20260731,0,8,31,3779,718,0.02081708298646845,0.9050833702228125,0.863644420436034,0.925667699572082,0.0015689028181435092
all,handcrafted,random_forest,exp_20260731,0,8,31,3779,718,0.2357495840115007,0.9061900545964291,0.8849305926028378,0.9590572893610743,0.0017109393200763724
all,handcrafted,rbf_svm,exp_20260731,0,8,31,3779,718,0.15543295798124745,0.8990796074959422,0.8504727393893956,0.9381824553637302,0.0018434029655824864
all,handcrafted,hist_gradient_boosting,exp_20260731,0,8,31,3779,718,4.126415457983967,0.8773332595543751,0.8484997244040238,0.9044931385568836,0.002428959703891353
all,handcrafted,mlp,exp_20260731,0,8,31,3779,718,0.3645192080002744,0.912701047661207,0.8711084923093818,0.9382470119521913,0.0014085806512386678
all,handcrafted,logistic,exp_20260731,0,10,38,4571,718,0.020910999999614432,0.9073981850376274,0.8652751863213266,0.9261564851704294,0.0016565195199138042
all,handcrafted,random_forest,exp_20260731,0,10,38,4571,718,0.24981145799392834,0.9140751807584477,0.8813083008619671,0.9552161723476463,0.001328255186605483
all,handcrafted,rbf_svm,exp_20260731,0,10,38,4571,718,0.1638591670198366,0.9143426294820718,0.8701474583827524,0.9396119226796518,0.0013832192017791867
all,handcrafted,hist_gradient_boosting,exp_20260731,0,10,38,4571,718,3.621576500008814,0.867751217352811,0.8427742907628433,0.903049837686292,0.002672006169749524
all,handcrafted,mlp,exp_20260731,0,10,38,4571,718,0.2915473750035744,0.9199959421572967,0.8797862848447471,0.9391323594510845,0.0012665504628076782
all,handcrafted,logistic,exp_20260731,1,2,10,1211,718,0.009196250000968575,0.8826914563966357,0.8639971807409366,0.9374815552604396,0.0020489174383956565
all,handcrafted,random_forest,exp_20260731,1,2,10,1211,718,0.14496441598748788,0.8222388224878265,0.8269332927699706,0.937781282278294,0.003851911517736225
all,handcrafted,rbf_svm,exp_20260731,1,2,10,1211,718,0.025389415997778997,0.8529769809650287,0.8492698064987221,0.947137376420245,0.003256721657610603
all,handcrafted,hist_gradient_boosting,exp_20260731,1,2,10,1211,718,2.841687167005148,0.7849343367271655,0.8038387792205212,0.931450125424229,0.005173448929150308
all,handcrafted,mlp,exp_20260731,1,2,10,1211,718,0.1728626670083031,0.9020676553047071,0.8546143039351373,0.9293658698539177,0.0017534977301141975
all,handcrafted,logistic,exp_20260731,1,4,18,2147,718,0.022735125006875023,0.9078039693079534,0.8789427267067856,0.9373063302346171,0.001495137201133729
all,handcrafted,random_forest,exp_20260731,1,4,18,2147,718,0.19577458401909098,0.8629094732182381,0.859100036509675,0.9589281761841524,0.002821177890041089
all,handcrafted,rbf_svm,exp_20260731,1,4,18,2147,718,0.062108625017572194,0.909039766858492,0.8643349009069533,0.9526062416998671,0.001632466845530586
all,handcrafted,hist_gradient_boosting,exp_20260731,1,4,18,2147,718,3.498804500006372,0.8453039693079534,0.8322709828132822,0.9284851335399145,0.0030972767043735026
all,handcrafted,mlp,exp_20260731,1,4,18,2147,718,0.22033687500515953,0.9024734395750332,0.868059829059829,0.9372602183857165,0.0015167670192135073
all,handcrafted,logistic,exp_20260731,1,6,25,2987,718,0.019559375010430813,0.9044931385568835,0.8758386940582417,0.9357569721115537,0.0014309765626161605
all,handcrafted,random_forest,exp_20260731,1,6,25,2987,718,0.21094829199137166,0.8754518961192268,0.8647191293503325,0.9589558432934928,0.0025237390904408906
all,handcrafted,rbf_svm,exp_20260731,1,6,25,2987,718,0.10205770799075253,0.910035782794747,0.86573038075487,0.9484377305592444,0.0016038783857287465
all,handcrafted,hist_gradient_boosting,exp_20260731,1,6,25,2987,718,2.889800415985519,0.8647908366533865,0.8432054227339034,0.9062961118489007,0.0025051560871412752
all,handcrafted,mlp,exp_20260731,1,6,25,2987,718,0.26131312499637716,0.9038199055629335,0.8732344632768362,0.9431072008263243,0.0014306452858570092
all,handcrafted,logistic,exp_20260731,1,8,31,3707,718,0.0171313330065459,0.9054891544931385,0.8772684096303685,0.9345119521912351,0.0013820341886730426
all,handcrafted,random_forest,exp_20260731,1,8,31,3707,718,0.18186991699622013,0.8943208646893905,0.8825732880778752,0.9558432934926958,0.0021997856724581184
all,handcrafted,rbf_svm,exp_20260731,1,8,31,3707,718,0.12015833298210055,0.9103585657370519,0.8645589677808798,0.9474232698834292,0.0016055337370634686
all,handcrafted,hist_gradient_boosting,exp_20260731,1,8,31,3707,718,1.8465879590075929,0.8565275933303822,0.8376417950423601,0.9195947690718607,0.0028815338424671207
all,handcrafted,mlp,exp_20260731,1,8,31,3707,718,0.18942550002248026,0.9054061531651174,0.8624819257329155,0.9303249963110521,0.001702752476693248
all,handcrafted,logistic,exp_20260731,2,2,6,779,718,0.011102249991381541,0.8925132802124834,0.854046499809427,0.9286280802715066,0.0018719055556654283
all,handcrafted,random_forest,exp_20260731,2,2,6,779,718,0.13840120899840258,0.8651412867050317,0.846768533491744,0.9484792312232552,0.002425364809709029
all,handcrafted,rbf_svm,exp_20260731,2,2,6,779,718,0.01746037500561215,0.8941825291426886,0.8579744977720114,0.948677512173528,0.0018576059142984026
all,handcrafted,hist_gradient_boosting,exp_20260731,2,2,6,779,718,1.5170689999940805,0.8532720967979932,0.8435972234386333,0.9380625645565884,0.002967260584691765
all,handcrafted,mlp,exp_20260731,2,2,6,779,718,0.09736829099711031,0.8894422310756972,0.8356399992575774,0.9202172790320201,0.0020794894450886703
all,handcrafted,logistic,exp_20260731,2,4,8,1043,718,0.013196416024584323,0.8954183266932271,0.843836416626792,0.909380994540357,0.001934619592441298
all,handcrafted,random_forest,exp_20260731,2,4,8,1043,718,0.1690638749860227,0.8788918400472185,0.8336308014103118,0.941290393979637,0.0023609459081148777
all,handcrafted,rbf_svm,exp_20260731,2,4,8,1043,718,0.02206925000064075,0.9040596871772171,0.8573833045841828,0.9476538291279327,0.001744933613940636
all,handcrafted,hist_gradient_boosting,exp_20260731,2,4,8,1043,718,3.4365384579868987,0.8464567655304707,0.8060268189043327,0.9310720082632432,0.0032278529345008155
all,handcrafted,mlp,exp_20260731,2,4,8,1043,718,0.04527429200243205,0.8884462151394422,0.8342785544711158,0.9136693964881216,0.0021261148981481094
all,handcrafted,logistic,exp_20260731,2,6,20,2411,718,0.0063209170184563845,0.8954736609119079,0.8534147999570638,0.9232883281688062,0.0018157766359636403
all,handcrafted,random_forest,exp_20260731,2,6,20,2411,718,0.11106833402300254,0.8832816880625646,0.8521619766643789,0.9467269809650287,0.002220088028475324
all,handcrafted,rbf_svm,exp_20260731,2,6,20,2411,718,0.03185745800146833,0.9057289361074221,0.8613201209271077,0.9519053415965766,0.0016931710277367056
all,handcrafted,hist_gradient_boosting,exp_20260731,2,6,20,2411,718,2.159929582994664,0.8455990851409179,0.8267936875531812,0.9010439722591118,0.0031673112081881316
all,handcrafted,mlp,exp_20260731,2,6,20,2411,718,0.14145833300426602,0.901394422310757,0.8520835284202641,0.9272262800649255,0.0017982345988623953
all,handcrafted,logistic,exp_20260731,2,8,26,3131,718,0.018964540999149904,0.9064021691013724,0.8638776541961577,0.9236756676995719,0.0016478820298398236
all,handcrafted,random_forest,exp_20260731,2,8,26,3131,718,0.20687270897906274,0.87765604249668,0.8473963868225293,0.9480918916924893,0.0021606545599220277
all,handcrafted,rbf_svm,exp_20260731,2,8,26,3131,718,0.08588416600832716,0.8935369632580787,0.8602584036803597,0.9505680979784565,0.002421750348793077
all,handcrafted,hist_gradient_boosting,exp_20260731,2,8,26,3131,718,1.9758484580088407,0.8320329791943337,0.8151744166859181,0.9023166592887709,0.003650910978191139
all,handcrafted,mlp,exp_20260731,2,8,26,3131,718,0.23823729198193178,0.9077209679799321,0.8641078052842759,0.935756972111554,0.0016255578051832564
