camera_group,representation,model,training_experiment_count,metric,estimate,lower,upper,held_out_experiment_count
all,handcrafted,hist_gradient_boosting,2,balanced_accuracy,0.8855754179486524,0.8498974856745856,0.9212756096316703,11
all,handcrafted,hist_gradient_boosting,2,macro_f1,0.8829567943419016,0.8465422501391319,0.919907978587759,11
all,handcrafted,hist_gradient_boosting,2,auroc,0.9642561685932971,0.9456507911873714,0.9818494826562482,11
all,handcrafted,hist_gradient_boosting,2,balanced_misclassification_regret,0.0031442637558426367,0.0018790324958916093,0.004852224825757966,11
all,handcrafted,hist_gradient_boosting,2,fit_predict_seconds,4.5550592614242555,3.6497218974856276,5.448601490029515,11
all,handcrafted,hist_gradient_boosting,2,training_cycle_count,8.424242424242424,7.666666666666666,9.272727272727273,11
all,handcrafted,hist_gradient_boosting,2,training_image_count,979.6969696969696,893.6621212121211,1073.7409090909089,11
all,handcrafted,hist_gradient_boosting,4,balanced_accuracy,0.9138338707205663,0.8858105823187202,0.9406738757524743,11
all,handcrafted,hist_gradient_boosting,4,macro_f1,0.9108987661830674,0.8799458490423802,0.9400341916233299,11
all,handcrafted,hist_gradient_boosting,4,auroc,0.9649494845518635,0.9464340443729976,0.9827492632982581,11
all,handcrafted,hist_gradient_boosting,4,balanced_misclassification_regret,0.0020092300380722718,0.001377470081736664,0.0026410071185493733,11
all,handcrafted,hist_gradient_boosting,4,fit_predict_seconds,5.265336217270515,4.3066766526290765,6.216151298076342,11
all,handcrafted,hist_gradient_boosting,4,training_cycle_count,14.454545454545457,13.272727272727273,15.81818181818182,11
all,handcrafted,hist_gradient_boosting,4,training_image_count,1707.848484848485,1580.7477272727274,1851.6681818181821,11
all,handcrafted,hist_gradient_boosting,6,balanced_accuracy,0.9204230522050153,0.8931257745329773,0.9463656690006123,11
all,handcrafted,hist_gradient_boosting,6,macro_f1,0.9168866561877267,0.8864450466941455,0.9452989448099279,11
all,handcrafted,hist_gradient_boosting,6,auroc,0.9651102972895544,0.9454957972266054,0.9834606460667987,11
all,handcrafted,hist_gradient_boosting,6,balanced_misclassification_regret,0.0018366907615918993,0.0011993158015930012,0.0024869382625082783,11
all,handcrafted,hist_gradient_boosting,6,fit_predict_seconds,5.206363748756385,4.2447907534834055,6.118304200985276,11
all,handcrafted,hist_gradient_boosting,6,training_cycle_count,23.727272727272727,22.484090909090906,24.90909090909091,11
all,handcrafted,hist_gradient_boosting,6,training_image_count,2785.060606060606,2653.108333333333,2906.062121212121,11
all,handcrafted,hist_gradient_boosting,8,balanced_accuracy,0.9320179540993255,0.9064920519241776,0.9562061588103254,11
all,handcrafted,hist_gradient_boosting,8,macro_f1,0.9259989266716843,0.896429013574335,0.9539355168311129,11
all,handcrafted,hist_gradient_boosting,8,auroc,0.9642051855781404,0.9456487965989345,0.9827058342157665,11
all,handcrafted,hist_gradient_boosting,8,balanced_misclassification_regret,0.0016040817441226028,0.001029475012025136,0.002200157071922133,11
all,handcrafted,hist_gradient_boosting,8,fit_predict_seconds,5.502185534064086,4.393340333802718,6.599242019702003,11
all,handcrafted,hist_gradient_boosting,8,training_cycle_count,31.90909090909091,30.60606060606061,33.36363636363637,11
all,handcrafted,hist_gradient_boosting,8,training_image_count,3744.3939393939395,3590.8750000000005,3917.3681818181817,11
all,handcrafted,hist_gradient_boosting,10,balanced_accuracy,0.9363998657954653,0.9111474076909383,0.9603864114631159,11
all,handcrafted,hist_gradient_boosting,10,macro_f1,0.9289176999613544,0.8998448212931074,0.9566075374049253,11
all,handcrafted,hist_gradient_boosting,10,auroc,0.9631721492949289,0.943864749554587,0.9822399523964391,11
all,handcrafted,hist_gradient_boosting,10,balanced_misclassification_regret,0.0014059743900702983,0.0007352497375086193,0.002173207415168324,11
all,handcrafted,hist_gradient_boosting,10,fit_predict_seconds,5.466674143914133,4.516358281040249,6.455416800396845,11
all,handcrafted,hist_gradient_boosting,10,training_cycle_count,40.90909090909091,39.63636363636363,42.18409090909088,11
all,handcrafted,hist_gradient_boosting,10,training_image_count,4808.181818181818,4667.15,4954.561363636364,11
all,handcrafted,logistic,2,balanced_accuracy,0.9271405145665679,0.8950107112235681,0.9574669835986123,11
all,handcrafted,logistic,2,macro_f1,0.9189034569412923,0.8841075925144917,0.9527601712224768,11
all,handcrafted,logistic,2,auroc,0.9608005273522483,0.940778858881155,0.9809272570662284,11
all,handcrafted,logistic,2,balanced_misclassification_regret,0.001752020190736354,0.0007519653910536231,0.0031467497826445675,11
all,handcrafted,logistic,2,fit_predict_seconds,0.011204212089069186,0.010372431060849603,0.012120954616671729,11
all,handcrafted,logistic,2,training_cycle_count,8.424242424242424,7.666666666666666,9.272727272727273,11
all,handcrafted,logistic,2,training_image_count,979.6969696969696,893.6621212121211,1073.7409090909089,11
all,handcrafted,logistic,4,balanced_accuracy,0.9333773491891022,0.9054869872362402,0.9595343188832773,11
all,handcrafted,logistic,4,macro_f1,0.9241669686875386,0.8931564370772418,0.95473653360974,11
all,handcrafted,logistic,4,auroc,0.9601120977070754,0.9380323879194351,0.9816142810505447,11
all,handcrafted,logistic,4,balanced_misclassification_regret,0.001609280063804433,0.000725340655931224,0.002822267143653955,11
all,handcrafted,logistic,4,fit_predict_seconds,0.02016916915255768,0.0189431498280266,0.021759753215354234,11
all,handcrafted,logistic,4,training_cycle_count,14.454545454545457,13.272727272727273,15.81818181818182,11
all,handcrafted,logistic,4,training_image_count,1707.848484848485,1580.7477272727274,1851.6681818181821,11
all,handcrafted,logistic,6,balanced_accuracy,0.9358712614088082,0.9057017217198953,0.9637466597364243,11
all,handcrafted,logistic,6,macro_f1,0.926724023608293,0.8938554586091857,0.9585418873100678,11
all,handcrafted,logistic,6,auroc,0.9612260023894726,0.9389208354791505,0.9828271002859982,11
all,handcrafted,logistic,6,balanced_misclassification_regret,0.0015054712734438307,0.0005817582137617123,0.0027599680586359566,11
all,handcrafted,logistic,6,fit_predict_seconds,0.023456000095007545,0.02138160970743312,0.025335479148369897,11
all,handcrafted,logistic,6,training_cycle_count,23.727272727272727,22.484090909090906,24.90909090909091,11
all,handcrafted,logistic,6,training_image_count,2785.060606060606,2653.108333333333,2906.062121212121,11
all,handcrafted,logistic,8,balanced_accuracy,0.9373643872118911,0.9069979912446429,0.9650352145456028,11
all,handcrafted,logistic,8,macro_f1,0.9281006091311069,0.8954373803739836,0.9595231058957303,11
all,handcrafted,logistic,8,auroc,0.9605994107173413,0.937231657484536,0.9827860506383806,11
all,handcrafted,logistic,8,balanced_misclassification_regret,0.001525056107122799,0.0006147571269812031,0.0027878998867138733,11
all,handcrafted,logistic,8,fit_predict_seconds,0.022309449513682703,0.02021402392109105,0.024410791023392726,11
all,handcrafted,logistic,8,training_cycle_count,31.90909090909091,30.60606060606061,33.36363636363637,11
all,handcrafted,logistic,8,training_image_count,3744.3939393939395,3590.8750000000005,3917.3681818181817,11
all,handcrafted,logistic,10,balanced_accuracy,0.936799360562037,0.9009346371020356,0.9673981051040711,11
all,handcrafted,logistic,10,macro_f1,0.9269108918004562,0.8897272624771818,0.9616496605751093,11
all,handcrafted,logistic,10,auroc,0.953275809564009,0.9173063386659612,0.9823904911515194,11
all,handcrafted,logistic,10,balanced_misclassification_regret,0.0016577692593546418,0.000497879257948826,0.003365599035686148,11
all,handcrafted,logistic,10,fit_predict_seconds,0.023271408821032805,0.020398001904554392,0.027151738311460408,11
all,handcrafted,logistic,10,training_cycle_count,40.90909090909091,39.63636363636363,42.18409090909088,11
all,handcrafted,logistic,10,training_image_count,4808.181818181818,4667.15,4954.561363636364,11
all,handcrafted,mlp,2,balanced_accuracy,0.9189070742334203,0.8979866993992197,0.9424461630190796,11
all,handcrafted,mlp,2,macro_f1,0.9055107732329746,0.8774336639691972,0.9338477140050376,11
all,handcrafted,mlp,2,auroc,0.9580380477731493,0.9394833781377565,0.9758083074537462,11
all,handcrafted,mlp,2,balanced_misclassification_regret,0.0022324120073100623,0.0017428728917269901,0.002773535226967833,11
all,handcrafted,mlp,2,fit_predict_seconds,0.10516456318278374,0.0963266658263544,0.11328048892484566,11
all,handcrafted,mlp,2,training_cycle_count,8.424242424242424,7.666666666666666,9.272727272727273,11
all,handcrafted,mlp,2,training_image_count,979.6969696969696,893.6621212121211,1073.7409090909089,11
all,handcrafted,mlp,4,balanced_accuracy,0.9312744649399545,0.9089517761776077,0.9549168133353739,11
all,handcrafted,mlp,4,macro_f1,0.9201028478939506,0.8932088747260117,0.9479805088774572,11
all,handcrafted,mlp,4,auroc,0.9631377411493968,0.9452140340057497,0.9808022455512633,11
all,handcrafted,mlp,4,balanced_misclassification_regret,0.0017054030348008032,0.00099636886161477,0.002543233929130458,11
all,handcrafted,mlp,4,fit_predict_seconds,0.16093764272977062,0.14859031513745624,0.17381634571566157,11
all,handcrafted,mlp,4,training_cycle_count,14.454545454545457,13.272727272727273,15.81818181818182,11
all,handcrafted,mlp,4,training_image_count,1707.848484848485,1580.7477272727274,1851.6681818181821,11
all,handcrafted,mlp,6,balanced_accuracy,0.9407377052345662,0.9185381623566952,0.9633162496173859,11
all,handcrafted,mlp,6,macro_f1,0.9305456255851698,0.9033530958176602,0.9577572060616425,11
all,handcrafted,mlp,6,auroc,0.964664161030614,0.9462340668802763,0.9830957556653845,11
all,handcrafted,mlp,6,balanced_misclassification_regret,0.001335650258392403,0.0006623908122449268,0.0021386035311440313,11
all,handcrafted,mlp,6,fit_predict_seconds,0.24190968557641923,0.22862424367439496,0.25591635499930077,11
all,handcrafted,mlp,6,training_cycle_count,23.727272727272727,22.484090909090906,24.90909090909091,11
all,handcrafted,mlp,6,training_image_count,2785.060606060606,2653.108333333333,2906.062121212121,11
all,handcrafted,mlp,8,balanced_accuracy,0.9411069371630915,0.9188761493156036,0.9641156136600422,11
all,handcrafted,mlp,8,macro_f1,0.9311850615030896,0.9039742100215573,0.9587020438455082,11
all,handcrafted,mlp,8,auroc,0.9641913238369497,0.9459501901094941,0.9827644135070307,11
all,handcrafted,mlp,8,balanced_misclassification_regret,0.0013127980051601243,0.0006343137000155522,0.0021210529960844667,11
all,handcrafted,mlp,8,fit_predict_seconds,0.278635375028843,0.26358498473694486,0.29270640051258706,11
all,handcrafted,mlp,8,training_cycle_count,31.90909090909091,30.60606060606061,33.36363636363637,11
all,handcrafted,mlp,8,training_image_count,3744.3939393939395,3590.8750000000005,3917.3681818181817,11
all,handcrafted,mlp,10,balanced_accuracy,0.9383220599390012,0.9131086508724819,0.9620037595257172,11
all,handcrafted,mlp,10,macro_f1,0.9280304955195846,0.9001710168977413,0.9558885026564359,11
all,handcrafted,mlp,10,auroc,0.9642164185322728,0.9451816763733274,0.9834106074268126,11
all,handcrafted,mlp,10,balanced_misclassification_regret,0.0015647134140678717,0.0007256461388531842,0.0026976709968761776,11
all,handcrafted,mlp,10,fit_predict_seconds,0.2682347196334211,0.2467797765762291,0.2957003365309819,11
all,handcrafted,mlp,10,training_cycle_count,40.90909090909091,39.63636363636363,42.18409090909088,11
all,handcrafted,mlp,10,training_image_count,4808.181818181818,4667.15,4954.561363636364,11
all,handcrafted,random_forest,2,balanced_accuracy,0.8957300056990687,0.8548938686255892,0.930427062608407,11
all,handcrafted,random_forest,2,macro_f1,0.8883708469766046,0.8421699751251567,0.9267575674960267,11
all,handcrafted,random_forest,2,auroc,0.9700062447257192,0.9519071830820663,0.9869040666127763,11
all,handcrafted,random_forest,2,balanced_misclassification_regret,0.003007118395198004,0.0015779925160872767,0.005075842979254343,11
all,handcrafted,random_forest,2,fit_predict_seconds,0.1716489495743052,0.1568177199505127,0.18649792393389913,11
all,handcrafted,random_forest,2,training_cycle_count,8.424242424242424,7.666666666666666,9.272727272727273,11
all,handcrafted,random_forest,2,training_image_count,979.6969696969696,893.6621212121211,1073.7409090909089,11
all,handcrafted,random_forest,4,balanced_accuracy,0.9209282642920816,0.8990116822971861,0.9442765736106691,11
all,handcrafted,random_forest,4,macro_f1,0.9153331095241846,0.8901139536069071,0.9415378459387665,11
all,handcrafted,random_forest,4,auroc,0.9671381820061484,0.9500835929589566,0.9833128890523906,11
all,handcrafted,random_forest,4,balanced_misclassification_regret,0.0020771108550507768,0.001282815427610036,0.002920035761674038,11
all,handcrafted,random_forest,4,fit_predict_seconds,0.2129723965137435,0.2052317649279289,0.2212345079354374,11
all,handcrafted,random_forest,4,training_cycle_count,14.454545454545457,13.272727272727273,15.81818181818182,11
all,handcrafted,random_forest,4,training_image_count,1707.848484848485,1580.7477272727274,1851.6681818181821,11
all,handcrafted,random_forest,6,balanced_accuracy,0.9284496601899718,0.908577153862867,0.9490969671462096,11
all,handcrafted,random_forest,6,macro_f1,0.9226611176466009,0.8989029278757604,0.946199654291653,11
all,handcrafted,random_forest,6,auroc,0.9692347422629276,0.9532322799719425,0.9842564162429865,11
all,handcrafted,random_forest,6,balanced_misclassification_regret,0.0018342970919596664,0.0011659976035573228,0.0024724636652679677,11
all,handcrafted,random_forest,6,fit_predict_seconds,0.2292242199111956,0.21119293613283482,0.24586063890497875,11
all,handcrafted,random_forest,6,training_cycle_count,23.727272727272727,22.484090909090906,24.90909090909091,11
all,handcrafted,random_forest,6,training_image_count,2785.060606060606,2653.108333333333,2906.062121212121,11
all,handcrafted,random_forest,8,balanced_accuracy,0.9409053247270077,0.9197309525480875,0.961575367435218,11
all,handcrafted,random_forest,8,macro_f1,0.9333139905852371,0.9084091163523352,0.9574585562366116,11
all,handcrafted,random_forest,8,auroc,0.9695083119539917,0.9533114568738835,0.9845037989884777,11
all,handcrafted,random_forest,8,balanced_misclassification_regret,0.0014483224658183606,0.0007646292759732347,0.0021553981828030437,11
all,handcrafted,random_forest,8,fit_predict_seconds,0.2560989559084798,0.23130073778904092,0.2826130240162125,11
all,handcrafted,random_forest,8,training_cycle_count,31.90909090909091,30.60606060606061,33.36363636363637,11
all,handcrafted,random_forest,8,training_image_count,3744.3939393939395,3590.8750000000005,3917.3681818181817,11
all,handcrafted,random_forest,10,balanced_accuracy,0.9472035747429627,0.9259623150343224,0.9675850815249865,11
all,handcrafted,random_forest,10,macro_f1,0.9377101041434174,0.9125122664102079,0.9621294778067633,11
all,handcrafted,random_forest,10,auroc,0.9685755639850331,0.953458538373685,0.9835492354632694,11
all,handcrafted,random_forest,10,balanced_misclassification_regret,0.001154308838836395,0.0005551287890409566,0.0018453547858533921,11
all,handcrafted,random_forest,10,fit_predict_seconds,0.28090643554671924,0.24804697465766698,0.31294210560293073,11
all,handcrafted,random_forest,10,training_cycle_count,40.90909090909091,39.63636363636363,42.18409090909088,11
all,handcrafted,random_forest,10,training_image_count,4808.181818181818,4667.15,4954.561363636364,11
all,handcrafted,rbf_svm,2,balanced_accuracy,0.9432948348936671,0.9199216836548816,0.9650217994337313,11
all,handcrafted,rbf_svm,2,macro_f1,0.9340358009671328,0.9060732276277225,0.9606863990817505,11
all,handcrafted,rbf_svm,2,auroc,0.9706958787718297,0.9515542612809729,0.9884010352841206,11
all,handcrafted,rbf_svm,2,balanced_misclassification_regret,0.0011457328155282545,0.0006364647271412415,0.0017093360941849256,11
all,handcrafted,rbf_svm,2,fit_predict_seconds,0.028544979787318778,0.02287470032220661,0.0342380600146443,11
all,handcrafted,rbf_svm,2,training_cycle_count,8.424242424242424,7.666666666666666,9.272727272727273,11
all,handcrafted,rbf_svm,2,training_image_count,979.6969696969696,893.6621212121211,1073.7409090909089,11
all,handcrafted,rbf_svm,4,balanced_accuracy,0.9480724457033616,0.9256840578521035,0.9692213023543516,11
all,handcrafted,rbf_svm,4,macro_f1,0.9370622954968509,0.9081063162408717,0.9644367439613095,11
all,handcrafted,rbf_svm,4,auroc,0.9689139148822147,0.9509252092003099,0.9859863466135825,11
all,handcrafted,rbf_svm,4,balanced_misclassification_regret,0.0010036254570165444,0.0005064675916552346,0.001564304573958675,11
all,handcrafted,rbf_svm,4,fit_predict_seconds,0.04523590660678703,0.03710894238692796,0.0542560184649615,11
all,handcrafted,rbf_svm,4,training_cycle_count,14.454545454545457,13.272727272727273,15.81818181818182,11
all,handcrafted,rbf_svm,4,training_image_count,1707.848484848485,1580.7477272727274,1851.6681818181821,11
all,handcrafted,rbf_svm,6,balanced_accuracy,0.9486344904536531,0.9275555304798558,0.9689453360164076,11
all,handcrafted,rbf_svm,6,macro_f1,0.9377758885965758,0.9100507098885733,0.9643764665484753,11
all,handcrafted,rbf_svm,6,auroc,0.9665369838324508,0.947631220872682,0.9847873516925071,11
all,handcrafted,rbf_svm,6,balanced_misclassification_regret,0.0010035619357623487,0.0005259648765876505,0.001537443952477307,11
all,handcrafted,rbf_svm,6,fit_predict_seconds,0.08069867420955702,0.06880781738752072,0.09406268224598589,11
all,handcrafted,rbf_svm,6,training_cycle_count,23.727272727272727,22.484090909090906,24.90909090909091,11
all,handcrafted,rbf_svm,6,training_image_count,2785.060606060606,2653.108333333333,2906.062121212121,11
all,handcrafted,rbf_svm,8,balanced_accuracy,0.9494904081764972,0.9280685252117232,0.9706289380217628,11
all,handcrafted,rbf_svm,8,macro_f1,0.9379737087668548,0.9098480770157178,0.96505189005264,11
all,handcrafted,rbf_svm,8,auroc,0.9635498214149397,0.9426118537755831,0.9839943664503522,11
all,handcrafted,rbf_svm,8,balanced_misclassification_regret,0.001020414039849062,0.0004936984870784981,0.0015897580025384076,11
all,handcrafted,rbf_svm,8,fit_predict_seconds,0.1233496590910804,0.10574583724817124,0.14164991675925467,11
all,handcrafted,rbf_svm,8,training_cycle_count,31.90909090909091,30.60606060606061,33.36363636363637,11
all,handcrafted,rbf_svm,8,training_image_count,3744.3939393939395,3590.8750000000005,3917.3681818181817,11
all,handcrafted,rbf_svm,10,balanced_accuracy,0.9506936060471916,0.9301756871923083,0.9707807239057239,11
all,handcrafted,rbf_svm,10,macro_f1,0.9389933766493218,0.9122559193575505,0.9649979129883897,11
all,handcrafted,rbf_svm,10,auroc,0.962582219946016,0.9411739465107677,0.9836962593940085,11
all,handcrafted,rbf_svm,10,balanced_misclassification_regret,0.0009692781143382724,0.0004682929019903351,0.0015255560643191953,11
all,handcrafted,rbf_svm,10,fit_predict_seconds,0.19063608709257096,0.1700183662854463,0.2129979949209056,11
all,handcrafted,rbf_svm,10,training_cycle_count,40.90909090909091,39.63636363636363,42.18409090909088,11
all,handcrafted,rbf_svm,10,training_image_count,4808.181818181818,4667.15,4954.561363636364,11
extreme,handcrafted,hist_gradient_boosting,2,balanced_accuracy,0.8297387566137566,0.7413105985449735,0.9000733300264548,10
extreme,handcrafted,hist_gradient_boosting,2,macro_f1,0.8040580085962024,0.6896176671501691,0.8911873893180846,10
extreme,handcrafted,hist_gradient_boosting,2,auroc,0.9166143996178718,0.8766446621472662,0.9565459541262493,10
extreme,handcrafted,hist_gradient_boosting,2,balanced_misclassification_regret,0.005754930677461316,0.0021342241611433483,0.011004666961246133,10
extreme,handcrafted,hist_gradient_boosting,2,fit_predict_seconds,0.2959344736649655,0.1961409505813208,0.41005667410167596,10
extreme,handcrafted,hist_gradient_boosting,2,training_cycle_count,8.466666666666667,7.666666666666667,9.333333333333332,10
extreme,handcrafted,hist_gradient_boosting,2,training_image_count,161.6,146.8,177.6,10
extreme,handcrafted,hist_gradient_boosting,4,balanced_accuracy,0.8759854497354496,0.8335311673280421,0.9156565806878305,10
extreme,handcrafted,hist_gradient_boosting,4,macro_f1,0.8659899153743288,0.8149273522604101,0.9112343509096483,10
extreme,handcrafted,hist_gradient_boosting,4,auroc,0.951051541372722,0.9214662445803938,0.9756842252718989,10
extreme,handcrafted,hist_gradient_boosting,4,balanced_misclassification_regret,0.003367575594715279,0.0015465265778463254,0.005771280484609304,10
extreme,handcrafted,hist_gradient_boosting,4,fit_predict_seconds,0.9849068722328715,0.837375814624805,1.1235538862434136,10
extreme,handcrafted,hist_gradient_boosting,4,training_cycle_count,13.7,12.466666666666667,15.233333333333334,10
extreme,handcrafted,hist_gradient_boosting,4,training_image_count,266.8,244.0,294.4,10
extreme,handcrafted,hist_gradient_boosting,6,balanced_accuracy,0.879996693121693,0.8139565972222221,0.9347399966931217,10
extreme,handcrafted,hist_gradient_boosting,6,macro_f1,0.8692026081805795,0.7926312040211552,0.9310995377164035,10
extreme,handcrafted,hist_gradient_boosting,6,auroc,0.9583721432245735,0.9415979972718255,0.9759398136665933,10
extreme,handcrafted,hist_gradient_boosting,6,balanced_misclassification_regret,0.003652505252296886,0.0011609822358968906,0.006819197023893767,10
extreme,handcrafted,hist_gradient_boosting,6,fit_predict_seconds,1.990650768035751,1.7377043856320962,2.3427031129261255,10
extreme,handcrafted,hist_gradient_boosting,6,training_cycle_count,22.8,21.6,23.866666666666664,10
extreme,handcrafted,hist_gradient_boosting,6,training_image_count,441.6,420.39,460.4,10
extreme,handcrafted,hist_gradient_boosting,8,balanced_accuracy,0.8791633597883598,0.8067534722222223,0.9404564318783069,10
extreme,handcrafted,hist_gradient_boosting,8,macro_f1,0.864789300186445,0.7791168094648313,0.9344608520545703,10
extreme,handcrafted,hist_gradient_boosting,8,auroc,0.969838697824809,0.9548144381981187,0.9851868501065549,10
extreme,handcrafted,hist_gradient_boosting,8,balanced_misclassification_regret,0.004190237798260977,0.0010702434524412366,0.00847518984096927,10
extreme,handcrafted,hist_gradient_boosting,8,fit_predict_seconds,2.687219372265584,2.309578509215498,3.0760029650254483,10
extreme,handcrafted,hist_gradient_boosting,8,training_cycle_count,30.96666666666666,29.46666666666667,32.60000000000001,10
extreme,handcrafted,hist_gradient_boosting,8,training_image_count,598.8,569.6,631.2,10
extreme,handcrafted,hist_gradient_boosting,10,balanced_accuracy,0.8808333333333334,0.8100694444444445,0.9412569444444443,10
extreme,handcrafted,hist_gradient_boosting,10,macro_f1,0.8703680920054868,0.7935407149476948,0.9340044528372703,10
extreme,handcrafted,hist_gradient_boosting,10,auroc,0.9716087962962963,0.9543747106481482,0.988912181712963,10
extreme,handcrafted,hist_gradient_boosting,10,balanced_misclassification_regret,0.00412127769539222,0.0010761198104088582,0.008067687614939131,10
extreme,handcrafted,hist_gradient_boosting,10,fit_predict_seconds,3.061126679202425,2.692196135418053,3.4826504628236576,10
extreme,handcrafted,hist_gradient_boosting,10,training_cycle_count,39.6,38.4,41.0,10
extreme,handcrafted,hist_gradient_boosting,10,training_image_count,766.8,744.0,792.0,10
extreme,handcrafted,logistic,2,balanced_accuracy,0.8441402116402117,0.7751796461640212,0.9035844080687829,10
extreme,handcrafted,logistic,2,macro_f1,0.8272033017774454,0.7445256556880923,0.8960193758536827,10
extreme,handcrafted,logistic,2,auroc,0.9609600970017637,0.9425730957892418,0.9789852292768959,10
extreme,handcrafted,logistic,2,balanced_misclassification_regret,0.005679583042134392,0.0017970815987907738,0.010913620235465969,10
extreme,handcrafted,logistic,2,fit_predict_seconds,0.01188729993494538,0.01127780858039235,0.012485542558473147,10
extreme,handcrafted,logistic,2,training_cycle_count,8.466666666666667,7.666666666666667,9.333333333333332,10
extreme,handcrafted,logistic,2,training_image_count,161.6,146.8,177.6,10
extreme,handcrafted,logistic,4,balanced_accuracy,0.859596560846561,0.7838645006613756,0.9208517691798942,10
extreme,handcrafted,logistic,4,macro_f1,0.8403660881572061,0.7441289468183817,0.9134659769343866,10
extreme,handcrafted,logistic,4,auroc,0.9650725676072899,0.9449549231150793,0.9843909028696354,10
extreme,handcrafted,logistic,4,balanced_misclassification_regret,0.00466160404720216,0.0013647785639565454,0.00945656960173595,10
extreme,handcrafted,logistic,4,fit_predict_seconds,0.011791486166960869,0.010863047721868496,0.012991823864455606,10
extreme,handcrafted,logistic,4,training_cycle_count,13.7,12.466666666666667,15.233333333333334,10
extreme,handcrafted,logistic,4,training_image_count,266.8,244.0,294.4,10
extreme,handcrafted,logistic,6,balanced_accuracy,0.8516997354497354,0.7352302414021165,0.9430338128306878,10
extreme,handcrafted,logistic,6,macro_f1,0.8235881375061538,0.6748418023069194,0.9346150489720829,10
extreme,handcrafted,logistic,6,auroc,0.958767361111111,0.9351646894290123,0.9791666666666667,10
extreme,handcrafted,logistic,6,balanced_misclassification_regret,0.0061485001252256834,0.001000443372591198,0.013851774578081228,10
extreme,handcrafted,logistic,6,fit_predict_seconds,0.013299709864077159,0.0128128140821597,0.013828402891328247,10
extreme,handcrafted,logistic,6,training_cycle_count,22.8,21.6,23.866666666666664,10
extreme,handcrafted,logistic,6,training_image_count,441.6,420.39,460.4,10
extreme,handcrafted,logistic,8,balanced_accuracy,0.8663657407407408,0.7567563657407407,0.9494687500000001,10
extreme,handcrafted,logistic,8,macro_f1,0.8366507593404361,0.6937649899338442,0.939515856003234,10
extreme,handcrafted,logistic,8,auroc,0.9609187610229277,0.932785466269841,0.9847993827160492,10
extreme,handcrafted,logistic,8,balanced_misclassification_regret,0.0055275276138518495,0.00081705896252095,0.012857559303463505,10
extreme,handcrafted,logistic,8,fit_predict_seconds,0.013901424895933209,0.013295726082481753,0.014962237381162896,10
extreme,handcrafted,logistic,8,training_cycle_count,30.96666666666666,29.46666666666667,32.60000000000001,10
extreme,handcrafted,logistic,8,training_image_count,598.8,569.6,631.2,10
extreme,handcrafted,logistic,10,balanced_accuracy,0.8672519841269841,0.7522063492063492,0.9538509424603175,10
extreme,handcrafted,logistic,10,macro_f1,0.8355924151021477,0.6893365635703407,0.9440378618428543,10
extreme,handcrafted,logistic,10,auroc,0.9699123677248677,0.954356605489418,0.9863186177248677,10
extreme,handcrafted,logistic,10,balanced_misclassification_regret,0.005795430088992603,0.0007580490857345926,0.01321411173433298,10
extreme,handcrafted,logistic,10,fit_predict_seconds,0.014278875000309199,0.01398211854204419,0.01459789479173196,10
extreme,handcrafted,logistic,10,training_cycle_count,39.6,38.4,41.0,10
extreme,handcrafted,logistic,10,training_image_count,766.8,744.0,792.0,10
extreme,handcrafted,mlp,2,balanced_accuracy,0.7380390211640212,0.6340087632275132,0.8363194444444444,10
extreme,handcrafted,mlp,2,macro_f1,0.6713774035784583,0.5259570660529098,0.8038184376030075,10
extreme,handcrafted,mlp,2,auroc,0.8155064116696062,0.7115171039094651,0.9054653994892706,10
extreme,handcrafted,mlp,2,balanced_misclassification_regret,0.01567084416178442,0.005838014945644542,0.02731370914063042,10
extreme,handcrafted,mlp,2,fit_predict_seconds,0.05107417793575829,0.04530062792808167,0.05706355719698573,10
extreme,handcrafted,mlp,2,training_cycle_count,8.466666666666667,7.666666666666667,9.333333333333332,10
extreme,handcrafted,mlp,2,training_image_count,161.6,146.8,177.6,10
extreme,handcrafted,mlp,4,balanced_accuracy,0.8279431216931217,0.7396230158730158,0.8934540343915344,10
extreme,handcrafted,mlp,4,macro_f1,0.7888812732261387,0.6701787867846704,0.8732900089252202,10
extreme,handcrafted,mlp,4,auroc,0.9463328556731334,0.9090667828666962,0.9782248103137859,10
extreme,handcrafted,mlp,4,balanced_misclassification_regret,0.008635963540225498,0.0029689249968384455,0.016819518988731397,10
extreme,handcrafted,mlp,4,fit_predict_seconds,0.05339151533456364,0.05031747761970715,0.05676682010387594,10
extreme,handcrafted,mlp,4,training_cycle_count,13.7,12.466666666666667,15.233333333333334,10
extreme,handcrafted,mlp,4,training_image_count,266.8,244.0,294.4,10
extreme,handcrafted,mlp,6,balanced_accuracy,0.8650661375661375,0.7671854332010583,0.9359696593915344,10
extreme,handcrafted,mlp,6,macro_f1,0.8298236342640128,0.6997698016907584,0.919719490732678,10
extreme,handcrafted,mlp,6,auroc,0.9604744451793064,0.9264059055335097,0.9852572337962963,10
extreme,handcrafted,mlp,6,balanced_misclassification_regret,0.007015970102314357,0.0012240066869311313,0.015655872371924433,10
extreme,handcrafted,mlp,6,fit_predict_seconds,0.06534274726291188,0.06085280207890415,0.06954317432823397,10
extreme,handcrafted,mlp,6,training_cycle_count,22.8,21.6,23.866666666666664,10
extreme,handcrafted,mlp,6,training_image_count,441.6,420.39,460.4,10
extreme,handcrafted,mlp,8,balanced_accuracy,0.8515939153439154,0.750364417989418,0.931668402777778,10
extreme,handcrafted,mlp,8,macro_f1,0.8158575217864674,0.6861882791580722,0.9141736264944041,10
extreme,handcrafted,mlp,8,auroc,0.9777612433862434,0.9624187059082893,0.9925347222222222,10
extreme,handcrafted,mlp,8,balanced_misclassification_regret,0.007386005072084321,0.0013015810444082217,0.015714165708463804,10
extreme,handcrafted,mlp,8,fit_predict_seconds,0.07023077360063326,0.06338740064119824,0.0775677152925588,10
extreme,handcrafted,mlp,8,training_cycle_count,30.96666666666666,29.46666666666667,32.60000000000001,10
extreme,handcrafted,mlp,8,training_image_count,598.8,569.6,631.2,10
extreme,handcrafted,mlp,10,balanced_accuracy,0.8837301587301587,0.7871527777777778,0.9486123511904764,10
extreme,handcrafted,mlp,10,macro_f1,0.852801552035603,0.7248465901896316,0.9358559009477365,10
extreme,handcrafted,mlp,10,auroc,0.977458664021164,0.9617683531746032,0.9927604166666667,10
extreme,handcrafted,mlp,10,balanced_misclassification_regret,0.005257915755736938,0.0009000178967951461,0.013201536568970594,10
extreme,handcrafted,mlp,10,fit_predict_seconds,0.06912564570084215,0.06234181955755048,0.07699631490067986,10
extreme,handcrafted,mlp,10,training_cycle_count,39.6,38.4,41.0,10
extreme,handcrafted,mlp,10,training_image_count,766.8,744.0,792.0,10
extreme,handcrafted,random_forest,2,balanced_accuracy,0.824725529100529,0.7259323743386243,0.9055153769841271,10
extreme,handcrafted,random_forest,2,macro_f1,0.7952376807488326,0.6589574530799843,0.9019110726461499,10
extreme,handcrafted,random_forest,2,auroc,0.9738502627131099,0.9590951381999558,0.9879918981481481,10
extreme,handcrafted,random_forest,2,balanced_misclassification_regret,0.005997683638762,0.0018181075779948725,0.011623619427598271,10
extreme,handcrafted,random_forest,2,fit_predict_seconds,0.17421868880143543,0.1718235924794135,0.17642043628084744,10
extreme,handcrafted,random_forest,2,training_cycle_count,8.466666666666667,7.666666666666667,9.333333333333332,10
extreme,handcrafted,random_forest,2,training_image_count,161.6,146.8,177.6,10
extreme,handcrafted,random_forest,4,balanced_accuracy,0.8648445767195767,0.7874301421957671,0.9257414847883597,10
extreme,handcrafted,random_forest,4,macro_f1,0.8474231269168062,0.7525074039906076,0.9212839344345979,10
extreme,handcrafted,random_forest,4,auroc,0.9640237819664904,0.9444393566743825,0.9817350604883158,10
extreme,handcrafted,random_forest,4,balanced_misclassification_regret,0.004237894869276003,0.001258839066516511,0.008154753367536882,10
extreme,handcrafted,random_forest,4,fit_predict_seconds,0.18273652493468642,0.1778599524305173,0.1876437776341966,10
extreme,handcrafted,random_forest,4,training_cycle_count,13.7,12.466666666666667,15.233333333333334,10
extreme,handcrafted,random_forest,4,training_image_count,266.8,244.0,294.4,10
extreme,handcrafted,random_forest,6,balanced_accuracy,0.881987433862434,0.8033068783068783,0.9437439649470901,10
extreme,handcrafted,random_forest,6,macro_f1,0.8659481767802305,0.7739817499554756,0.9379605431396094,10
extreme,handcrafted,random_forest,6,auroc,0.9735929232804231,0.9606394400352734,0.9865369405864197,10
extreme,handcrafted,random_forest,6,balanced_misclassification_regret,0.0037832082932439904,0.000993588133484964,0.007435303016914417,10
extreme,handcrafted,random_forest,6,fit_predict_seconds,0.19088959576523243,0.18391295999067855,0.19883101263425487,10
extreme,handcrafted,random_forest,6,training_cycle_count,22.8,21.6,23.866666666666664,10
extreme,handcrafted,random_forest,6,training_image_count,441.6,420.39,460.4,10
extreme,handcrafted,random_forest,8,balanced_accuracy,0.8690112433862434,0.7601569113756615,0.9508570601851853,10
extreme,handcrafted,random_forest,8,macro_f1,0.8426509292356468,0.6978196304406651,0.9447122414144309,10
extreme,handcrafted,random_forest,8,auroc,0.9725685717960024,0.9601574315200617,0.9851279693011463,10
extreme,handcrafted,random_forest,8,balanced_misclassification_regret,0.005338216914109317,0.0007715125088093921,0.012576505343725515,10
extreme,handcrafted,random_forest,8,fit_predict_seconds,0.20717487789709899,0.19940933238559713,0.2166300942108743,10
extreme,handcrafted,random_forest,8,training_cycle_count,30.96666666666666,29.46666666666667,32.60000000000001,10
extreme,handcrafted,random_forest,8,training_image_count,598.8,569.6,631.2,10
extreme,handcrafted,random_forest,10,balanced_accuracy,0.9072222222222223,0.8395833333333333,0.9586111111111111,10
extreme,handcrafted,random_forest,10,macro_f1,0.8966194683375572,0.8229693891948157,0.9522128617277319,10
extreme,handcrafted,random_forest,10,auroc,0.9577150848765432,0.9337287567515433,0.9779517264660493,10
extreme,handcrafted,random_forest,10,balanced_misclassification_regret,0.0025975512128257566,0.0006674675488969826,0.005605035682806096,10
extreme,handcrafted,random_forest,10,fit_predict_seconds,0.20069958749518263,0.19376218303164933,0.2083170363136014,10
extreme,handcrafted,random_forest,10,training_cycle_count,39.6,38.4,41.0,10
extreme,handcrafted,random_forest,10,training_image_count,766.8,744.0,792.0,10
extreme,handcrafted,rbf_svm,2,balanced_accuracy,0.7813921957671959,0.6731890707671957,0.8724306382275132,10
extreme,handcrafted,rbf_svm,2,macro_f1,0.7468954508373755,0.5917526397996474,0.867128078374156,10
extreme,handcrafted,rbf_svm,2,auroc,0.8743100565843621,0.7572893036265432,0.9622082851080246,10
extreme,handcrafted,rbf_svm,2,balanced_misclassification_regret,0.007875059528809746,0.002743476902051665,0.014821977169827137,10
extreme,handcrafted,rbf_svm,2,fit_predict_seconds,0.005830006931015911,0.005562323665071745,0.006145936814840145,10
extreme,handcrafted,rbf_svm,2,training_cycle_count,8.466666666666667,7.666666666666667,9.333333333333332,10
extreme,handcrafted,rbf_svm,2,training_image_count,161.6,146.8,177.6,10
extreme,handcrafted,rbf_svm,4,balanced_accuracy,0.8255820105820106,0.6927567791005291,0.9279431216931215,10
extreme,handcrafted,rbf_svm,4,macro_f1,0.7965259204600361,0.6314744695050694,0.9186816279411251,10
extreme,handcrafted,rbf_svm,4,auroc,0.8810951278659612,0.7418578800154322,0.97205042300485,10
extreme,handcrafted,rbf_svm,4,balanced_misclassification_regret,0.007495467732040873,0.0012157562393592266,0.016366797547199673,10
extreme,handcrafted,rbf_svm,4,fit_predict_seconds,0.006441619436373003,0.006216243421998419,0.006695957256864251,10
extreme,handcrafted,rbf_svm,4,training_cycle_count,13.7,12.466666666666667,15.233333333333334,10
extreme,handcrafted,rbf_svm,4,training_image_count,266.8,244.0,294.4,10
extreme,handcrafted,rbf_svm,6,balanced_accuracy,0.8414880952380953,0.6989872685185186,0.9508812830687828,10
extreme,handcrafted,rbf_svm,6,macro_f1,0.8089265588587564,0.6318679292193421,0.940541508759637,10
extreme,handcrafted,rbf_svm,6,auroc,0.8538932980599647,0.6930417286706347,0.9734440104166666,10
extreme,handcrafted,rbf_svm,6,balanced_misclassification_regret,0.007274532863130123,0.0008191507546641355,0.016486997478971564,10
extreme,handcrafted,rbf_svm,6,fit_predict_seconds,0.007905005531695982,0.00741095483584407,0.0085903227183735,10
extreme,handcrafted,rbf_svm,6,training_cycle_count,22.8,21.6,23.866666666666664,10
extreme,handcrafted,rbf_svm,6,training_image_count,441.6,420.39,460.4,10
extreme,handcrafted,rbf_svm,8,balanced_accuracy,0.8378075396825396,0.6890911871693121,0.9525136408730159,10
extreme,handcrafted,rbf_svm,8,macro_f1,0.8086601758969578,0.6300433724126883,0.9403629391661489,10
extreme,handcrafted,rbf_svm,8,auroc,0.8312614822163432,0.6349119543650794,0.9739908050411521,10
extreme,handcrafted,rbf_svm,8,balanced_misclassification_regret,0.007853401586695643,0.0007897016382138983,0.017582430576776904,10
extreme,handcrafted,rbf_svm,8,fit_predict_seconds,0.009140158263229144,0.008658499251275013,0.009666721122412125,10
extreme,handcrafted,rbf_svm,8,training_cycle_count,30.96666666666666,29.46666666666667,32.60000000000001,10
extreme,handcrafted,rbf_svm,8,training_image_count,598.8,569.6,631.2,10
extreme,handcrafted,rbf_svm,10,balanced_accuracy,0.8337698412698412,0.6779747023809524,0.9530753968253969,10
extreme,handcrafted,rbf_svm,10,macro_f1,0.8053792050210923,0.6228079208876018,0.941233214696385,10
extreme,handcrafted,rbf_svm,10,auroc,0.8135276124338626,0.5802562003968255,0.9747833994708994,10
extreme,handcrafted,rbf_svm,10,balanced_misclassification_regret,0.008034403340875585,0.0007634140847681117,0.01795507629971309,10
extreme,handcrafted,rbf_svm,10,fit_predict_seconds,0.01089417080511339,0.009580627088362235,0.013172524668407275,10
extreme,handcrafted,rbf_svm,10,training_cycle_count,39.6,38.4,41.0,10
extreme,handcrafted,rbf_svm,10,training_image_count,766.8,744.0,792.0,10
front,handcrafted,hist_gradient_boosting,2,balanced_accuracy,0.9061485549517464,0.8638270512239927,0.9472703222703222,11
front,handcrafted,hist_gradient_boosting,2,macro_f1,0.9005291747107974,0.8537720668904026,0.9451239420306837,11
front,handcrafted,hist_gradient_boosting,2,auroc,0.9512568394032637,0.9246048522282732,0.9768136736379756,11
front,handcrafted,hist_gradient_boosting,2,balanced_misclassification_regret,0.002151232206071708,0.0011515020055798994,0.0032779607295684394,11
front,handcrafted,hist_gradient_boosting,2,fit_predict_seconds,0.8019744241813015,0.6096036026415249,1.0020353899646686,11
front,handcrafted,hist_gradient_boosting,2,training_cycle_count,8.424242424242424,7.666666666666666,9.272727272727273,11
front,handcrafted,hist_gradient_boosting,2,training_image_count,164.12121212121212,149.9083333333333,179.78787878787878,11
front,handcrafted,hist_gradient_boosting,4,balanced_accuracy,0.9085793983400365,0.8774465030881253,0.9409663056604545,11
front,handcrafted,hist_gradient_boosting,4,macro_f1,0.9065482312821836,0.8740023220220198,0.9400929040551165,11
front,handcrafted,hist_gradient_boosting,4,auroc,0.9627351362465132,0.9425762419165198,0.9822791249771154,11
front,handcrafted,hist_gradient_boosting,4,balanced_misclassification_regret,0.0019822200741655147,0.0011522399328682703,0.0028772078461093624,11
front,handcrafted,hist_gradient_boosting,4,fit_predict_seconds,1.9071461970302293,1.6071521473155097,2.222844973673548,11
front,handcrafted,hist_gradient_boosting,4,training_cycle_count,14.454545454545457,13.272727272727273,15.81818181818182,11
front,handcrafted,hist_gradient_boosting,4,training_image_count,286.87878787878793,266.1515151515151,310.36590909090904,11
front,handcrafted,hist_gradient_boosting,6,balanced_accuracy,0.9206604418040587,0.8845799944736114,0.9553929220651295,11
front,handcrafted,hist_gradient_boosting,6,macro_f1,0.9189067223458366,0.8828842823859112,0.9544130124563812,11
front,handcrafted,hist_gradient_boosting,6,auroc,0.9673627359446656,0.9484377755731921,0.9856524172228591,11
front,handcrafted,hist_gradient_boosting,6,balanced_misclassification_regret,0.0018064400365530935,0.00097625901872025,0.0028552252554661143,11
front,handcrafted,hist_gradient_boosting,6,fit_predict_seconds,3.270991300574899,2.675157772272602,3.8295488681595917,11
front,handcrafted,hist_gradient_boosting,6,training_cycle_count,23.727272727272727,22.484090909090906,24.90909090909091,11
front,handcrafted,hist_gradient_boosting,6,training_image_count,467.060606060606,445.2121212121212,487.0310606060606,11
front,handcrafted,hist_gradient_boosting,8,balanced_accuracy,0.947162289050587,0.9160438462000963,0.9777509133892113,11
front,handcrafted,hist_gradient_boosting,8,macro_f1,0.9421552110257019,0.9072319149106411,0.9758020556060037,11
front,handcrafted,hist_gradient_boosting,8,auroc,0.9702177195232751,0.9489736401715568,0.9903315563037787,11
front,handcrafted,hist_gradient_boosting,8,balanced_misclassification_regret,0.0009526030261791063,0.0004202247489153425,0.0015276840356687007,11
front,handcrafted,hist_gradient_boosting,8,fit_predict_seconds,3.99143350381443,3.34858567286651,4.6886585572335395,11
front,handcrafted,hist_gradient_boosting,8,training_cycle_count,31.90909090909091,30.60606060606061,33.36363636363637,11
front,handcrafted,hist_gradient_boosting,8,training_image_count,627.969696969697,602.8462121212121,656.364393939394,11
front,handcrafted,hist_gradient_boosting,10,balanced_accuracy,0.9533306085167788,0.9252848872463234,0.9798430735930735,11
front,handcrafted,hist_gradient_boosting,10,macro_f1,0.9468175092193853,0.9153665885969308,0.9767381275889448,11
front,handcrafted,hist_gradient_boosting,10,auroc,0.9750288099246432,0.9563643691378066,0.9919926572270322,11
front,handcrafted,hist_gradient_boosting,10,balanced_misclassification_regret,0.0008863601644403054,0.0003617990969778114,0.0014616490525978091,11
front,handcrafted,hist_gradient_boosting,10,fit_predict_seconds,4.718078746267235,3.7562537480731075,5.656014077615491,11
front,handcrafted,hist_gradient_boosting,10,training_cycle_count,40.90909090909091,39.63636363636363,42.18409090909088,11
front,handcrafted,hist_gradient_boosting,10,training_image_count,806.3636363636364,783.3431818181818,830.3636363636364,11
front,handcrafted,logistic,2,balanced_accuracy,0.9114844621493556,0.8751599678394891,0.9469744206246866,11
front,handcrafted,logistic,2,macro_f1,0.9075854045647886,0.8721174087520966,0.9422905013261776,11
front,handcrafted,logistic,2,auroc,0.9544970364599503,0.9309312157852163,0.9771834302316904,11
front,handcrafted,logistic,2,balanced_misclassification_regret,0.002602094131961077,0.0014312163479845996,0.003847859741062299,11
front,handcrafted,logistic,2,fit_predict_seconds,0.0125789041225234,0.011215589996197995,0.01439917493145472,11
front,handcrafted,logistic,2,training_cycle_count,8.424242424242424,7.666666666666666,9.272727272727273,11
front,handcrafted,logistic,2,training_image_count,164.12121212121212,149.9083333333333,179.78787878787878,11
front,handcrafted,logistic,4,balanced_accuracy,0.9419077425726363,0.9059130741943241,0.9729415929814866,11
front,handcrafted,logistic,4,macro_f1,0.9361760287126244,0.90181548949068,0.9688278239015674,11
front,handcrafted,logistic,4,auroc,0.9615565606958928,0.9394492624446082,0.9817255220646178,11
front,handcrafted,logistic,4,balanced_misclassification_regret,0.0013077368341187139,0.0004385835983894788,0.002466131585762233,11
front,handcrafted,logistic,4,fit_predict_seconds,0.013328291607181063,0.0118605319021409,0.014898168266187315,11
front,handcrafted,logistic,4,training_cycle_count,14.454545454545457,13.272727272727273,15.81818181818182,11
front,handcrafted,logistic,4,training_image_count,286.87878787878793,266.1515151515151,310.36590909090904,11
front,handcrafted,logistic,6,balanced_accuracy,0.9451424708073645,0.91153451626191,0.973404255319149,11
front,handcrafted,logistic,6,macro_f1,0.938444589277781,0.9058896398797961,0.9684034132502407,11
front,handcrafted,logistic,6,auroc,0.958190539869027,0.9370732909913613,0.9787857946656706,11
front,handcrafted,logistic,6,balanced_misclassification_regret,0.0012231214242610427,0.00042037206056795687,0.0023500547806403105,11
front,handcrafted,logistic,6,fit_predict_seconds,0.0147821465154376,0.013090856864481326,0.016640566658073414,11
front,handcrafted,logistic,6,training_cycle_count,23.727272727272727,22.484090909090906,24.90909090909091,11
front,handcrafted,logistic,6,training_image_count,467.060606060606,445.2121212121212,487.0310606060606,11
front,handcrafted,logistic,8,balanced_accuracy,0.9598184223184223,0.9366699735449735,0.9812720959595959,11
front,handcrafted,logistic,8,macro_f1,0.9509970652380761,0.9231268373331529,0.9776138980926674,11
front,handcrafted,logistic,8,auroc,0.9682744274758164,0.9466156271711829,0.9885516040029928,11
front,handcrafted,logistic,8,balanced_misclassification_regret,0.0008032090623600379,0.00030245089527930165,0.0014085359772373458,11
front,handcrafted,logistic,8,fit_predict_seconds,0.01571167815056855,0.014254145702315412,0.017553011024354033,11
front,handcrafted,logistic,8,training_cycle_count,31.90909090909091,30.60606060606061,33.36363636363637,11
front,handcrafted,logistic,8,training_image_count,627.969696969697,602.8462121212121,656.364393939394,11
front,handcrafted,logistic,10,balanced_accuracy,0.9615620490620492,0.9407828282828283,0.9815128968253969,11
front,handcrafted,logistic,10,macro_f1,0.9516988914103798,0.9248040779098385,0.9777711532535299,11
front,handcrafted,logistic,10,auroc,0.9711692821067821,0.9491935726310726,0.9910037878787878,11
front,handcrafted,logistic,10,balanced_misclassification_regret,0.0006538082688817169,0.00023369824475180396,0.0011723298416762382,11
front,handcrafted,logistic,10,fit_predict_seconds,0.014705863826252013,0.01367154467079672,0.01580232051101947,11
front,handcrafted,logistic,10,training_cycle_count,40.90909090909091,39.63636363636363,42.18409090909088,11
front,handcrafted,logistic,10,training_image_count,806.3636363636364,783.3431818181818,830.3636363636364,11
front,handcrafted,mlp,2,balanced_accuracy,0.9074074074074073,0.8754208754208754,0.9381313131313131,11
front,handcrafted,mlp,2,macro_f1,0.8843459322510732,0.841176603181489,0.9252140250168407,11
front,handcrafted,mlp,2,auroc,0.9535181581945767,0.9320950056170024,0.9745941871592914,11
front,handcrafted,mlp,2,balanced_misclassification_regret,0.0032272714023773626,0.0013391890434747593,0.005662946754874863,11
front,handcrafted,mlp,2,fit_predict_seconds,0.055772666695922846,0.04903290411944688,0.06295624124058204,11
front,handcrafted,mlp,2,training_cycle_count,8.424242424242424,7.666666666666666,9.272727272727273,11
front,handcrafted,mlp,2,training_image_count,164.12121212121212,149.9083333333333,179.78787878787878,11
front,handcrafted,mlp,4,balanced_accuracy,0.9336429773929773,0.9003388047138048,0.9643691378066378,11
front,handcrafted,mlp,4,macro_f1,0.9168900725889614,0.8717750675200039,0.9568236229853609,11
front,handcrafted,mlp,4,auroc,0.9709691992678103,0.9509162391106835,0.9891192743406284,11
front,handcrafted,mlp,4,balanced_misclassification_regret,0.0016950698284765552,0.0006620667698290224,0.0030575182678795696,11
front,handcrafted,mlp,4,fit_predict_seconds,0.05808733321221857,0.051543997406781394,0.06584731048003022,11
front,handcrafted,mlp,4,training_cycle_count,14.454545454545457,13.272727272727273,15.81818181818182,11
front,handcrafted,mlp,4,training_image_count,286.87878787878793,266.1515151515151,310.36590909090904,11
front,handcrafted,mlp,6,balanced_accuracy,0.9464075276575277,0.9113233525733525,0.9763949013949013,11
front,handcrafted,mlp,6,macro_f1,0.9305283988010696,0.8833048546474218,0.9703946718742854,11
front,handcrafted,mlp,6,auroc,0.9687892483031372,0.9490599822631072,0.9871896043771042,11
front,handcrafted,mlp,6,balanced_misclassification_regret,0.0014316589798531274,0.000392926258629231,0.0030007945336964024,11
front,handcrafted,mlp,6,fit_predict_seconds,0.07924745827260653,0.06876502514886934,0.0895738334611506,11
front,handcrafted,mlp,6,training_cycle_count,23.727272727272727,22.484090909090906,24.90909090909091,11
front,handcrafted,mlp,6,training_image_count,467.060606060606,445.2121212121212,487.0310606060606,11
front,handcrafted,mlp,8,balanced_accuracy,0.9539742664742665,0.9289923039923041,0.9779040404040404,11
front,handcrafted,mlp,8,macro_f1,0.940257714549346,0.9063830987665207,0.9723738191725655,11
front,handcrafted,mlp,8,auroc,0.9700351731601732,0.9492354096520764,0.9892726871893539,11
front,handcrafted,mlp,8,balanced_misclassification_regret,0.0010441046546233919,0.0003999906697080873,0.001839886084541396,11
front,handcrafted,mlp,8,fit_predict_seconds,0.08087273230105922,0.07466166244116858,0.08748408765501209,11
front,handcrafted,mlp,8,training_cycle_count,31.90909090909091,30.60606060606061,33.36363636363637,11
front,handcrafted,mlp,8,training_image_count,627.969696969697,602.8462121212121,656.364393939394,11
front,handcrafted,mlp,10,balanced_accuracy,0.9613365800865801,0.9384911616161615,0.9828282828282829,11
front,handcrafted,mlp,10,macro_f1,0.9496934082236229,0.9207766578676847,0.9773082459475688,11
front,handcrafted,mlp,10,auroc,0.9708491161616162,0.9476516466750842,0.9912615740740741,11
front,handcrafted,mlp,10,balanced_misclassification_regret,0.000731253844573257,0.00027497845749804503,0.0012626793850321672,11
front,handcrafted,mlp,10,fit_predict_seconds,0.10265632190434686,0.08760756963826928,0.12349446969052554,11
front,handcrafted,mlp,10,training_cycle_count,40.90909090909091,39.63636363636363,42.18409090909088,11
front,handcrafted,mlp,10,training_image_count,806.3636363636364,783.3431818181818,830.3636363636364,11
front,handcrafted,random_forest,2,balanced_accuracy,0.9017861620255239,0.8590661794617912,0.9419797647191264,11
front,handcrafted,random_forest,2,macro_f1,0.8925142532065866,0.8434730990644163,0.9371570116662298,11
front,handcrafted,random_forest,2,auroc,0.9692583588047538,0.9495703563411897,0.9879607048307643,11
front,handcrafted,random_forest,2,balanced_misclassification_regret,0.002552029236197668,0.0010900486037228258,0.0045382110970051005,11
front,handcrafted,random_forest,2,fit_predict_seconds,0.19165889009177176,0.17826036637742423,0.2057458704324249,11
front,handcrafted,random_forest,2,training_cycle_count,8.424242424242424,7.666666666666666,9.272727272727273,11
front,handcrafted,random_forest,2,training_image_count,164.12121212121212,149.9083333333333,179.78787878787878,11
front,handcrafted,random_forest,4,balanced_accuracy,0.9293269575184469,0.8960102577190344,0.9594505560928434,11
front,handcrafted,random_forest,4,macro_f1,0.9243106743953746,0.8906295697132347,0.9560350865898745,11
front,handcrafted,random_forest,4,auroc,0.9680096133645926,0.9480167678292123,0.9872454200526101,11
front,handcrafted,random_forest,4,balanced_misclassification_regret,0.0014770279573239897,0.0006238433570646409,0.0026106262478648766,11
front,handcrafted,random_forest,4,fit_predict_seconds,0.1978282763615646,0.1814575596674386,0.2166752010052512,11
front,handcrafted,random_forest,4,training_cycle_count,14.454545454545457,13.272727272727273,15.81818181818182,11
front,handcrafted,random_forest,4,training_image_count,286.87878787878793,266.1515151515151,310.36590909090904,11
front,handcrafted,random_forest,6,balanced_accuracy,0.9269894998618404,0.896229090550899,0.9552939507793229,11
front,handcrafted,random_forest,6,macro_f1,0.921851813444894,0.8927980023965755,0.9506010253053124,11
front,handcrafted,random_forest,6,auroc,0.9722784482148401,0.9551833407237053,0.9889446329615599,11
front,handcrafted,random_forest,6,balanced_misclassification_regret,0.0017862885821172852,0.0008743337505500991,0.0029107651052837124,11
front,handcrafted,random_forest,6,fit_predict_seconds,0.20462925384830066,0.192012086127083,0.2172975368395176,11
front,handcrafted,random_forest,6,training_cycle_count,23.727272727272727,22.484090909090906,24.90909090909091,11
front,handcrafted,random_forest,6,training_image_count,467.060606060606,445.2121212121212,487.0310606060606,11
front,handcrafted,random_forest,8,balanced_accuracy,0.9475711394594373,0.9233820714106616,0.971854180098861,11
front,handcrafted,random_forest,8,macro_f1,0.9396450937617409,0.9107793452987173,0.9681702940758171,11
front,handcrafted,random_forest,8,auroc,0.9743502735690235,0.9572007400392816,0.9911414492143659,11
front,handcrafted,random_forest,8,balanced_misclassification_regret,0.0012110622765309634,0.0005379842599738875,0.001952392148196412,11
front,handcrafted,random_forest,8,fit_predict_seconds,0.21277885490615683,0.20211106015710606,0.22402125129625677,11
front,handcrafted,random_forest,8,training_cycle_count,31.90909090909091,30.60606060606061,33.36363636363637,11
front,handcrafted,random_forest,8,training_image_count,627.969696969697,602.8462121212121,656.364393939394,11
front,handcrafted,random_forest,10,balanced_accuracy,0.956511544011544,0.9325392316017314,0.9802502705627707,11
front,handcrafted,random_forest,10,macro_f1,0.947018595181185,0.9182070514043048,0.9756509879670667,11
front,handcrafted,random_forest,10,auroc,0.9729632635882637,0.9538700246512747,0.9909722034331409,11
front,handcrafted,random_forest,10,balanced_misclassification_regret,0.000994308910696593,0.0003334101567050187,0.0017689900765011613,11
front,handcrafted,random_forest,10,fit_predict_seconds,0.2048313066400376,0.1971120821118265,0.21313398735067246,11
front,handcrafted,random_forest,10,training_cycle_count,40.90909090909091,39.63636363636363,42.18409090909088,11
front,handcrafted,random_forest,10,training_image_count,806.3636363636364,783.3431818181818,830.3636363636364,11
front,handcrafted,rbf_svm,2,balanced_accuracy,0.9130837887486822,0.8711187914479135,0.9527520487294424,11
front,handcrafted,rbf_svm,2,macro_f1,0.9115692744622266,0.8715296674289826,0.9511532991305085,11
front,handcrafted,rbf_svm,2,auroc,0.9514183491023029,0.9154506561147185,0.9839586215658357,11
front,handcrafted,rbf_svm,2,balanced_misclassification_regret,0.0020645449870916404,0.0010351505512209275,0.0031836924471129314,11
front,handcrafted,rbf_svm,2,fit_predict_seconds,0.007474430602142643,0.006527730413191339,0.008415049233294804,11
front,handcrafted,rbf_svm,2,training_cycle_count,8.424242424242424,7.666666666666666,9.272727272727273,11
front,handcrafted,rbf_svm,2,training_image_count,164.12121212121212,149.9083333333333,179.78787878787878,11
front,handcrafted,rbf_svm,4,balanced_accuracy,0.9427494934143872,0.9068030897884621,0.9742249623898561,11
front,handcrafted,rbf_svm,4,macro_f1,0.9362918578651932,0.9007303290865006,0.970092600247333,11
front,handcrafted,rbf_svm,4,auroc,0.9694193568011534,0.9492701945045695,0.9877936815579953,11
front,handcrafted,rbf_svm,4,balanced_misclassification_regret,0.001277759719450487,0.00044043580785828416,0.002367511438031344,11
front,handcrafted,rbf_svm,4,fit_predict_seconds,0.00798292684802701,0.006977134940803587,0.008971386611533076,11
front,handcrafted,rbf_svm,4,training_cycle_count,14.454545454545457,13.272727272727273,15.81818181818182,11
front,handcrafted,rbf_svm,4,training_image_count,286.87878787878793,266.1515151515151,310.36590909090904,11
front,handcrafted,rbf_svm,6,balanced_accuracy,0.9467147411296348,0.9120357289971653,0.9759201532805255,11
front,handcrafted,rbf_svm,6,macro_f1,0.9389666875711278,0.9044229943148018,0.9708913548517504,11
front,handcrafted,rbf_svm,6,auroc,0.9678411574798986,0.944310003504097,0.9877738675167752,11
front,handcrafted,rbf_svm,6,balanced_misclassification_regret,0.0012265113030390225,0.000400975475891325,0.002386987692010813,11
front,handcrafted,rbf_svm,6,fit_predict_seconds,0.010845677940365435,0.008979406337885215,0.012812311343220766,11
front,handcrafted,rbf_svm,6,training_cycle_count,23.727272727272727,22.484090909090906,24.90909090909091,11
front,handcrafted,rbf_svm,6,training_image_count,467.060606060606,445.2121212121212,487.0310606060606,11
front,handcrafted,rbf_svm,8,balanced_accuracy,0.9604136604136605,0.9365313852813856,0.9828042328042329,11
front,handcrafted,rbf_svm,8,macro_f1,0.9508750317258172,0.9216247718606967,0.9789402430080952,11
front,handcrafted,rbf_svm,8,auroc,0.967879355726578,0.9404741466416813,0.9896739718614719,11
front,handcrafted,rbf_svm,8,balanced_misclassification_regret,0.0008036121241706897,0.00028015246493291805,0.001409084763169781,11
front,handcrafted,rbf_svm,8,fit_predict_seconds,0.0115304849107016,0.010176457088042903,0.012769109047737648,11
front,handcrafted,rbf_svm,8,training_cycle_count,31.90909090909091,30.60606060606061,33.36363636363637,11
front,handcrafted,rbf_svm,8,training_image_count,627.969696969697,602.8462121212121,656.364393939394,11
front,handcrafted,rbf_svm,10,balanced_accuracy,0.9653138528138527,0.9420454545454546,0.9867424242424243,11
front,handcrafted,rbf_svm,10,macro_f1,0.9547274908679942,0.9251716063217095,0.982517732038232,11
front,handcrafted,rbf_svm,10,auroc,0.9671198593073593,0.9388406573172199,0.9904626623376622,11
front,handcrafted,rbf_svm,10,balanced_misclassification_regret,0.0006222413980992319,0.00018318685536814364,0.0011570865400180274,11
front,handcrafted,rbf_svm,10,fit_predict_seconds,0.012806155369617045,0.010905045764362015,0.01519977383584112,11
front,handcrafted,rbf_svm,10,training_cycle_count,40.90909090909091,39.63636363636363,42.18409090909088,11
front,handcrafted,rbf_svm,10,training_image_count,806.3636363636364,783.3431818181818,830.3636363636364,11
left,handcrafted,hist_gradient_boosting,2,balanced_accuracy,0.8449404761904762,0.7764425505050505,0.9117552008177008,11
left,handcrafted,hist_gradient_boosting,2,macro_f1,0.8285766292313611,0.7440746313766325,0.9056183072279502,11
left,handcrafted,hist_gradient_boosting,2,auroc,0.9327347967104912,0.8800359591700736,0.9760904765245043,11
left,handcrafted,hist_gradient_boosting,2,balanced_misclassification_regret,0.004393888395766093,0.002005453604972157,0.007317535244765843,11
left,handcrafted,hist_gradient_boosting,2,fit_predict_seconds,0.5478436262091043,0.422350289566318,0.6750126965961083,11
left,handcrafted,hist_gradient_boosting,2,training_cycle_count,8.424242424242424,7.666666666666666,9.272727272727273,11
left,handcrafted,hist_gradient_boosting,2,training_image_count,164.36363636363637,150.1818181818182,180.0,11
left,handcrafted,hist_gradient_boosting,4,balanced_accuracy,0.8730820105820105,0.8058011664261664,0.93246881012506,11
left,handcrafted,hist_gradient_boosting,4,macro_f1,0.8575065679516033,0.7708585806034641,0.9281219720011332,11
left,handcrafted,hist_gradient_boosting,4,auroc,0.9632701853187965,0.9401653668797766,0.9848004349046017,11
left,handcrafted,hist_gradient_boosting,4,balanced_misclassification_regret,0.003743466137659169,0.0014321511036896792,0.006929252060321436,11
left,handcrafted,hist_gradient_boosting,4,fit_predict_seconds,1.7361231275761824,1.4831533459280875,1.9977606648120632,11
left,handcrafted,hist_gradient_boosting,4,training_cycle_count,14.454545454545457,13.272727272727273,15.81818181818182,11
left,handcrafted,hist_gradient_boosting,4,training_image_count,287.27272727272725,266.54545454545456,310.55454545454535,11
left,handcrafted,hist_gradient_boosting,6,balanced_accuracy,0.8863696488696488,0.8234632786195284,0.9387012235449734,11
left,handcrafted,hist_gradient_boosting,6,macro_f1,0.8761741352158272,0.7980425729684391,0.9365406303840074,11
left,handcrafted,hist_gradient_boosting,6,auroc,0.9626002501870559,0.9356721073583053,0.9862964132061355,11
left,handcrafted,hist_gradient_boosting,6,balanced_misclassification_regret,0.0033945748728327215,0.00120123683373772,0.0066238578624202215,11
left,handcrafted,hist_gradient_boosting,6,fit_predict_seconds,3.2287583131533624,2.77935799122056,3.7517267643103183,11
left,handcrafted,hist_gradient_boosting,6,training_cycle_count,23.727272727272727,22.484090909090906,24.90909090909091,11
left,handcrafted,hist_gradient_boosting,6,training_image_count,467.6363636363636,445.8181818181818,487.6363636363636,11
left,handcrafted,hist_gradient_boosting,8,balanced_accuracy,0.8964015151515152,0.8221154250841751,0.9536421506734006,11
left,handcrafted,hist_gradient_boosting,8,macro_f1,0.8835385284191566,0.7920597688227388,0.9493773788222601,11
left,handcrafted,hist_gradient_boosting,8,auroc,0.9657336426433648,0.9448466581322483,0.9857690663246218,11
left,handcrafted,hist_gradient_boosting,8,balanced_misclassification_regret,0.0032540960614415486,0.00082740316469398,0.007123213504674897,11
left,handcrafted,hist_gradient_boosting,8,fit_predict_seconds,3.9751625227288585,3.4696975576445266,4.5464307598553155,11
left,handcrafted,hist_gradient_boosting,8,training_cycle_count,31.90909090909091,30.60606060606061,33.36363636363637,11
left,handcrafted,hist_gradient_boosting,8,training_image_count,628.7272727272727,603.6272727272727,657.0909090909091,11
left,handcrafted,hist_gradient_boosting,10,balanced_accuracy,0.8947781385281387,0.8038690476190475,0.95864898989899,11
left,handcrafted,hist_gradient_boosting,10,macro_f1,0.8745786604106282,0.7544468973277237,0.95283467149997,11
left,handcrafted,hist_gradient_boosting,10,auroc,0.9688163880872215,0.9473885055916306,0.988541165624499,11
left,handcrafted,hist_gradient_boosting,10,balanced_misclassification_regret,0.003393282362706003,0.0006849759813129575,0.0076494532348125215,11
left,handcrafted,hist_gradient_boosting,10,fit_predict_seconds,4.599417117366102,4.009650464873994,5.502828043967946,11
left,handcrafted,hist_gradient_boosting,10,training_cycle_count,40.90909090909091,39.63636363636363,42.18409090909088,11
left,handcrafted,hist_gradient_boosting,10,training_image_count,807.2727272727273,784.3363636363637,831.2727272727273,11
left,handcrafted,logistic,2,balanced_accuracy,0.9014911014911013,0.8318309583934583,0.9530483405483404,11
left,handcrafted,logistic,2,macro_f1,0.8819566086128706,0.7930178407819368,0.9458681375750964,11
left,handcrafted,logistic,2,auroc,0.9709666940569719,0.9511509251743628,0.9895804105873549,11
left,handcrafted,logistic,2,balanced_misclassification_regret,0.00293172105705334,0.0008397623793729184,0.006368267007223982,11
left,handcrafted,logistic,2,fit_predict_seconds,0.010660914241188122,0.010224538964658594,0.011118809197289395,11
left,handcrafted,logistic,2,training_cycle_count,8.424242424242424,7.666666666666666,9.272727272727273,11
left,handcrafted,logistic,2,training_image_count,164.36363636363637,150.1818181818182,180.0,11
left,handcrafted,logistic,4,balanced_accuracy,0.9113967051467052,0.8528950216450216,0.9607970328282829,11
left,handcrafted,logistic,4,macro_f1,0.8900712133204697,0.8138070800509049,0.9525469614895363,11
left,handcrafted,logistic,4,auroc,0.9684256587034366,0.9454166040363958,0.9899720585484474,11
left,handcrafted,logistic,4,balanced_misclassification_regret,0.0025659261691168955,0.0007546660767342644,0.005234857090136869,11
left,handcrafted,logistic,4,fit_predict_seconds,0.01108559602995008,0.010540681715682504,0.011654572606891053,11
left,handcrafted,logistic,4,training_cycle_count,14.454545454545457,13.272727272727273,15.81818181818182,11
left,handcrafted,logistic,4,training_image_count,287.27272727272725,266.54545454545456,310.55454545454535,11
left,handcrafted,logistic,6,balanced_accuracy,0.9332822270322269,0.8987731481481482,0.9652796566859068,11
left,handcrafted,logistic,6,macro_f1,0.9212356591618743,0.8791974291383515,0.9597138971468028,11
left,handcrafted,logistic,6,auroc,0.9667201111645557,0.9393977765418737,0.9900423652029555,11
left,handcrafted,logistic,6,balanced_misclassification_regret,0.0015369505012492136,0.0006651862746089904,0.002445714062717895,11
left,handcrafted,logistic,6,fit_predict_seconds,0.014053951968283702,0.012162116947288406,0.0163985311788565,11
left,handcrafted,logistic,6,training_cycle_count,23.727272727272727,22.484090909090906,24.90909090909091,11
left,handcrafted,logistic,6,training_image_count,467.6363636363636,445.8181818181818,487.6363636363636,11
left,handcrafted,logistic,8,balanced_accuracy,0.924939874939875,0.8882871873496874,0.9597243265993266,11
left,handcrafted,logistic,8,macro_f1,0.9084080899411714,0.8621289785142441,0.9524997353035868,11
left,handcrafted,logistic,8,auroc,0.9652768592004702,0.9440977879823367,0.9848932467031424,11
left,handcrafted,logistic,8,balanced_misclassification_regret,0.0019040511148149656,0.0007514005086966559,0.0033286476639538985,11
left,handcrafted,logistic,8,fit_predict_seconds,0.014091927939179268,0.01294494107853759,0.015433638616267478,11
left,handcrafted,logistic,8,training_cycle_count,31.90909090909091,30.60606060606061,33.36363636363637,11
left,handcrafted,logistic,8,training_image_count,628.7272727272727,603.6272727272727,657.0909090909091,11
left,handcrafted,logistic,10,balanced_accuracy,0.9447420634920636,0.9157435966810967,0.973169191919192,11
left,handcrafted,logistic,10,macro_f1,0.9358833009775602,0.9041689892988287,0.9681433674009398,11
left,handcrafted,logistic,10,auroc,0.9696836920795253,0.9498774638748597,0.9885241301907968,11
left,handcrafted,logistic,10,balanced_misclassification_regret,0.00114419110398908,0.00044432761308980457,0.0019765390197744744,11
left,handcrafted,logistic,10,fit_predict_seconds,0.017360359903911805,0.01325407640516377,0.02270889805692026,11
left,handcrafted,logistic,10,training_cycle_count,40.90909090909091,39.63636363636363,42.18409090909088,11
left,handcrafted,logistic,10,training_image_count,807.2727272727273,784.3363636363637,831.2727272727273,11
left,handcrafted,mlp,2,balanced_accuracy,0.8416907166907166,0.7674633237133238,0.911976911976912,11
left,handcrafted,mlp,2,macro_f1,0.7936828422413214,0.6882302554352457,0.8916988048710582,11
left,handcrafted,mlp,2,auroc,0.956003737774571,0.9123938855319064,0.9880892255892256,11
left,handcrafted,mlp,2,balanced_misclassification_regret,0.005763407692671475,0.003324365773855078,0.008168393350080214,11
left,handcrafted,mlp,2,fit_predict_seconds,0.04190501897017274,0.037117300335265814,0.04695078016641976,11
left,handcrafted,mlp,2,training_cycle_count,8.424242424242424,7.666666666666666,9.272727272727273,11
left,handcrafted,mlp,2,training_image_count,164.36363636363637,150.1818181818182,180.0,11
left,handcrafted,mlp,4,balanced_accuracy,0.8928541366041366,0.8207637385762386,0.956377840909091,11
left,handcrafted,mlp,4,macro_f1,0.8572770891319899,0.7559715596740914,0.9456900270212283,11
left,handcrafted,mlp,4,auroc,0.9683256172839506,0.9431980394219978,0.990176066217733,11
left,handcrafted,mlp,4,balanced_misclassification_regret,0.003185183489051557,0.0010831147943765195,0.0054836372241543595,11
left,handcrafted,mlp,4,fit_predict_seconds,0.05434822221022015,0.04797886456318807,0.06157827712335291,11
left,handcrafted,mlp,4,training_cycle_count,14.454545454545457,13.272727272727273,15.81818181818182,11
left,handcrafted,mlp,4,training_image_count,287.27272727272725,266.54545454545456,310.55454545454535,11
left,handcrafted,mlp,6,balanced_accuracy,0.9060816498316501,0.8341503577441078,0.9669612794612795,11
left,handcrafted,mlp,6,macro_f1,0.8744747953269824,0.7729651169308976,0.9605469822729001,11
left,handcrafted,mlp,6,auroc,0.9676981454759231,0.9399759103101116,0.9905461881546951,11
left,handcrafted,mlp,6,balanced_misclassification_regret,0.0022101853828516804,0.0005619855033876322,0.00404914361366839,11
left,handcrafted,mlp,6,fit_predict_seconds,0.07858635354646001,0.06646635297469347,0.09176785391164508,11
left,handcrafted,mlp,6,training_cycle_count,23.727272727272727,22.484090909090906,24.90909090909091,11
left,handcrafted,mlp,6,training_image_count,467.6363636363636,445.8181818181818,487.6363636363636,11
left,handcrafted,mlp,8,balanced_accuracy,0.9326569264069263,0.8874494197931698,0.9718013468013468,11
left,handcrafted,mlp,8,macro_f1,0.9113909150051395,0.849121881298977,0.9658017322170435,11
left,handcrafted,mlp,8,auroc,0.9689304586874031,0.9434139259660093,0.9906099916994013,11
left,handcrafted,mlp,8,balanced_misclassification_regret,0.001508536957044078,0.0004998576510258381,0.0026857187375754032,11
left,handcrafted,mlp,8,fit_predict_seconds,0.08779926515170232,0.07735838654301584,0.10004805110844299,11
left,handcrafted,mlp,8,training_cycle_count,31.90909090909091,30.60606060606061,33.36363636363637,11
left,handcrafted,mlp,8,training_image_count,628.7272727272727,603.6272727272727,657.0909090909091,11
left,handcrafted,mlp,10,balanced_accuracy,0.9478084415584416,0.9229342532467532,0.9731748286435786,11
left,handcrafted,mlp,10,macro_f1,0.9364527493682769,0.9052253417445195,0.9679879442293212,11
left,handcrafted,mlp,10,auroc,0.9737982503607502,0.9545139264670516,0.9918771043771044,11
left,handcrafted,mlp,10,balanced_misclassification_regret,0.0010722932774785998,0.00045763270232372535,0.0017749531450590675,11
left,handcrafted,mlp,10,fit_predict_seconds,0.08599594317969274,0.08085488894536287,0.09242929987601448,11
left,handcrafted,mlp,10,training_cycle_count,40.90909090909091,39.63636363636363,42.18409090909088,11
left,handcrafted,mlp,10,training_image_count,807.2727272727273,784.3363636363637,831.2727272727273,11
left,handcrafted,random_forest,2,balanced_accuracy,0.8702170514670513,0.8050670394420395,0.9271896043771044,11
left,handcrafted,random_forest,2,macro_f1,0.8598134824561985,0.7756544466728589,0.925979471882249,11
left,handcrafted,random_forest,2,auroc,0.9686859918630752,0.9493230920314253,0.9878459727483165,11
left,handcrafted,random_forest,2,balanced_misclassification_regret,0.003573811070266913,0.0014500164152883822,0.006812633279698112,11
left,handcrafted,random_forest,2,fit_predict_seconds,0.1875043346954044,0.16451631309740178,0.21210337095769569,11
left,handcrafted,random_forest,2,training_cycle_count,8.424242424242424,7.666666666666666,9.272727272727273,11
left,handcrafted,random_forest,2,training_image_count,164.36363636363637,150.1818181818182,180.0,11
left,handcrafted,random_forest,4,balanced_accuracy,0.8980218855218856,0.8556181607744108,0.9395833333333332,11
left,handcrafted,random_forest,4,macro_f1,0.8922453198191399,0.8477573603533012,0.9367737856230977,11
left,handcrafted,random_forest,4,auroc,0.9678782283817007,0.9480179492093553,0.9865577066965957,11
left,handcrafted,random_forest,4,balanced_misclassification_regret,0.0029235623626527704,0.0013326722803029308,0.0047283677819994095,11
left,handcrafted,random_forest,4,fit_predict_seconds,0.20556128045163033,0.18691528262843896,0.2314863973041859,11
left,handcrafted,random_forest,4,training_cycle_count,14.454545454545457,13.272727272727273,15.81818181818182,11
left,handcrafted,random_forest,4,training_image_count,287.27272727272725,266.54545454545456,310.55454545454535,11
left,handcrafted,random_forest,6,balanced_accuracy,0.9005922318422318,0.8498968855218856,0.945601927008177,11
left,handcrafted,random_forest,6,macro_f1,0.8939063295789196,0.8358996033980096,0.9426328243643447,11
left,handcrafted,random_forest,6,auroc,0.9706356721981723,0.9516849547057881,0.9879850088183422,11
left,handcrafted,random_forest,6,balanced_misclassification_regret,0.002821631000801406,0.0010585836957564198,0.00526391063231467,11
left,handcrafted,random_forest,6,fit_predict_seconds,0.2230376528503698,0.20016572667282712,0.24601093492866227,11
left,handcrafted,random_forest,6,training_cycle_count,23.727272727272727,22.484090909090906,24.90909090909091,11
left,handcrafted,random_forest,6,training_image_count,467.6363636363636,445.8181818181818,487.6363636363636,11
left,handcrafted,random_forest,8,balanced_accuracy,0.9027597402597402,0.8194678932178932,0.9603761574074074,11
left,handcrafted,random_forest,8,macro_f1,0.8872834874954081,0.7839677624966582,0.9559286643800131,11
left,handcrafted,random_forest,8,auroc,0.9702375106888994,0.950818925239498,0.9881817096226818,11
left,handcrafted,random_forest,8,balanced_misclassification_regret,0.0031777898813008898,0.0007279818821240001,0.007072179161433588,11
left,handcrafted,random_forest,8,fit_predict_seconds,0.21750947475789648,0.2054770714805548,0.22984205217609555,11
left,handcrafted,random_forest,8,training_cycle_count,31.90909090909091,30.60606060606061,33.36363636363637,11
left,handcrafted,random_forest,8,training_image_count,628.7272727272727,603.6272727272727,657.0909090909091,11
left,handcrafted,random_forest,10,balanced_accuracy,0.9447420634920636,0.9179511634199135,0.9703330176767675,11
left,handcrafted,random_forest,10,macro_f1,0.9384222234959096,0.9117590463417717,0.9660339825339391,11
left,handcrafted,random_forest,10,auroc,0.9677514229597562,0.9448547979797979,0.9885593284030784,11
left,handcrafted,random_forest,10,balanced_misclassification_regret,0.0014553888440475117,0.0005435783857940473,0.002519782955447818,11
left,handcrafted,random_forest,10,fit_predict_seconds,0.2132011553648309,0.1974045989040116,0.23309308819443686,11
left,handcrafted,random_forest,10,training_cycle_count,40.90909090909091,39.63636363636363,42.18409090909088,11
left,handcrafted,random_forest,10,training_image_count,807.2727272727273,784.3363636363637,831.2727272727273,11
left,handcrafted,rbf_svm,2,balanced_accuracy,0.9135612073112072,0.8805315055315055,0.9474552819865321,11
left,handcrafted,rbf_svm,2,macro_f1,0.9020898256603874,0.8617323264717724,0.9416552522118204,11
left,handcrafted,rbf_svm,2,auroc,0.9430156391961948,0.9075943170127199,0.9737495866402117,11
left,handcrafted,rbf_svm,2,balanced_misclassification_regret,0.002546602303407503,0.0010036727796578723,0.004400200472170655,11
left,handcrafted,rbf_svm,2,fit_predict_seconds,0.006676621304712061,0.005499813861123667,0.008142285382773756,11
left,handcrafted,rbf_svm,2,training_cycle_count,8.424242424242424,7.666666666666666,9.272727272727273,11
left,handcrafted,rbf_svm,2,training_image_count,164.36363636363637,150.1818181818182,180.0,11
left,handcrafted,rbf_svm,4,balanced_accuracy,0.9403469215969217,0.9148889189514189,0.9663299663299662,11
left,handcrafted,rbf_svm,4,macro_f1,0.9327240876470074,0.9032717409229043,0.9628264642737345,11
left,handcrafted,rbf_svm,4,auroc,0.9708230619688952,0.9511005391213725,0.9886761964886964,11
left,handcrafted,rbf_svm,4,balanced_misclassification_regret,0.001078503207909719,0.0005601992875811,0.0016403370128193237,11
left,handcrafted,rbf_svm,4,fit_predict_seconds,0.008083623697254525,0.006877606180888974,0.009530834691858295,11
left,handcrafted,rbf_svm,4,training_cycle_count,14.454545454545457,13.272727272727273,15.81818181818182,11
left,handcrafted,rbf_svm,4,training_image_count,287.27272727272725,266.54545454545456,310.55454545454535,11
left,handcrafted,rbf_svm,6,balanced_accuracy,0.9454244829244829,0.9220009620009619,0.9690363455988455,11
left,handcrafted,rbf_svm,6,macro_f1,0.9373601022509829,0.909544181859983,0.9654136086743037,11
left,handcrafted,rbf_svm,6,auroc,0.9735039715942492,0.9544474715742077,0.9906162422004435,11
left,handcrafted,rbf_svm,6,balanced_misclassification_regret,0.0010559286802300485,0.0005338355437884349,0.0016193129880152336,11
left,handcrafted,rbf_svm,6,fit_predict_seconds,0.009723405239073503,0.007924482143425848,0.011842721972877342,11
left,handcrafted,rbf_svm,6,training_cycle_count,23.727272727272727,22.484090909090906,24.90909090909091,11
left,handcrafted,rbf_svm,6,training_image_count,467.6363636363636,445.8181818181818,487.6363636363636,11
left,handcrafted,rbf_svm,8,balanced_accuracy,0.9452741702741704,0.9235445226070225,0.9660774410774411,11
left,handcrafted,rbf_svm,8,macro_f1,0.9370103108855549,0.9117038858907588,0.961570810378457,11
left,handcrafted,rbf_svm,8,auroc,0.9722114080621025,0.9492374921085858,0.991493676639076,11
left,handcrafted,rbf_svm,8,balanced_misclassification_regret,0.0011453656939924232,0.0006427381906696361,0.0016993558214377846,11
left,handcrafted,rbf_svm,8,fit_predict_seconds,0.010589801605833187,0.009082121136254334,0.012906444333952313,11
left,handcrafted,rbf_svm,8,training_cycle_count,31.90909090909091,30.60606060606061,33.36363636363637,11
left,handcrafted,rbf_svm,8,training_image_count,628.7272727272727,603.6272727272727,657.0909090909091,11
left,handcrafted,rbf_svm,10,balanced_accuracy,0.9485299422799423,0.9274711399711401,0.9688866341991342,11
left,handcrafted,rbf_svm,10,macro_f1,0.9390462004052048,0.914203368719497,0.9632093671290117,11
left,handcrafted,rbf_svm,10,auroc,0.9746726942039442,0.9516073589315777,0.9932924388979076,11
left,handcrafted,rbf_svm,10,balanced_misclassification_regret,0.0012057641324356484,0.0006079675652783295,0.001847080815656117,11
left,handcrafted,rbf_svm,10,fit_predict_seconds,0.012197731184476817,0.010461079488000409,0.014387047530577877,11
left,handcrafted,rbf_svm,10,training_cycle_count,40.90909090909091,39.63636363636363,42.18409090909088,11
left,handcrafted,rbf_svm,10,training_image_count,807.2727272727273,784.3363636363637,831.2727272727273,11
left_close,handcrafted,hist_gradient_boosting,2,balanced_accuracy,0.8940220292354438,0.8482651335509567,0.9341335227272727,11
left_close,handcrafted,hist_gradient_boosting,2,macro_f1,0.8891049037822323,0.8445431554331813,0.9283062253347591,11
left_close,handcrafted,hist_gradient_boosting,2,auroc,0.9426824456454792,0.898685399472366,0.9804516409757295,11
left_close,handcrafted,hist_gradient_boosting,2,balanced_misclassification_regret,0.0028854195715511443,0.001738935130898031,0.004163581396883334,11
left_close,handcrafted,hist_gradient_boosting,2,fit_predict_seconds,0.8484227537551444,0.7315092599199763,0.9770283874133329,11
left_close,handcrafted,hist_gradient_boosting,2,training_cycle_count,8.424242424242424,7.666666666666666,9.272727272727273,11
left_close,handcrafted,hist_gradient_boosting,2,training_image_count,163.93939393939397,149.69696969696972,179.4560606060606,11
left_close,handcrafted,hist_gradient_boosting,4,balanced_accuracy,0.9252053050833539,0.8845778029276505,0.9623316498316499,11
left_close,handcrafted,hist_gradient_boosting,4,macro_f1,0.9146235696724737,0.8654640814775026,0.9577632028743626,11
left_close,handcrafted,hist_gradient_boosting,4,auroc,0.9545941788595074,0.9292772061670795,0.9764123439253647,11
left_close,handcrafted,hist_gradient_boosting,4,balanced_misclassification_regret,0.0013827497798767057,0.000623911659116515,0.002265755830635748,11
left_close,handcrafted,hist_gradient_boosting,4,fit_predict_seconds,2.410551876240678,2.047066458592422,2.847918946845333,11
left_close,handcrafted,hist_gradient_boosting,4,training_cycle_count,14.454545454545457,13.272727272727273,15.81818181818182,11
left_close,handcrafted,hist_gradient_boosting,4,training_image_count,286.7878787878788,266.2409090909091,310.0045454545454,11
left_close,handcrafted,hist_gradient_boosting,6,balanced_accuracy,0.9227118748460214,0.8801716093865484,0.9592392676767677,11
left_close,handcrafted,hist_gradient_boosting,6,macro_f1,0.9121037686218554,0.8565434705245433,0.9565417827679741,11
left_close,handcrafted,hist_gradient_boosting,6,auroc,0.9505432458049327,0.9074252796426323,0.9806929538439955,11
left_close,handcrafted,hist_gradient_boosting,6,balanced_misclassification_regret,0.0016040587296660897,0.0007959253196179578,0.0025434740563158565,11
left_close,handcrafted,hist_gradient_boosting,6,fit_predict_seconds,4.022058232245564,3.8344921219518717,4.195871076963544,11
left_close,handcrafted,hist_gradient_boosting,6,training_cycle_count,23.727272727272727,22.484090909090906,24.90909090909091,11
left_close,handcrafted,hist_gradient_boosting,6,training_image_count,466.72727272727275,445.1515151515152,486.42575757575753,11
left_close,handcrafted,hist_gradient_boosting,8,balanced_accuracy,0.9332553174016589,0.8921481070871315,0.9681265782828281,11
left_close,handcrafted,hist_gradient_boosting,8,macro_f1,0.9225692159981552,0.8695134212282796,0.9645760918827205,11
left_close,handcrafted,hist_gradient_boosting,8,auroc,0.9537552224480578,0.9155254965388986,0.9821531065867003,11
left_close,handcrafted,hist_gradient_boosting,8,balanced_misclassification_regret,0.0013437903784389365,0.0006229811655017579,0.002235330257018472,11
left_close,handcrafted,hist_gradient_boosting,8,fit_predict_seconds,5.1021878636648506,4.619422090713774,5.7887567507540965,11
left_close,handcrafted,hist_gradient_boosting,8,training_cycle_count,31.90909090909091,30.60606060606061,33.36363636363637,11
left_close,handcrafted,hist_gradient_boosting,8,training_image_count,627.3333333333335,602.0000000000001,655.8196969696969,11
left_close,handcrafted,hist_gradient_boosting,10,balanced_accuracy,0.9287678615422515,0.8886383653609263,0.9633901515151515,11
left_close,handcrafted,hist_gradient_boosting,10,macro_f1,0.9184512217302846,0.864738634231594,0.9609050646486126,11
left_close,handcrafted,hist_gradient_boosting,10,auroc,0.9476240855369411,0.8968257454926979,0.982648972362514,11
left_close,handcrafted,hist_gradient_boosting,10,balanced_misclassification_regret,0.0016156883476044852,0.0007152669905115957,0.0026392099174111796,11
left_close,handcrafted,hist_gradient_boosting,10,fit_predict_seconds,5.423589700721839,4.655397970640942,6.328529454890998,11
left_close,handcrafted,hist_gradient_boosting,10,training_cycle_count,40.90909090909091,39.63636363636363,42.18409090909088,11
left_close,handcrafted,hist_gradient_boosting,10,training_image_count,805.4545454545455,782.3590909090909,829.4545454545455,11
left_close,handcrafted,logistic,2,balanced_accuracy,0.8570794325367497,0.7935902469820152,0.9159301346801346,11
left_close,handcrafted,logistic,2,macro_f1,0.8373100339400147,0.7565668763015723,0.9084342783738353,11
left_close,handcrafted,logistic,2,auroc,0.9213364519745787,0.8632950368066391,0.9627769667157688,11
left_close,handcrafted,logistic,2,balanced_misclassification_regret,0.004356056133669209,0.0021996811193425426,0.007068385131164566,11
left_close,handcrafted,logistic,2,fit_predict_seconds,0.013869219728583244,0.012506633364660735,0.015322578701086581,11
left_close,handcrafted,logistic,2,training_cycle_count,8.424242424242424,7.666666666666666,9.272727272727273,11
left_close,handcrafted,logistic,2,training_image_count,163.93939393939397,149.69696969696972,179.4560606060606,11
left_close,handcrafted,logistic,4,balanced_accuracy,0.8960709739673153,0.8476687222838137,0.9420475589225591,11
left_close,handcrafted,logistic,4,macro_f1,0.8810725187594269,0.8199210479931125,0.9369096430120718,11
left_close,handcrafted,logistic,4,auroc,0.9371291106640023,0.8854521341891134,0.975524925177703,11
left_close,handcrafted,logistic,4,balanced_misclassification_regret,0.002587317181975103,0.0010943038658219242,0.004268090345168233,11
left_close,handcrafted,logistic,4,fit_predict_seconds,0.014379406483688701,0.013150608210222951,0.015814527550250975,11
left_close,handcrafted,logistic,4,training_cycle_count,14.454545454545457,13.272727272727273,15.81818181818182,11
left_close,handcrafted,logistic,4,training_image_count,286.7878787878788,266.2409090909091,310.0045454545454,11
left_close,handcrafted,logistic,6,balanced_accuracy,0.906200726779995,0.8640917816375133,0.9469507575757575,11
left_close,handcrafted,logistic,6,macro_f1,0.8869708737512244,0.83388243276791,0.9363871031636039,11
left_close,handcrafted,logistic,6,auroc,0.9456317707905615,0.8909511485108539,0.9853517817059483,11
left_close,handcrafted,logistic,6,balanced_misclassification_regret,0.0025286326386989625,0.0011051708808881633,0.004170700427623736,11
left_close,handcrafted,logistic,6,fit_predict_seconds,0.01679814648444087,0.015132728354563536,0.018591120311281305,11
left_close,handcrafted,logistic,6,training_cycle_count,23.727272727272727,22.484090909090906,24.90909090909091,11
left_close,handcrafted,logistic,6,training_image_count,466.72727272727275,445.1515151515152,486.42575757575753,11
left_close,handcrafted,logistic,8,balanced_accuracy,0.9316190358873283,0.897214010018888,0.9627525252525253,11
left_close,handcrafted,logistic,8,macro_f1,0.9189476410648942,0.8727174326544942,0.958009095919383,11
left_close,handcrafted,logistic,8,auroc,0.955257556652797,0.9207578211613082,0.9852819280770668,11
left_close,handcrafted,logistic,8,balanced_misclassification_regret,0.0013203170182525764,0.0006300467724134739,0.002114351281616705,11
left_close,handcrafted,logistic,8,fit_predict_seconds,0.01948615535917325,0.017073448920762697,0.021807363149921658,11
left_close,handcrafted,logistic,8,training_cycle_count,31.90909090909091,30.60606060606061,33.36363636363637,11
left_close,handcrafted,logistic,8,training_image_count,627.3333333333335,602.0000000000001,655.8196969696969,11
left_close,handcrafted,logistic,10,balanced_accuracy,0.919761640798226,0.8692486988790343,0.9624368686868686,11
left_close,handcrafted,logistic,10,macro_f1,0.9054985865626037,0.8452376800221728,0.9571496162766882,11
left_close,handcrafted,logistic,10,auroc,0.9551477041759052,0.9183094714292312,0.9863925715488214,11
left_close,handcrafted,logistic,10,balanced_misclassification_regret,0.001921480131877499,0.0006117536668386181,0.0037147803366520925,11
left_close,handcrafted,logistic,10,fit_predict_seconds,0.019623613725839692,0.015077519409929994,0.02611043479290929,11
left_close,handcrafted,logistic,10,training_cycle_count,40.90909090909091,39.63636363636363,42.18409090909088,11
left_close,handcrafted,logistic,10,training_image_count,805.4545454545455,782.3590909090909,829.4545454545455,11
left_close,handcrafted,mlp,2,balanced_accuracy,0.8561904615258275,0.8021464646464647,0.9084644206290549,11
left_close,handcrafted,mlp,2,macro_f1,0.8204064002944534,0.7504949010885994,0.8871898775243288,11
left_close,handcrafted,mlp,2,auroc,0.9054254648449263,0.8516648852173498,0.9513804494598765,11
left_close,handcrafted,mlp,2,balanced_misclassification_regret,0.0069704665788455165,0.0033471030471342355,0.011250881655872187,11
left_close,handcrafted,mlp,2,fit_predict_seconds,0.048153270184147084,0.04208408613289287,0.05580392192112578,11
left_close,handcrafted,mlp,2,training_cycle_count,8.424242424242424,7.666666666666666,9.272727272727273,11
left_close,handcrafted,mlp,2,training_image_count,163.93939393939397,149.69696969696972,179.4560606060606,11
left_close,handcrafted,mlp,4,balanced_accuracy,0.9126375544058472,0.8668996879362733,0.9499158249158252,11
left_close,handcrafted,mlp,4,macro_f1,0.8906029007352442,0.82534234013688,0.9414535664492362,11
left_close,handcrafted,mlp,4,auroc,0.9423346210524396,0.8884215703215533,0.9790795688365133,11
left_close,handcrafted,mlp,4,balanced_misclassification_regret,0.002849334418745447,0.001038048618767892,0.005490827332910027,11
left_close,handcrafted,mlp,4,fit_predict_seconds,0.058203975966369566,0.04982373851532678,0.06776707978810229,11
left_close,handcrafted,mlp,4,training_cycle_count,14.454545454545457,13.272727272727273,15.81818181818182,11
left_close,handcrafted,mlp,4,training_image_count,286.7878787878788,266.2409090909091,310.0045454545454,11
left_close,handcrafted,mlp,6,balanced_accuracy,0.9234289028496345,0.8802358570460705,0.96054819023569,11
left_close,handcrafted,mlp,6,macro_f1,0.9037561406250455,0.8424845312283947,0.9542565305764775,11
left_close,handcrafted,mlp,6,auroc,0.9388287587368719,0.8798585551341098,0.9780009148194911,11
left_close,handcrafted,mlp,6,balanced_misclassification_regret,0.0025593559169558616,0.0009458286457396724,0.004752478134733627,11
left_close,handcrafted,mlp,6,fit_predict_seconds,0.07164838512174108,0.06454389043223771,0.08023599097566947,11
left_close,handcrafted,mlp,6,training_cycle_count,23.727272727272727,22.484090909090906,24.90909090909091,11
left_close,handcrafted,mlp,6,training_image_count,466.72727272727275,445.1515151515152,486.42575757575753,11
left_close,handcrafted,mlp,8,balanced_accuracy,0.9263237045249241,0.8843998290835181,0.9611742424242425,11
left_close,handcrafted,mlp,8,macro_f1,0.9072157424530155,0.8477696515106399,0.9548006721229023,11
left_close,handcrafted,mlp,8,auroc,0.9455935113328405,0.8887483457970627,0.9846829843574635,11
left_close,handcrafted,mlp,8,balanced_misclassification_regret,0.001990583095525454,0.0007147595143650766,0.0036079979950877665,11
left_close,handcrafted,mlp,8,fit_predict_seconds,0.08049513248437451,0.07173565651508838,0.08935622065799896,11
left_close,handcrafted,mlp,8,training_cycle_count,31.90909090909091,30.60606060606061,33.36363636363637,11
left_close,handcrafted,mlp,8,training_image_count,627.3333333333335,602.0000000000001,655.8196969696969,11
left_close,handcrafted,mlp,10,balanced_accuracy,0.9355506282335552,0.8941469573786647,0.9712121212121212,11
left_close,handcrafted,mlp,10,macro_f1,0.9174056255279943,0.8586567921237841,0.9654323194341099,11
left_close,handcrafted,mlp,10,auroc,0.9467869754455122,0.8868308337439437,0.9871396254208753,11
left_close,handcrafted,mlp,10,balanced_misclassification_regret,0.0017116658692520902,0.0005853961321337269,0.003070723022754778,11
left_close,handcrafted,mlp,10,fit_predict_seconds,0.08830495064136233,0.07183691118473441,0.10870980241664008,11
left_close,handcrafted,mlp,10,training_cycle_count,40.90909090909091,39.63636363636363,42.18409090909088,11
left_close,handcrafted,mlp,10,training_image_count,805.4545454545455,782.3590909090909,829.4545454545455,11
left_close,handcrafted,random_forest,2,balanced_accuracy,0.8901879568038105,0.8416073976554161,0.9356555134680132,11
left_close,handcrafted,random_forest,2,macro_f1,0.8822443872847923,0.8278085325387129,0.9305861342838058,11
left_close,handcrafted,random_forest,2,auroc,0.9617998312506273,0.934546226043463,0.9856022610362888,11
left_close,handcrafted,random_forest,2,balanced_misclassification_regret,0.00339725361212036,0.0016632102367079963,0.005617640292214424,11
left_close,handcrafted,random_forest,2,fit_predict_seconds,0.19695838887745404,0.18236585458602567,0.21468318162248273,11
left_close,handcrafted,random_forest,2,training_cycle_count,8.424242424242424,7.666666666666666,9.272727272727273,11
left_close,handcrafted,random_forest,2,training_image_count,163.93939393939397,149.69696969696972,179.4560606060606,11
left_close,handcrafted,random_forest,4,balanced_accuracy,0.9228268456926993,0.8840637959883386,0.9590669910486984,11
left_close,handcrafted,random_forest,4,macro_f1,0.9146087460705569,0.8722447607325547,0.9537448534298311,11
left_close,handcrafted,random_forest,4,auroc,0.9608389892032337,0.9380038302586047,0.9816606458099512,11
left_close,handcrafted,random_forest,4,balanced_misclassification_regret,0.001683494278936292,0.0007786588728496684,0.0027443980815996427,11
left_close,handcrafted,random_forest,4,fit_predict_seconds,0.2083063599076757,0.1979319356532704,0.21988872090834333,11
left_close,handcrafted,random_forest,4,training_cycle_count,14.454545454545457,13.272727272727273,15.81818181818182,11
left_close,handcrafted,random_forest,4,training_image_count,286.7878787878788,266.2409090909091,310.0045454545454,11
left_close,handcrafted,random_forest,6,balanced_accuracy,0.9304067093701239,0.8949001575716518,0.9621212121212124,11
left_close,handcrafted,random_forest,6,macro_f1,0.921153027005223,0.8790864743215935,0.9575797634886627,11
left_close,handcrafted,random_forest,6,auroc,0.9628009002627905,0.9405505608678247,0.9829150883838383,11
left_close,handcrafted,random_forest,6,balanced_misclassification_regret,0.001502020668577241,0.0007704819597514931,0.0023707839748762596,11
left_close,handcrafted,random_forest,6,fit_predict_seconds,0.21653749242382636,0.2050943051532985,0.22928644881515842,11
left_close,handcrafted,random_forest,6,training_cycle_count,23.727272727272727,22.484090909090906,24.90909090909091,11
left_close,handcrafted,random_forest,6,training_image_count,466.72727272727275,445.1515151515152,486.42575757575753,11
left_close,handcrafted,random_forest,8,balanced_accuracy,0.9373408885604008,0.9036131128356739,0.968644781144781,11
left_close,handcrafted,random_forest,8,macro_f1,0.9261456791093355,0.8810076004675167,0.9647424064656522,11
left_close,handcrafted,random_forest,8,auroc,0.966649180091338,0.9474192468454303,0.9855248082678636,11
left_close,handcrafted,random_forest,8,balanced_misclassification_regret,0.0011343007313433394,0.00047116398667487595,0.0019184427897691256,11
left_close,handcrafted,random_forest,8,fit_predict_seconds,0.24749633712097863,0.22164731274963495,0.27952184669962715,11
left_close,handcrafted,random_forest,8,training_cycle_count,31.90909090909091,30.60606060606061,33.36363636363637,11
left_close,handcrafted,random_forest,8,training_image_count,627.3333333333335,602.0000000000001,655.8196969696969,11
left_close,handcrafted,random_forest,10,balanced_accuracy,0.9380142892338014,0.906023843619118,0.968560837028825,11
left_close,handcrafted,random_forest,10,macro_f1,0.9267309350605349,0.8835990240501777,0.9641404382643154,11
left_close,handcrafted,random_forest,10,auroc,0.9679948836262354,0.9532410214312844,0.9831998850291533,11
left_close,handcrafted,random_forest,10,balanced_misclassification_regret,0.00113807163267281,0.000481735869510373,0.0018934331565215738,11
left_close,handcrafted,random_forest,10,fit_predict_seconds,0.257060177994638,0.21773870508451101,0.304263432638254,11
left_close,handcrafted,random_forest,10,training_cycle_count,40.90909090909091,39.63636363636363,42.18409090909088,11
left_close,handcrafted,random_forest,10,training_image_count,805.4545454545455,782.3590909090909,829.4545454545455,11
left_close,handcrafted,rbf_svm,2,balanced_accuracy,0.8644781144781145,0.7959806397306398,0.9265572390572391,11
left_close,handcrafted,rbf_svm,2,macro_f1,0.8545036607939067,0.774708378837569,0.923014529806811,11
left_close,handcrafted,rbf_svm,2,auroc,0.9486144972192568,0.9261018306797651,0.9707430071163875,11
left_close,handcrafted,rbf_svm,2,balanced_misclassification_regret,0.003946579390330834,0.0014374234021014823,0.0069389544692706985,11
left_close,handcrafted,rbf_svm,2,fit_predict_seconds,0.008061633756645308,0.006713732823052191,0.010058645345292678,11
left_close,handcrafted,rbf_svm,2,training_cycle_count,8.424242424242424,7.666666666666666,9.272727272727273,11
left_close,handcrafted,rbf_svm,2,training_image_count,163.93939393939397,149.69696969696972,179.4560606060606,11
left_close,handcrafted,rbf_svm,4,balanced_accuracy,0.9044679518764887,0.8482780934343435,0.950675505050505,11
left_close,handcrafted,rbf_svm,4,macro_f1,0.903677367498345,0.8516663031051239,0.9474927584045288,11
left_close,handcrafted,rbf_svm,4,auroc,0.9557905799754547,0.9345200769124169,0.9754468860779202,11
left_close,handcrafted,rbf_svm,4,balanced_misclassification_regret,0.0023434281734008434,0.0008241905623240713,0.004308697701717534,11
left_close,handcrafted,rbf_svm,4,fit_predict_seconds,0.009124747453659602,0.00783176857377949,0.010604514914920204,11
left_close,handcrafted,rbf_svm,4,training_cycle_count,14.454545454545457,13.272727272727273,15.81818181818182,11
left_close,handcrafted,rbf_svm,4,training_image_count,286.7878787878788,266.2409090909091,310.0045454545454,11
left_close,handcrafted,rbf_svm,6,balanced_accuracy,0.9160558840436889,0.8732670967808164,0.9548637415824915,11
left_close,handcrafted,rbf_svm,6,macro_f1,0.9151804433241135,0.8757200777556691,0.952325313096546,11
left_close,handcrafted,rbf_svm,6,auroc,0.9567040592807025,0.9350938055321735,0.9764030704444512,11
left_close,handcrafted,rbf_svm,6,balanced_misclassification_regret,0.002014973844350534,0.0007784738254526908,0.003504201719774033,11
left_close,handcrafted,rbf_svm,6,fit_predict_seconds,0.01093114899810065,0.009544225730606934,0.01239496010748553,11
left_close,handcrafted,rbf_svm,6,training_cycle_count,23.727272727272727,22.484090909090906,24.90909090909091,11
left_close,handcrafted,rbf_svm,6,training_image_count,466.72727272727275,445.1515151515152,486.42575757575753,11
left_close,handcrafted,rbf_svm,8,balanced_accuracy,0.9222355670526402,0.8808541461361583,0.9602272727272727,11
left_close,handcrafted,rbf_svm,8,macro_f1,0.9201528148699695,0.8833898500135473,0.9563665156724126,11
left_close,handcrafted,rbf_svm,8,auroc,0.9587103247926418,0.9348245058563274,0.9790199751153129,11
left_close,handcrafted,rbf_svm,8,balanced_misclassification_regret,0.0019211216991512888,0.00072615713462379,0.0033329343553915596,11
left_close,handcrafted,rbf_svm,8,fit_predict_seconds,0.0133833661490247,0.011386176183265035,0.016098744842020094,11
left_close,handcrafted,rbf_svm,8,training_cycle_count,31.90909090909091,30.60606060606061,33.36363636363637,11
left_close,handcrafted,rbf_svm,8,training_image_count,627.3333333333335,602.0000000000001,655.8196969696969,11
left_close,handcrafted,rbf_svm,10,balanced_accuracy,0.9209657551120966,0.8788060482877555,0.9606123737373738,11
left_close,handcrafted,rbf_svm,10,macro_f1,0.9184218969900164,0.8797397843991374,0.9564826714223681,11
left_close,handcrafted,rbf_svm,10,auroc,0.9594938417029373,0.9340670343552395,0.9801671734066615,11
left_close,handcrafted,rbf_svm,10,balanced_misclassification_regret,0.001936475782964104,0.0007351307714284299,0.0033469600357710055,11
left_close,handcrafted,rbf_svm,10,fit_predict_seconds,0.014714280365627597,0.012443206150452501,0.017135228009547893,11
left_close,handcrafted,rbf_svm,10,training_cycle_count,40.90909090909091,39.63636363636363,42.18409090909088,11
left_close,handcrafted,rbf_svm,10,training_image_count,805.4545454545455,782.3590909090909,829.4545454545455,11
left_pair,handcrafted,hist_gradient_boosting,2,balanced_accuracy,0.8885870502210864,0.844622682649791,0.9317816753123606,11
left_pair,handcrafted,hist_gradient_boosting,2,macro_f1,0.8832327412594211,0.8400121636076298,0.9265391900177515,11
left_pair,handcrafted,hist_gradient_boosting,2,auroc,0.9512548193616215,0.9239408451223877,0.9766623921506734,11
left_pair,handcrafted,hist_gradient_boosting,2,balanced_misclassification_regret,0.0030194303330449384,0.0016663175801783874,0.004571363554383036,11
left_pair,handcrafted,hist_gradient_boosting,2,fit_predict_seconds,1.5645407399702398,1.3551572372426481,1.7545741130193964,11
left_pair,handcrafted,hist_gradient_boosting,2,training_cycle_count,8.424242424242424,7.666666666666666,9.272727272727273,11
left_pair,handcrafted,hist_gradient_boosting,2,training_image_count,328.30303030303025,299.8181818181818,359.45606060606065,11
left_pair,handcrafted,hist_gradient_boosting,4,balanced_accuracy,0.9136596892620988,0.8716125708642651,0.9526515151515151,11
left_pair,handcrafted,hist_gradient_boosting,4,macro_f1,0.9029768744568911,0.8546358937483197,0.9474612111160986,11
left_pair,handcrafted,hist_gradient_boosting,4,auroc,0.9596287471716269,0.9364359388046716,0.981211110531844,11
left_pair,handcrafted,hist_gradient_boosting,4,balanced_misclassification_regret,0.0021943488974056065,0.0010883500909540714,0.0035948451015619244,11
left_pair,handcrafted,hist_gradient_boosting,4,fit_predict_seconds,2.7443321048454945,2.5110465340875443,3.011662530110356,11
left_pair,handcrafted,hist_gradient_boosting,4,training_cycle_count,14.454545454545457,13.272727272727273,15.81818181818182,11
left_pair,handcrafted,hist_gradient_boosting,4,training_image_count,574.060606060606,532.7863636363637,620.5590909090906,11
left_pair,handcrafted,hist_gradient_boosting,6,balanced_accuracy,0.9251956056549431,0.8818091906768488,0.9625468223905722,11
left_pair,handcrafted,hist_gradient_boosting,6,macro_f1,0.9179317078543814,0.8697173779194451,0.9590648588901282,11
left_pair,handcrafted,hist_gradient_boosting,6,auroc,0.958754326720462,0.9275522405849902,0.985363129267209,11
left_pair,handcrafted,hist_gradient_boosting,6,balanced_misclassification_regret,0.0015830812525806101,0.0007239664618234067,0.002682462050627821,11
left_pair,handcrafted,hist_gradient_boosting,6,fit_predict_seconds,3.452414902697042,3.2043308796878565,3.7335826718487866,11
left_pair,handcrafted,hist_gradient_boosting,6,training_cycle_count,23.727272727272727,22.484090909090906,24.90909090909091,11
left_pair,handcrafted,hist_gradient_boosting,6,training_image_count,934.3636363636364,890.9696969696971,974.0621212121213,11
left_pair,handcrafted,hist_gradient_boosting,8,balanced_accuracy,0.9332894710153745,0.8993910934140603,0.9628577441077439,11
left_pair,handcrafted,hist_gradient_boosting,8,macro_f1,0.9259020735166593,0.8870207340311157,0.9592372435382951,11
left_pair,handcrafted,hist_gradient_boosting,8,auroc,0.9636643982284355,0.9393323595571257,0.9861988482919473,11
left_pair,handcrafted,hist_gradient_boosting,8,balanced_misclassification_regret,0.001511890525486973,0.0009120375763551479,0.0022689725393669515,11
left_pair,handcrafted,hist_gradient_boosting,8,fit_predict_seconds,3.58500100115039,3.192923718313537,4.116761127455957,11
left_pair,handcrafted,hist_gradient_boosting,8,training_cycle_count,31.90909090909091,30.60606060606061,33.36363636363637,11
left_pair,handcrafted,hist_gradient_boosting,8,training_image_count,1256.0606060606058,1205.5757575757577,1312.9696969696968,11
left_pair,handcrafted,hist_gradient_boosting,10,balanced_accuracy,0.9385340604843617,0.9059465608646711,0.9655942234848484,11
left_pair,handcrafted,hist_gradient_boosting,10,macro_f1,0.9316609448843924,0.8943157567386262,0.9627181494593106,11
left_pair,handcrafted,hist_gradient_boosting,10,auroc,0.9622188617686231,0.9383838011452376,0.985120300224467,11
left_pair,handcrafted,hist_gradient_boosting,10,balanced_misclassification_regret,0.0013164465599188144,0.0006516604064136905,0.0020838094959110876,11
left_pair,handcrafted,hist_gradient_boosting,10,fit_predict_seconds,3.366702094547112,3.1206768863643943,3.783333170087677,11
left_pair,handcrafted,hist_gradient_boosting,10,training_cycle_count,40.90909090909091,39.63636363636363,42.18409090909088,11
left_pair,handcrafted,hist_gradient_boosting,10,training_image_count,1612.7272727272727,1566.6954545454546,1660.7272727272727,11
left_pair,handcrafted,logistic,2,balanced_accuracy,0.8937553243276135,0.8485671790698146,0.9370647203713847,11
left_pair,handcrafted,logistic,2,macro_f1,0.8830593367272207,0.8333368280686325,0.930955138300039,11
left_pair,handcrafted,logistic,2,auroc,0.9550435696912228,0.9294284424102133,0.9780737496492704,11
left_pair,handcrafted,logistic,2,balanced_misclassification_regret,0.003080686401184762,0.0013821504283327718,0.0051263601204297,11
left_pair,handcrafted,logistic,2,fit_predict_seconds,0.011922396573936567,0.011296093058759156,0.012722616310555056,11
left_pair,handcrafted,logistic,2,training_cycle_count,8.424242424242424,7.666666666666666,9.272727272727273,11
left_pair,handcrafted,logistic,2,training_image_count,328.30303030303025,299.8181818181818,359.45606060606065,11
left_pair,handcrafted,logistic,4,balanced_accuracy,0.9103458024015253,0.8748811217090583,0.9453914141414141,11
left_pair,handcrafted,logistic,4,macro_f1,0.8965936326991581,0.8546149765638242,0.9382118487451263,11
left_pair,handcrafted,logistic,4,auroc,0.9605871067744602,0.9381346161864067,0.9815359797336795,11
left_pair,handcrafted,logistic,4,balanced_misclassification_regret,0.0024887599605838496,0.0012503174695396373,0.003813026877468073,11
left_pair,handcrafted,logistic,4,fit_predict_seconds,0.013822033997822664,0.012452987347955278,0.01574180692469147,11
left_pair,handcrafted,logistic,4,training_cycle_count,14.454545454545457,13.272727272727273,15.81818181818182,11
left_pair,handcrafted,logistic,4,training_image_count,574.060606060606,532.7863636363637,620.5590909090906,11
left_pair,handcrafted,logistic,6,balanced_accuracy,0.926597044744635,0.8873531848353009,0.9615440867003365,11
left_pair,handcrafted,logistic,6,macro_f1,0.9160624967351597,0.8717656072383404,0.9557811587605921,11
left_pair,handcrafted,logistic,6,auroc,0.9632584437779176,0.9398275352303577,0.9848385548190235,11
left_pair,handcrafted,logistic,6,balanced_misclassification_regret,0.001706699725139972,0.0007568708896758173,0.0028245891876729754,11
left_pair,handcrafted,logistic,6,fit_predict_seconds,0.014157973546499497,0.013730300036056148,0.014609974606741382,11
left_pair,handcrafted,logistic,6,training_cycle_count,23.727272727272727,22.484090909090906,24.90909090909091,11
left_pair,handcrafted,logistic,6,training_image_count,934.3636363636364,890.9696969696971,974.0621212121213,11
left_pair,handcrafted,logistic,8,balanced_accuracy,0.9408912163806743,0.9074162052249402,0.9701196864478112,11
left_pair,handcrafted,logistic,8,macro_f1,0.9320532417875224,0.8947941410968686,0.9656499723730034,11
left_pair,handcrafted,logistic,8,auroc,0.9652941416338756,0.9449727165184306,0.9847971358550784,11
left_pair,handcrafted,logistic,8,balanced_misclassification_regret,0.0012525558078003152,0.0005255486298089087,0.002123561570145383,11
left_pair,handcrafted,logistic,8,fit_predict_seconds,0.016127775335035316,0.015043790063557964,0.0176085630065989,11
left_pair,handcrafted,logistic,8,training_cycle_count,31.90909090909091,30.60606060606061,33.36363636363637,11
left_pair,handcrafted,logistic,8,training_image_count,1256.0606060606058,1205.5757575757577,1312.9696969696968,11
left_pair,handcrafted,logistic,10,balanced_accuracy,0.9430099184617258,0.9127871619051966,0.9697285353535353,11
left_pair,handcrafted,logistic,10,macro_f1,0.9365679428646551,0.9054521339792727,0.9652772921380185,11
left_pair,handcrafted,logistic,10,auroc,0.9723076016185956,0.9550167680665846,0.9892361111111111,11
left_pair,handcrafted,logistic,10,balanced_misclassification_regret,0.0012333759428726754,0.0005703173153758557,0.0020008834464012347,11
left_pair,handcrafted,logistic,10,fit_predict_seconds,0.017273181636648424,0.016611615477780686,0.017949261274572397,11
left_pair,handcrafted,logistic,10,training_cycle_count,40.90909090909091,39.63636363636363,42.18409090909088,11
left_pair,handcrafted,logistic,10,training_image_count,1612.7272727272727,1566.6954545454546,1660.7272727272727,11
left_pair,handcrafted,mlp,2,balanced_accuracy,0.8783445651292038,0.8262144696209079,0.9232133838383837,11
left_pair,handcrafted,mlp,2,macro_f1,0.8518452369655388,0.7789516720832136,0.9121455939218849,11
left_pair,handcrafted,mlp,2,auroc,0.9263163484465357,0.8849269910819625,0.9606197792449962,11
left_pair,handcrafted,mlp,2,balanced_misclassification_regret,0.004153715509300518,0.0025006800642551623,0.005820487938091318,11
left_pair,handcrafted,mlp,2,fit_predict_seconds,0.05087115533410036,0.04732549278271494,0.05465315642842059,11
left_pair,handcrafted,mlp,2,training_cycle_count,8.424242424242424,7.666666666666666,9.272727272727273,11
left_pair,handcrafted,mlp,2,training_image_count,328.30303030303025,299.8181818181818,359.45606060606065,11
left_pair,handcrafted,mlp,4,balanced_accuracy,0.8976470275039552,0.8510426554703664,0.9381739267676767,11
left_pair,handcrafted,mlp,4,macro_f1,0.8760957596474935,0.8115460521383029,0.9307990031648762,11
left_pair,handcrafted,mlp,4,auroc,0.947938890980589,0.9105606919074656,0.9780151778198655,11
left_pair,handcrafted,mlp,4,balanced_misclassification_regret,0.003040151602802539,0.0016330541392130815,0.004531593472858249,11
left_pair,handcrafted,mlp,4,fit_predict_seconds,0.07263734084853873,0.06577663377412879,0.0800492009044595,11
left_pair,handcrafted,mlp,4,training_cycle_count,14.454545454545457,13.272727272727273,15.81818181818182,11
left_pair,handcrafted,mlp,4,training_image_count,574.060606060606,532.7863636363637,620.5590909090906,11
left_pair,handcrafted,mlp,6,balanced_accuracy,0.903228570849053,0.8566681340260031,0.9443647411616161,11
left_pair,handcrafted,mlp,6,macro_f1,0.882872236442352,0.8200794124536447,0.9376380436670446,11
left_pair,handcrafted,mlp,6,auroc,0.9477951367760604,0.9121750450085275,0.9780137968223905,11
left_pair,handcrafted,mlp,6,balanced_misclassification_regret,0.0028339172625902547,0.0013824599307957315,0.004346871362805547,11
left_pair,handcrafted,mlp,6,fit_predict_seconds,0.08781503163768457,0.07982214019681454,0.09752192364202611,11
left_pair,handcrafted,mlp,6,training_cycle_count,23.727272727272727,22.484090909090906,24.90909090909091,11
left_pair,handcrafted,mlp,6,training_image_count,934.3636363636364,890.9696969696971,974.0621212121213,11
left_pair,handcrafted,mlp,8,balanced_accuracy,0.9143862064419295,0.8725697613687071,0.953549558080808,11
left_pair,handcrafted,mlp,8,macro_f1,0.8949672385726187,0.8382860362562968,0.9465892219117403,11
left_pair,handcrafted,mlp,8,auroc,0.9594274615296201,0.9269458859216327,0.9856199801837822,11
left_pair,handcrafted,mlp,8,balanced_misclassification_regret,0.002370900141320863,0.0011228187526141277,0.00362799619133171,11
left_pair,handcrafted,mlp,8,fit_predict_seconds,0.10535915912072541,0.09967693214886379,0.11135236924539749,11
left_pair,handcrafted,mlp,8,training_cycle_count,31.90909090909091,30.60606060606061,33.36363636363637,11
left_pair,handcrafted,mlp,8,training_image_count,1256.0606060606058,1205.5757575757577,1312.9696969696968,11
left_pair,handcrafted,mlp,10,balanced_accuracy,0.9189082085919434,0.8669759815778266,0.9599124053030303,11
left_pair,handcrafted,mlp,10,macro_f1,0.9049830605214045,0.846989955554519,0.9528520846174509,11
left_pair,handcrafted,mlp,10,auroc,0.9656870458475314,0.9388380542371507,0.9888558435921716,11
left_pair,handcrafted,mlp,10,balanced_misclassification_regret,0.00215710421022342,0.0007028954439795688,0.004349164848971795,11
left_pair,handcrafted,mlp,10,fit_predict_seconds,0.12142406463813545,0.10913771472643766,0.13399448474619102,11
left_pair,handcrafted,mlp,10,training_cycle_count,40.90909090909091,39.63636363636363,42.18409090909088,11
left_pair,handcrafted,mlp,10,training_image_count,1612.7272727272727,1566.6954545454546,1660.7272727272727,11
left_pair,handcrafted,random_forest,2,balanced_accuracy,0.885157422619772,0.8380718898320554,0.9306081649831648,11
left_pair,handcrafted,random_forest,2,macro_f1,0.8793212090264775,0.8296530044614565,0.9273466419227467,11
left_pair,handcrafted,random_forest,2,auroc,0.9656052842296515,0.9430400942073218,0.986653280490086,11
left_pair,handcrafted,random_forest,2,balanced_misclassification_regret,0.003376907738051238,0.0016551100023502986,0.005439841109988075,11
left_pair,handcrafted,random_forest,2,fit_predict_seconds,0.15909229673067757,0.15467936991137157,0.16373229258050825,11
left_pair,handcrafted,random_forest,2,training_cycle_count,8.424242424242424,7.666666666666666,9.272727272727273,11
left_pair,handcrafted,random_forest,2,training_image_count,328.30303030303025,299.8181818181818,359.45606060606065,11
left_pair,handcrafted,random_forest,4,balanced_accuracy,0.9250741602774736,0.8916458542503347,0.9567042824074073,11
left_pair,handcrafted,random_forest,4,macro_f1,0.9189042676992659,0.8821272311744252,0.9534735352286644,11
left_pair,handcrafted,random_forest,4,auroc,0.9655324937692691,0.946628392152628,0.983617081700117,11
left_pair,handcrafted,random_forest,4,balanced_misclassification_regret,0.0017532990629201114,0.0008780576093159518,0.002746621288517224,11
left_pair,handcrafted,random_forest,4,fit_predict_seconds,0.1945012235135602,0.19159456797702165,0.19768358961847493,11
left_pair,handcrafted,random_forest,4,training_cycle_count,14.454545454545457,13.272727272727273,15.81818181818182,11
left_pair,handcrafted,random_forest,4,training_image_count,574.060606060606,532.7863636363637,620.5590909090906,11
left_pair,handcrafted,random_forest,6,balanced_accuracy,0.936027189566346,0.9026704291915137,0.9659511784511785,11
left_pair,handcrafted,random_forest,6,macro_f1,0.9306597428405744,0.8939750339335862,0.9633993563873504,11
left_pair,handcrafted,random_forest,6,auroc,0.9657128941023635,0.9451425284449211,0.9856572780758978,11
left_pair,handcrafted,random_forest,6,balanced_misclassification_regret,0.0012647483584579463,0.0005746662038222975,0.002085709372311835,11
left_pair,handcrafted,random_forest,6,fit_predict_seconds,0.19653377018315066,0.18985237498769,0.203781882256788,11
left_pair,handcrafted,random_forest,6,training_cycle_count,23.727272727272727,22.484090909090906,24.90909090909091,11
left_pair,handcrafted,random_forest,6,training_image_count,934.3636363636364,890.9696969696971,974.0621212121213,11
left_pair,handcrafted,random_forest,8,balanced_accuracy,0.9361836233824186,0.9027622833505742,0.9654887415824916,11
left_pair,handcrafted,random_forest,8,macro_f1,0.9310795284221812,0.8973346068412772,0.9620445024586279,11
left_pair,handcrafted,random_forest,8,auroc,0.9679697764824732,0.9482007777136534,0.9862759539842874,11
left_pair,handcrafted,random_forest,8,balanced_misclassification_regret,0.0013655366221157613,0.0006128888176967299,0.0023878344327496995,11
left_pair,handcrafted,random_forest,8,fit_predict_seconds,0.19925846208934672,0.19461075324586335,0.20573343422932366,11
left_pair,handcrafted,random_forest,8,training_cycle_count,31.90909090909091,30.60606060606061,33.36363636363637,11
left_pair,handcrafted,random_forest,8,training_image_count,1256.0606060606058,1205.5757575757577,1312.9696969696968,11
left_pair,handcrafted,random_forest,10,balanced_accuracy,0.9370945904831447,0.9007384747322624,0.9666982323232325,11
left_pair,handcrafted,random_forest,10,macro_f1,0.9307770953310314,0.8940150228663635,0.9624113528592521,11
left_pair,handcrafted,random_forest,10,auroc,0.967279933602254,0.9469246679742962,0.9861673922383559,11
left_pair,handcrafted,random_forest,10,balanced_misclassification_regret,0.0014947196574745922,0.0006164053696047748,0.0027399908621895336,11
left_pair,handcrafted,random_forest,10,fit_predict_seconds,0.19877229918016714,0.1882035759843182,0.21548369081799384,11
left_pair,handcrafted,random_forest,10,training_cycle_count,40.90909090909091,39.63636363636363,42.18409090909088,11
left_pair,handcrafted,random_forest,10,training_image_count,1612.7272727272727,1566.6954545454546,1660.7272727272727,11
left_pair,handcrafted,rbf_svm,2,balanced_accuracy,0.9080650886373779,0.859703612429516,0.9490961700336699,11
left_pair,handcrafted,rbf_svm,2,macro_f1,0.9068445931428638,0.862611861229885,0.9454307481458641,11
left_pair,handcrafted,rbf_svm,2,auroc,0.9544697651084135,0.9330766549864229,0.9753778781741022,11
left_pair,handcrafted,rbf_svm,2,balanced_misclassification_regret,0.0022452124775244895,0.0010139753977423012,0.0038106876098857076,11
left_pair,handcrafted,rbf_svm,2,fit_predict_seconds,0.007221905335565238,0.006584153234694951,0.007879279318127153,11
left_pair,handcrafted,rbf_svm,2,training_cycle_count,8.424242424242424,7.666666666666666,9.272727272727273,11
left_pair,handcrafted,rbf_svm,2,training_image_count,328.30303030303025,299.8181818181818,359.45606060606065,11
left_pair,handcrafted,rbf_svm,4,balanced_accuracy,0.9183106162021825,0.8741530611080688,0.9562292192760944,11
left_pair,handcrafted,rbf_svm,4,macro_f1,0.9143782881803048,0.8715668160432923,0.9525235730099468,11
left_pair,handcrafted,rbf_svm,4,auroc,0.959906141294978,0.9408225915816042,0.9784051504840913,11
left_pair,handcrafted,rbf_svm,4,balanced_misclassification_regret,0.001904142761575261,0.0007406080115116189,0.0034259551863085247,11
left_pair,handcrafted,rbf_svm,4,fit_predict_seconds,0.00956526266721388,0.008588569622268992,0.010606695588957694,11
left_pair,handcrafted,rbf_svm,4,training_cycle_count,14.454545454545457,13.272727272727273,15.81818181818182,11
left_pair,handcrafted,rbf_svm,4,training_image_count,574.060606060606,532.7863636363637,620.5590909090906,11
left_pair,handcrafted,rbf_svm,6,balanced_accuracy,0.9288009360675024,0.8935205912031965,0.9612319543324814,11
left_pair,handcrafted,rbf_svm,6,macro_f1,0.9242742117431938,0.8891895281618574,0.9577866627432895,11
left_pair,handcrafted,rbf_svm,6,auroc,0.9607151758690203,0.9406239448622915,0.9795514120613347,11
left_pair,handcrafted,rbf_svm,6,balanced_misclassification_regret,0.001629765792757429,0.0006560145800730793,0.0028052705127256006,11
left_pair,handcrafted,rbf_svm,6,fit_predict_seconds,0.014128895270087843,0.012497891878240009,0.0159570704541693,11
left_pair,handcrafted,rbf_svm,6,training_cycle_count,23.727272727272727,22.484090909090906,24.90909090909091,11
left_pair,handcrafted,rbf_svm,6,training_image_count,934.3636363636364,890.9696969696971,974.0621212121213,11
left_pair,handcrafted,rbf_svm,8,balanced_accuracy,0.9373097186726707,0.9100865108159913,0.9644148088566386,11
left_pair,handcrafted,rbf_svm,8,macro_f1,0.9317462992500407,0.902565318227296,0.9611309564058288,11
left_pair,handcrafted,rbf_svm,8,auroc,0.9613369997597009,0.9384055614292185,0.9812537118873924,11
left_pair,handcrafted,rbf_svm,8,balanced_misclassification_regret,0.0014254043440344922,0.000622615777286505,0.00230212926463122,11
left_pair,handcrafted,rbf_svm,8,fit_predict_seconds,0.02095024118192889,0.01757179044046401,0.025332296986281023,11
left_pair,handcrafted,rbf_svm,8,training_cycle_count,31.90909090909091,30.60606060606061,33.36363636363637,11
left_pair,handcrafted,rbf_svm,8,training_image_count,1256.0606060606058,1205.5757575757577,1312.9696969696968,11
left_pair,handcrafted,rbf_svm,10,balanced_accuracy,0.9399259918461724,0.9139423318273091,0.9654703282828282,11
left_pair,handcrafted,rbf_svm,10,macro_f1,0.9343897253649907,0.9060733609799763,0.9624750384643488,11
left_pair,handcrafted,rbf_svm,10,auroc,0.9638217669710829,0.9416934208186915,0.9833706071259997,11
left_pair,handcrafted,rbf_svm,10,balanced_misclassification_regret,0.001336071623885011,0.0006040971498194915,0.002121035061850235,11
left_pair,handcrafted,rbf_svm,10,fit_predict_seconds,0.028232609906064517,0.025123972801719158,0.0330547865165334,11
left_pair,handcrafted,rbf_svm,10,training_cycle_count,40.90909090909091,39.63636363636363,42.18409090909088,11
left_pair,handcrafted,rbf_svm,10,training_image_count,1612.7272727272727,1566.6954545454546,1660.7272727272727,11
top,handcrafted,hist_gradient_boosting,2,balanced_accuracy,0.8591510341510342,0.7719690957190957,0.9252551557239056,11
top,handcrafted,hist_gradient_boosting,2,macro_f1,0.84536604202328,0.7284021571562462,0.9250765992931841,11
top,handcrafted,hist_gradient_boosting,2,auroc,0.9195068659478384,0.8405380284742264,0.973839374440503,11
top,handcrafted,hist_gradient_boosting,2,balanced_misclassification_regret,0.00404459819171071,0.0014090685437685927,0.008161255368637455,11
top,handcrafted,hist_gradient_boosting,2,fit_predict_seconds,0.8647637727580416,0.6869699157885353,1.0259723685055204,11
top,handcrafted,hist_gradient_boosting,2,training_cycle_count,8.424242424242424,7.666666666666666,9.272727272727273,11
top,handcrafted,hist_gradient_boosting,2,training_image_count,164.36363636363637,150.1818181818182,180.0,11
top,handcrafted,hist_gradient_boosting,4,balanced_accuracy,0.8749849687349687,0.8137449645262145,0.9278198653198652,11
top,handcrafted,hist_gradient_boosting,4,macro_f1,0.8662912632151669,0.7850161039288844,0.9277279449599065,11
top,handcrafted,hist_gradient_boosting,4,auroc,0.9394088871519426,0.8768182820266155,0.9809735645976966,11
top,handcrafted,hist_gradient_boosting,4,balanced_misclassification_regret,0.0035300698154624903,0.0014074012686502862,0.006703854017868866,11
top,handcrafted,hist_gradient_boosting,4,fit_predict_seconds,2.061704708240348,1.6760449283489312,2.4734445974526436,11
top,handcrafted,hist_gradient_boosting,4,training_cycle_count,14.454545454545457,13.272727272727273,15.81818181818182,11
top,handcrafted,hist_gradient_boosting,4,training_image_count,287.27272727272725,266.54545454545456,310.55454545454535,11
top,handcrafted,hist_gradient_boosting,6,balanced_accuracy,0.8915193602693602,0.8260732323232323,0.9451836069023569,11
top,handcrafted,hist_gradient_boosting,6,macro_f1,0.8813008809259603,0.7961844956746035,0.944185710887353,11
top,handcrafted,hist_gradient_boosting,6,auroc,0.9442510839212228,0.883557091458567,0.9835605288166052,11
top,handcrafted,hist_gradient_boosting,6,balanced_misclassification_regret,0.0031542253875655275,0.0010719718856641595,0.0063540146031255285,11
top,handcrafted,hist_gradient_boosting,6,fit_predict_seconds,3.777247209452925,3.2482884390087174,4.260337688887199,11
top,handcrafted,hist_gradient_boosting,6,training_cycle_count,23.727272727272727,22.484090909090906,24.90909090909091,11
top,handcrafted,hist_gradient_boosting,6,training_image_count,467.6363636363636,445.8181818181818,487.6363636363636,11
top,handcrafted,hist_gradient_boosting,8,balanced_accuracy,0.8981271043771044,0.8062621001683501,0.9635553451178451,11
top,handcrafted,hist_gradient_boosting,8,macro_f1,0.8783014715350448,0.7568926036529257,0.9594620414307562,11
top,handcrafted,hist_gradient_boosting,8,auroc,0.9480017603281492,0.8953955289502165,0.9830777705126663,11
top,handcrafted,hist_gradient_boosting,8,balanced_misclassification_regret,0.0031746856921718238,0.0005981437916102325,0.007357419246799226,11
top,handcrafted,hist_gradient_boosting,8,fit_predict_seconds,4.802750608664196,4.349603076990817,5.228764683650287,11
top,handcrafted,hist_gradient_boosting,8,training_cycle_count,31.90909090909091,30.60606060606061,33.36363636363637,11
top,handcrafted,hist_gradient_boosting,8,training_image_count,628.7272727272727,603.6272727272727,657.0909090909091,11
top,handcrafted,hist_gradient_boosting,10,balanced_accuracy,0.8934613997113996,0.8042207792207794,0.953062996031746,11
top,handcrafted,hist_gradient_boosting,10,macro_f1,0.8739447288775627,0.7550014495885969,0.9499318695933565,11
top,handcrafted,hist_gradient_boosting,10,auroc,0.9055659521805354,0.7585951028138528,0.9862319468243947,11
top,handcrafted,hist_gradient_boosting,10,balanced_misclassification_regret,0.003146233685015361,0.0007276864051919813,0.00727757582775676,11
top,handcrafted,hist_gradient_boosting,10,fit_predict_seconds,5.931095155180876,5.053137770574937,6.762237184888231,11
top,handcrafted,hist_gradient_boosting,10,training_cycle_count,40.90909090909091,39.63636363636363,42.18409090909088,11
top,handcrafted,hist_gradient_boosting,10,training_image_count,807.2727272727273,784.3363636363637,831.2727272727273,11
top,handcrafted,logistic,2,balanced_accuracy,0.8728445165945167,0.7870392165704666,0.9340912097162097,11
top,handcrafted,logistic,2,macro_f1,0.8546438158321966,0.7402819231773277,0.9299226000810772,11
top,handcrafted,logistic,2,auroc,0.9378973264389932,0.869709464436027,0.9804911152697612,11
top,handcrafted,logistic,2,balanced_misclassification_regret,0.003959084606551464,0.001484536607927831,0.00795090176336887,11
top,handcrafted,logistic,2,fit_predict_seconds,0.014504449484361843,0.01201328468620583,0.017320945115154078,11
top,handcrafted,logistic,2,training_cycle_count,8.424242424242424,7.666666666666666,9.272727272727273,11
top,handcrafted,logistic,2,training_image_count,164.36363636363637,150.1818181818182,180.0,11
top,handcrafted,logistic,4,balanced_accuracy,0.8977332852332853,0.8097816708754209,0.9577085588023088,11
top,handcrafted,logistic,4,macro_f1,0.8773803844825732,0.7581283835429694,0.9544560572908739,11
top,handcrafted,logistic,4,auroc,0.9728380030463366,0.9568864237614239,0.988286385682219,11
top,handcrafted,logistic,4,balanced_misclassification_regret,0.003033138301043885,0.0006459143242167566,0.0071605916692624024,11
top,handcrafted,logistic,4,fit_predict_seconds,0.015899334639085064,0.012167925399813668,0.02110870168491436,11
top,handcrafted,logistic,4,training_cycle_count,14.454545454545457,13.272727272727273,15.81818181818182,11
top,handcrafted,logistic,4,training_image_count,287.27272727272725,266.54545454545456,310.55454545454535,11
top,handcrafted,logistic,6,balanced_accuracy,0.896933621933622,0.8081993296055795,0.9577925835738337,11
top,handcrafted,logistic,6,macro_f1,0.8761546034662299,0.7571094146055244,0.9541299232503698,11
top,handcrafted,logistic,6,auroc,0.9743398351905296,0.9583955492006706,0.9894965277777776,11
top,handcrafted,logistic,6,balanced_misclassification_regret,0.0031295794588368175,0.0007074289846009921,0.0072731018546187895,11
top,handcrafted,logistic,6,fit_predict_seconds,0.015750770151939694,0.013870456913939438,0.017946681291924144,11
top,handcrafted,logistic,6,training_cycle_count,23.727272727272727,22.484090909090906,24.90909090909091,11
top,handcrafted,logistic,6,training_image_count,467.6363636363636,445.8181818181818,487.6363636363636,11
top,handcrafted,logistic,8,balanced_accuracy,0.9061898749398748,0.8161221590909091,0.9666467502405002,11
top,handcrafted,logistic,8,macro_f1,0.8825590611104448,0.7622496223038687,0.9600789898636787,11
top,handcrafted,logistic,8,auroc,0.9726501957404736,0.9560050112567474,0.9888363629683073,11
top,handcrafted,logistic,8,balanced_misclassification_regret,0.0029701456175753272,0.0005991219740669383,0.007112421194776334,11
top,handcrafted,logistic,8,fit_predict_seconds,0.01898080557337821,0.015155775111369707,0.023404912296047593,11
top,handcrafted,logistic,8,training_cycle_count,31.90909090909091,30.60606060606061,33.36363636363637,11
top,handcrafted,logistic,8,training_image_count,628.7272727272727,603.6272727272727,657.0909090909091,11
top,handcrafted,logistic,10,balanced_accuracy,0.9084054834054833,0.8181277056277058,0.9685637626262626,11
top,handcrafted,logistic,10,macro_f1,0.8835906354965407,0.7629400927507981,0.9614839726237595,11
top,handcrafted,logistic,10,auroc,0.9726152898027898,0.9553020344817218,0.9893156828703704,11
top,handcrafted,logistic,10,balanced_misclassification_regret,0.0028924402324521387,0.0004870020111627765,0.007057147754418407,11
top,handcrafted,logistic,10,fit_predict_seconds,0.015479480818612501,0.013887067917610033,0.01741592419130029,11
top,handcrafted,logistic,10,training_cycle_count,40.90909090909091,39.63636363636363,42.18409090909088,11
top,handcrafted,logistic,10,training_image_count,807.2727272727273,784.3363636363637,831.2727272727273,11
top,handcrafted,mlp,2,balanced_accuracy,0.8767556517556517,0.7954283910533911,0.9348387896825396,11
top,handcrafted,mlp,2,macro_f1,0.8439434593151275,0.7369675682584027,0.9191651109884905,11
top,handcrafted,mlp,2,auroc,0.9386359043477099,0.8850761093491128,0.9751464504502699,11
top,handcrafted,mlp,2,balanced_misclassification_regret,0.005544940806288478,0.0016951397784151182,0.012185388457942174,11
top,handcrafted,mlp,2,fit_predict_seconds,0.046189945605654044,0.03797841919839618,0.05349339422673713,11
top,handcrafted,mlp,2,training_cycle_count,8.424242424242424,7.666666666666666,9.272727272727273,11
top,handcrafted,mlp,2,training_image_count,164.36363636363637,150.1818181818182,180.0,11
top,handcrafted,mlp,4,balanced_accuracy,0.8961790524290524,0.8121832160894662,0.9507575757575758,11
top,handcrafted,mlp,4,macro_f1,0.8685685954545869,0.7577564275783818,0.9408653840026574,11
top,handcrafted,mlp,4,auroc,0.9335024350649351,0.8631110209235208,0.9781895780723905,11
top,handcrafted,mlp,4,balanced_misclassification_regret,0.004988345455852838,0.0011267739286098656,0.011766672658197024,11
top,handcrafted,mlp,4,fit_predict_seconds,0.048009093392245246,0.04146469882863598,0.05572700248984883,11
top,handcrafted,mlp,4,training_cycle_count,14.454545454545457,13.272727272727273,15.81818181818182,11
top,handcrafted,mlp,4,training_image_count,287.27272727272725,266.54545454545456,310.55454545454535,11
top,handcrafted,mlp,6,balanced_accuracy,0.9056818181818183,0.8187657828282827,0.9614898989898989,11
top,handcrafted,mlp,6,macro_f1,0.8792181056725273,0.7647557730292308,0.9524542785886413,11
top,handcrafted,mlp,6,auroc,0.9689536736411736,0.9516595894460478,0.9856467890712682,11
top,handcrafted,mlp,6,balanced_misclassification_regret,0.004732250861914896,0.0007914452303485574,0.011591789005952355,11
top,handcrafted,mlp,6,fit_predict_seconds,0.067936350909859,0.056769482027205706,0.08143868585999976,11
top,handcrafted,mlp,6,training_cycle_count,23.727272727272727,22.484090909090906,24.90909090909091,11
top,handcrafted,mlp,6,training_image_count,467.6363636363636,445.8181818181818,487.6363636363636,11
top,handcrafted,mlp,8,balanced_accuracy,0.9034932659932661,0.8157344276094276,0.9593876262626264,11
top,handcrafted,mlp,8,macro_f1,0.8764832116360313,0.7590951863710786,0.9510800206916332,11
top,handcrafted,mlp,8,auroc,0.9696927108385441,0.9517857957050665,0.9867618709415585,11
top,handcrafted,mlp,8,balanced_misclassification_regret,0.004978461368844974,0.0008028839651363506,0.012321966513245424,11
top,handcrafted,mlp,8,fit_predict_seconds,0.06702086239326464,0.06139746055222613,0.07255048396969373,11
top,handcrafted,mlp,8,training_cycle_count,31.90909090909091,30.60606060606061,33.36363636363637,11
top,handcrafted,mlp,8,training_image_count,628.7272727272727,603.6272727272727,657.0909090909091,11
top,handcrafted,mlp,10,balanced_accuracy,0.9116522366522365,0.8213744588744589,0.9692279942279942,11
top,handcrafted,mlp,10,macro_f1,0.8864879857219133,0.7663678790821504,0.962332133215523,11
top,handcrafted,mlp,10,auroc,0.9669004028379028,0.9500052609427609,0.9833871828403079,11
top,handcrafted,mlp,10,balanced_misclassification_regret,0.004806841425707079,0.0006113795331245164,0.012184973932061522,11
top,handcrafted,mlp,10,fit_predict_seconds,0.07779176518670283,0.0619833455722652,0.09290868215307867,11
top,handcrafted,mlp,10,training_cycle_count,40.90909090909091,39.63636363636363,42.18409090909088,11
top,handcrafted,mlp,10,training_image_count,807.2727272727273,784.3363636363637,831.2727272727273,11
top,handcrafted,random_forest,2,balanced_accuracy,0.8759680134680136,0.7877946127946128,0.9421717171717172,11
top,handcrafted,random_forest,2,macro_f1,0.8602155147637862,0.7420062189104455,0.9402974159862353,11
top,handcrafted,random_forest,2,auroc,0.960712093654802,0.9374447460091991,0.9820646397632075,11
top,handcrafted,random_forest,2,balanced_misclassification_regret,0.003665846910310966,0.0011158465458141781,0.007789536345974116,11
top,handcrafted,random_forest,2,fit_predict_seconds,0.21416871966600104,0.19651798548304325,0.23096577064147406,11
top,handcrafted,random_forest,2,training_cycle_count,8.424242424242424,7.666666666666666,9.272727272727273,11
top,handcrafted,random_forest,2,training_image_count,164.36363636363637,150.1818181818182,180.0,11
top,handcrafted,random_forest,4,balanced_accuracy,0.8815626503126505,0.7941426917989417,0.9444465488215489,11
top,handcrafted,random_forest,4,macro_f1,0.8650876695238208,0.748050641458683,0.9423789236785143,11
top,handcrafted,random_forest,4,auroc,0.9733355170421144,0.956503276815777,0.9888638628764497,11
top,handcrafted,random_forest,4,balanced_misclassification_regret,0.0035395093941711906,0.0010109164347910057,0.0076763249030120575,11
top,handcrafted,random_forest,4,fit_predict_seconds,0.2238834747016275,0.1950131785912769,0.2524926036846547,11
top,handcrafted,random_forest,4,training_cycle_count,14.454545454545457,13.272727272727273,15.81818181818182,11
top,handcrafted,random_forest,4,training_image_count,287.27272727272725,266.54545454545456,310.55454545454535,11
top,handcrafted,random_forest,6,balanced_accuracy,0.8935575998076,0.8048153409090909,0.9550514820827319,11
top,handcrafted,random_forest,6,macro_f1,0.87532912972075,0.7570403388977021,0.9523871004883699,11
top,handcrafted,random_forest,6,auroc,0.9735224684009406,0.957416407377345,0.9879620861391694,11
top,handcrafted,random_forest,6,balanced_misclassification_regret,0.0033007865024661798,0.0008055431360076692,0.007450356463185529,11
top,handcrafted,random_forest,6,fit_predict_seconds,0.23479817294124092,0.2144473188455088,0.2612011858157171,11
top,handcrafted,random_forest,6,training_cycle_count,23.727272727272727,22.484090909090906,24.90909090909091,11
top,handcrafted,random_forest,6,training_image_count,467.6363636363636,445.8181818181818,487.6363636363636,11
top,handcrafted,random_forest,8,balanced_accuracy,0.9068632756132757,0.8170544733044734,0.9667929292929294,11
top,handcrafted,random_forest,8,macro_f1,0.885270522681311,0.7658132714535714,0.9620529102501045,11
top,handcrafted,random_forest,8,auroc,0.9646977588383838,0.9424956487619248,0.9843753507295174,11
top,handcrafted,random_forest,8,balanced_misclassification_regret,0.0029786478509618536,0.0006017884023763726,0.007106785372231534,11
top,handcrafted,random_forest,8,fit_predict_seconds,0.2569977386050265,0.2214146543665927,0.3015969983387604,11
top,handcrafted,random_forest,8,training_cycle_count,31.90909090909091,30.60606060606061,33.36363636363637,11
top,handcrafted,random_forest,8,training_image_count,628.7272727272727,603.6272727272727,657.0909090909091,11
top,handcrafted,random_forest,10,balanced_accuracy,0.9037518037518038,0.8144191919191918,0.9627164502164501,11
top,handcrafted,random_forest,10,macro_f1,0.8812033199359823,0.7621608719617983,0.9569459330245246,11
top,handcrafted,random_forest,10,auroc,0.975190646544813,0.96119082378848,0.988787515532307,11
top,handcrafted,random_forest,10,balanced_misclassification_regret,0.0029384123582690933,0.0005428812925041636,0.007076876787232091,11
top,handcrafted,random_forest,10,fit_predict_seconds,0.2184109280060511,0.20754846758718487,0.2298349915329626,11
top,handcrafted,random_forest,10,training_cycle_count,40.90909090909091,39.63636363636363,42.18409090909088,11
top,handcrafted,random_forest,10,training_image_count,807.2727272727273,784.3363636363637,831.2727272727273,11
top,handcrafted,rbf_svm,2,balanced_accuracy,0.846696127946128,0.758409617003367,0.9171927609427609,11
top,handcrafted,rbf_svm,2,macro_f1,0.8215851784817739,0.7003614950418976,0.9138091756549129,11
top,handcrafted,rbf_svm,2,auroc,0.9579396812035701,0.9407176573105392,0.976091102827214,11
top,handcrafted,rbf_svm,2,balanced_misclassification_regret,0.005922505206716372,0.002109362183083174,0.011203690426759153,11
top,handcrafted,rbf_svm,2,fit_predict_seconds,0.008055821912200896,0.00724062200831461,0.008964451342476285,11
top,handcrafted,rbf_svm,2,training_cycle_count,8.424242424242424,7.666666666666666,9.272727272727273,11
top,handcrafted,rbf_svm,2,training_image_count,164.36363636363637,150.1818181818182,180.0,11
top,handcrafted,rbf_svm,4,balanced_accuracy,0.8812860750360749,0.7949889520202021,0.9418928120490621,11
top,handcrafted,rbf_svm,4,macro_f1,0.8596531137801983,0.7440533687882745,0.9366689361498891,11
top,handcrafted,rbf_svm,4,auroc,0.965051933020683,0.9465091765873017,0.9830172540133477,11
top,handcrafted,rbf_svm,4,balanced_misclassification_regret,0.003823474967483719,0.0011792553929581907,0.007944522611919318,11
top,handcrafted,rbf_svm,4,fit_predict_seconds,0.008855530365976983,0.007492922264160976,0.010623965863421538,11
top,handcrafted,rbf_svm,4,training_cycle_count,14.454545454545457,13.272727272727273,15.81818181818182,11
top,handcrafted,rbf_svm,4,training_image_count,287.27272727272725,266.54545454545456,310.55454545454535,11
top,handcrafted,rbf_svm,6,balanced_accuracy,0.8941498316498318,0.8060816498316499,0.9542350589225588,11
top,handcrafted,rbf_svm,6,macro_f1,0.8722627537356499,0.7542384975055985,0.9484293213934035,11
top,handcrafted,rbf_svm,6,auroc,0.9643944404361071,0.941351072731281,0.9847861927809846,11
top,handcrafted,rbf_svm,6,balanced_misclassification_regret,0.003257419854823949,0.0007801495578064298,0.0074071855697125195,11
top,handcrafted,rbf_svm,6,fit_predict_seconds,0.00972767415629333,0.008538208915463958,0.011275940517556262,11
top,handcrafted,rbf_svm,6,training_cycle_count,23.727272727272727,22.484090909090906,24.90909090909091,11
top,handcrafted,rbf_svm,6,training_image_count,467.6363636363636,445.8181818181818,487.6363636363636,11
top,handcrafted,rbf_svm,8,balanced_accuracy,0.900117243867244,0.811701464045214,0.9577046506734007,11
top,handcrafted,rbf_svm,8,macro_f1,0.8760886629624157,0.7572328146878748,0.9509945442197236,11
top,handcrafted,rbf_svm,8,auroc,0.9591078610175834,0.9293915719696971,0.9834046483352039,11
top,handcrafted,rbf_svm,8,balanced_misclassification_regret,0.0030585325843522455,0.0006969650668850463,0.007175450788331281,11
top,handcrafted,rbf_svm,8,fit_predict_seconds,0.012137535359766898,0.010369446168227691,0.013951601045824427,11
top,handcrafted,rbf_svm,8,training_cycle_count,31.90909090909091,30.60606060606061,33.36363636363637,11
top,handcrafted,rbf_svm,8,training_image_count,628.7272727272727,603.6272727272727,657.0909090909091,11
top,handcrafted,rbf_svm,10,balanced_accuracy,0.9052128427128427,0.815566378066378,0.9639249639249639,11
top,handcrafted,rbf_svm,10,macro_f1,0.8791332344150454,0.7599756170010133,0.9554002429538266,11
top,handcrafted,rbf_svm,10,auroc,0.9612620500641333,0.9308154210758378,0.985553466836019,11
top,handcrafted,rbf_svm,10,balanced_misclassification_regret,0.002934459432812521,0.0005461507499075197,0.007071524470033326,11
top,handcrafted,rbf_svm,10,fit_predict_seconds,0.012934121181553399,0.011778538620340194,0.014451083871046483,11
top,handcrafted,rbf_svm,10,training_cycle_count,40.90909090909091,39.63636363636363,42.18409090909088,11
top,handcrafted,rbf_svm,10,training_image_count,807.2727272727273,784.3363636363637,831.2727272727273,11
top_close,handcrafted,hist_gradient_boosting,2,balanced_accuracy,0.8545334295334294,0.7640649801587303,0.924306607744108,11
top_close,handcrafted,hist_gradient_boosting,2,macro_f1,0.8369300826176111,0.7189353820552458,0.9208609514955816,11
top_close,handcrafted,hist_gradient_boosting,2,auroc,0.9101309473705309,0.7936131246743227,0.9785289495901476,11
top_close,handcrafted,hist_gradient_boosting,2,balanced_misclassification_regret,0.006698959458786708,0.002491870680089729,0.013149732772494344,11
top_close,handcrafted,hist_gradient_boosting,2,fit_predict_seconds,0.6669402651181868,0.5684331644483652,0.7771410969859669,11
top_close,handcrafted,hist_gradient_boosting,2,training_cycle_count,8.424242424242424,7.666666666666666,9.272727272727273,11
top_close,handcrafted,hist_gradient_boosting,2,training_image_count,164.36363636363637,150.1818181818182,180.0,11
top_close,handcrafted,hist_gradient_boosting,4,balanced_accuracy,0.858450577200577,0.7756087662337663,0.9208772997835497,11
top_close,handcrafted,hist_gradient_boosting,4,macro_f1,0.8388285238487388,0.7245248972998093,0.9183743311434016,11
top_close,handcrafted,hist_gradient_boosting,4,auroc,0.9228443913339746,0.825065711680295,0.9834028591971301,11
top_close,handcrafted,hist_gradient_boosting,4,balanced_misclassification_regret,0.005219613964454663,0.0020382593599582027,0.010327461273240326,11
top_close,handcrafted,hist_gradient_boosting,4,fit_predict_seconds,1.7695782701511318,1.5085152456574369,2.0489602376284233,11
top_close,handcrafted,hist_gradient_boosting,4,training_cycle_count,14.454545454545457,13.272727272727273,15.81818181818182,11
top_close,handcrafted,hist_gradient_boosting,4,training_image_count,287.27272727272725,266.54545454545456,310.55454545454535,11
top_close,handcrafted,hist_gradient_boosting,6,balanced_accuracy,0.8697570947570948,0.8174603174603177,0.9168571127946128,11
top_close,handcrafted,hist_gradient_boosting,6,macro_f1,0.8627380813078325,0.8060142487217905,0.9126760300862374,11
top_close,handcrafted,hist_gradient_boosting,6,auroc,0.9703412681711295,0.9523648303053686,0.9872489361204639,11
top_close,handcrafted,hist_gradient_boosting,6,balanced_misclassification_regret,0.003642994095154892,0.002171361554867725,0.005275533364556554,11
top_close,handcrafted,hist_gradient_boosting,6,fit_predict_seconds,3.295240464633521,2.997798611424823,3.6269885562861006,11
top_close,handcrafted,hist_gradient_boosting,6,training_cycle_count,23.727272727272727,22.484090909090906,24.90909090909091,11
top_close,handcrafted,hist_gradient_boosting,6,training_image_count,467.6363636363636,445.8181818181818,487.6363636363636,11
top_close,handcrafted,hist_gradient_boosting,8,balanced_accuracy,0.9018518518518519,0.857110164141414,0.944888468013468,11
top_close,handcrafted,hist_gradient_boosting,8,macro_f1,0.8961431266390705,0.8496190486496333,0.9408739606258745,11
top_close,handcrafted,hist_gradient_boosting,8,auroc,0.960454328336273,0.9372564120871413,0.9815986689814815,11
top_close,handcrafted,hist_gradient_boosting,8,balanced_misclassification_regret,0.0024427680239099895,0.0012438646968725416,0.003767560303256867,11
top_close,handcrafted,hist_gradient_boosting,8,fit_predict_seconds,4.059182784031498,3.630763778514996,4.540436723583048,11
top_close,handcrafted,hist_gradient_boosting,8,training_cycle_count,31.90909090909091,30.60606060606061,33.36363636363637,11
top_close,handcrafted,hist_gradient_boosting,8,training_image_count,628.7272727272727,603.6272727272727,657.0909090909091,11
top_close,handcrafted,hist_gradient_boosting,10,balanced_accuracy,0.896897546897547,0.8443118686868686,0.9436812319624819,11
top_close,handcrafted,hist_gradient_boosting,10,macro_f1,0.8873639945493906,0.8308043340788772,0.9380230670843864,11
top_close,handcrafted,hist_gradient_boosting,10,auroc,0.9725229727833895,0.9566804985620091,0.9881351492354097,11
top_close,handcrafted,hist_gradient_boosting,10,balanced_misclassification_regret,0.0028336212095337265,0.001124418441444438,0.004984907714676674,11
top_close,handcrafted,hist_gradient_boosting,10,fit_predict_seconds,4.894772181911818,4.414400075124154,5.4073967424979354,11
top_close,handcrafted,hist_gradient_boosting,10,training_cycle_count,40.90909090909091,39.63636363636363,42.18409090909088,11
top_close,handcrafted,hist_gradient_boosting,10,training_image_count,807.2727272727273,784.3363636363637,831.2727272727273,11
top_close,handcrafted,logistic,2,balanced_accuracy,0.888747594997595,0.802293771043771,0.9464137656325159,11
top_close,handcrafted,logistic,2,macro_f1,0.8646806149974833,0.7498925516373396,0.9382141021042221,11
top_close,handcrafted,logistic,2,auroc,0.9643908078803911,0.9477245796256214,0.9796887870520683,11
top_close,handcrafted,logistic,2,balanced_misclassification_regret,0.005101600722509979,0.0014480744558795374,0.011182024613442088,11
top_close,handcrafted,logistic,2,fit_predict_seconds,0.01318352651486004,0.01158518166493829,0.015073560049010361,11
top_close,handcrafted,logistic,2,training_cycle_count,8.424242424242424,7.666666666666666,9.272727272727273,11
top_close,handcrafted,logistic,2,training_image_count,164.36363636363637,150.1818181818182,180.0,11
top_close,handcrafted,logistic,4,balanced_accuracy,0.8970087782587782,0.8065003457190958,0.9603926166426167,11
top_close,handcrafted,logistic,4,macro_f1,0.8744001124954781,0.7551810368717896,0.9532388369251785,11
top_close,handcrafted,logistic,4,auroc,0.9038225342044787,0.7831861271444605,0.9756834841470258,11
top_close,handcrafted,logistic,4,balanced_misclassification_regret,0.003914084368965443,0.0007162942940678839,0.009169467934482202,11
top_close,handcrafted,logistic,4,fit_predict_seconds,0.014720988606286206,0.011788913066133815,0.01958894950340354,11
top_close,handcrafted,logistic,4,training_cycle_count,14.454545454545457,13.272727272727273,15.81818181818182,11
top_close,handcrafted,logistic,4,training_image_count,287.27272727272725,266.54545454545456,310.55454545454535,11
top_close,handcrafted,logistic,6,balanced_accuracy,0.8940325877825878,0.8005031715969216,0.9559353956228955,11
top_close,handcrafted,logistic,6,macro_f1,0.8724417064018521,0.7530060823491845,0.9496137100001755,11
top_close,handcrafted,logistic,6,auroc,0.9073299128854686,0.7911474512819998,0.9771513915611139,11
top_close,handcrafted,logistic,6,balanced_misclassification_regret,0.00507803236838332,0.0010267987194868538,0.012214317004336887,11
top_close,handcrafted,logistic,6,fit_predict_seconds,0.014416513910735817,0.012990766743821564,0.01612042523503822,11
top_close,handcrafted,logistic,6,training_cycle_count,23.727272727272727,22.484090909090906,24.90909090909091,11
top_close,handcrafted,logistic,6,training_image_count,467.6363636363636,445.8181818181818,487.6363636363636,11
top_close,handcrafted,logistic,8,balanced_accuracy,0.865184583934584,0.6952561327561327,0.962857744107744,11
top_close,handcrafted,logistic,8,macro_f1,0.8542682738540723,0.6837794364975408,0.955316242717799,11
top_close,handcrafted,logistic,8,auroc,0.8768432506279727,0.6954167167708835,0.9792815932138847,11
top_close,handcrafted,logistic,8,balanced_misclassification_regret,0.0066758010058045325,0.0007786450096482932,0.01785154696858445,11
top_close,handcrafted,logistic,8,fit_predict_seconds,0.017978101026859476,0.01533640005886396,0.021164084886086953,11
top_close,handcrafted,logistic,8,training_cycle_count,31.90909090909091,30.60606060606061,33.36363636363637,11
top_close,handcrafted,logistic,8,training_image_count,628.7272727272727,603.6272727272727,657.0909090909091,11
top_close,handcrafted,logistic,10,balanced_accuracy,0.901461038961039,0.8114835858585858,0.9611336580086579,11
top_close,handcrafted,logistic,10,macro_f1,0.8760161535981683,0.7564589114494199,0.9531828307411521,11
top_close,handcrafted,logistic,10,auroc,0.964797403599487,0.945873354076479,0.9829087470689033,11
top_close,handcrafted,logistic,10,balanced_misclassification_regret,0.0045625693075739444,0.0006348648590191753,0.011785813486969648,11
top_close,handcrafted,logistic,10,fit_predict_seconds,0.01810860236715102,0.014538864281414796,0.02438652348117268,11
top_close,handcrafted,logistic,10,training_cycle_count,40.90909090909091,39.63636363636363,42.18409090909088,11
top_close,handcrafted,logistic,10,training_image_count,807.2727272727273,784.3363636363637,831.2727272727273,11
top_close,handcrafted,mlp,2,balanced_accuracy,0.8225589225589225,0.7629598063973064,0.8770212542087542,11
top_close,handcrafted,mlp,2,macro_f1,0.7786066726051821,0.7005101471560329,0.8500432512860964,11
top_close,handcrafted,mlp,2,auroc,0.9328964245630913,0.8981208225609268,0.9653801156405324,11
top_close,handcrafted,mlp,2,balanced_misclassification_regret,0.00961126889749378,0.004948432136051185,0.014921274044692916,11
top_close,handcrafted,mlp,2,fit_predict_seconds,0.051436702090237915,0.04156550685751646,0.06212940766204018,11
top_close,handcrafted,mlp,2,training_cycle_count,8.424242424242424,7.666666666666666,9.272727272727273,11
top_close,handcrafted,mlp,2,training_image_count,164.36363636363637,150.1818181818182,180.0,11
top_close,handcrafted,mlp,4,balanced_accuracy,0.8782587782587783,0.7918279521404521,0.9422356000480999,11
top_close,handcrafted,mlp,4,macro_f1,0.8439341605491276,0.7276433660357755,0.9287138233798036,11
top_close,handcrafted,mlp,4,auroc,0.9233932412751856,0.8427548112574154,0.9767735222596333,11
top_close,handcrafted,mlp,4,balanced_misclassification_regret,0.005652740711908269,0.0012512803020917553,0.012896908254756463,11
top_close,handcrafted,mlp,4,fit_predict_seconds,0.06634070708815036,0.05752957936371482,0.0749465118496146,11
top_close,handcrafted,mlp,4,training_cycle_count,14.454545454545457,13.272727272727273,15.81818181818182,11
top_close,handcrafted,mlp,4,training_image_count,287.27272727272725,266.54545454545456,310.55454545454535,11
top_close,handcrafted,mlp,6,balanced_accuracy,0.8981240981240982,0.8094409872534873,0.9602032227032226,11
top_close,handcrafted,mlp,6,macro_f1,0.8672677940295211,0.7481944899844823,0.9496124708423266,11
top_close,handcrafted,mlp,6,auroc,0.9279550631981187,0.8365783329324997,0.9831281565656567,11
top_close,handcrafted,mlp,6,balanced_misclassification_regret,0.004982508106632278,0.0007741114265808296,0.012261057857865283,11
top_close,handcrafted,mlp,6,fit_predict_seconds,0.10097905299820317,0.08836284002741608,0.11400275683951226,11
top_close,handcrafted,mlp,6,training_cycle_count,23.727272727272727,22.484090909090906,24.90909090909091,11
top_close,handcrafted,mlp,6,training_image_count,467.6363636363636,445.8181818181818,487.6363636363636,11
top_close,handcrafted,mlp,8,balanced_accuracy,0.9030453342953343,0.8148484096921597,0.9624803841991343,11
top_close,handcrafted,mlp,8,macro_f1,0.8737401050421393,0.7548659230569748,0.9526910661461032,11
top_close,handcrafted,mlp,8,auroc,0.9303054520068408,0.8389286277958153,0.9859282307198973,11
top_close,handcrafted,mlp,8,balanced_misclassification_regret,0.004732523200903237,0.0007418540236685318,0.01196668283802659,11
top_close,handcrafted,mlp,8,fit_predict_seconds,0.09674443442208663,0.08805582648368948,0.10629578609159303,11
top_close,handcrafted,mlp,8,training_cycle_count,31.90909090909091,30.60606060606061,33.36363636363637,11
top_close,handcrafted,mlp,8,training_image_count,628.7272727272727,603.6272727272727,657.0909090909091,11
top_close,handcrafted,mlp,10,balanced_accuracy,0.9012536075036075,0.8126242334054834,0.9609246482683983,11
top_close,handcrafted,mlp,10,macro_f1,0.8715385171791635,0.7529092655398371,0.9510147147606042,11
top_close,handcrafted,mlp,10,auroc,0.9303716730800066,0.8391359152036235,0.9865603580447331,11
top_close,handcrafted,mlp,10,balanced_misclassification_regret,0.004792387608552624,0.0007881808547187072,0.012032114395943287,11
top_close,handcrafted,mlp,10,fit_predict_seconds,0.08004797718868675,0.07394583779453322,0.08822401439200883,11
top_close,handcrafted,mlp,10,training_cycle_count,40.90909090909091,39.63636363636363,42.18409090909088,11
top_close,handcrafted,mlp,10,training_image_count,807.2727272727273,784.3363636363637,831.2727272727273,11
top_close,handcrafted,random_forest,2,balanced_accuracy,0.8843374218374219,0.7995513167388169,0.9499941378066379,11
top_close,handcrafted,random_forest,2,macro_f1,0.8691881047691783,0.7594492513393685,0.9475685581422972,11
top_close,handcrafted,random_forest,2,auroc,0.9426995233418843,0.8837580855679813,0.9824963319537973,11
top_close,handcrafted,random_forest,2,balanced_misclassification_regret,0.0035906441126903406,0.001005842774496353,0.007682765256735607,11
top_close,handcrafted,random_forest,2,fit_predict_seconds,0.18435684342208936,0.17379848208932375,0.19820271758735267,11
top_close,handcrafted,random_forest,2,training_cycle_count,8.424242424242424,7.666666666666666,9.272727272727273,11
top_close,handcrafted,random_forest,2,training_image_count,164.36363636363637,150.1818181818182,180.0,11
top_close,handcrafted,random_forest,4,balanced_accuracy,0.8481361231361233,0.7535113786676285,0.9270235840548341,11
top_close,handcrafted,random_forest,4,macro_f1,0.8241217027979467,0.7010293309803521,0.9230681953398274,11
top_close,handcrafted,random_forest,4,auroc,0.9535694035260008,0.916909605312383,0.9825767841902824,11
top_close,handcrafted,random_forest,4,balanced_misclassification_regret,0.005467761182211008,0.0014465048759035115,0.010758151918384778,11
top_close,handcrafted,random_forest,4,fit_predict_seconds,0.205643368670611,0.1898774200307812,0.22321150472319762,11
top_close,handcrafted,random_forest,4,training_cycle_count,14.454545454545457,13.272727272727273,15.81818181818182,11
top_close,handcrafted,random_forest,4,training_image_count,287.27272727272725,266.54545454545456,310.55454545454535,11
top_close,handcrafted,random_forest,6,balanced_accuracy,0.8859397546897547,0.8321105399230398,0.9341824494949493,11
top_close,handcrafted,random_forest,6,macro_f1,0.8751158710892802,0.8084350667624777,0.9309283983930747,11
top_close,handcrafted,random_forest,6,auroc,0.9562869936133827,0.9196319229413847,0.9849206401398244,11
top_close,handcrafted,random_forest,6,balanced_misclassification_regret,0.0032794697236449718,0.0012753518545635452,0.005937541377011622,11
top_close,handcrafted,random_forest,6,fit_predict_seconds,0.20920977269468655,0.19355701204070955,0.22794482671467423,11
top_close,handcrafted,random_forest,6,training_cycle_count,23.727272727272727,22.484090909090906,24.90909090909091,11
top_close,handcrafted,random_forest,6,training_image_count,467.6363636363636,445.8181818181818,487.6363636363636,11
top_close,handcrafted,random_forest,8,balanced_accuracy,0.8994979557479557,0.8464215067340067,0.9463234277296776,11
top_close,handcrafted,random_forest,8,macro_f1,0.889623877362673,0.8326002029747184,0.9406197153968263,11
top_close,handcrafted,random_forest,8,auroc,0.9429367668082946,0.8852527027049596,0.9818868068499146,11
top_close,handcrafted,random_forest,8,balanced_misclassification_regret,0.0029070033328539844,0.0010211153365402381,0.005223475358643998,11
top_close,handcrafted,random_forest,8,fit_predict_seconds,0.22226543685114433,0.1990536728879582,0.2523622113115296,11
top_close,handcrafted,random_forest,8,training_cycle_count,31.90909090909091,30.60606060606061,33.36363636363637,11
top_close,handcrafted,random_forest,8,training_image_count,628.7272727272727,603.6272727272727,657.0909090909091,11
top_close,handcrafted,random_forest,10,balanced_accuracy,0.9095238095238095,0.8612914862914863,0.9541666666666667,11
top_close,handcrafted,random_forest,10,macro_f1,0.8992545501908137,0.8485110542979577,0.9466841486100467,11
top_close,handcrafted,random_forest,10,auroc,0.9702433561808562,0.9488433629449257,0.9885461760461761,11
top_close,handcrafted,random_forest,10,balanced_misclassification_regret,0.002624685929956056,0.0008171637156431864,0.005195676549328778,11
top_close,handcrafted,random_forest,10,fit_predict_seconds,0.21215098100418056,0.19005320903068587,0.24554723619486055,11
top_close,handcrafted,random_forest,10,training_cycle_count,40.90909090909091,39.63636363636363,42.18409090909088,11
top_close,handcrafted,random_forest,10,training_image_count,807.2727272727273,784.3363636363637,831.2727272727273,11
top_close,handcrafted,rbf_svm,2,balanced_accuracy,0.8836489898989899,0.7972590488215487,0.9458364898989898,11
top_close,handcrafted,rbf_svm,2,macro_f1,0.8602604086137763,0.7443184856180305,0.9371254449448811,11
top_close,handcrafted,rbf_svm,2,auroc,0.9064636944845279,0.7863104006333173,0.9766149027477152,11
top_close,handcrafted,rbf_svm,2,balanced_misclassification_regret,0.00396722808090326,0.0011909378042227069,0.008141559439759439,11
top_close,handcrafted,rbf_svm,2,fit_predict_seconds,0.0065635124567162365,0.0059241913956418904,0.007304058832607662,11
top_close,handcrafted,rbf_svm,2,training_cycle_count,8.424242424242424,7.666666666666666,9.272727272727273,11
top_close,handcrafted,rbf_svm,2,training_image_count,164.36363636363637,150.1818181818182,180.0,11
top_close,handcrafted,rbf_svm,4,balanced_accuracy,0.8918891293891295,0.8038035113035112,0.9538763377825877,11
top_close,handcrafted,rbf_svm,4,macro_f1,0.8677876662492328,0.750430049695064,0.9455709120530235,11
top_close,handcrafted,rbf_svm,4,auroc,0.9215721617631338,0.8317955002655525,0.97732922290865,11
top_close,handcrafted,rbf_svm,4,balanced_misclassification_regret,0.003580797251479785,0.0009976596676873673,0.007757532666440498,11
top_close,handcrafted,rbf_svm,4,fit_predict_seconds,0.009841707154092464,0.0072303098492601265,0.012895847294081855,11
top_close,handcrafted,rbf_svm,4,training_cycle_count,14.454545454545457,13.272727272727273,15.81818181818182,11
top_close,handcrafted,rbf_svm,4,training_image_count,287.27272727272725,266.54545454545456,310.55454545454535,11
top_close,handcrafted,rbf_svm,6,balanced_accuracy,0.8903829966329966,0.8033643728956229,0.951769255050505,11
top_close,handcrafted,rbf_svm,6,macro_f1,0.8665803025302435,0.7504415161353193,0.9438028300910865,11
top_close,handcrafted,rbf_svm,6,auroc,0.9186292070840683,0.8292219243108999,0.9746521765271765,11
top_close,handcrafted,rbf_svm,6,balanced_misclassification_regret,0.003669577307741229,0.0010505898867432689,0.007853582569364467,11
top_close,handcrafted,rbf_svm,6,fit_predict_seconds,0.009577141455586323,0.008149005283242635,0.011039501751325917,11
top_close,handcrafted,rbf_svm,6,training_cycle_count,23.727272727272727,22.484090909090906,24.90909090909091,11
top_close,handcrafted,rbf_svm,6,training_image_count,467.6363636363636,445.8181818181818,487.6363636363636,11
top_close,handcrafted,rbf_svm,8,balanced_accuracy,0.901662457912458,0.8126857112794614,0.9615951178451178,11
top_close,handcrafted,rbf_svm,8,macro_f1,0.8755666143533586,0.7567878380778619,0.9532203681661122,11
top_close,handcrafted,rbf_svm,8,auroc,0.9199927515899738,0.830175525509727,0.9762528350635991,11
top_close,handcrafted,rbf_svm,8,balanced_misclassification_regret,0.003138323649969471,0.0006808315776474819,0.007328578195638478,11
top_close,handcrafted,rbf_svm,8,fit_predict_seconds,0.010818832026526446,0.009342600550977902,0.012398057504271328,11
top_close,handcrafted,rbf_svm,8,training_cycle_count,31.90909090909091,30.60606060606061,33.36363636363637,11
top_close,handcrafted,rbf_svm,8,training_image_count,628.7272727272727,603.6272727272727,657.0909090909091,11
top_close,handcrafted,rbf_svm,10,balanced_accuracy,0.9066919191919193,0.8181786616161617,0.9652777777777778,11
top_close,handcrafted,rbf_svm,10,macro_f1,0.8798123720940473,0.7601994962082348,0.9569627918600361,11
top_close,handcrafted,rbf_svm,10,auroc,0.9220741642616642,0.8315280784030783,0.9796440972222221,11
top_close,handcrafted,rbf_svm,10,balanced_misclassification_regret,0.002950031973393964,0.0005674312122803581,0.007125244168135123,11
top_close,handcrafted,rbf_svm,10,fit_predict_seconds,0.013156000090847638,0.010560030387635132,0.017174489178234414,11
top_close,handcrafted,rbf_svm,10,training_cycle_count,40.90909090909091,39.63636363636363,42.18409090909088,11
top_close,handcrafted,rbf_svm,10,training_image_count,807.2727272727273,784.3363636363637,831.2727272727273,11
top_pair,handcrafted,hist_gradient_boosting,2,balanced_accuracy,0.8962076118326118,0.8561117499398748,0.9360119047619048,11
top_pair,handcrafted,hist_gradient_boosting,2,macro_f1,0.896405633112182,0.8584577550967402,0.9353746844931573,11
top_pair,handcrafted,hist_gradient_boosting,2,auroc,0.9683018073426058,0.9500029052616943,0.9857430343134552,11
top_pair,handcrafted,hist_gradient_boosting,2,balanced_misclassification_regret,0.0023499050498755484,0.0013753292604765184,0.0033365277901793514,11
top_pair,handcrafted,hist_gradient_boosting,2,fit_predict_seconds,1.0622295114250542,0.765917147189854,1.4027581281627082,11
top_pair,handcrafted,hist_gradient_boosting,2,training_cycle_count,8.424242424242424,7.666666666666666,9.272727272727273,11
top_pair,handcrafted,hist_gradient_boosting,2,training_image_count,328.72727272727275,300.3636363636364,360.0,11
top_pair,handcrafted,hist_gradient_boosting,4,balanced_accuracy,0.8947931697931698,0.8638384965728716,0.9265906836219336,11
top_pair,handcrafted,hist_gradient_boosting,4,macro_f1,0.8934194321982573,0.8607730930023783,0.9263443765409661,11
top_pair,handcrafted,hist_gradient_boosting,4,auroc,0.9696279302616108,0.9525690242997099,0.9858803457023944,11
top_pair,handcrafted,hist_gradient_boosting,4,balanced_misclassification_regret,0.002806512640792115,0.0016612307037413554,0.004137221597988551,11
top_pair,handcrafted,hist_gradient_boosting,4,fit_predict_seconds,1.8196262273025545,1.4733431362795906,2.225045955827028,11
top_pair,handcrafted,hist_gradient_boosting,4,training_cycle_count,14.454545454545457,13.272727272727273,15.81818181818182,11
top_pair,handcrafted,hist_gradient_boosting,4,training_image_count,574.5454545454545,533.0909090909091,621.1090909090907,11
top_pair,handcrafted,hist_gradient_boosting,6,balanced_accuracy,0.891385582010582,0.8554005456349205,0.9274568978475228,11
top_pair,handcrafted,hist_gradient_boosting,6,macro_f1,0.8905412823170079,0.8557425992834772,0.9262005581870985,11
top_pair,handcrafted,hist_gradient_boosting,6,auroc,0.9727112915697984,0.9569869578723746,0.9869934672452033,11
top_pair,handcrafted,hist_gradient_boosting,6,balanced_misclassification_regret,0.0029731526573499073,0.001645990147041169,0.004483583530521834,11
top_pair,handcrafted,hist_gradient_boosting,6,fit_predict_seconds,2.3865705202086684,1.9709788282806449,2.859592599505523,11
top_pair,handcrafted,hist_gradient_boosting,6,training_cycle_count,23.727272727272727,22.484090909090906,24.90909090909091,11
top_pair,handcrafted,hist_gradient_boosting,6,training_image_count,935.2727272727273,891.6363636363636,975.2727272727273,11
top_pair,handcrafted,hist_gradient_boosting,8,balanced_accuracy,0.9226821789321789,0.8909284436628185,0.9528224957912458,11
top_pair,handcrafted,hist_gradient_boosting,8,macro_f1,0.9182366806140312,0.886020631934035,0.9496531122153338,11
top_pair,handcrafted,hist_gradient_boosting,8,auroc,0.9710182909618673,0.9555106152046255,0.9857454828960904,11
top_pair,handcrafted,hist_gradient_boosting,8,balanced_misclassification_regret,0.0020071973021509415,0.0011396837614368347,0.002895592338425195,11
top_pair,handcrafted,hist_gradient_boosting,8,fit_predict_seconds,2.561322724817949,2.0762033222331824,3.097432490200321,11
top_pair,handcrafted,hist_gradient_boosting,8,training_cycle_count,31.90909090909091,30.60606060606061,33.36363636363637,11
top_pair,handcrafted,hist_gradient_boosting,8,training_image_count,1257.4545454545455,1207.2545454545455,1314.1818181818182,11
top_pair,handcrafted,hist_gradient_boosting,10,balanced_accuracy,0.9306863275613275,0.9082065070346319,0.9522411616161616,11
top_pair,handcrafted,hist_gradient_boosting,10,macro_f1,0.9238305248965782,0.8995001252038581,0.9475698572478372,11
top_pair,handcrafted,hist_gradient_boosting,10,auroc,0.9723280360650154,0.9581411773989899,0.9865222310844055,11
top_pair,handcrafted,hist_gradient_boosting,10,balanced_misclassification_regret,0.0017476198884699807,0.0010326630605867256,0.0025363752069238903,11
top_pair,handcrafted,hist_gradient_boosting,10,fit_predict_seconds,2.525675727364036,2.1228691103388635,2.94178925159927,11
top_pair,handcrafted,hist_gradient_boosting,10,training_cycle_count,40.90909090909091,39.63636363636363,42.18409090909088,11
top_pair,handcrafted,hist_gradient_boosting,10,training_image_count,1614.5454545454545,1568.6727272727273,1662.5454545454545,11
top_pair,handcrafted,logistic,2,balanced_accuracy,0.9264189514189511,0.9035511363636364,0.9493160774410773,11
top_pair,handcrafted,logistic,2,macro_f1,0.9164068528194972,0.8907982610111242,0.9421637319090413,11
top_pair,handcrafted,logistic,2,auroc,0.9667012698913741,0.9501830275723505,0.9823322690884541,11
top_pair,handcrafted,logistic,2,balanced_misclassification_regret,0.0023760225813793854,0.0013549006102824977,0.0035202128545864407,11
top_pair,handcrafted,logistic,2,fit_predict_seconds,0.011512016365128202,0.011204607715560337,0.011836766411976316,11
top_pair,handcrafted,logistic,2,training_cycle_count,8.424242424242424,7.666666666666666,9.272727272727273,11
top_pair,handcrafted,logistic,2,training_image_count,328.72727272727275,300.3636363636364,360.0,11
top_pair,handcrafted,logistic,4,balanced_accuracy,0.9309388528138528,0.9060545935545936,0.9560358044733045,11
top_pair,handcrafted,logistic,4,macro_f1,0.9231785338251396,0.8959995902327866,0.9515138744348764,11
top_pair,handcrafted,logistic,4,auroc,0.9690062413152689,0.9504988615904415,0.9862684743641775,11
top_pair,handcrafted,logistic,4,balanced_misclassification_regret,0.0016152369960146184,0.0008980866872126362,0.0024082391552389076,11
top_pair,handcrafted,logistic,4,fit_predict_seconds,0.01340965790917504,0.012010120136255865,0.01497262235268753,11
top_pair,handcrafted,logistic,4,training_cycle_count,14.454545454545457,13.272727272727273,15.81818181818182,11
top_pair,handcrafted,logistic,4,training_image_count,574.5454545454545,533.0909090909091,621.1090909090907,11
top_pair,handcrafted,logistic,6,balanced_accuracy,0.9171852453102453,0.8686342592592592,0.9554849086099085,11
top_pair,handcrafted,logistic,6,macro_f1,0.9093034437456801,0.8615250061074435,0.9501515795872292,11
top_pair,handcrafted,logistic,6,auroc,0.9610352867297313,0.9402170373752404,0.9814903118277685,11
top_pair,handcrafted,logistic,6,balanced_misclassification_regret,0.0022929166724390696,0.0009660731155306084,0.004221063115252557,11
top_pair,handcrafted,logistic,6,fit_predict_seconds,0.014182828329715201,0.013648147015633048,0.014823396585504241,11
top_pair,handcrafted,logistic,6,training_cycle_count,23.727272727272727,22.484090909090906,24.90909090909091,11
top_pair,handcrafted,logistic,6,training_image_count,935.2727272727273,891.6363636363636,975.2727272727273,11
top_pair,handcrafted,logistic,8,balanced_accuracy,0.9183486652236653,0.8587699540043292,0.9609195752164501,11
top_pair,handcrafted,logistic,8,macro_f1,0.9077550253975673,0.8477333078222812,0.9538510797303749,11
top_pair,handcrafted,logistic,8,auroc,0.9572547461219337,0.9312639007886405,0.9812182722876083,11
top_pair,handcrafted,logistic,8,balanced_misclassification_regret,0.0022724441065974555,0.0007762948206350189,0.004695826792186243,11
top_pair,handcrafted,logistic,8,fit_predict_seconds,0.015052694575084992,0.014732217174384983,0.015418746074834472,11
top_pair,handcrafted,logistic,8,training_cycle_count,31.90909090909091,30.60606060606061,33.36363636363637,11
top_pair,handcrafted,logistic,8,training_image_count,1257.4545454545455,1207.2545454545455,1314.1818181818182,11
top_pair,handcrafted,logistic,10,balanced_accuracy,0.9167658730158731,0.8511427895021644,0.9616265331890332,11
top_pair,handcrafted,logistic,10,macro_f1,0.9048027644709232,0.8384472715113935,0.9529174388790402,11
top_pair,handcrafted,logistic,10,auroc,0.9467491444704986,0.9030200747241762,0.9801442649147727,11
top_pair,handcrafted,logistic,10,balanced_misclassification_regret,0.0025185943093802747,0.0008119160492111314,0.005260540427320059,11
top_pair,handcrafted,logistic,10,fit_predict_seconds,0.01773823481793939,0.01500139860522309,0.021227857100099997,11
top_pair,handcrafted,logistic,10,training_cycle_count,40.90909090909091,39.63636363636363,42.18409090909088,11
top_pair,handcrafted,logistic,10,training_image_count,1614.5454545454545,1568.6727272727273,1662.5454545454545,11
top_pair,handcrafted,mlp,2,balanced_accuracy,0.9235720298220298,0.895330762987013,0.9525523088023089,11
top_pair,handcrafted,mlp,2,macro_f1,0.9061386299860078,0.8693364988978274,0.9419380357993185,11
top_pair,handcrafted,mlp,2,auroc,0.95908695294546,0.9392511546412372,0.9774492272050866,11
top_pair,handcrafted,mlp,2,balanced_misclassification_regret,0.002592431306678212,0.001460427702391919,0.003867809182781981,11
top_pair,handcrafted,mlp,2,fit_predict_seconds,0.06179352015147522,0.0557850328751859,0.06745186198714884,11
top_pair,handcrafted,mlp,2,training_cycle_count,8.424242424242424,7.666666666666666,9.272727272727273,11
top_pair,handcrafted,mlp,2,training_image_count,328.72727272727275,300.3636363636364,360.0,11
top_pair,handcrafted,mlp,4,balanced_accuracy,0.9415373977873979,0.9172763347763347,0.9662409060846561,11
top_pair,handcrafted,mlp,4,macro_f1,0.9274622462239079,0.8952724323171117,0.9594088014979727,11
top_pair,handcrafted,mlp,4,auroc,0.9656498850943295,0.9465905541860403,0.9833170468532881,11
top_pair,handcrafted,mlp,4,balanced_misclassification_regret,0.0013735556256312146,0.0007189189796575721,0.002082705873493196,11
top_pair,handcrafted,mlp,4,fit_predict_seconds,0.07323837245172454,0.06675349362739133,0.08075662531643474,11
top_pair,handcrafted,mlp,4,training_cycle_count,14.454545454545457,13.272727272727273,15.81818181818182,11
top_pair,handcrafted,mlp,4,training_image_count,574.5454545454545,533.0909090909091,621.1090909090907,11
top_pair,handcrafted,mlp,6,balanced_accuracy,0.9507515632515632,0.9264610389610393,0.9738026094276094,11
top_pair,handcrafted,mlp,6,macro_f1,0.9379501118374655,0.9058614384618194,0.9687616696390952,11
top_pair,handcrafted,mlp,6,auroc,0.9677316839860244,0.9489625778389885,0.9848607760391613,11
top_pair,handcrafted,mlp,6,balanced_misclassification_regret,0.0010274261950317892,0.00043929329235612254,0.0017336736760540092,11
top_pair,handcrafted,mlp,6,fit_predict_seconds,0.09139415784474378,0.08223005747221936,0.10069887233352566,11
top_pair,handcrafted,mlp,6,training_cycle_count,23.727272727272727,22.484090909090906,24.90909090909091,11
top_pair,handcrafted,mlp,6,training_image_count,935.2727272727273,891.6363636363636,975.2727272727273,11
top_pair,handcrafted,mlp,8,balanced_accuracy,0.9537352693602693,0.9311637205387205,0.9756444654882156,11
top_pair,handcrafted,mlp,8,macro_f1,0.9412646170140616,0.9115429878286808,0.9701772317776853,11
top_pair,handcrafted,mlp,8,auroc,0.9688328911636203,0.9491568861669774,0.9860389986171236,11
top_pair,handcrafted,mlp,8,balanced_misclassification_regret,0.0009015207775872951,0.0003899862678572047,0.0015180468474119164,11
top_pair,handcrafted,mlp,8,fit_predict_seconds,0.10380503281626399,0.09583481323186954,0.11177577328117244,11
top_pair,handcrafted,mlp,8,training_cycle_count,31.90909090909091,30.60606060606061,33.36363636363637,11
top_pair,handcrafted,mlp,8,training_image_count,1257.4545454545455,1207.2545454545455,1314.1818181818182,11
top_pair,handcrafted,mlp,10,balanced_accuracy,0.9498466810966811,0.9282541937229437,0.9720328282828283,11
top_pair,handcrafted,mlp,10,macro_f1,0.9373939087881282,0.9101759670570096,0.9662242125910163,11
top_pair,handcrafted,mlp,10,auroc,0.9686544575216451,0.9513544860810487,0.9845689925670393,11
top_pair,handcrafted,mlp,10,balanced_misclassification_regret,0.0012039143851308232,0.0005383263071912512,0.0019513530245867398,11
top_pair,handcrafted,mlp,10,fit_predict_seconds,0.10401370828251609,0.09413133300371225,0.11443262686668525,11
top_pair,handcrafted,mlp,10,training_cycle_count,40.90909090909091,39.63636363636363,42.18409090909088,11
top_pair,handcrafted,mlp,10,training_image_count,1614.5454545454545,1568.6727272727273,1662.5454545454545,11
top_pair,handcrafted,random_forest,2,balanced_accuracy,0.8941107503607504,0.8441317941317942,0.9378611637205388,11
top_pair,handcrafted,random_forest,2,macro_f1,0.8853344365029104,0.8229362447059079,0.9349438140365492,11
top_pair,handcrafted,random_forest,2,auroc,0.9719445978886084,0.9545949649489688,0.9878680467873177,11
top_pair,handcrafted,random_forest,2,balanced_misclassification_regret,0.0030677134269701703,0.0014408860362283109,0.005533742093007102,11
top_pair,handcrafted,random_forest,2,fit_predict_seconds,0.15745411872789686,0.15385261918012422,0.16110060926194733,11
top_pair,handcrafted,random_forest,2,training_cycle_count,8.424242424242424,7.666666666666666,9.272727272727273,11
top_pair,handcrafted,random_forest,2,training_image_count,328.72727272727275,300.3636363636364,360.0,11
top_pair,handcrafted,random_forest,4,balanced_accuracy,0.9070286195286195,0.8705587121212119,0.9420664983164984,11
top_pair,handcrafted,random_forest,4,macro_f1,0.901749030548217,0.8657985194142338,0.9368434556666316,11
top_pair,handcrafted,random_forest,4,auroc,0.972678734267276,0.9550188963356281,0.9886271569865319,11
top_pair,handcrafted,random_forest,4,balanced_misclassification_regret,0.00260562843056388,0.001229724542260664,0.004240411976601386,11
top_pair,handcrafted,random_forest,4,fit_predict_seconds,0.19553402763399805,0.18651729474271025,0.20851179773720413,11
top_pair,handcrafted,random_forest,4,training_cycle_count,14.454545454545457,13.272727272727273,15.81818181818182,11
top_pair,handcrafted,random_forest,4,training_image_count,574.5454545454545,533.0909090909091,621.1090909090907,11
top_pair,handcrafted,random_forest,6,balanced_accuracy,0.9214360870610872,0.8934656460437709,0.9494698472823472,11
top_pair,handcrafted,random_forest,6,macro_f1,0.9164214036205699,0.8891056250500318,0.9450883809231992,11
top_pair,handcrafted,random_forest,6,auroc,0.9742631235469777,0.9575503242055977,0.9892062991021325,11
top_pair,handcrafted,random_forest,6,balanced_misclassification_regret,0.002124483205039822,0.0010916089698908467,0.0032714768135384143,11
top_pair,handcrafted,random_forest,6,fit_predict_seconds,0.19840153799547505,0.19045541752259879,0.20745230452069363,11
top_pair,handcrafted,random_forest,6,training_cycle_count,23.727272727272727,22.484090909090906,24.90909090909091,11
top_pair,handcrafted,random_forest,6,training_image_count,935.2727272727273,891.6363636363636,975.2727272727273,11
top_pair,handcrafted,random_forest,8,balanced_accuracy,0.9239087301587301,0.8883497549903798,0.9546930239898989,11
top_pair,handcrafted,random_forest,8,macro_f1,0.9158160480350044,0.8786586948251702,0.9492218555404826,11
top_pair,handcrafted,random_forest,8,auroc,0.973092991756186,0.9555109941177651,0.9887667911756453,11
top_pair,handcrafted,random_forest,8,balanced_misclassification_regret,0.0022786042989652398,0.0009291613763230352,0.004082348975225118,11
top_pair,handcrafted,random_forest,8,fit_predict_seconds,0.19222551897065854,0.18529355398698527,0.20027080836468183,11
top_pair,handcrafted,random_forest,8,training_cycle_count,31.90909090909091,30.60606060606061,33.36363636363637,11
top_pair,handcrafted,random_forest,8,training_image_count,1257.4545454545455,1207.2545454545455,1314.1818181818182,11
top_pair,handcrafted,random_forest,10,balanced_accuracy,0.940458152958153,0.9191314935064935,0.962689393939394,11
top_pair,handcrafted,random_forest,10,macro_f1,0.9320782880969533,0.9074826960582452,0.9574142470987286,11
top_pair,handcrafted,random_forest,10,auroc,0.974487371232163,0.9573592118481442,0.9896872369528619,11
top_pair,handcrafted,random_forest,10,balanced_misclassification_regret,0.0014442638818608993,0.0007655417430943449,0.002160008123249291,11
top_pair,handcrafted,random_forest,10,fit_predict_seconds,0.21155070818283342,0.19197250805684068,0.2354441446180069,11
top_pair,handcrafted,random_forest,10,training_cycle_count,40.90909090909091,39.63636363636363,42.18409090909088,11
top_pair,handcrafted,random_forest,10,training_image_count,1614.5454545454545,1568.6727272727273,1662.5454545454545,11
top_pair,handcrafted,rbf_svm,2,balanced_accuracy,0.9417824074074074,0.9147616792929293,0.9680692340067341,11
top_pair,handcrafted,rbf_svm,2,macro_f1,0.9345495080164737,0.9042056224931315,0.9644692236105397,11
top_pair,handcrafted,rbf_svm,2,auroc,0.9697013225008018,0.9513072151011603,0.9861462819226491,11
top_pair,handcrafted,rbf_svm,2,balanced_misclassification_regret,0.0010909804262933221,0.00052857361292943,0.0017355249241165526,11
top_pair,handcrafted,rbf_svm,2,fit_predict_seconds,0.007317974816859615,0.006565670255848531,0.008053166969859209,11
top_pair,handcrafted,rbf_svm,2,training_cycle_count,8.424242424242424,7.666666666666666,9.272727272727273,11
top_pair,handcrafted,rbf_svm,2,training_image_count,328.72727272727275,300.3636363636364,360.0,11
top_pair,handcrafted,rbf_svm,4,balanced_accuracy,0.9451494107744108,0.9175281460437711,0.9709609111952864,11
top_pair,handcrafted,rbf_svm,4,macro_f1,0.9367320585272804,0.9062389126879761,0.9663592771516879,11
top_pair,handcrafted,rbf_svm,4,auroc,0.9676245235924057,0.9482775618599186,0.9855555062342172,11
top_pair,handcrafted,rbf_svm,4,balanced_misclassification_regret,0.0010821934992023463,0.0004912978125223112,0.0017762820923032312,11
top_pair,handcrafted,rbf_svm,4,fit_predict_seconds,0.009948483606532329,0.00888493211336247,0.011098163074149686,11
top_pair,handcrafted,rbf_svm,4,training_cycle_count,14.454545454545457,13.272727272727273,15.81818181818182,11
top_pair,handcrafted,rbf_svm,4,training_image_count,574.5454545454545,533.0909090909091,621.1090909090907,11
top_pair,handcrafted,rbf_svm,6,balanced_accuracy,0.9469215969215969,0.9199402131433383,0.9720276049182298,11
top_pair,handcrafted,rbf_svm,6,macro_f1,0.938590129238922,0.908596381804458,0.9678044314712981,11
top_pair,handcrafted,rbf_svm,6,auroc,0.9640128759486398,0.9421595496758257,0.9842733155797391,11
top_pair,handcrafted,rbf_svm,6,balanced_misclassification_regret,0.001080613042756903,0.00047122428254424973,0.0018088165568742058,11
top_pair,handcrafted,rbf_svm,6,fit_predict_seconds,0.016307465819409117,0.013068217253793124,0.02056826461231332,11
top_pair,handcrafted,rbf_svm,6,training_cycle_count,23.727272727272727,22.484090909090906,24.90909090909091,11
top_pair,handcrafted,rbf_svm,6,training_image_count,935.2727272727273,891.6363636363636,975.2727272727273,11
top_pair,handcrafted,rbf_svm,8,balanced_accuracy,0.9473590067340069,0.9251565130471381,0.9695075757575757,11
top_pair,handcrafted,rbf_svm,8,macro_f1,0.9368776896465211,0.9089952161485374,0.9643247926336393,11
top_pair,handcrafted,rbf_svm,8,auroc,0.9612061629856768,0.9346310325476993,0.9845310307940516,11
top_pair,handcrafted,rbf_svm,8,balanced_misclassification_regret,0.0010074039285373475,0.0005141963110851618,0.0015699884207610927,11
top_pair,handcrafted,rbf_svm,8,fit_predict_seconds,0.01830494566379595,0.01644035305260772,0.02018110270768044,11
top_pair,handcrafted,rbf_svm,8,training_cycle_count,31.90909090909091,30.60606060606061,33.36363636363637,11
top_pair,handcrafted,rbf_svm,8,training_image_count,1257.4545454545455,1207.2545454545455,1314.1818181818182,11
top_pair,handcrafted,rbf_svm,10,balanced_accuracy,0.9495129870129871,0.9281290584415585,0.9708694083694084,11
top_pair,handcrafted,rbf_svm,10,macro_f1,0.9377949857385253,0.9103989441433705,0.9645380990334235,11
top_pair,handcrafted,rbf_svm,10,auroc,0.9594017431257016,0.9302266479903198,0.984350098204265,11
top_pair,handcrafted,rbf_svm,10,balanced_misclassification_regret,0.0009347806459466937,0.0004778551289831041,0.001469366253637343,11
top_pair,handcrafted,rbf_svm,10,fit_predict_seconds,0.02769941309816204,0.02406317778097053,0.03291974510463081,11
top_pair,handcrafted,rbf_svm,10,training_cycle_count,40.90909090909091,39.63636363636363,42.18409090909088,11
top_pair,handcrafted,rbf_svm,10,training_image_count,1614.5454545454545,1568.6727272727273,1662.5454545454545,11
