cycle_name,valid,invalid_reason,defrost_start,recovery_stable,electricity_kwh,defrost_electricity_kwh,recovery_electricity_kwh,measured_signed_transient_user_heat_kwh,assumed_primary_user_heat_kwh,thermal_shortfall_kwh,equivalent_cost_kwh,duration_minutes,integration_coverage,defrost_electricity_coverage,recovery_electricity_coverage,thermal_shortfall_coverage,signed_transient_user_heat_coverage,minutes_from_stable,experiment_id,catalog_defrost_start,catalog_defrost_end,defrost_duration_minutes,mean_defrost_power_kw,defrost_absorbed_heat_kwh,defrost_signed_heat_coverage,q_heating_kw,q_heating_kw_iqr,q_heating_kw_slope_per_min,cop,cop_iqr,cop_slope_per_min,power_total,power_total_iqr,power_total_slope_per_min,water_flow,water_flow_iqr,water_flow_slope_per_min,water_delta_temperature,water_delta_temperature_iqr,water_delta_temperature_slope_per_min,ambient_temperature,ambient_temperature_iqr,ambient_temperature_slope_per_min,environment_relative_humidity,environment_relative_humidity_iqr,environment_relative_humidity_slope_per_min,water_in_temperature,water_in_temperature_iqr,water_in_temperature_slope_per_min,water_out_temperature,water_out_temperature_iqr,water_out_temperature_slope_per_min,compressor_frequency,compressor_frequency_iqr,compressor_frequency_slope_per_min,evaporating_temperature,evaporating_temperature_iqr,evaporating_temperature_slope_per_min,evaporating_pressure,evaporating_pressure_iqr,evaporating_pressure_slope_per_min,coil_temperature,coil_temperature_iqr,coil_temperature_slope_per_min,rule_defrost_duration_minutes,training_event_count,predicted_mean_cost,predicted_time_cost,predicted_state_cost,predicted_dynamic_cost,predicted_nonlinear_cost,predicted_mean_duration,predicted_time_duration,predicted_state_duration,predicted_dynamic_duration,predicted_nonlinear_duration,predicted_mean_electricity,predicted_time_electricity,predicted_state_electricity,predicted_dynamic_electricity,predicted_nonlinear_electricity,predicted_mean_thermal_shortfall,predicted_time_thermal_shortfall,predicted_state_thermal_shortfall,predicted_dynamic_thermal_shortfall,predicted_nonlinear_thermal_shortfall,predicted_component_cost,predicted_partial_pool_cost,predicted_partial_pool_duration,predicted_fixed_defrost_electricity,predicted_known_duration_defrost_electricity,predicted_t3_duration_minutes,predicted_t3_rule_defrost_electricity,training_mean_defrost_power_kw,predicted_mean_defrost_absorbed_heat,predicted_water_defrost_absorbed_heat,predicted_water_duration_defrost_absorbed_heat,predicted_water_duration_t3_defrost_absorbed_heat,predicted_water_duration_pe_defrost_absorbed_heat,predicted_water_duration_t3_pe_defrost_absorbed_heat,predicted_water_duration_t3_pe_squared_defrost_absorbed_heat
frost_cycle_000003,True,,2026-07-14 21:06:24,2026-07-14 21:17:08,0.18610125,0.06955,0.11655125,-0.44520238125,0.0,1.4483818017803067,0.8038376135871033,10.733333333333333,1.0,1.0,1.0,1.0,1.0,173.1,exp_20260714,2026-07-14T21:06:24,2026-07-14T21:11:42,5.3,0.7873584905660378,0.8415558487499999,1.0,6.141690000000001,0.1335150000000018,1.8748017534107315,1.9042734952020468,0.1399957423836486,1.6181299466449095,3.273,0.3075000000000001,-1.0882966189745404,1.15,0.01,0.959354919306354,4.600000000000001,7.105427357601002e-15,-1.0726670077072342,-3.5,0.0,0.0636829844713807,,,,41.7,0.0999999999999943,-0.0058596970375958,46.4,0.1000000000000014,-1.0785267047448268,96.0,9.5,-30.48526408800541,-24.1,0.0,2.5972029036363127,0.21,0.0,0.0212635975834035,-17.7,0.0749999999999992,0.9997378779102922,5.316666666666666,67,1.0896923464021535,1.1156914740328645,1.2028470606301371,1.1854329368488334,1.0296143026845928,14.130597014925373,13.985282252050158,15.959680319077124,15.871476800698485,14.851568726605157,0.3528445460199004,0.3115534811869797,0.4360157138859578,0.4144367884116783,0.5281295602534735,1.7276576346553694,1.8854302638020028,1.7979588593578808,1.8077239036967028,1.6894325705817888,1.185432936848834,1.0896923464021535,14.130597014925373,0.0705045791873963,0.0773995550374415,4.937710098951092,0.0721087857665464,0.8762213777823573,0.803409270783582,0.8626655796879057,0.8974256907826621,0.874403825066244,0.8806375356935159,0.8833130831694546,0.8935439848536908
frost_cycle_000006,True,,2026-07-15 16:47:45,2026-07-15 16:56:39,0.1755175,0.0588095833333333,0.1167079166666666,-0.1050529237499999,0.0,1.1623773942170657,0.6712726826023405,8.9,1.0,1.0,1.0,0.9887640449438202,0.9887640449438202,55.266666666666666,exp_20260715,2026-07-15T16:47:45,2026-07-15T16:51:22,3.6166666666666663,0.9756428571428566,0.6140564475000001,1.0,6.89634000000001,0.1947577499999919,1.4914028580457743,2.378476719944409,0.0476985938174663,1.4973641474120911,2.905,0.0865,-0.6171746502660017,1.34,0.01,0.5988247443895265,4.400000000000006,0.0999999999999943,-0.5710610278587067,-4.1,0.0,0.0,,,,44.3,0.0,-0.0274350366740235,48.7,0.0,-0.5984960645327309,83.0,2.0,-18.309651716153347,-15.1,1.0000000000000018,1.437520124110871,0.29,0.0099999999999999,0.0150356572284267,-10.7,0.200000000000001,0.3903391942960663,3.6166666666666663,65,1.092877593810507,1.09778931064494,1.1962823857953155,1.4329634238241673,0.9213710052568368,14.174358974358976,14.768464075989892,16.20751301252905,18.882384206464568,12.866691165263036,0.3548829764957265,0.4150755400552693,0.4945801817889005,0.6431558666579307,0.3410378191309499,1.7303465305549095,1.6007317351449162,1.6452531572697635,1.8518302631003152,1.687424102331066,1.4329634238241682,1.091670927461628,14.157960199004975,0.0702748119658119,0.0525487050192322,4.4788776998825455,0.0650762828760401,0.8717757514711335,0.802166172576923,0.7938046883572855,0.6107285389856255,0.6091097367733296,0.6123122866051953,0.6123575049623275,0.6317893966269388
frost_cycle_000007,True,,2026-07-15 20:03:24,2026-07-15 20:16:54,0.2872033333333333,0.0839643055555555,0.2032390277777777,-0.2920298775000001,0.0,1.7930503885652314,1.0519412121158895,13.5,1.0,1.0,1.0,1.0,1.0,181.18333333333337,exp_20260715,2026-07-15T20:03:24,2026-07-15T20:08:48,5.4,0.9329367283950608,0.9633671625,1.0,4.858785,0.0,2.24373594268328,1.7030441640378549,0.1120549048941175,1.8241954513110612,2.853,0.1605000000000003,-0.8224204902398046,0.93,0.0,0.9018181474587316,4.5,0.0,-1.022617393720486,1.4,0.0,-1.2067108872108713e-15,,,,40.2,0.0,-0.008669074743008,44.7,0.0249999999999985,-1.0312864684635104,89.0,8.5,-28.76298971936656,-26.8,1.400000000000002,2.9161433731592385,0.19,0.01,0.0216226729647124,-20.3,0.0250000000000021,1.0896360100027875,5.383333333333334,65,1.092877593810507,1.087454099060054,1.1703333542636016,1.1036781042132942,1.060855304843539,14.174358974358976,13.5183509004968,15.181777780517256,14.377243101079332,12.978828176248836,0.3548829764957265,0.2884186294077709,0.3545812528744654,0.3116909850823015,0.2400059200789524,1.7303465305549095,1.8734665812791549,1.9126614006582925,1.8569405950666469,1.7775217567927486,1.1036781042132944,1.0764029848150358,14.089303482587065,0.0702748119658119,0.078459817632402,5.110180726245593,0.0742488607129342,0.8717757514711335,0.802166172576923,0.9081381011797428,0.9142174993537276,0.8889726889746958,0.8920678211713136,0.8921586100245954,0.8915155747609109
frost_cycle_000008,True,,2026-07-15 23:13:58,2026-07-15 23:27:43,0.2965715277777778,0.0827201388888888,0.2138513888888888,-0.2624500162500003,0.0,1.7734910548386391,1.0529673301302105,13.75,1.0,1.0,1.0,0.9927272727272728,0.9927272727272728,172.96666666666667,exp_20260715,2026-07-15T23:13:58,2026-07-15T23:19:20,5.366666666666666,0.9248214285714276,0.9517521637500002,1.0,4.681151999999997,0.0,3.469520915809942,1.6282267826086947,0.0909169626320947,2.377488534970962,2.875,0.1509999999999998,-0.8253342595165336,0.84,0.0,1.046907474298416,4.799999999999997,0.0,-0.9597666018338415,1.2,0.0999999999999998,0.0546818560711299,,,,40.1,0.0,0.0123367602111204,44.9,0.0,-0.9474298416226876,89.0,6.5,-26.28563489858301,-26.8,1.400000000000002,3.113698249513783,0.19,0.01,0.0230897471519865,-20.1,0.0249999999999985,0.9389274798555152,5.366666666666666,65,1.092877593810507,1.0881285212058314,1.2225235630503248,1.354115374972169,1.1278980632961535,14.174358974358976,13.59992678342441,15.868746866813956,17.553607863640597,13.671452719807018,0.3548829764957265,0.2966836005459862,0.3839753996842154,0.4781740635104804,0.2859183685977027,1.7303465305549095,1.8556693239470332,1.966110417530112,2.0537846397475263,1.7453561678418663,1.3541153749721693,1.0762635844073092,14.085572139303483,0.0702748119658119,0.0779754977704736,5.0970285798630295,0.0740577653413323,0.8717757514711335,0.802166172576923,0.899212866955913,0.8998112599242655,0.8738467154617218,0.8799321839883627,0.8800636203960908,0.8800709886195682
frost_cycle_000017,True,,2026-07-17 19:21:15,2026-07-17 19:34:28,0.2590541666666667,0.0745791666666666,0.184475,-0.3245086912500002,0.0,1.7623199916394825,1.0106854988016698,13.216666666666669,1.0,1.0,1.0,1.0,1.0,175.06666666666666,exp_20260717,2026-07-17T19:21:15,2026-07-17T19:26:59,5.733333333333333,0.78047965116279,0.92540214,1.0,4.913352000000002,0.1201635000000012,1.8960294548485652,1.768909310533592,0.0645273893233988,1.585295839592444,2.836,0.0995000000000003,-0.7451003056404565,0.92,0.01,0.7929369269241455,4.600000000000001,0.0250000000000003,-1.0579605445957283,1.6,0.0999999999999998,0.0711864406779655,,,,41.4,0.0,-0.0128368991386762,46.0,0.1000000000000014,-1.0707974437344128,88.0,4.5,-23.891636565712737,-26.8,1.400000000000002,2.690414003889987,0.19,0.01,0.0198888580161154,-20.2,0.0999999999999978,1.069797165879436,5.716666666666667,66,1.086558641089996,1.1044929060342867,1.133399568364853,1.133153840923481,1.2111731764609974,14.08939393939394,13.785356959716848,14.640078152698363,14.787044374783154,15.36472153437108,0.3523758291245791,0.3051725622984852,0.348483909004409,0.3477435862613717,0.3879457051834586,1.7214091426571212,1.8741345141752712,1.8403604255195445,1.8415200833872123,1.8996078937892624,1.1331538409234811,1.08660506453328,14.093532338308458,0.070380627104377,0.0838892144990433,5.091362374735341,0.0744959983162554,0.8779103842923137,0.8006206378977273,0.8716553257156923,0.9734188823261888,0.9548188898428638,0.9532506234515954,0.9535741750364516,0.9542150245806897
frost_cycle_000018,True,,2026-07-17 22:32:07,2026-07-17 22:46:29,0.3108269444444445,0.07365625,0.2371706944444444,-0.1366066462499999,0.0,1.8261199166805695,1.0896690117899892,14.366666666666667,1.0,1.0,1.0,1.0,1.0,173.33333333333334,exp_20260717,2026-07-17T22:32:07,2026-07-17T22:37:41,5.566666666666666,0.7938997005988024,0.90361275,1.0,4.721787000000006,7.105427357601002e-15,3.0166786562934145,1.7101727634914885,0.0613647845493465,2.179929798567023,2.761,0.0954999999999999,-0.7328385662684097,0.8300000000000001,0.0,0.9105195887746595,4.899999999999999,0.1000000000000014,-0.903584328980278,2.9,0.0,-2.4134217744217426e-15,,,,41.4,0.1000000000000014,0.0586829674909361,46.2,0.0999999999999943,-0.8449013614893159,87.0,2.5,-21.52597943873304,-26.8,0.0,2.097582661850525,0.19,0.0,0.0153876076687966,-20.6,0.0,1.163656571269806,5.566666666666666,66,1.086558641089996,1.103981443724463,1.1220280251075745,1.0781785835837434,1.0996325226939854,14.08939393939394,13.794027705709532,14.334522611649907,13.702955461819194,12.636170278770429,0.3523758291245791,0.3065187391257537,0.3293787539171151,0.2959381294871676,0.2840294646754258,1.7214091426571212,1.869778981817073,1.8584931165782077,1.8340879784877495,1.9412666717958424,1.0781785835837434,1.085426206130469,14.076368159203982,0.070380627104377,0.0814505745426757,5.118486758393226,0.0748928779509352,0.8779103842923137,0.8006206378977273,0.8646573087143652,0.9402795457340484,0.932155570106085,0.9276074714816874,0.9270611071294,0.9228041942579488
frost_cycle_000021,True,,2026-07-20 16:20:31,2026-07-20 16:34:37,0.31121875,0.0810641666666666,0.2301545833333333,-0.1337146274999999,0.0,1.8194135734143584,1.0872005548808106,14.1,1.0,1.0,1.0,1.0,1.0,176.43333333333334,exp_20260720,2026-07-20T16:20:31,2026-07-20T16:25:47,5.266666666666667,0.9235158227848096,0.9254489025,1.0,4.012415999999997,0.0557279999999997,2.217293256060879,1.5853085736862889,0.0846613089814669,1.6931134500553815,2.531,0.0170000000000003,-0.5636482356210064,0.72,0.01,0.6368292015954891,4.799999999999997,0.0,-0.6486801889413726,6.5,0.0,0.0098360655737698,98.94201575,0.1182572499999992,-0.30517460739099,41.0,0.0,-1.930737419537394e-14,45.8,0.0,-0.6486801889414329,82.0,0.0,-18.748541261461547,-26.8,0.0,1.8563489858294169,0.19,0.0,0.0134537371492079,-20.8,0.0999999999999978,0.9304251180883752,5.283333333333333,67,1.0854630487709045,1.098870425185583,1.0552492455804905,1.0862430511682146,1.1664550594713958,14.080348258706469,13.756143724539015,13.108584291167304,13.65627820195134,14.805726181785078,0.3509771206467661,0.3008408864900127,0.2564041721014819,0.2691137100644624,0.3414349660575133,1.7221198470190402,1.871108015105246,1.8730201669691768,1.9158905596602904,1.915491578444447,1.0862430511682148,1.0854630487709045,14.080348258706469,0.0703327259535654,0.0767173865991183,5.162625932726175,0.075201867635618,0.8739955435342601,0.8021571356529851,0.878964828827167,0.887846065446058,0.888331178966304,0.8836423906048467,0.8826445552101979,0.8740953329396282
frost_cycle_000024,True,,2026-07-21 13:08:48,2026-07-21 13:23:11,0.3001543055555555,0.0754173611111111,0.2247369444444444,-0.21071295375,0.0,1.9852715335443047,1.1468747050781325,14.383333333333333,1.0,1.0,1.0,1.0,1.0,176.28333333333333,exp_20260721,2026-07-21T13:08:48,2026-07-21T13:14:38,5.833333333333333,0.7757214285714283,0.9439268625,1.0,4.608008999999999,0.0568889999999999,2.05594852230187,1.6725985480943737,0.0237146050318299,1.529565411268062,2.755,0.0009999999999998,-0.5777637064675543,0.81,0.01,0.7271220927494186,4.899999999999999,0.1000000000000014,-0.9662684078910848,3.0,0.0,-2.0111848120181184e-15,98.2377165,0.2167256249999951,-0.3809805862740811,41.1,0.1000000000000014,-0.0473464851347858,46.0,0.0,-1.013614893025861,87.0,2.5,-21.52597943873304,-26.8,0.0,1.7098082800778032,0.19,0.0,0.0124868018894136,-20.9,0.0249999999999985,1.171325368157847,5.833333333333333,65,1.085004659856032,1.0964165830280774,1.1195886533110109,1.0706214381022716,1.1133324355396643,14.075641025641026,13.721917193284662,14.304371155447589,13.82667501698949,14.193251341034468,0.3526616346153846,0.3038979203869993,0.3316245022756792,0.2957493355737458,0.3427502540405284,1.71709546813772,1.858186883924229,1.8475081023037745,1.8168116985901055,1.731080845887888,1.0706214381022714,1.0845723898127355,14.076119402985077,0.0704006858974358,0.0855426803485908,5.127653328302693,0.0751942645030945,0.8798675692997912,0.7995760212692308,0.8703994874922787,0.988501310183788,0.9705772444850314,0.9626547404347292,0.9620237721330844,0.9614095977471477
frost_cycle_000026,True,,2026-07-21 19:03:35,2026-07-21 19:17:06,0.2791641666666666,0.0712679166666666,0.20789625,-0.2000225624999999,0.0,1.7963927090247678,1.0453275486446365,13.516666666666667,1.0,1.0,1.0,1.0,1.0,144.83333333333334,exp_20260721,2026-07-21T19:03:35,2026-07-21T19:09:01,5.433333333333334,0.7870076687116557,0.8775574912499999,1.0,4.966758000000002,0.1079730000000021,1.917713316305116,1.7821162540365991,0.0760287266382087,1.720213752007182,2.787,0.1482500000000004,-0.8021394831897783,0.93,0.0,0.8585744267241797,4.5,0.1000000000000014,-1.115643234231733,2.2,0.0,-0.088191164212281,100.53515275,0.0932232500000083,-0.1603850789109125,41.4,0.1000000000000014,-0.0180050013892695,46.0,0.0,-1.133648235621062,88.0,4.5,-25.970547374270748,-26.8,0.0,2.4546818560711374,0.19,0.0,0.0182050569602666,-20.7,0.0999999999999978,1.4500694637399338,5.433333333333334,65,1.085004659856032,1.0906326965932218,1.1904438148369985,1.079217621304604,1.1670836296950844,14.075641025641026,13.901194467133012,15.301443634498536,14.191062562217104,14.976306211257958,0.3526616346153846,0.3286127542486244,0.3969680455560936,0.3255328595253153,0.3444064266754535,1.71709546813772,1.7866777514546757,1.8604309736706028,1.7671345861871437,1.829261598505388,1.0792176213046036,1.086211534894666,14.08905472636816,0.0704006858974358,0.0796768965532588,5.114379883767522,0.0749996166134379,0.8798675692997912,0.7995760212692308,0.871646418425177,0.928179255490914,0.9241345357008632,0.9181580767555512,0.9174702904050758,0.9113923270143618
frost_cycle_000027,True,,2026-07-21 21:45:32,2026-07-21 22:00:12,0.3243611111111111,0.0706269444444444,0.2537341666666666,-0.0786961274999999,0.0,1.8085736521691924,1.095719678166558,14.666666666666666,1.0,1.0,1.0,1.0,1.0,145.28333333333333,exp_20260721,2026-07-21T21:45:32,2026-07-21T21:50:59,5.45,0.7775443425076447,0.8760512549999999,1.0,4.806540000000001,0.0,1.894272314539476,1.7327108868060566,0.0452467357709946,1.5801420150773224,2.775,0.0927499999999996,-0.7241478188385678,0.92,0.0,0.8039566546262849,4.5,0.0,-0.9110471974963212,2.3,0.1,0.0887753609765111,101.23182275,0.1363775000000089,-0.163779577660488,41.5,0.0,-0.0081662100634858,46.0,0.0,-0.91921340755978,87.0,3.0,-23.99315582680928,-26.8,1.400000000000002,2.577591669997782,0.19,0.01,0.0189840985092961,-20.3,0.0,1.2751455118018316,5.45,65,1.085004659856032,1.0907154549046905,1.1947132852012263,1.0979862242565024,1.0471533237072868,14.075641025641026,13.89862929151356,15.353637924870146,14.39413947211692,14.01460663183306,0.3526616346153846,0.3282591238754057,0.4020022966094244,0.3432531769261081,0.3276721096311512,1.71709546813772,1.78770093459017,1.8586378229063885,1.7695924594884247,1.686125981742598,1.0979862242565024,1.0853358976770873,14.071890547263685,0.0704006858974358,0.0799213042113977,5.087832994697179,0.0746103208341247,0.8798675692997912,0.7995760212692308,0.8720620620694765,0.9341432469596962,0.9262836711981052,0.9235698323949126,0.9233921320203656,0.919367589554919
frost_cycle_000029,True,,2026-07-23 10:43:19,2026-07-23 10:53:38,0.2020359722222222,0.0460465277777777,0.1559894444444444,-0.0307785937500001,0.0,1.2712173347115387,0.7442115040525427,10.316666666666666,1.0,1.0,1.0,1.0,1.0,69.26666666666667,exp_20260723,2026-07-23T10:43:19,2026-07-23T10:47:34,4.25,0.6500686274509793,0.5977856775000001,0.9960629921259844,6.845255999999998,0.1805355000000021,0.2816828401111448,2.993203124999999,1.8444567177071065,3.690070076843405,2.234,0.7064999999999999,-1.3876237843845545,1.34,0.4599999999999999,1.1666740761322587,4.299999999999997,0.6000000000000014,-2.070647098702364,1.2,0.0,-2.0408310104735082e-16,91.87565775,0.3256847499999935,1.7277042936926394,44.6,0.1000000000000014,0.1253463701553571,49.0,0.5499999999999972,-1.9453007285470083,62.0,20.0,-39.08659492595173,-5.4,2.3000000000000003,5.234378252442015,0.4,0.0299999999999999,0.0697629118964185,-3.1,0.5499999999999998,1.6394771266793342,4.25,62,1.110792144842431,1.135162946919112,0.797341442043759,1.01366262478652,1.0439448432441567,14.389247311827958,15.030449779552198,10.64178287356886,13.6282995130769,14.39609333913561,0.3641523499103942,0.4227444302832869,0.246448879729763,0.5208440610084594,0.4722316733062839,1.750616533540134,1.6703792678721834,1.291655808245468,1.1554920212415214,1.3568144289699726,1.0136626247865193,1.090082433149123,14.13681592039801,0.0718658669354838,0.0630696284346377,3.7066081520207343,0.0550057409178228,0.8903947543713566,0.8108858958870967,0.7864004527598519,0.7337438398964439,0.6912523476580226,0.6494617420308226,0.6437586107491955,0.5954761060047367
frost_cycle_000030,True,,2026-07-23 11:41:30,2026-07-23 11:51:37,0.2025911111111111,0.0417397222222222,0.1608513888888889,0.0195104437499999,0.0,1.173198335496449,0.7029614365634236,10.116666666666667,1.0,1.0,1.0,1.0,1.0,43.583333333333336,exp_20260723,2026-07-23T11:41:30,2026-07-23T11:45:27,3.95,0.6340210970464131,0.5460876375,1.0,7.111124999999998,0.1137780000000008,-0.0979498182828514,2.931703067484662,2.141505293006945,3.4476940923113406,2.444,0.7777499999999999,-1.5727585440400145,1.25,0.8199999999999998,1.3436899138649625,4.899999999999999,1.149999999999995,-2.863462072798,-0.1,0.0,0.0346762989719366,90.392195,0.4520485000000036,2.088182832453459,45.2,0.0999999999999943,0.3004167824395552,50.1,1.0500000000000045,-2.5630452903584553,67.0,23.5,-45.152542372881406,-7.0,2.575,6.084190052792452,0.38,0.0324999999999999,0.0795721033620447,-3.9,0.8249999999999997,2.271130869686024,3.966666666666667,62,1.110792144842431,1.1481733632082058,0.9113274591379172,1.1919805289390877,0.8188858011648972,14.389247311827958,15.372757390292218,12.252000752197594,16.05924765606829,11.56648082433894,0.3641523499103942,0.4540239652980488,0.3150268434451082,0.6118136072326803,0.2764847701446193,1.750616533540134,1.6275443942002363,1.3981222590566766,1.360294230559692,1.3562975489819662,1.191980528939088,1.0911979609845968,14.139800995024878,0.0718658669354838,0.0586176546627809,3.77325775067215,0.0559948151348257,0.8903947543713566,0.8108858958870967,0.7498768990677074,0.6684224785247487,0.6359169975787984,0.606158339829865,0.6029627755493046,0.5666333450279659
frost_cycle_000031,True,,2026-07-23 12:54:41,2026-07-23 13:05:21,0.2137426388888889,0.0455315277777777,0.1682111111111111,-0.0278188499999999,0.0,1.3309179003061922,0.7813805248092729,10.666666666666666,1.0,1.0,1.0,1.0,1.0,58.68333333333333,exp_20260723,2026-07-23T12:54:41,2026-07-23T12:58:58,4.283333333333333,0.6377957198443569,0.60990248625,1.0,6.910271999999996,0.2879280000000035,-0.2834652953598245,2.9149735537190073,1.0646226517495525,3.0536752761781125,2.419,0.7042499999999998,-1.49163601000278,1.24,0.4400000000000001,1.2990275076410105,4.7499999999999964,1.125,-2.822784106696307,-0.5,0.0,-0.1688802445123641,90.7984665,0.7853628750000041,2.547897805223624,45.1,0.1000000000000014,0.2540705751597202,49.8,1.0499999999999972,-2.5687135315365657,67.0,23.5,-45.152542372881406,-7.8,1.5999999999999996,5.0600722422895315,0.37,0.02,0.0645345929424838,-4.95,0.625,1.7858293970547383,4.283333333333333,62,1.110792144842431,1.140524150256928,0.9088287538211376,0.6332934273534137,0.8336973346652736,14.389247311827958,15.171504505587183,12.261422275802987,8.48974540658292,12.303780380416084,0.3641523499103942,0.4356337909155865,0.3144632627543103,0.2028893087331195,0.2900985671879122,1.750616533540134,1.6527282978645996,1.3935850495646316,1.009151362242939,1.3539899804637316,0.6332934273534125,1.085782021914129,14.131592039800998,0.0718658669354838,0.0635642921870662,3.860735348902132,0.0572929750446421,0.8903947543713566,0.8108858958870967,0.7603889612775399,0.7237226358315025,0.6915327015574693,0.6608037125330917,0.6569742831624301,0.6270260456473242
frost_cycle_000032,True,,2026-07-23 15:35:08,2026-07-23 15:47:03,0.2216976388888888,0.0690006944444444,0.1526969444444444,-0.38887646625,0.0,1.7194492597314055,0.9550445587227564,11.916666666666666,1.0,1.0,1.0,0.9916083916083916,0.9916083916083916,145.83333333333334,exp_20260723,2026-07-23T15:35:08,2026-07-23T15:40:38,5.5,0.7527348484848481,0.902968395,1.0,4.0751100000000005,0.3529439999999977,2.862058974855172,1.4169782283346104,0.1135900109111529,1.947978427507532,2.878,0.0677499999999997,-0.7300061128091159,0.76,0.095,0.6773064274752402,4.599999999999994,0.2000000000000028,-0.124769948078726,5.1,0.0,0.0650008984556028,95.86017025,0.1161118750000014,0.0451458063350114,44.2,0.0999999999999943,-0.1533692085078743,48.8,0.2000000000000028,-0.2781391565865826,84.0,1.0,-19.220235111644865,-22.8,0.0,1.9277376887938944,0.22,0.0,0.0163753463782782,-16.6,0.1999999999999993,0.3458013751099323,5.516666666666667,62,1.110792144842431,1.0963765404089905,0.9955129308653252,1.1037364935026368,1.0020418971145917,14.389247311827958,14.009968816710112,12.278034982760712,13.93699844043486,12.638304917542238,0.3641523499103942,0.3294944732048854,0.2465637415914937,0.3281750153496606,0.2835402717791528,1.750616533540134,1.7980777815963396,1.7560312783001262,1.8184280501081669,1.742478278249991,1.1037364935026368,1.057517746906906,14.112935323383088,0.0718658669354838,0.0816195191507076,4.831320129263368,0.0716963683297474,0.8903947543713566,0.8108858958870967,0.7905218165036821,0.912743443445822,0.9108275672659312,0.910695707327986,0.9113638665001736,0.9201661396416759
frost_cycle_000033,True,,2026-07-23 18:19:17,2026-07-23 18:30:41,0.2074170833333333,0.0668633333333333,0.1405537499999999,-0.4058452875,0.0,1.6134896695840522,0.8955721263952401,11.4,0.959752321981424,0.959752321981424,1.0,1.0,1.0,148.65,exp_20260723,2026-07-23T18:19:17,2026-07-23T18:24:40,5.383333333333334,0.74522600619195,0.8937948824999999,1.0,5.020164000000004,0.0545669999999995,2.0035892175604353,1.740694868238559,0.0418968039818272,1.4450041171809669,2.885,0.0232499999999999,-0.6162478466240633,0.92,0.01,0.626774103917755,4.700000000000003,0.2000000000000028,-0.6336760211169756,4.4,0.0,0.0953598221728259,98.4618335,0.1275556249999994,-0.1766674767991944,44.8,0.0,0.0320088913586906,49.5,0.2000000000000028,-0.6016671297582802,85.0,0.5,-19.25368157821623,-22.8,0.0,1.6739649902750806,0.22,0.0,0.0141872742428451,-16.8,0.0999999999999978,0.634176160044472,5.383333333333334,62,1.110792144842431,1.0949497004655402,0.8895723115857929,0.7612474247867296,0.9418725215057316,14.389247311827958,13.97242826757639,11.00787779328448,9.430857671883714,12.65015963779469,0.3641523499103942,0.3260640764381789,0.2195149545119021,0.1276218210097446,0.2701893363099966,1.750616533540134,1.8027754413306416,1.5710567474112904,1.485636669215185,1.6086170543108604,0.7612474247867298,1.06868537308054,14.120646766169155,0.0718658669354838,0.0798881960172078,4.847982528926221,0.0719436368839981,0.8903947543713566,0.8108858958870967,0.7691690168497372,0.8862865107003393,0.8893028792496166,0.8901377383200212,0.8894169867962064,0.8958816402872781
frost_cycle_000034,True,,2026-07-23 21:02:55,2026-07-23 21:13:51,0.2017556944444444,0.06849125,0.1332644444444444,-0.3670506337500001,0.0,1.554945744372124,0.8649416917574476,10.933333333333334,1.0,1.0,1.0,1.0,1.0,148.06666666666666,exp_20260723,2026-07-23T21:02:55,2026-07-23T21:08:04,5.15,0.7979563106796116,0.8445123675,1.0,5.071247999999997,0.0,1.9258411336177743,1.7750255512775628,0.0382214097588409,1.4292288704168,2.8575,0.0209999999999999,-0.6055565434843032,0.91,0.0,0.6351097527090855,4.799999999999997,0.1000000000000014,-0.735333973183321,4.4,0.0,0.1080801649672622,97.00316625,0.2234018750000075,-0.1580303989998059,44.7,0.0,-0.0292778881149743,49.5,0.2000000000000028,-0.7646118612982897,85.0,1.0,-19.33748919065314,-22.8,0.0,2.1206598690524987,0.22,0.0,0.018176807655393,-17.2,0.1000000000000014,0.9348113234441916,5.166666666666667,62,1.110792144842431,1.0952451998621129,0.9081766605705864,0.8188724270711167,0.9587621827841156,14.389247311827958,13.980202937515326,11.256004287037166,10.007636548132274,13.110759834392404,0.3641523499103942,0.3267745136383844,0.2233731994244152,0.1567106771331229,0.2876134295635045,1.750616533540134,1.801802553219987,1.6056313492065075,1.552544232423127,1.778226026824427,0.8188724270711172,1.073840589189434,14.127611940298513,0.0718658669354838,0.0764255497502081,4.881307328251929,0.0724381739924996,0.8903947543713566,0.8108858958870967,0.7683030135309198,0.8507609617076846,0.8568556227820686,0.8575189065620047,0.8555221427732428,0.858920092704164
frost_cycle_000036,True,,2026-07-24 12:31:19,2026-07-24 12:42:16,0.2312338888888889,0.0675866666666666,0.1636472222222222,-0.1878881774999999,0.0,1.4278346530760468,0.8402068719177365,10.95,1.0,1.0,1.0,0.9908675799086758,0.9908675799086758,186.31666666666663,exp_20260724,2026-07-24T12:31:19,2026-07-24T12:35:34,4.25,0.954164705882352,0.7387442999999998,1.0,5.43348,0.1207440000000019,0.36828773928331,2.1378845265588926,0.0299996890238256,0.3741469376252662,2.5869999999999997,0.0779999999999998,-0.1833909419283149,1.04,0.01,0.0831224045689096,4.5,0.1000000000000014,-0.02550708530147,1.9,0.0,-0.0098360655737718,93.09161125,0.16284275000001,-0.2986734073354607,44.0,0.0,0.087190886357302,48.6,0.1000000000000014,0.0616838010558208,75.0,2.0,-7.740483467629968,-16.1,0.0,1.1524868018894143,0.28,0.0,0.011619894415115,-12.0,0.0999999999999996,0.0110030564045557,4.266666666666667,65,1.0936425396311893,1.13931419684857,0.6941549192890499,0.2269629428642517,0.9687762031357904,14.20051282051282,14.205299835130116,9.23791006895187,2.7936597757007764,12.39809064578692,0.3556559722222221,0.3079931487239435,0.098157993165731,-0.2235227821065245,0.2774901918836,1.7303276562619685,1.9491652888115287,1.397410210241408,1.0562359033239574,1.792972529601945,0.2269629428642517,1.08914952165095,14.127363184079602,0.0703733568376068,0.0618013346181695,4.535536556419599,0.0659534617402889,0.8724894299035706,0.8027758290576923,0.7862268919568897,0.7105306597214005,0.6950858773390406,0.6929286593311994,0.6930397657281824,0.7049072534622073
frost_cycle_000039,True,,2026-07-24 18:14:31,2026-07-24 18:26:52,0.2540359722222222,0.0775976388888888,0.1764383333333333,-0.3161212724999999,0.0,1.6893350005713974,0.9745391288144104,12.35,0.9701149425287356,1.0,0.9701149425287356,0.9919028340080972,0.9919028340080972,147.06666666666666,exp_20260724,2026-07-24T18:14:31,2026-07-24T18:19:37,5.1,0.9129133986928096,0.8932821074999999,1.0,4.648644000000006,0.2560005000000078,1.6917411981105774,1.5638948833971458,0.0427611878561753,1.2676269144126089,3.005,0.0190000000000001,-0.6371882297452123,0.93,0.06,0.5252125590441781,4.400000000000006,0.1000000000000014,-0.3979438732981452,2.6,0.0,0.0190052792442304,94.23222325,0.1587892500000123,0.1186638955264866,44.3,0.0249999999999985,-0.0168380105585311,48.7,0.0,-0.4147818838566586,87.0,2.5,-21.460961378160725,-22.8,0.0,2.321811614337334,0.22,0.0,0.0198721867185328,-16.5,0.0,0.6671853292581263,5.1,65,1.0936425396311893,1.1145135124499446,1.0124711169472005,0.8721664871836622,1.0787929206174172,14.20051282051282,14.202700384048889,12.909806083939223,10.95963982724983,13.298840948305994,0.3556559722222221,0.3338750789000694,0.2683494128335798,0.1740726781919422,0.3172910628287609,1.7303276562619685,1.8303317848383336,1.7447124664791531,1.6367926974668627,1.7851532126442864,0.8721664871836627,1.0828632625674257,14.106467661691545,0.0703733568376068,0.0741616015418034,4.85516825603228,0.0706013830631919,0.8724894299035706,0.8027758290576923,0.7821318791055126,0.8516026245737432,0.8536190275158444,0.856310436323694,0.8566999788536838,0.8602770556053487
frost_cycle_000040,True,,2026-07-24 20:55:43,2026-07-24 21:06:52,0.2237777777777778,0.0739043055555555,0.1498734722222222,-0.3722536875,0.0,1.6129760130146444,0.9117137457719584,11.15,1.0,1.0,1.0,1.0,1.0,145.68333333333334,exp_20260724,2026-07-24T20:55:43,2026-07-24T21:00:34,4.85,0.9142800687285216,0.8575216950000001,1.0,4.664898000000002,0.1712475000000122,0.6688134215059616,1.7624819277108423,0.0730691478044467,0.5881905255346278,2.656,0.0139999999999997,-0.3045305830212266,0.86,0.08,0.0943928869130311,4.599999999999994,0.2999999999999971,0.2439010836343325,2.5,0.0,0.0210058349541518,91.986286,0.135900625000005,0.2587997646568151,44.7,0.0,-0.0703528757988868,49.3,0.2999999999999971,0.1735482078354473,77.0,0.0,-11.23145318143927,-18.2,0.0,0.7652125590441903,0.26,0.0,0.0076521255904415,-13.6,0.0,0.3525979438733125,4.85,65,1.0936425396311893,1.1136394331271904,0.9495320284064764,0.5205928042481494,0.9926397487268288,14.20051282051282,14.202608768575535,12.358707168120716,6.572998011971176,12.292545992246971,0.3556559722222221,0.3347872658234742,0.2377199627308578,-0.0443223112790686,0.3067258641689219,1.7303276562619685,1.826143597649469,1.6689573465053793,1.324533929213755,1.6296216559667445,0.5205928042481498,1.0880822548770066,14.124378109452737,0.0703733568376068,0.0705262289172052,4.649183382948552,0.0676060559884322,0.8724894299035706,0.8027758290576923,0.7621554170481252,0.8008286620827081,0.7893736773107255,0.7856308691002198,0.7853539794855214,0.7946246616761117
frost_cycle_000043,True,,2026-07-27 13:29:11,2026-07-27 13:44:43,0.3702179166666666,0.0870898611111111,0.2831280555555555,-0.0686665387500001,0.0,2.204683039097567,1.3105175543452627,15.533333333333331,1.0,1.0,1.0,0.9935622317596566,0.9935622317596566,130.03333333333333,exp_20260727,2026-07-27T13:29:11,2026-07-27T13:34:49,5.633333333333334,0.927584319526627,0.96500626875,1.0,5.182704000000005,0.1079730000000012,2.459022927415681,1.890807734403504,0.0762816154683327,1.823803786779123,2.736,0.0464999999999999,-0.6358732981383736,0.93,0.0,0.817443734370658,4.700000000000003,0.1000000000000014,-0.8544271110380403,3.4,0.0,8.048408351993726e-16,96.74137875,0.159266125000002,0.0157911422616794,41.4,0.0,0.0115013008113917,46.1,0.1000000000000014,-0.8429258102266388,86.0,3.0,-21.774016654254968,-25.4,0.0,1.6718492799597664,0.2,0.0,0.0130112092227046,-19.8,0.1999999999999993,1.505788369101628,5.65,63,1.0884417179756698,1.0905084906587488,1.148377716734603,1.2025741834083568,1.115275004104963,14.171693121693124,14.091374358015852,14.911967635162243,15.382851956632154,14.83812709209793,0.3555570745149912,0.3436738528131986,0.3567685715249299,0.4040023199100589,0.2607405370230569,1.718365378765695,1.7510733739445097,1.8560543746958595,1.8723795824294749,1.6789622708337029,1.2025741834083572,1.074744491316084,14.058955223880597,0.0699347685185184,0.081715921907009,5.082746980573445,0.0737292346753181,0.8703470972344156,0.7984460554166667,0.8655247302035047,0.9483092437910208,0.9286404190680224,0.9233599233487192,0.9231467390172736,0.9262377530738061
frost_cycle_000044,True,,2026-07-27 16:11:50,2026-07-27 16:25:47,0.3176438888888889,0.0793223611111111,0.2383215277777777,-0.1621125262500001,0.0,1.8583975369587624,1.1102523952710108,13.95,1.0,1.0,1.0,1.0,1.0,141.61666666666667,exp_20260727,2026-07-27T16:11:50,2026-07-27T16:17:02,5.2,0.9152580128205128,0.9252665287500002,1.0,4.6654785000000025,0.1927259999999959,2.863830193288454,1.6032533677897425,0.1091622456670022,1.9157228490412697,2.912,0.0985000000000004,-0.7657110308419035,0.84,0.0599999999999999,0.7019459183773548,4.700000000000003,0.3000000000000042,-0.289745162233821,3.6,0.0,0.0266461613941079,95.38094125,0.2329380000000043,-0.6265362361767862,42.8,0.0999999999999943,-0.0586419345403379,47.5,0.3999999999999986,-0.3483870967741622,86.0,3.0,-22.715413863702786,-24.1,1.3000000000000007,2.5077847701176426,0.21,0.01,0.0203211654039571,-17.5,0.1000000000000014,0.7235222523092009,5.2,63,1.0884417179756698,1.092163700673539,1.0715954498454938,1.237353419760942,1.137260635423111,14.171693121693124,14.027049711622649,13.71657648898632,15.878548302377023,14.956105564419923,0.3555570745149912,0.3341569728341784,0.3007810163825367,0.4118673922119776,0.3440685929262558,1.718365378765695,1.7772681275460678,1.8072978438477867,1.9354841489062669,1.8036465112079896,1.237353419760942,1.0836856304502596,14.082587064676616,0.0699347685185184,0.075430081760316,4.92038514369863,0.0713740487848907,0.8703470972344156,0.7984460554166667,0.8206670855372498,0.8662717184336,0.858090336852661,0.8638789949490235,0.8646948155738954,0.8690873163054091
frost_cycle_000045,True,,2026-07-27 18:23:46,2026-07-27 18:35:16,0.2375616666666666,0.0737812499999999,0.1637804166666666,-0.2894614874999999,0.0,1.6255607180631657,0.9308650246155774,11.5,1.0,1.0,1.0,1.0,1.0,113.48333333333332,exp_20260727,2026-07-27T18:23:46,2026-07-27T18:28:31,4.75,0.9319736842105252,0.8268266287500001,1.0,5.43348,0.0696599999999927,2.2358517999444136,1.7113322834645668,0.0741986728690327,1.6256052828206744,3.1750000000000003,0.11375,-0.835392053348153,1.04,0.01,0.723217560433453,4.450000000000003,0.0999999999999943,-0.5788274520700312,1.6,0.0999999999999998,0.1090302861906068,94.6594755,0.2391374999999982,-0.1835150880800668,44.7,0.0999999999999943,-0.1233676021117317,49.2,0.0,-0.7021950541817694,88.0,4.5,-23.76160044456798,-20.5,1.1999999999999993,2.913976104473466,0.24,0.01,0.0258405112531256,-14.2,0.0,0.686190608502371,4.766666666666667,63,1.0884417179756698,1.0881435646951707,1.0112889610413325,1.1604971549167398,0.981581295214203,14.171693121693124,14.183279931927297,12.94694034103897,14.940158853342838,11.769213287211606,0.3555570745149912,0.3572713518335828,0.2952348421557347,0.3966618019118658,0.2844030011436462,1.718365378765695,1.71364691304329,1.678903519393503,1.7909342723883528,1.6449970099560336,1.1604971549167395,1.0874638264731595,14.119154228855722,0.0699347685185184,0.0689024785310579,4.687431203834765,0.0679948690290601,0.8703470972344156,0.7984460554166667,0.7664466321265354,0.79103211499127,0.7885695631825904,0.7966130683882017,0.797572374642723,0.8059861790748443
frost_cycle_000046,True,,2026-07-27 20:34:04,2026-07-27 20:45:53,0.2525773611111111,0.0738013888888888,0.1787759722222222,-0.2359287450000001,0.0,1.6123650943425347,0.9402527716483472,11.816666666666666,1.0,1.0,1.0,0.991537376586742,0.991537376586742,112.36666666666666,exp_20260727,2026-07-27T20:34:04,2026-07-27T20:38:44,4.666666666666667,0.9488749999999988,0.8183677762500001,1.0,5.238431999999997,0.1091340000000018,1.9609839625949743,1.7787544991511026,0.1117485461751701,1.7564680101903287,2.947,0.1854999999999997,-0.8700091101473767,0.94,0.0,0.8913734658094682,4.799999999999997,0.0,-1.2431786607390942,1.4,0.0,0.0060016671297577,99.823224,0.0832089999999965,0.0386652686857054,43.5,0.1000000000000014,0.114031675465393,48.3,0.1000000000000014,-1.12914698527369,89.0,8.5,-28.821339260905837,-24.1,0.0,2.0559044178938626,0.21,0.0,0.0167546540705751,-19.0,0.0,1.858516254515148,4.666666666666667,63,1.0884417179756698,1.0879839976865506,1.1641590738148824,1.1475633897068245,1.3176605700008115,14.171693121693124,14.189481012946496,14.915342246021208,14.707575121546052,16.725343937181417,0.3555570745149912,0.3581888064502653,0.3981269534394153,0.3704354927291203,0.4105910262778443,1.718365378765695,1.711121663415514,1.796084945183194,1.8221007698207103,1.9128136104489424,1.147563389706824,1.0872689326149965,14.114427860696518,0.0699347685185184,0.0676936631182323,5.026273298182205,0.0729100395829955,0.8703470972344156,0.7984460554166667,0.7949093738859492,0.7715196995380033,0.8072943045384628,0.7976217371219035,0.7958259296414086,0.785595870125023
frost_cycle_000047,True,,2026-07-27 22:44:57,2026-07-27 22:56:49,0.2485893055555555,0.0734715277777777,0.1751177777777777,-0.2660816887499999,0.0,1.6434180729892482,0.9495088441840104,11.866666666666667,1.0,1.0,1.0,1.0,1.0,113.0,exp_20260727,2026-07-27T22:44:57,2026-07-27T22:49:44,4.783333333333333,0.9215940766550512,0.8324082975,1.0,4.966758000000002,0.1091340000000009,2.344947244866897,1.6084060880829023,0.0618769198034858,1.7504777985042808,3.0854999999999997,0.1237500000000002,-0.8942500694637427,0.94,0.0099999999999998,0.8284285340288746,4.5,0.1000000000000014,-0.8427779669574812,1.9,0.0,0.1023331728567577,96.70943025,0.2939743749999906,-0.4403085804391063,44.0,0.0,6.523583139377972e-15,48.5,0.1000000000000014,-0.8427779669574975,88.0,6.0,-23.760846846635204,-21.6,0.0,2.1534527905311025,0.23,0.0,0.0191773422730528,-15.8,0.200000000000001,0.653540856944914,4.783333333333333,63,1.0884417179756698,1.0880744983780068,1.0807573936351973,1.2408670665729011,0.8468070314477467,14.171693121693124,14.18596398192068,13.771423680275332,15.960079166591084,10.605020657685786,0.3555570745149912,0.3576684590557289,0.3321144622113475,0.4351865018405723,0.2252395243487577,1.718365378765695,1.7125538945476857,1.755313207740073,1.8890470705499325,1.5989728966745982,1.2408670665729011,1.0870811088289334,14.113681592039804,0.0699347685185184,0.0693860046961881,4.800378568617245,0.0696332592137052,0.8703470972344156,0.7984460554166667,0.7888754544596631,0.7982035660007915,0.8022333633023017,0.8049299169288937,0.8051564930757285,0.8103945800685363
frost_cycle_000049,True,,2026-07-28 11:20:22,2026-07-28 11:34:21,0.3275726388888889,0.0767288888888889,0.25084375,-0.0600515962500001,0.0,1.9054501696569612,1.1402491426626222,13.983333333333333,1.0,1.0,1.0,1.0,1.0,116.83333333333331,exp_20260728,2026-07-28T11:20:22,2026-07-28T11:25:17,4.916666666666667,0.9363525423728816,0.8452547625,1.0,5.565833999999995,0.1184220000000015,1.7171231583410338,1.8485001660577864,0.1267479368686614,1.5231720477185395,3.007,0.121,-0.8253597129996006,1.02,0.01,0.8103605631334051,4.599999999999994,0.1000000000000014,-1.121672862088919,1.5,0.0,0.0163539531371056,95.17875925,0.1130123750000109,0.0247503217560277,43.7,0.1000000000000014,-0.0737546220465619,48.3,0.0,-1.1954274841354946,89.0,7.0,-26.855733299332076,-22.8,0.0,2.4131584883823636,0.22,0.0,0.0207358003864373,-17.0,0.1000000000000014,1.1340368979079436,4.933333333333334,62,1.081392180043667,1.0814859600925413,1.057693902611736,1.0981068606409854,1.04503604669308,14.048655913978497,14.046488988358576,13.573200181773371,14.18189292077065,12.94516076051498,0.3487368077956989,0.3483864311451152,0.3180266617151721,0.3440806024628917,0.2754739628775664,1.7178278157020055,1.7188692121917608,1.7342682643233658,1.7679352791664775,1.6801512633552862,1.0981068606409854,1.0860266074231455,14.082089552238806,0.070066232078853,0.0712029883721648,4.894730559520544,0.07088531046395,0.8689178242026889,0.8014274988508064,0.7949182844781281,0.8209175551097598,0.8284763533925473,0.8290046828977906,0.8289037470046048,0.8311124527785124
frost_cycle_000050,True,,2026-07-28 13:31:07,2026-07-28 13:50:29,0.6029880555555556,0.0750702777777777,0.5279177777777778,0.5989083000000002,0.0,2.0180492510120835,1.4636881860926638,19.366666666666667,1.0,1.0,1.0,1.0,1.0,111.45,exp_20260728,2026-07-28T13:31:07,2026-07-28T13:35:56,4.816666666666666,0.9351314878892724,0.83423090625,1.0,5.565834000000003,0.3256605000000041,2.457841143720001,1.829662721893492,0.2877447811569804,2.0119461872758,3.0455,0.2397500000000003,-0.981879410947488,1.02,0.04,0.9544984717977214,4.5,0.2000000000000028,-1.0357837336337528,1.4,0.0,6.099990027407027e-16,96.74710075,0.0956071250000007,0.1895998341205378,43.3,0.2000000000000028,-0.1225231707201517,48.0,0.0,-1.1583069043539314,89.0,7.0,-26.543165229245776,-21.6,0.0,2.0754925257268337,0.23,0.0,0.0184619754044818,-15.9,0.1999999999999993,0.7878972630622173,4.833333333333333,62,1.081392180043667,1.0803245257952276,1.0301242268966162,1.044170816995448,1.1588006333259837,14.048655913978497,14.073325631812216,13.190116359859989,13.591027174357189,15.458431473017534,0.3487368077956989,0.3527257278702791,0.3062550540194853,0.3083855172289552,0.4280745854526371,1.7178278157020055,1.705971867662485,1.697227164638439,1.7251664318592244,1.6633045438356096,1.0441708169954476,1.078523808542987,14.00174129353234,0.070066232078853,0.0697547919984936,4.815929929776565,0.0697441226015676,0.8689178242026889,0.8014274988508064,0.8057911280881916,0.8039900006920562,0.8003407441600405,0.8042684817623293,0.8048400070107825,0.8120262899298132
frost_cycle_000051,True,,2026-07-28 15:42:05,2026-07-28 15:53:27,0.2334483333333333,0.075155,0.1582933333333333,-0.3259247887499999,0.0,1.636626901006384,0.931471429960078,11.366666666666667,1.0,1.0,1.0,1.0,1.0,110.05,exp_20260728,2026-07-28T15:42:05,2026-07-28T15:46:52,4.783333333333333,0.9427108013937282,0.8390432512499999,1.0,5.241914999999997,0.0998459999999994,1.87103653115546,1.7052423552374747,0.0604419082316884,1.4647255610065248,3.074,0.1169999999999999,-0.8082689628372918,1.05,0.03,0.8117256849863806,4.299999999999997,0.0,-0.911753264795776,1.2,0.1,0.0515143095304246,96.1963455,0.1521129999999999,0.0163573145317842,44.5,0.0,0.0235065295915345,48.8,0.0,-0.888246735204247,89.0,6.5,-26.295637677132607,-21.6,1.1999999999999993,2.602389552653531,0.23,0.01,0.0229897193664905,-16.3,0.1000000000000014,1.0399555432064524,4.8,62,1.081392180043667,1.08002248096249,1.0555997297060753,1.2188458283558306,0.9948182360154152,14.048655913978497,14.080304820821834,13.458749520664073,15.848608032091096,13.306901585345166,0.3487368077956989,0.3538542137059255,0.3256287530685566,0.4426767793839912,0.2647408624244743,1.7178278157020055,1.702617759487689,1.71153382043131,1.8198525971628756,1.6829782584115178,1.218845828355831,1.0949747140527846,14.121144278606968,0.070066232078853,0.0692720598739366,4.844584704228921,0.0701591000060703,0.8689178242026889,0.8014274988508064,0.7761563186683219,0.8038588309062653,0.8169549598463874,0.8137349245011614,0.8130431759599794,0.8161196379219227
frost_cycle_000052,True,,2026-07-28 17:52:47,2026-07-28 18:11:07,0.5523691666666666,0.0729909722222222,0.4793781944444444,0.465564225,0.0,1.848363412961336,1.3406981085980796,18.333333333333332,1.0,1.0,1.0,1.0,1.0,112.78333333333332,exp_20260728,2026-07-28T17:52:47,2026-07-28T17:57:30,4.716666666666667,0.9285070671378088,0.8156518425,1.0,5.558868000000004,0.1323539999999923,1.895829472787736,1.766363128491619,0.0571616516066268,1.62525553910247,3.218,0.2212500000000004,-0.9915387607668824,1.14,0.02,0.8489358155043069,4.200000000000003,0.0999999999999943,-0.8077297428826342,0.5,0.0999999999999999,0.1435639549030737,94.0991835,0.236991875000001,0.2799981122533541,44.5,0.0,-6.837805240749574e-15,48.7,0.0999999999999943,-0.8077297428826576,90.0,4.0,-25.92059372211861,-20.5,0.0,2.8540027577256697,0.24,0.0,0.0254400194662989,-14.3,0.1000000000000014,0.852258901776305,4.733333333333333,62,1.081392180043667,1.0806121875406924,0.9794977383174516,1.143263458081761,1.2767893669728243,14.048655913978497,14.066678785136393,12.55065219993623,14.567305294213313,16.186399294701125,0.3487368077956989,0.3516509794553779,0.2781576418237563,0.3840477988414512,0.3819266339205353,1.7178278157020055,1.7091662564003862,1.6444041382340926,1.7801026607611248,1.7979089867069629,1.1432634580817616,1.0818108811429188,14.017164179104478,0.070066232078853,0.0683065956248225,4.701310831967141,0.068084212983557,0.8689178242026889,0.8014274988508064,0.7791400400786428,0.7964569011457593,0.7922001728962881,0.7995920793686369,0.8006099984346963,0.8106327089632904
frost_cycle_000053,True,,2026-07-28 20:03:10,2026-07-28 20:14:37,0.2358461111111111,0.0747784722222222,0.1610676388888889,-0.3115556400000001,0.0,1.6516987687777267,0.9402973752128204,11.45,1.0,1.0,1.0,1.0,1.0,110.41666666666669,exp_20260728,2026-07-28T20:03:10,2026-07-28T20:07:57,4.783333333333333,0.9379878048780484,0.82882096875,1.0,5.500818000000002,0.1599277500000013,2.3698053457992594,1.726559322033899,0.1384329626026095,1.751057304325154,3.186,0.1770000000000005,-0.9100359812156916,1.04,0.0149999999999999,0.8848017110606502,4.5,0.1000000000000014,-0.9083425579224028,0.6,0.0999999999999999,0.1380896918826818,97.71318775,0.1263636249999962,0.1807346890802902,44.6,0.0,-0.066116720730831,49.1,0.1000000000000014,-0.9744592786532112,90.0,7.0,-26.569068910086767,-21.6,1.1000000000000014,3.1390079796706285,0.23,0.0099999999999999,0.0281775741416317,-15.3,0.1000000000000014,1.1433433761033525,4.783333333333333,62,1.081392180043667,1.080101587942493,1.0320954347577425,1.1113686932265825,1.4094670087809946,14.048655913978497,14.078476937985982,13.23867273029282,14.323431348337929,16.977470147279107,0.3487368077956989,0.3535586578918276,0.3256901191843068,0.3890897442652249,0.5281462414724273,1.7178278157020055,1.703496216390612,1.6562803552897392,1.6934986300788293,1.8573860481421391,1.1113686932265825,1.094420484940595,14.11990049751244,0.070066232078853,0.0692720598739366,4.772947768098031,0.0691216564948136,0.8689178242026889,0.8014274988508064,0.7667247345925833,0.7934708809904829,0.8002339480052787,0.8065320832094777,0.8071698736561175,0.8126781065502368
frost_cycle_000054,True,,2026-07-28 22:14:23,2026-07-28 22:26:21,0.2527794444444444,0.0745268055555555,0.1782526388888888,-0.2441489475,0.0,1.6359302467512356,0.9505054172978002,11.966666666666669,1.0,1.0,1.0,0.9916434540389972,0.9916434540389972,113.15,exp_20260728,2026-07-28T22:14:23,2026-07-28T22:19:10,4.783333333333333,0.934831010452961,0.8184703312500001,0.9790209790209792,5.241914999999997,0.2687715000000032,1.6417761578266508,1.7242873900293243,0.1004304177068098,1.486025636367188,3.0660000000000003,0.1709999999999998,-0.8688169852503483,1.05,0.02,0.91583252479517,4.299999999999997,0.0249999999999985,-1.217171436510142,1.0,0.1,0.1447068630175044,99.18091475,0.1540204999999872,-0.2670800313976648,43.5,0.0,0.070686301750462,47.8,0.0,-1.1464851347596996,89.0,6.5,-26.295637677132607,-22.8,1.1999999999999993,3.0743539872186743,0.22,0.01,0.026424006668519,-16.4,0.0249999999999985,1.0232842456237925,4.783333333333333,62,1.081392180043667,1.0806912945206952,1.0943813193246277,1.2012116400256994,1.5349166050088234,14.048655913978497,14.064850902300542,14.078033734595984,15.920744910742911,20.974377247455987,0.3487368077956989,0.35135542364128,0.3571909161107733,0.426358697172719,0.6163178097999462,1.7178278157020055,1.7100447133033092,1.7284609218435285,1.8167667756633965,2.017197483916579,1.2012116400256996,1.0938023002385864,14.11218905472637,0.070066232078853,0.0692720598739366,4.85174839784201,0.070262844357196,0.8689178242026889,0.8014274988508064,0.8107977312192839,0.808302975378335,0.8107854485357607,0.8173963811914178,0.8181678233324371,0.823313326054343
frost_cycle_000056,True,,2026-07-29 11:44:16,2026-07-29 11:57:31,0.3000922222222222,0.0764530555555555,0.2236391666666666,-0.1471296599999999,0.0,1.7339453104665108,1.039621722958771,13.25,0.997995991983968,1.0,0.997995991983968,0.9924528301886792,0.9924528301886792,117.9,exp_20260729,2026-07-29T11:44:16,2026-07-29T11:49:12,4.933333333333334,0.9298344594594588,0.8525442299999999,1.0,5.290676999999999,0.056888999999999,2.348219116518252,1.8193524759284727,0.0889836581200542,1.842405811206281,2.906,0.1249999999999995,-0.7916791921399439,0.93,0.01,0.8964752192495833,4.899999999999999,0.1000000000000014,-1.081800500138929,1.8,0.0,-1.407829368412683e-15,98.22579525,0.3433278749999999,-0.6108945254238151,43.5,0.0249999999999985,-0.0848569046957608,48.4,0.0,-1.1666574048347036,88.0,6.5,-26.335648791331018,-25.4,1.2999999999999972,2.873631564323429,0.2,0.0099999999999999,0.0226896360100026,-19.1,0.0,1.636621283689919,4.95,62,1.0803208750798583,1.0806794728280922,1.172324177003142,0.9112253201902504,0.8736695273850321,14.020967741935484,14.013825719124856,15.08826154009063,11.173793435012318,12.281798845853803,0.3475683602150537,0.346356294970317,0.3939832349292024,0.222468851760823,0.2001924454543465,1.7180555821193595,1.7217382529638248,1.8249449482529545,1.6148998076442236,1.7102498132145498,0.9112253201902504,1.0904545295969073,14.09303482587065,0.0700591218637992,0.0713895060768708,5.067777287669263,0.0733350238123566,0.8682507495835643,0.8024754990120968,0.7953651447392083,0.8145515675894185,0.842375495699577,0.8401118630520822,0.8394510530781043,0.8289878475950966
frost_cycle_000057,True,,2026-07-29 13:55:30,2026-07-29 14:07:18,0.2477113888888888,0.0740248611111111,0.1736865277777777,-0.275936805,0.0,1.6797113811570945,0.9641100616673268,11.8,1.0,1.0,1.0,1.0,1.0,113.0,exp_20260729,2026-07-29T13:55:30,2026-07-29T14:00:16,4.766666666666667,0.9317814685314684,0.83672415375,1.0,5.674968000000003,0.1753110000000024,2.3389985368157733,1.803294566253576,0.0678823597046303,1.7923752979667085,3.144,0.1939999999999995,-0.9194017105300396,1.04,0.0124999999999999,0.9666851903306468,4.600000000000001,0.1000000000000014,-1.143817727146433,1.1,0.0,0.0066685190330639,93.59802025,0.4780365000000017,0.949627643789866,44.5,0.1000000000000014,0.122700750208356,49.2,0.1000000000000014,-1.0211169769380857,89.0,8.5,-28.831342039455475,-20.5,0.0,2.642734092803568,0.24,0.0,0.0235398721867184,-14.5,0.2249999999999996,0.7548763545429458,4.783333333333333,62,1.0803208750798583,1.079529891443146,1.008817257081681,0.9897784756165688,1.277461111836816,14.020967741935484,14.03672139126557,13.012247416269416,12.569297916477948,15.856551549524513,0.3475683602150537,0.3502418956177072,0.296978503335428,0.2695653340420088,0.4374687887156007,1.7180555821193595,1.7099324625746386,1.6690199209596452,1.6886550139322158,1.830664231279985,0.9897784756165686,1.094716425287369,14.114676616915425,0.0700591218637992,0.0689776984391387,4.7255381369848894,0.0683825338270475,0.8682507495835643,0.8024754990120968,0.7656428216736079,0.7875428760224144,0.7871045154067752,0.792947916444658,0.7934892770434758,0.8007498950577243
frost_cycle_000058,True,,2026-07-29 16:06:05,2026-07-29 16:17:46,0.2470156944444444,0.0736140277777777,0.1734016666666666,-0.2527792087499999,0.0,1.636161064850855,0.9448401114603366,11.683333333333334,0.985748218527316,1.0,0.985748218527316,1.0,1.0,112.4,exp_20260729,2026-07-29T16:06:05,2026-07-29T16:10:45,4.666666666666667,0.9464660714285704,0.8086872937499999,1.0,6.2752049999999935,0.1335150000000018,1.4641440612585923,1.9308323076923088,0.1599113121150261,1.4315777278647437,3.247,0.185,-0.942701665439028,1.15,0.0,0.8692673449785081,4.600000000000001,0.1000000000000014,-1.1065974313158264,-0.1,0.05,0.1533569602258704,95.6079195,0.2305539999999979,-0.1959518160600526,45.5,0.1000000000000014,-0.1908980522621516,50.2,0.1000000000000014,-1.2974954835780144,91.0,7.0,-27.235238950807982,-20.5,0.0,2.4764089755866223,0.24,0.0,0.02214142570856,-14.6,0.0999999999999996,1.1091384739923116,4.683333333333334,62,1.0803208750798583,1.0793891263756017,0.9720066924362816,0.9247041447146116,0.8736326465757263,14.020967741935484,14.039524942956268,12.627231221733895,12.006119633751847,12.998284525098056,0.3475683602150537,0.3507176834520815,0.3067107559908864,0.2734036669968434,0.3800220520072107,1.7180555821193595,1.7084868555882076,1.559892834461616,1.5270782408525354,1.414759394709035,0.9247041447146118,1.0960199614928312,14.116417910447762,0.0700591218637992,0.0675306138564994,4.7329781185215065,0.0684901966528151,0.8682507495835643,0.8024754990120968,0.729696459446455,0.7641779423340289,0.7800890015165224,0.7824976765277534,0.7824583376698733,0.7854230281042478
frost_cycle_000059,True,,2026-07-29 18:16:49,2026-07-29 18:35:31,0.5700106944444444,0.0741133333333333,0.495897361111111,0.5175173625000002,0.0,1.937469862537741,1.3963436309481638,18.7,1.0,1.0,1.0,1.0,1.0,112.66666666666669,exp_20260729,2026-07-29T18:16:49,2026-07-29T18:21:33,4.733333333333333,0.939464788732394,0.82259220375,1.0,5.381235000000001,0.1044900000000002,2.46487235676576,1.7649180059035754,0.0697344877999388,1.9102797447220787,3.0365,0.1792500000000001,-0.9082256182272886,1.03,0.02,0.9348430119477636,4.5,0.1000000000000014,-0.9722700750208422,0.5,0.0,0.0610169491525423,98.977779,0.2470051250000011,0.3688635079188168,42.6,0.1000000000000014,-0.1023617671575517,47.1,0.1000000000000014,-1.0746318421784091,90.0,6.5,-26.230619616560205,-22.8,0.0,2.1267574326201832,0.22,0.0,0.0182550708530145,-17.0,0.1000000000000014,0.902250625173668,4.733333333333333,62,1.0803208750798583,1.0794516886278436,1.1267204452518895,1.074255793232279,1.1561434841795557,14.020967741935484,14.038278919982623,14.520325847804486,13.9094519312882,12.644375454316892,0.3475683602150537,0.3505062221923596,0.370812162091938,0.3332151095832316,0.2903000288536497,1.7180555821193595,1.709129347582177,1.7723479880418145,1.7374885207397643,1.8352947605504168,1.074255793232279,1.081111757992276,14.011691542288558,0.0700591218637992,0.0684953369115923,4.91153767540031,0.0710741044712372,0.8682507495835643,0.8024754990120968,0.8401649490667511,0.8000024448229156,0.801661818123577,0.8050620022379309,0.8053457829004134,0.809096087110301
frost_cycle_000060,True,,2026-07-29 20:27:30,2026-07-29 20:47:18,0.6266458333333333,0.0750761111111111,0.5515697222222222,0.7256717625,0.0,2.0225729370637313,1.4892753207348537,19.8,1.0,1.0,1.0,0.9949494949494948,0.9949494949494948,110.86666666666666,exp_20260729,2026-07-29T20:27:30,2026-07-29T20:32:12,4.7,0.9584184397163118,0.7831417462499999,0.9786476868327402,5.2622325,0.1068120000000014,2.6090216281659018,1.858334035827186,0.2157953691720455,2.1285115924170497,2.845,0.1795,-0.8470684710469989,0.92,0.0199999999999999,0.9598597311513734,4.899999999999999,0.0,-1.140529039406832,1.0,0.0,0.1064267443094081,100.08262775,0.0531678750000139,0.0562293542650241,42.0,0.0,-0.0870474933103756,46.9,0.1000000000000014,-1.227576532717197,89.0,8.0,-26.23660603774471,-26.8,1.400000000000002,3.568116181203072,0.19,0.01,0.0268551153442646,-20.4,0.0999999999999978,1.963722843704686,4.7,62,1.0803208750798583,1.0790293934252102,1.2787160566067897,1.125782166200385,1.0909156464713503,14.020967741935484,14.046689575054724,16.558035342534925,14.08611601418757,15.03182846449909,0.3475683602150537,0.3519335856954825,0.4566591165224924,0.3609958206065769,0.4894048183466351,1.7180555821193595,1.704792526622884,1.9274441043608952,1.793164026763573,1.7933401013240078,1.1257821662003853,1.0787548809130996,13.995273631840798,0.0700591218637992,0.0680129753840458,5.164497047645281,0.0747346405473353,0.8682507495835643,0.8024754990120968,0.8492846880799376,0.784314243517044,0.8160646104044366,0.814171406535333,0.8134804131628298,0.7979390693217815
frost_cycle_000061,True,,2026-07-29 22:37:58,2026-07-29 22:50:55,0.2859716666666667,0.0764098611111111,0.2095618055555555,-0.13369027875,0.0,1.6721366762138388,0.999139719810737,12.95,1.0,1.0,1.0,0.9922779922779924,0.9922779922779924,109.53333333333332,exp_20260729,2026-07-29T22:37:58,2026-07-29T22:42:46,4.8,0.9551232638888888,0.812806425,0.9790940766550522,5.554224000000002,0.1195830000000022,1.8732888230063849,1.931409278350517,0.091427010562703,1.6729879440198203,2.907,0.1550000000000002,-0.8049237724759607,1.03,0.01,0.8793942761878301,4.600000000000001,0.1000000000000014,-1.1751597666018412,0.8,0.1,0.1193664906918584,100.35729,0.0815400000000039,0.1520759724922748,41.5,0.0249999999999985,0.0371769936093161,46.1,0.1000000000000014,-1.1379827729925178,89.0,6.5,-26.644067796610216,-25.4,1.2999999999999972,3.2520700194498446,0.2,0.0099999999999999,0.0258071686579604,-19.1,0.2249999999999978,1.8783550986385156,4.8,62,1.0803208750798583,1.078716582164,1.2284559434125886,1.3363406832814697,1.3006641159662984,14.020967741935484,14.052919689922945,15.94858641431126,17.339791223025962,16.024391456407944,0.3475683602150537,0.3529908919940921,0.4299730347081911,0.5016812759284821,0.4702588598021011,1.7180555821193595,1.7015800666530374,1.8721710136738343,1.9569926064816192,1.9228749635863744,1.3363406832814693,1.0925780278665052,14.097512437810948,0.0700591218637992,0.0694600599666851,5.067777287669263,0.0733350238123566,0.8682507495835643,0.8024754990120968,0.8765939279358429,0.8150128452701663,0.8224018084892203,0.8253192895443767,0.8254654794239641,0.8214988835829382
frost_cycle_000063,True,,2026-07-30 11:53:09,2026-07-30 12:13:14,0.6272173611111111,0.0782119444444444,0.5490054166666667,0.6182802299999999,0.0,2.1317942978668136,1.536429873903864,20.083333333333332,1.0,1.0,1.0,0.9933609958506224,0.9933609958506224,116.63333333333334,exp_20260730,2026-07-30T11:53:09,2026-07-30T11:58:11,5.033333333333333,0.932327814569536,0.8406017325,1.0,5.674968000000003,0.1753109999999926,2.000511712697979,1.940823529411766,0.0621108144826278,1.698574253301382,2.926,0.1110000000000002,-0.7698351113945028,1.04,0.01,0.817960544595721,4.700000000000003,7.105427357601002e-15,-1.031286468463462,1.15,0.0999999999999998,0.1380383439844398,98.03315025,0.3337913750000183,-0.4666424278966742,42.3,0.0999999999999943,0.060516810225018,47.0,0.1000000000000014,-0.9707696582384217,89.0,6.5,-26.432342317310425,-24.1,0.0,1.936537927202018,0.21,0.0,0.0157710475131981,-18.7,0.1000000000000014,1.6954709641567198,5.05,62,1.058626243251395,1.0586351505305158,1.1128705201259577,1.062823135676356,1.1564275115809208,13.708064516129031,13.707971477286756,14.344482158954758,13.240359145758614,14.704778802042776,0.3329813821684587,0.3329612249386535,0.3541738266234403,0.3018427555344469,0.3214597417257642,1.7013905499181887,1.7014586963124885,1.7788858625043371,1.7842403314403334,1.776297797504155,1.062823135676355,1.078758133561605,13.991044776119404,0.0699625761648745,0.0728616316875861,5.037547543547442,0.0729226358397333,0.8685492519049998,0.8022519987096774,0.8486589454125982,0.8479081419558048,0.8519810287122572,0.8478094126732747,0.8471510242503728,0.8458693361774705
frost_cycle_000064,True,,2026-07-30 14:03:22,2026-07-30 14:18:25,0.3751543055555555,0.0737663888888889,0.3013879166666666,0.1148351549999999,0.0,1.862862598977273,1.169667165590226,15.05,0.9790209790209792,0.9790209790209792,1.0,1.0,1.0,108.36666666666666,exp_20260730,2026-07-30T14:03:22,2026-07-30T14:08:08,4.766666666666667,0.928527972027972,0.8068159875,1.0,5.620401000000005,0.1753110000000015,2.4003238161793323,1.919164017585392,0.1756349766577059,2.1096954067800247,2.9595,0.2339999999999995,-0.9510508474576296,1.03,0.01,0.8622895248680186,4.699999999999996,7.105427357601002e-15,-0.9587410793192248,0.0,0.1,-0.107966132296903,99.25864025,0.0665195000000125,0.2344722345095399,42.2,0.0,-0.0267748710005193,46.9,0.0,-0.9855159503197228,90.0,7.0,-27.124324118860045,-24.1,0.0,2.2628243991903605,0.21,0.0,0.0185000902758639,-18.5,0.1000000000000014,1.354913382684136,4.783333333333333,62,1.058626243251395,1.0559496932018644,1.159516119324583,0.9895577980957494,1.1465573975092445,13.708064516129031,13.736021776087428,15.021495085343576,12.596548836788449,15.10165444092664,0.3329813821684587,0.339038432105028,0.3931350961900188,0.3122327238994057,0.3600205249640913,1.7013905499181887,1.6809132265331097,1.796903003559963,1.5880970737400202,1.9378192108440349,0.9895577980957492,1.1366113197404986,14.32274288415288,0.0699625761648745,0.0690014127902305,5.022715197598403,0.0727079254567661,0.8685492519049998,0.8022519987096774,0.852163683769226,0.8044045930876821,0.8150302025116934,0.8137335238639213,0.8133065691445338,0.8111803515544801
frost_cycle_000065,True,,2026-07-30 16:13:36,2026-07-30 16:32:40,0.5840709722222224,0.0751855555555555,0.5088854166666668,0.5344041075000001,0.0,2.0048852324961777,1.4391566350007508,19.066666666666663,1.0,1.0,1.0,1.0,1.0,109.9,exp_20260730,2026-07-30T16:13:36,2026-07-30T16:18:27,4.85,0.9301305841924392,0.82866713625,1.0,5.020164000000001,0.1091340000000018,2.479969550430671,1.704085714285715,0.1202272686369949,1.9742417308144904,3.007,0.2019999999999999,-0.9051374655040628,0.94,0.0,0.9001667129758265,4.600000000000001,0.0250000000000003,-1.0147818838566316,0.9,0.0,0.0183384273409273,100.03208225,0.0381480000000067,0.0240857679910412,42.0,0.0,0.0456793553764465,46.6,0.0,-0.9691025284801272,89.0,6.5,-26.22395109752717,-24.1,1.3000000000000007,3.3911086412892626,0.21,0.01,0.0275909974993052,-17.6,0.1249999999999964,1.226007224228967,4.866666666666666,62,1.058626243251395,1.0564478022225012,1.16606448314844,1.2281419468354824,1.1406786308530985,13.708064516129031,13.730818898084078,14.978737390396928,15.95421492339084,15.147661847778188,0.3329813821684587,0.337911208195136,0.3844024687600326,0.4382745564017918,0.3554111240354699,1.7013905499181887,1.6847240797986394,1.8327317339858509,1.8519705517749496,1.979023545095559,1.2281419468354828,1.0802099729482186,14.006218905472638,0.0699625761648745,0.0702077311956541,4.955969640827726,0.0717417287334135,0.8685492519049998,0.8022519987096774,0.8625427270042325,0.823077907571859,0.8188379905080417,0.8264729846029852,0.8276016367525416,0.8310748471560839
frost_cycle_000066,True,,2026-07-30 18:24:28,2026-07-30 18:44:35,0.64800375,0.0765491666666666,0.5714545833333333,0.6635759999999999,0.0,2.042981227537273,1.5193373947781588,20.116666666666667,1.0,1.0,1.0,0.9900579950289976,0.9900579950289976,109.95,exp_20260730,2026-07-30T18:24:28,2026-07-30T18:29:17,4.816666666666666,0.9535536332179924,0.817242735,0.9791666666666666,5.201280000000006,0.1706669999999928,1.6471560883578744,1.833328222996515,0.1159441915919348,1.5708634994985842,2.865,0.201,-0.822615916003847,1.03,0.0124999999999999,0.8904140038899696,4.300000000000004,0.0249999999999985,-1.1651569880522383,0.7,0.0999999999999999,-0.0838566268407891,100.20708375,0.0889316250000007,-0.1014767088081061,41.4,0.0,-0.0305084745762805,45.7,0.0249999999999985,-1.1956654626285352,90.0,6.5,-26.34398444012235,-26.8,1.400000000000002,2.9239788830230737,0.19,0.01,0.0220061128091135,-20.2,0.0999999999999978,1.7079744373437116,4.8,62,1.058626243251395,1.0564640449079568,1.2416313951111737,1.1028330845607484,1.0802507208301069,13.708064516129031,13.730649239018751,16.06523333832148,14.350821317123954,14.557402072336371,0.3329813821684587,0.3378744508937264,0.4278154868468797,0.3479880276966625,0.3552001125312102,1.7013905499181887,1.68484834675295,1.908121685899604,1.7698550837724856,1.8192198809692297,1.1028330845607486,1.079013245190347,13.990547263681592,0.0699625761648745,0.0697252038334847,5.1487901381652375,0.0745329637119876,0.8685492519049998,0.8022519987096774,0.8936798567092522,0.8267616308404349,0.8409579161942368,0.8416740933208885,0.8414333330286141,0.8318532616328823
frost_cycle_000067,True,,2026-07-30 20:34:57,2026-07-30 20:55:32,0.6732316666666667,0.0759276388888888,0.5973040277777778,0.73421107875,0.0,2.085889546877862,1.5628657548255067,20.583333333333332,1.0,1.0,1.0,1.0,1.0,108.8,exp_20260730,2026-07-30T20:34:57,2026-07-30T20:39:45,4.8,0.94909548611111,0.8130176625000001,1.0,5.5008179999999935,0.1729889999999923,1.7973067016748634,1.8459120805369107,0.152578557780153,1.6058828299609036,2.976,0.1449999999999995,-0.8250941928313457,1.03,0.01,0.7409297344117622,4.5,0.0999999999999943,-0.9180596142606704,0.3,0.0999999999999999,0.127644652250146,99.7674335,0.0712883749999946,-0.0915589738816993,42.2,0.0999999999999943,-0.0641729982466802,46.8,0.0999999999999943,-0.9822326125073084,90.0,7.0,-27.12448860315613,-24.1,1.2999999999999972,3.859497369959095,0.21,0.0099999999999999,0.0307890122735241,-18.7,0.1499999999999985,1.7337229690239746,4.783333333333333,62,1.058626243251395,1.0560904631424792,1.1616076905881607,1.1169020244445291,1.145291065310892,13.708064516129031,13.734551397521264,14.969466847770166,14.44685040644889,14.57856249024236,0.3329813821684587,0.3387198688261454,0.3907805597126699,0.3669891054787194,0.333612377085998,1.7013905499181887,1.6819902068038026,1.8073276149642816,1.758290896852596,1.8575630855340224,1.1169020244445296,1.0783635681747148,13.98358208955224,0.0699625761648745,0.0694839401523999,5.037547543547442,0.0729226358397333,0.8685492519049998,0.8022519987096774,0.8555332502909772,0.8081671028446135,0.819995462966652,0.8165798914128543,0.815839089545948,0.8129972529929401
frost_cycle_000068,True,,2026-07-30 22:45:24,2026-07-30 22:58:05,0.2741620833333333,0.0760363888888888,0.1981256944444444,-0.1982842874999999,0.0,1.586816325006953,0.9509409168464114,12.683333333333334,1.0,1.0,1.0,1.0,1.0,108.18333333333334,exp_20260730,2026-07-30T22:45:24,2026-07-30T22:50:15,4.85,0.9406563573883152,0.8240078175000001,1.0,5.554224000000002,0.0,1.942972049458173,1.8367142857142864,0.0706843792959515,1.6645334918122034,3.024,0.1705000000000001,-0.8636344971972693,1.04,0.0,0.8621394831897744,4.600000000000001,0.1000000000000014,-1.0996387885523828,0.1,0.1,0.1580439010836344,100.6352905,0.1220722500000022,0.2420913534314518,41.6,0.0,0.0635176437899155,46.2,0.0,-1.036121144762464,90.0,6.5,-26.28230063906645,-24.1,0.0,2.5805501528202397,0.21,0.0,0.0209891636565711,-18.1,0.125,1.4432342317310398,4.85,62,1.058626243251395,1.0558901366885274,1.170038478275498,1.2296238012835674,1.1502474810529832,13.708064516129031,13.73664385932696,15.118380467967246,15.8749423082517,14.312788960119532,0.3329813821684587,0.3391732088768629,0.3959279434948218,0.4437993542286935,0.3917574352891794,1.7013905499181887,1.68045758103397,1.81502608108104,1.842491223762747,1.782081719996525,1.2296238012835672,1.2024937811486431,15.127659428171045,0.0699625761648745,0.0702077311956541,4.9930505057003245,0.0722785046908316,0.8685492519049998,0.8022519987096774,0.8765616804307435,0.8225996000777448,0.8191325298844735,0.8230566418238632,0.8236673181229948,0.8262648947162587
frost_cycle_000070,True,,2026-07-31 11:28:26,2026-07-31 11:42:35,0.3267766666666667,0.0787993055555555,0.2479773611111111,-0.0656272987499999,0.0,1.881780915903497,1.1293582087911214,14.15,1.0,1.0,1.0,1.0,1.0,115.6,exp_20260731,2026-07-31T11:28:26,2026-07-31T11:33:29,5.05,0.9362293729372932,0.84785749875,1.0,5.1827039999999975,0.1079730000000012,2.2852615614789165,1.8229701020049236,0.0392600693467821,1.926846629064381,2.844,0.16025,-0.8513614893025845,0.93,0.0099999999999998,0.997277021394832,4.799999999999997,0.0,-1.0675458671280915,1.4,0.0,2.140396104922238e-16,99.0931755,0.2627412500000048,-0.3443408469020036,41.5,0.1000000000000014,-0.0717794255928711,46.3,0.0999999999999943,-1.139325292720948,89.0,4.0,-26.06878029720793,-26.8,1.400000000000002,3.1529619881408952,0.19,0.01,0.0236186190699051,-20.5,0.1000000000000014,1.8508658185237687,5.05,62,1.0743079341156707,1.074085876862953,1.2838930444400436,1.2590924669837726,1.365002867285523,13.950537634408605,13.954841028269698,16.686911886588472,16.331454473490368,16.244218844693957,0.344426384408602,0.3451564908732771,0.4535843020849289,0.431699603734293,0.4087719585609013,1.7113241446759426,1.7090916444025592,1.9467917758684272,1.9399550304836009,2.0348688349179596,1.2590924669837722,1.0926121086842109,14.079601990049753,0.07008625672043,0.0730898422754524,5.174130486659449,0.0748864121153562,0.8683941656489393,0.8032103100604837,0.8695919317178162,0.8488541023009867,0.8617354393309191,0.8591604323638471,0.8585138138190018,0.847280086404921
frost_cycle_000071,True,,2026-07-31 13:39:13,2026-07-31 13:54:10,0.3642745833333333,0.0756681944444444,0.2886063888888889,0.0461671649999998,0.0,1.9550865539148772,1.1981210572595555,14.95,1.0,1.0,1.0,1.0,1.0,111.28333333333332,exp_20260731,2026-07-31T13:39:13,2026-07-31T13:44:05,4.866666666666666,0.932895547945205,0.8285324924999999,1.0,5.558868000000004,0.1811159999999931,1.161794860794661,1.8895159362549787,0.0584934767299123,1.3475408676940686,3.009,0.1659999999999994,-0.8598247354050681,1.14,0.01,0.6988774659627671,4.200000000000003,0.0999999999999943,-0.9502639622117286,0.2,0.0,0.1482078355098638,99.149443,0.1471065000000067,0.1810285198665202,41.5,0.0,-0.0013337038066161,45.7,0.0999999999999943,-0.9515976660183556,90.0,6.5,-26.295637677132596,-24.1,0.0,2.768102250625179,0.21,0.0,0.0226229508196719,-18.0,0.1000000000000014,1.4203945540428005,4.883333333333334,62,1.0743079341156707,1.0730453763189958,1.2037650295148163,1.2083821662212657,1.237416961890214,13.950537634408605,13.975005574117809,15.771073005822826,16.179743386435483,16.092891135463738,0.344426384408602,0.348577573338918,0.4221946370430365,0.4417224113176965,0.4153353087658689,1.7113241446759426,1.6986307487533054,1.8325169117339808,1.7975565348163396,1.8829616452744808,1.2083821662212657,1.0880426616750154,14.06766169154229,0.07008625672043,0.0704364156581917,4.98964495965826,0.0722163095271145,0.8683941656489393,0.8032103100604837,0.890109162370847,0.8434295354877378,0.8337528778597774,0.837980483451502,0.8387670656225626,0.8439703580333757
frost_cycle_000072,True,,2026-07-31 15:49:01,2026-07-31 16:08:50,0.6383352777777778,0.0753201388888889,0.5630151388888889,0.6554752837500002,0.0,2.0652151185886916,1.519151700501374,19.816666666666663,1.0,1.0,1.0,1.0,1.0,108.83333333333331,exp_20260731,2026-07-31T15:49:01,2026-07-31T15:53:44,4.716666666666667,0.9581360424028268,0.810352845,1.0,5.739983999999997,0.1207440000000019,2.0790216104349644,1.8816535499782376,0.2861526915582899,1.8316572741226207,3.051,0.238,-0.9262721564998996,1.03,0.06,0.9743692618316214,4.700000000000003,0.1000000000000014,-1.2691858849680502,-0.9,0.0,0.0986940816893589,99.25291825,0.0956077499999992,0.095501894137183,43.0,0.0249999999999985,0.0108363434287295,47.8,0.0999999999999943,-1.2583495415393262,92.0,8.5,-28.76965823839956,-24.1,0.0,2.7559322033898432,0.21,0.0,0.0225395943317587,-18.7,0.1499999999999985,1.9320366768546875,4.733333333333333,62,1.0743079341156707,1.0724548219562091,1.190220762109383,1.0699281973775154,1.29626911895565,13.950537634408605,13.986450316355922,15.51194090648102,13.803390972505415,17.09563335363986,0.344426384408602,0.3505192687923898,0.4286738671539238,0.3556864359095793,0.4474755371398876,1.7113241446759426,1.6926934836550809,1.7855686161176705,1.6746541572759484,1.9096025454787289,1.0699281973775154,1.0798796339939871,13.995024875621892,0.07008625672043,0.0682654302440694,5.041300907218592,0.0729639382518221,0.8683941656489393,0.8032103100604837,0.8186373105151583,0.7873880643871256,0.8125133023815171,0.8070835483985856,0.8057688961265499,0.7986080388373021
frost_cycle_000073,True,,2026-07-31 17:58:14,2026-07-31 18:08:48,0.2081336111111111,0.0730868055555555,0.1350468055555555,-0.2197044150000001,0.0,1.5964227488532527,0.8890095945100792,10.566666666666666,1.0,1.0,1.0,1.0,1.0,108.36666666666666,exp_20260731,2026-07-31T17:58:14,2026-07-31T18:02:49,4.583333333333333,0.9567727272727266,0.78145055625,1.0,5.485725,0.0696599999999989,2.349278822739484,1.76987421931112,0.0724066652716484,1.855775127147393,3.101,0.1600000000000001,-0.9292361013638988,1.05,0.01,0.8641698995324774,4.5,0.0999999999999943,-0.8623793892370443,0.5,0.125,0.3792400278523821,102.9312965,1.0347519999999977,2.0476070391082293,42.8,0.0999999999999943,-0.0355117875261078,47.2,0.0999999999999943,-0.8978911767631504,90.0,4.5,-27.391823336317525,-21.6,1.1999999999999993,3.928081169800059,0.23,0.01,0.0342285884810503,-16.2,0.3249999999999957,1.8580025862926417,4.6,62,1.0743079341156707,1.0723423354109165,1.0864108395803425,0.6058671261736782,1.301300170347308,13.950537634408605,13.98863026725842,14.116993528086947,8.781863672706322,16.932069640576326,0.344426384408602,0.350889115545432,0.3771467044587253,0.0571688655948871,0.4067055696178378,1.7113241446759426,1.6915625760173234,1.6629833154070874,1.2865109165275326,1.8153272212130884,0.6058671261736779,1.1199651018583676,14.310808953120782,0.07008625672043,0.0663356654315162,4.856815380217403,0.0702938356635804,0.8683941656489393,0.8032103100604837,0.8391094137775332,0.7813231940435353,0.7816311505026612,0.783768553186504,0.7840415618175055,0.7914597798129099
frost_cycle_000075,True,,2026-07-31 21:05:43,2026-07-31 21:25:21,0.6214200000000001,0.0727518055555555,0.5486681944444445,0.5719589099999998,0.0,2.0161262368245243,1.4812999629612045,19.633333333333333,1.0,1.0,1.0,1.0,1.0,114.6,exp_20260731,2026-07-31T21:05:43,2026-07-31T21:10:27,4.733333333333333,0.9222059859154922,0.82176273375,1.0,5.890913999999996,0.1358370000000022,1.1579911352525838,1.7540313028335763,0.0851446095651209,1.471697645825666,3.357,0.4330000000000003,-1.2168309307051135,1.18,0.01,1.0115143095304255,4.299999999999997,0.0999999999999943,-1.408101006783471,-2.6,0.2000000000000001,0.2494536589063062,94.89074525,0.1790551250000049,0.7824759869407165,44.5,0.0,-0.0790141859201664,48.8,0.1999999999999957,-1.4871151927036577,95.0,10.0,-34.293672549044395,-22.8,1.1999999999999993,4.220210199209226,0.22,0.01,0.0368562333413338,-16.1,0.200000000000001,1.4292851458383369,4.733333333333333,62,1.0743079341156707,1.0738448342658973,1.0983369180743778,1.0701836638375437,1.0864604234962427,13.950537634408605,13.959512351632194,14.27167774349529,14.34904637603245,13.85407555743011,0.344426384408602,0.3459490196297962,0.3685615220329071,0.376719442401613,0.3989452517011974,1.7113241446759426,1.7066682708930796,1.7110752504121316,1.6259378882621434,1.5825143092339409,1.0701836638375433,1.0801636895050866,13.997761194029852,0.07008625672043,0.0685066508456385,4.849435959137356,0.0701870315600508,0.8683941656489393,0.8032103100604837,0.7847803815233597,0.7966433699543202,0.8111330600705922,0.8178631835774156,0.8183986842106682,0.8200255749228501
frost_cycle_000076,True,,2026-07-31 23:15:42,2026-07-31 23:29:08,0.3133098611111111,0.0723826388888888,0.2409272222222222,-0.0592079362499998,0.0,1.5847147796967744,0.9891923833364972,13.433333333333334,1.0,1.0,1.0,1.0,1.0,108.4,exp_20260731,2026-07-31T23:15:42,2026-07-31T23:20:17,4.583333333333333,0.9475545454545444,0.7809816412499999,1.0,5.874659999999998,0.2107215000000017,1.5528102304330715,1.8393854231006792,0.2666170268870322,1.7357028588834686,3.2075,0.4582499999999996,-1.2119316476799114,1.14,0.02,1.1694081689358151,4.399999999999999,0.2499999999999964,-1.688721342336026,-3.1,0.0,-0.0524640548613559,96.55016425,0.3402288750000082,0.9519028866351305,43.6,0.1000000000000014,-0.0594485050472047,48.0,0.2999999999999971,-1.748169847383228,96.0,12.5,-35.22018498420046,-24.1,0.0,3.082292036843171,0.21,0.0,0.0255272433896483,-18.4,0.3499999999999978,1.9591786163642757,4.583333333333333,62,1.0743079341156707,1.0723503701641517,1.1983433395144245,1.103184760737124,0.9569308279624152,13.950537634408605,13.988474556479671,15.644530075704385,14.304655066498238,12.759206880963385,0.344426384408602,0.3508626979202147,0.4343016078649873,0.3708343739929065,0.3520401111852886,1.7113241446759426,1.6916433551343062,1.7914181601610042,1.717112728361389,1.560949820488731,1.1031847607371237,1.1063109739541237,14.090298507462688,0.07008625672043,0.0663356654315162,5.01916264397845,0.0726435259412331,0.8683941656489393,0.8032103100604837,0.8119336158027824,0.7736830846392744,0.8058736725003706,0.8014780733188537,0.8001296984295594,0.7925083427866548
frost_cycle_000078,True,,2026-08-03 11:56:49,2026-08-03 12:11:12,0.35828,0.0699234722222222,0.2883565277777777,0.2059576912499999,0.0,1.7460632780796033,1.1029778266836,14.383333333333333,0.9817275747508306,1.0,0.9817275747508306,1.0,1.0,116.8,exp_20260803,2026-08-03T11:56:49,2026-08-03T12:01:10,4.35,0.9644616858237546,0.7237683675,1.0,5.500818000000002,0.1306124999999998,2.0146147542629884,1.9410084685956253,0.0893643166370312,1.47766166303505,2.834,0.0314999999999998,-0.6446540568822379,1.03,0.01,0.6148325517456545,4.600000000000001,0.1250000000000017,-0.4961378160600208,3.1,0.0,-0.0263406501806062,95.88496625,0.2391377500000118,-0.4153578130036799,42.5,0.2000000000000028,-0.295081967213155,47.0,0.1000000000000014,-0.7912197832731855,86.0,2.5,-21.52597943873304,-24.1,1.3000000000000007,2.687579883300929,0.21,0.01,0.0216560155598777,-18.3,0.0999999999999978,1.275687691025294,4.35,62,1.080449239416889,1.0805147708073408,1.1243267586863115,1.198138163427957,1.2592520775043887,14.00483870967742,14.00347147189579,14.386793463661288,15.058279283436182,15.577586478381953,0.3468118727598566,0.3465816706555742,0.3393594476892489,0.3751208337636408,0.3419044012140796,1.720130258807799,1.7208236533320629,1.8404815310508371,1.9296958914861373,1.81579490481065,1.1981381634279578,1.0877042058938435,14.076119402985077,0.0702443481182795,0.0628563393745852,5.023354958119257,0.0725861388612757,0.8669839913735896,0.8072020330040323,0.8481111693249602,0.739046853647523,0.7697241400625274,0.7712812500869831,0.7706976243358513,0.7677003607080323
frost_cycle_000079,True,,2026-08-03 14:07:33,2026-08-03 14:21:37,0.3481340277777778,0.072375,0.2757590277777778,0.0776304262499999,0.0,1.6903622424774971,1.0690753041245904,14.066666666666666,1.0,1.0,1.0,1.0,1.0,110.3,exp_20260803,2026-08-03T14:07:33,2026-08-03T14:12:03,4.5,0.965,0.7743418500000001,1.0,5.43348,0.0,2.0781487335883706,1.8306873315363883,0.0842903212450947,1.7332400202639993,2.968,0.15775,-0.850576271186443,1.04,0.0,0.8916989854637944,4.5,0.1000000000000014,-1.054510221764281,2.3,0.0,0.0389199822026549,97.44329375,0.1230262499999952,0.3916076298971624,43.2,0.0,0.0576774465494319,47.6,0.1000000000000014,-0.9968327752148476,88.0,6.0,-24.50852399128867,-22.8,0.0,2.1995058895159816,0.22,0.0,0.0188733812612698,-17.0,0.1000000000000014,1.109131676931367,4.516666666666667,62,1.080449239416889,1.0790407717179191,1.081739131480984,1.1555071428953885,1.005028771992498,14.00483870967742,14.034224783114242,13.7702641361805,14.703171447852537,13.538947169170797,0.3468118727598566,0.3517596119407338,0.3291853381226152,0.3771063491362121,0.2770233541043625,1.720130258807799,1.70522711417234,1.7644828496603586,1.8250852801110304,1.6929491420239136,1.155507142895389,1.0890088743135162,14.08084577114428,0.0702443481182795,0.0650237993530192,4.927624583444196,0.0712028604890845,0.8669839913735896,0.8072020330040323,0.8285667188159492,0.7659586254828845,0.7842769517829578,0.787292043284291,0.7872243865125684,0.7891101096521846
frost_cycle_000080,True,,2026-08-03 16:18:05,2026-08-03 16:31:47,0.32885875,0.0730773611111111,0.2557813888888889,0.01259475375,0.0,1.7947127619855454,1.0943056327967784,13.7,1.0,1.0,1.0,0.9987834549878344,0.9987834549878344,111.68333333333334,exp_20260803,2026-08-03T16:18:05,2026-08-03T16:22:38,4.55,0.963657509157509,0.78326042625,0.9963235294117648,5.129297999999995,0.1648620000000011,2.286304592947883,1.7195098893731129,0.0682623497913086,1.5905362699722367,2.9855,0.1764999999999998,-0.8970841900527952,0.94,0.01,0.6834975369458127,4.699999999999996,0.0249999999999985,-1.0134481800500164,1.9,0.0,0.0045012503473177,95.96793675,0.3707464999999956,0.9060858888580036,43.7,0.1000000000000014,-0.1332036676854975,48.4,0.0,-1.1466518477355063,88.0,6.5,-26.569046957488258,-22.8,1.1999999999999993,1.9892192275632363,0.22,0.01,0.0171881078077242,-16.5,0.3000000000000007,0.7475409836065651,4.55,62,1.080449239416889,1.079354468960027,1.097984316413667,1.1667805946519043,1.0830240636159527,14.00483870967742,14.027679847649802,13.99543745920493,14.79098667976574,13.416202051889414,0.3468118727598566,0.3506576398210717,0.3349379185421819,0.3756830962920977,0.2944626064322176,1.720130258807799,1.7085463776345375,1.7890844407692683,1.854854736743544,1.9011229423906015,1.1667805946519048,1.088019084719277,14.0863184079602,0.0702443481182795,0.0657462860124972,4.890805208569172,0.070670830345934,0.8669839913735896,0.8072020330040323,0.8012214864252841,0.7573200546650284,0.7772679160704463,0.7843451319172634,0.7847824137776294,0.7860622019368292
frost_cycle_000081,True,,2026-08-03 18:28:12,2026-08-03 18:41:51,0.3263526388888889,0.0738222222222222,0.2525304166666666,0.0031032562499999,0.0,1.672309349260118,1.03959433726902,13.65,1.0,1.0,1.0,1.0,1.0,109.5,exp_20260803,2026-08-03T18:28:12,2026-08-03T18:32:49,4.616666666666666,0.95942238267148,0.7781086500000001,1.0,5.32899,0.0522450000000009,1.5288606099925193,1.7316927238344606,0.0599082976752622,1.296517832543837,3.099,0.1095000000000001,-0.7767771131437395,1.03,0.01,0.7827200871112325,4.5,0.1000000000000014,-1.0546262850791897,1.2,0.0999999999999998,0.1523756599055279,97.83621375,0.117065249999996,0.1147606296192937,44.0,0.0,-0.0703528757988417,48.5,0.1000000000000014,-1.1249791608780668,89.0,6.5,-26.292303417616047,-21.6,0.0,2.584217838288426,0.23,0.0,0.0231064184495692,-16.0,0.0999999999999996,1.1838288413448197,4.633333333333334,62,1.080449239416889,1.0788593564453752,1.057879610748521,1.1640081420160533,1.01805230442357,14.00483870967742,14.038009806033436,13.463556098796843,14.889418464919794,13.320879067230967,0.3468118727598566,0.3523968970219843,0.3288733401683287,0.4021340097166402,0.3362522086579401,1.720130258807799,1.7033075401219129,1.7092719126339704,1.786335876460082,1.680221409586236,1.1640081420160535,1.0903154215096604,14.087064676616915,0.0702443481182795,0.0667096015584678,4.853985833694149,0.0701388002027835,0.8669839913735896,0.8072020330040323,0.7985081401416729,0.7766303487613253,0.7902661662388566,0.7919562736793857,0.7918312631899173,0.7956362421613372
frost_cycle_000082,True,,2026-08-03 20:38:17,2026-08-03 20:58:22,0.6533622222222222,0.0742634722222222,0.57909875,0.7270488374999998,0.0,2.003827497009608,1.5079967597019466,20.083333333333332,1.0,1.0,1.0,0.9950207468879668,0.9950207468879668,111.11666666666666,exp_20260803,2026-08-03T20:38:17,2026-08-03T20:42:57,4.666666666666667,0.9548160714285712,0.7910884687499999,1.0,5.191991999999997,0.241488000000003,1.612547312185072,1.7180678677439651,0.084662244457067,1.3011525007938802,3.029,0.064,-0.7006118360924524,1.04,0.01,0.7017180382409548,4.299999999999997,0.0,-0.848569046957491,1.7,0.0999999999999998,0.1227007502083902,97.55201425,0.0731956249999967,-0.1451217074187585,43.0,0.0,-0.0400111141983939,47.3,0.0,-0.8885801611558737,88.0,4.5,-24.0450125034733,-22.8,0.3000000000000007,2.484690191719936,0.22,0.0025,0.0213059183106416,-16.6,0.1000000000000014,1.0961378160600117,4.683333333333334,62,1.080449239416889,1.0792259664753083,1.1126307075025477,1.2436599335883654,1.0511395461692907,14.00483870967742,14.030360905550898,14.212355183047528,15.85573302932064,14.198547247832613,0.3468118727598566,0.3511090500869574,0.3466691737046484,0.4279787633908219,0.3685262413770799,1.720130258807799,1.707186679348818,1.7959194436514316,1.912495091123776,1.7835850851867727,1.2436599335883654,1.0780105151063144,13.991044776119404,0.0702443481182795,0.0674320882179458,4.898169083544177,0.0707772363745641,0.8669839913735896,0.8072020330040323,0.8387840858169109,0.7983113274372964,0.8026522288228821,0.8094787943232818,0.8102859251387677,0.8155009947785982
frost_cycle_000083,True,,2026-08-03 22:48:13,2026-08-03 23:01:31,0.3093620833333333,0.0747456944444444,0.2346163888888889,-0.0349365862499999,0.0,1.6460921487941595,1.0114221181083511,13.3,1.0,1.0,1.0,0.9912280701754386,0.9912280701754386,108.31666666666666,exp_20260803,2026-08-03T22:48:13,2026-08-03T22:52:54,4.683333333333334,0.957596085409252,0.7728831825,0.975,4.966757999999994,0.161379000000009,2.077439550516856,1.7176596940616728,0.1230717982707938,1.6990399038246715,2.94,0.153,-0.7915965161527021,0.93,0.01,0.8169224706601919,4.599999999999994,0.0,-1.1205822234812328,2.1,0.0,0.0446334829049249,99.094606,0.1699952499999995,0.4611223028618003,43.2,0.0,-0.0578011185750689,47.8,0.0,-1.178383342056288,88.0,5.5,-25.287420716701,-24.1,1.3000000000000007,2.073043309769047,0.21,0.01,0.0171545733418562,-17.7,0.3000000000000007,0.9074737705625692,4.7,62,1.080449239416889,1.0785910130214036,1.1452805121170182,1.2254571262059804,1.1773452075606403,14.00483870967742,14.043608485768075,14.603083515728516,15.791974736370298,15.246501781238106,0.3468118727598566,0.3533395478713338,0.3711307557461791,0.421082934277626,0.3387147825056134,1.720130258807799,1.700468170172322,1.8151180423784117,1.8859840703654696,1.9275271846507256,1.2254571262059808,1.0917287569118286,14.092288557213932,0.0702443481182795,0.0676729171044385,4.979171708269229,0.0719477026894951,0.8669839913735896,0.8072020330040323,0.8213594592629031,0.7887421816407578,0.8079750016353634,0.8125758842355671,0.8126981495049217,0.8108428846801692
frost_cycle_000085,True,,2026-08-04 09:55:17,2026-08-04 10:05:13,0.1966443055555555,0.0443405555555555,0.15230375,-0.0244359862499999,0.0,1.2378642452566904,0.7245947096129998,9.933333333333334,1.0,1.0,1.0,1.0,1.0,47.483333333333334,exp_20260804,2026-08-04T09:55:17,2026-08-04T09:59:20,4.05,0.656897119341563,0.5567551312499999,0.9958677685950412,7.80192,1.769364000000018,0.1580051087467942,2.8841356527099715,2.8235048440912203,4.231774664984689,2.899,1.6605,-2.858405147732752,0.91,1.5500000000000005,2.223982689709259,7.799999999999997,3.8999999999999986,-7.392220061128098,-2.6,0.0,0.0465129202556274,87.7514305,1.4734492500000016,3.984002346485068,47.05,0.2000000000000028,1.2385106974159104,54.75,3.8499999999999943,-6.153709363712161,73.0,41.5,-71.68491247568777,-10.4,5.300000000000001,9.801889413726045,0.34,0.0625,0.118066129480411,-7.05,1.925,3.80088913587108,4.05,59,1.074863763589773,1.046048425098095,0.8808763425489836,1.4394191433313654,0.7842200602348617,13.870056497175142,13.774220379287,11.943955729030383,20.918382023341795,10.503828635505736,0.3360746492467043,0.3747458513100035,0.2980730484261166,0.6724708469550523,0.2188805722816049,1.7322093560338228,1.5739763573524113,1.366475627763739,1.7982330664936386,1.2558114551051849,1.4394191433313688,1.1228393218293995,14.339105761803564,0.072758677024482,0.0606583213641914,4.139661425531401,0.0620012131083531,0.8986417979880208,0.8215439284322033,0.7165583171755152,0.6351580199279123,0.6341647291629079,0.6303565247943561,0.6295650908717816,0.6231907023968095
frost_cycle_000086,True,,2026-08-04 10:46:04,2026-08-04 10:58:48,0.310785,0.0412401388888888,0.2695448611111111,0.3149678512499999,0.0,1.2582473436109751,0.8474288169686927,12.733333333333333,1.0,1.0,1.0,1.0,1.0,33.45,exp_20260804,2026-08-04T10:46:04,2026-08-04T10:49:57,3.8833333333333337,0.6371866952789685,0.52867344375,1.0,8.205948000000003,1.0483829999999976,-1.761566373221178,3.571977839335176,2.4072992031829497,3.3893203300952406,2.785,1.82925,-3.1256532370102854,1.6,1.46,2.1679740277281985,6.699999999999996,4.5,-7.643123089747167,-4.4,0.0,0.0496804667963335,84.77544449999999,1.898317750000004,4.657906965545956,47.1,0.5,1.649291469852695,53.8,4.0,-5.993831619894469,72.0,47.5,-79.97388163378719,-12.2,6.3999999999999995,11.28013337038067,0.32,0.0725,0.1306696304529035,-7.35,1.7250000000000003,3.575993331480973,3.8666666666666663,59,1.074863763589773,1.0406188194329409,0.9587239452758703,0.4870821458236553,0.7523768837327992,13.870056497175142,13.756162207637828,13.416077966371324,9.820006145756867,10.344966748664628,0.3360746492467043,0.3820325738956797,0.3541181967072397,0.126857643746232,0.2058121345123906,1.7322093560338228,1.544160889930328,1.417594972705679,0.8446040157562219,1.2357248439379998,0.4870821458236559,1.109166629799478,14.100746268656716,0.072758677024482,0.058162094147558,4.161984503262909,0.0623355539535076,0.8986417979880208,0.8215439284322033,0.7132089865903941,0.6162666838388158,0.6197569267602588,0.6275660935594407,0.6291403270333487,0.6264185970183622
frost_cycle_000087,True,,2026-08-04 11:59:46,2026-08-04 12:12:10,0.2704863888888889,0.0472536111111111,0.2232327777777777,0.0777112125000001,0.0,1.4350013662146388,0.8825159826178046,12.4,1.0,1.0,1.0,1.0,1.0,55.85,exp_20260804,2026-08-04T11:59:46,2026-08-04T12:04:16,4.5,0.630048148148148,0.6182212125,1.0,6.4412280000000015,4.118357250000008,-0.5550316789366426,2.615560836501901,2.8950785711127103,3.1849872721128833,2.708,2.0165,-3.343654151161787,1.45,1.65,2.433692320733924,6.699999999999996,4.299999999999997,-8.171037093713934,-4.7,0.0999999999999996,0.1288815274454577,91.52851525,1.130836500000001,3.294869363156372,46.1,0.3999999999999986,1.909472673958284,52.8,3.8999999999999986,-6.261564419755641,73.0,49.0,-85.73437769512134,-13.2,6.4,12.147841912756578,0.31,0.07,0.1355694086323486,-8.3,1.6999999999999993,3.5155062073479857,4.5,59,1.074863763589773,1.0492855534162748,0.826168966497912,2.94585565388497,0.8347188431962007,13.870056497175142,13.784986652645538,11.468515407543778,41.49944941087932,11.285975292252932,0.3360746492467043,0.3704015107660494,0.286457598238979,1.6653956973926176,0.2464517039677109,1.7322093560338228,1.5917523248653398,1.265439708714776,3.0022433649891944,1.2536195324147574,2.9458556538849745,1.1058523881423254,14.105721393034829,0.072758677024482,0.0673981348491015,4.232674249412687,0.0633942999631635,0.8986417979880208,0.8215439284322033,0.7416563913262546,0.7268056058327769,0.7045982570195857,0.7132162873766958,0.7158266588707953,0.7217848759366378
frost_cycle_000088,True,,2026-08-04 13:20:36,2026-08-04 13:35:51,0.4025655555555555,0.0493277777777777,0.3532377777777777,0.389525175,0.0,1.6256519681467634,1.095907831761206,15.25,1.0,1.0,1.0,1.0,1.0,62.5,exp_20260804,2026-08-04T13:20:36,2026-08-04T13:25:15,4.65,0.6364874551971316,0.6462058275,1.0,5.778296999999999,4.165087500000011,0.0713627588113879,2.5349319806699326,2.9401747123337354,3.3293819692032214,2.5540000000000003,1.8445,-3.088962423558919,1.45,1.7400000000000002,2.5882522923034177,7.0,4.899999999999999,-8.538321629146752,-4.3,0.0,0.1204812178689245,94.58890275,0.913634000000016,2.679325691303126,46.0,0.5,2.1025514809992765,53.0,4.399999999999999,-6.435770148147477,71.0,50.0,-79.61914988644253,-14.1,7.400000000000002,12.857366035369138,0.3,0.0799999999999999,0.1415658586184939,-9.8,2.6500000000000004,4.837077722767579,4.65,59,1.074863763589773,1.0518584900675771,0.7297462567494102,2.5145134112046037,0.7697071002392434,13.870056497175142,13.7935439097572,10.170514854457544,36.316123778201344,11.093551857132317,0.3360746492467043,0.3669485388994404,0.2313786239703227,1.4555294489331678,0.2314198758174144,1.7322093560338228,1.6058810321116714,1.168502701900244,2.4829574390352125,1.291547414145206,2.514513411204609,1.0913945243723038,14.063184079601992,0.072758677024482,0.0696447393440716,4.34428963807023,0.065066004188936,0.8986417979880208,0.8215439284322033,0.745079219904339,0.7489357422864986,0.7365616008704157,0.7396573825628072,0.7407423933931481,0.7484881257884201
frost_cycle_000089,True,,2026-08-04 14:47:42,2026-08-04 15:15:29,1.1405033333333332,0.0496027777777777,1.090900555555555,1.9821495,0.0,2.1172564255498756,2.043515428274715,27.783333333333335,1.0,1.0,1.0,0.9964007198560288,0.9964007198560288,67.73333333333333,exp_20260804,2026-08-04T14:47:42,2026-08-04T14:52:23,4.683333333333334,0.6354804270462623,0.6543296025,1.0,5.787004500000004,3.2113259999999846,0.5953901100758037,2.972893181054754,3.3301742999905617,3.4164379816133796,2.703,1.8089999999999995,-3.0549987631824926,1.77,1.75,2.5836730647582544,7.200000000000003,4.70000000000001,-8.441352727130067,-4.5,0.0999999999999996,0.1638043488921813,93.9980925,0.2408066250000047,1.9140974195609088,46.3,0.3000000000000042,2.004639210647611,53.5,4.400000000000006,-6.436713516482479,71.0,48.0,-81.11690222348645,-14.1,7.400000000000002,12.76532852084704,0.3,0.0799999999999999,0.1401667369577368,-9.8,2.5500000000000007,4.6137920888217545,4.7,59,1.074863763589773,1.053883307382136,0.6616248049237892,1.7905313843440402,0.8347188431962007,13.870056497175142,13.800278192296204,9.432643316959172,28.586767830562536,11.285975292252932,0.3360746492467043,0.3642311625432619,0.1899903885307688,1.0800135987573536,0.2464517039677109,1.7322093560338228,1.6169998643807144,1.1058223961921685,1.6659226996273473,1.301054553392687,1.7905313843440462,1.058413468008295,13.89104054261442,0.072758677024482,0.0701439847873982,4.34428963807023,0.065066004188936,0.8986417979880208,0.8215439284322033,0.7369303905532466,0.7544396339288728,0.7449539006428213,0.747615360020722,0.7485095402171733,0.7548639242032404
frost_cycle_000090,True,,2026-08-04 16:57:44,2026-08-04 17:17:59,0.6283244444444445,0.0662334722222222,0.5620909722222223,0.68089279875,0.0,2.152660953937217,1.5464366080235503,20.25,0.9933993399339934,1.0,0.9933993399339934,1.0,1.0,98.28333333333332,exp_20260804,2026-08-04T16:57:44,2026-08-04T17:02:50,5.1,0.7792173202614378,0.80351262,1.0,5.129297999999995,0.1091340000000018,2.3176881492877697,1.691163204747773,0.15822822703212,1.9558138170282051,3.0380000000000003,0.2490000000000001,-1.0001261461517126,0.94,0.0,0.9286412892470132,4.699999999999996,0.0,-1.1831516729543008,0.9,0.0,-0.0116313323767262,97.66025775,0.3597792500000025,0.7383634826339875,43.7,0.1000000000000014,0.0399513460606776,48.4,0.1000000000000014,-1.143200326893655,89.0,7.0,-26.822023509735544,-21.6,1.1999999999999993,1.5721456197200423,0.23,0.01,0.0140334305778605,-16.3,0.25,0.7546225993747153,5.116666666666666,59,1.074863763589773,1.065703339667442,1.1399024581162318,0.8640996145465533,0.9318122216661732,13.870056497175142,13.839590102786632,14.617024212296108,10.946812992060398,12.227856088637283,0.3360746492467043,0.3483682617124491,0.3863309793242783,0.2055430296969114,0.2851340742145622,1.7322093560338228,1.681906933008599,1.7668689760871426,1.544091345699636,1.5636993160397072,0.8640996145465535,1.082058160421926,13.988557213930353,0.072758677024482,0.0763845528289817,4.827956322252919,0.0723100558339499,0.8986417979880208,0.8215439284322033,0.8060762419956636,0.862370489137373,0.8563526116526743,0.8545329222262406,0.8543404685174474,0.8611617166192989
frost_cycle_000091,True,,2026-08-04 19:08:38,2026-08-04 19:28:54,0.626210138888889,0.0671279166666666,0.5590822222222223,0.67728337875,0.0,2.1792963951670155,1.5556823461992884,20.266666666666666,1.0,1.0,1.0,1.0,1.0,108.7,exp_20260804,2026-08-04T19:08:38,2026-08-04T19:13:47,5.15,0.7820728155339798,0.8059183087499999,1.0,5.1827039999999975,0.2159460000000033,2.776182296749103,1.692587851077726,0.0987991153735576,1.911882272452988,3.0620000000000003,0.1745000000000001,-0.8155130646707845,0.93,0.0,0.9523312031119754,4.700000000000003,0.0999999999999943,-1.0579605445957196,0.8,0.0,0.0440122256182268,99.25148775,0.1583118749999954,-0.2409114073353546,42.5,0.0,-0.0285079188663852,47.2,0.0999999999999943,-1.086468463462096,89.0,6.5,-26.544040011114244,-22.8,1.1999999999999993,2.663406501806066,0.22,0.01,0.0228063350930814,-16.6,0.1000000000000014,0.9756043345373752,5.15,59,1.074863763589773,1.0697336289082038,1.1415521504434585,1.1984374619070894,1.2474865651203302,13.870056497175142,13.852994327585606,14.776345126593055,15.466118894246012,15.859369199860527,0.3360746492467043,0.3429594711945779,0.3853073470153767,0.4220157772187541,0.4325897287223069,1.7322093560338228,1.7040383666651335,1.7731370136861195,1.820444942046263,1.8538485696151552,1.19843746190709,1.0819134440469558,13.988308457711444,0.072758677024482,0.0771334209939717,4.850279399984428,0.0726443966791044,0.8986417979880208,0.8215439284322033,0.8402131276786963,0.8702730544664559,0.8517379740777737,0.8588022540505077,0.8609531067838032,0.8733040524893202
frost_cycle_000092,True,,2026-08-04 21:19:50,2026-08-04 21:34:28,0.3461225,0.0679690277777777,0.2781534722222222,0.0572932537499998,0.0,1.7434454880928296,1.0897038364977412,14.633333333333333,1.0,1.0,1.0,1.0,1.0,108.55,exp_20260804,2026-08-04T21:19:50,2026-08-04T21:24:53,5.05,0.8075528052805272,0.7943407200000001,1.0,5.238431999999997,0.1221952500000007,1.8524159849958317,1.8032468158347668,0.1563626044307124,1.696776970064645,2.904,0.1520000000000001,-0.8291771183448201,0.94,0.0099999999999998,0.7695971103084186,4.799999999999997,0.0,-1.0414559599888866,1.2,0.0,0.0266740761322583,100.05497075,0.1585503750000043,0.3054050397331562,43.2,0.1000000000000014,-0.1310363989997696,48.0,0.0,-1.1724923589886596,89.0,6.5,-26.34398444012237,-25.4,0.0,2.251292025562676,0.2,0.0,0.0176882467352041,-19.8,0.0,1.852181161433749,5.05,59,1.074863763589773,1.0696755927431367,1.1392041545485472,1.205544557127839,0.9994792526201056,13.870056497175142,13.8528013067485,14.653818190229147,15.420434802246088,12.963846039392124,0.3360746492467043,0.3430373577780353,0.3771720447616584,0.409278477668474,0.3251847533362287,1.7322093560338228,1.7037196740204794,1.786706279971091,1.8669733026025377,1.7209805860009784,1.2055445571278391,1.0916835485841814,14.072388059701495,0.072758677024482,0.0756356846639917,5.088392229120521,0.0762106990274189,0.8986417979880208,0.8215439284322033,0.8204926403984267,0.8505673888389732,0.8761106418004166,0.8670391069908195,0.8642187578889727,0.8496506186553131
frost_cycle_000093,True,,2026-08-04 23:31:48,2026-08-04 23:37:42,0.0766398611111111,0.0674995833333333,0.0091402777777777,-0.7528546425,0.0,1.2516671317185135,0.6104772107787887,5.9,1.0,1.0,1.0,1.0,1.0,113.25,exp_20260804,2026-08-04T23:31:48,2026-08-04T23:36:53,5.083333333333333,0.7967163934426226,0.7909283475000001,1.0,5.290677000000007,0.0568889999999999,2.7852013319800513,1.8383172341904124,0.1984727841561426,2.2233363144870264,2.878,0.1784999999999996,-0.8666074153290868,0.93,0.0,0.921679390858832,4.900000000000006,0.1000000000000085,-0.9859217599709704,1.2,0.0,-0.0036379608322438,100.24141675,0.0736723750000152,-0.0054979213671004,42.3,0.0,-0.142808582150121,47.2,0.0,-1.1287303421210682,89.0,7.0,-26.565478520753597,-25.4,0.0,2.6521421955714195,0.2,0.0,0.0209884559195638,-19.8,0.0999999999999978,1.9524677978401292,5.083333333333333,59,1.074863763589773,1.0714940592485684,1.178980062748154,1.254713524947102,1.3839379476458196,13.870056497175142,13.858849292977796,15.245730909558464,16.25008489429337,18.10257196490606,0.3360746492467043,0.3405969114963718,0.3969768425146098,0.4438695365293683,0.53089097150266,1.7322093560338228,1.7137053768863078,1.8335317457155915,1.9011535440257608,1.965052528053684,1.254713524947102,1.1382307571401702,15.117643704993505,0.072758677024482,0.0761349301073184,5.088392229120521,0.0762106990274189,0.8986417979880208,0.8215439284322033,0.8462880006955341,0.8566576991320621,0.8708689240982843,0.8645628437524353,0.8627210542664867,0.8541475475562519
frost_cycle_000095,True,,2026-08-05 12:17:51,2026-08-05 12:32:23,0.3472705555555555,0.0781211111111111,0.2691494444444444,-0.0107531174999999,0.0,1.872244595423034,1.1457848469534673,14.533333333333331,1.0,1.0,1.0,1.0,1.0,115.61666666666666,exp_20260805,2026-08-05T12:17:51,2026-08-05T12:22:51,5.0,0.9374533333333332,0.86963237625,1.0,5.126976000000002,0.1114560000000013,1.9087865527035868,1.8647883369330456,0.0523002075889611,1.3351199396452942,2.777,0.0074999999999998,-0.534748741915777,0.96,0.01,0.6017625077238437,4.599999999999994,7.105427357601002e-15,-0.584328980272297,4.6,0.0,-4.022369624036237e-15,100.645304,0.0643738750000011,0.0669422025561668,42.1,0.1000000000000014,-0.0183384273409219,46.8,0.0999999999999943,-0.6026674076132696,85.0,0.5,-19.25368157821623,-24.1,0.3249999999999993,2.209780494581836,0.21,0.0025,0.017638232842456,-18.1,0.0,0.9540983606557584,5.016666666666667,63,1.0979979307903875,1.097891074824605,1.0943011621756111,1.162467604784735,1.0950817658533143,14.265343915343914,14.268516845869923,13.87194051401154,15.022309015961865,13.863987379509773,0.3583210097001764,0.3588059544594203,0.3325606061013637,0.3806255931086429,0.2988798597530369,1.734290961087136,1.7329033895421624,1.7860226856151122,1.8331537664437405,1.7839385502855347,1.162467604784735,1.0618506914730796,14.073880597014924,0.0702748192239858,0.0725115512001601,4.982792913259045,0.0722620086899156,0.8701386144019214,0.8031238283333333,0.8484203265673531,0.8426565999423086,0.8391924476506111,0.8412208463242721,0.8416129657988726,0.8438611009462873
frost_cycle_000096,True,,2026-08-05 14:29:24,2026-08-05 14:40:43,0.2341906944444444,0.0742891666666666,0.1599015277777777,-0.27499945875,0.0,1.5793326470214386,0.907777731416482,11.316666666666666,1.0,1.0,1.0,1.0,1.0,113.01666666666668,exp_20260805,2026-08-05T14:29:24,2026-08-05T14:34:06,4.7,0.948372340425531,0.8169210412499999,1.0,4.913352000000002,0.0534060000000007,1.9734463401823732,1.731272727272728,0.0425108353663215,1.396087024217096,2.837,0.0304999999999999,-0.6333204586247155,0.92,0.01,0.753436807513508,4.600000000000001,0.1000000000000014,-0.8759099749930558,3.7,0.0,0.05168102250625,100.32677175,0.0877397499999972,-0.1331034515143722,43.8,0.0,0.0070019449847009,48.4,0.1000000000000014,-0.8689080300083613,86.0,2.5,-21.52597943873304,-24.1,0.0,2.00555709919423,0.21,0.0,0.0160878021672686,-18.4,0.0999999999999978,1.17766046123924,4.716666666666667,63,1.0979979307903875,1.097418446367489,1.126269721848015,1.0657517422589176,0.9837869366432902,14.265343915343914,14.28255085181485,14.226646204816433,13.56637207483458,12.373675373748048,0.3583210097001764,0.3609508856447709,0.3627014698175395,0.3258813315462918,0.2728031051455317,1.734290961087136,1.7267661018985985,1.7903080113919798,1.7347446284838737,1.753341609747496,1.0657517422589176,1.085167158528269,14.121890547263682,0.0702748192239858,0.0681608581281505,5.004275999618199,0.0725735630732094,0.8701386144019214,0.8031238283333333,0.7919366201962615,0.7842554628180209,0.8141751320520326,0.8101630004818142,0.8087486252964006,0.8012978173879309
frost_cycle_000097,True,,2026-08-05 16:40:38,2026-08-05 16:51:58,0.2336022222222222,0.0723655555555555,0.1612366666666666,-0.2842531125,0.0,1.5367339034275729,0.8890208501955352,11.333333333333334,1.0,1.0,1.0,1.0,1.0,113.63333333333334,exp_20260805,2026-08-05T16:40:38,2026-08-05T16:45:19,4.683333333333334,0.9271032028469745,0.81583066875,1.0,5.312736000000007,0.1219050000000017,1.361058896103902,1.726596035099125,0.0407315140325565,0.9002046613147449,3.076,0.1002499999999999,-0.7953876076687982,1.05,0.01,0.3740259740259748,4.300000000000004,0.1000000000000014,-0.6575159766601868,2.7,0.0999999999999996,0.138705195887746,,,,44.8,0.1000000000000014,-0.1398721867185589,49.2,0.0,-0.797388163378749,87.0,4.5,-23.891636565712748,-21.6,1.1000000000000014,2.6569046957488314,0.23,0.0099999999999999,0.0235898860794663,-15.2,0.0999999999999996,0.9140872464573564,4.7,63,1.0979979307903875,1.097530544142574,1.026635315825014,1.1151255660975383,0.933634408933066,14.265343915343914,14.27922227348176,12.99753772469286,14.301504906858993,12.748336362559536,0.3583210097001764,0.3604421519661942,0.3084978823196347,0.3744264103758986,0.2513428008675484,1.734290961087136,1.728221740634572,1.6837881840506923,1.736687753836577,1.6690557577192504,1.115125566097539,1.0861483907140934,14.121641791044777,0.0702748192239858,0.0679191529574833,4.775123078453895,0.0692503163180751,0.8701386144019214,0.8031238283333333,0.7631219775387517,0.7811898946007156,0.7934619235684498,0.8001545689485423,0.8007920221723015,0.8048694544216694
frost_cycle_000098,True,,2026-08-05 18:52:22,2026-08-05 19:03:07,0.2163247222222222,0.0692025,0.1471222222222222,-0.2989199287500002,0.0,1.472691001269626,0.8444289849888011,10.75,0.9779411764705882,0.9779411764705882,1.0,0.9906976744186048,0.9906976744186048,114.18333333333334,exp_20260805,2026-08-05T18:52:22,2026-08-05T18:56:54,4.533333333333333,0.9159154411764706,0.79430976,1.0,5.838669000000005,0.124227000000002,2.164003205048093,1.853545714285716,0.2960518040597282,1.624618376356212,3.149,0.1440000000000001,-0.8275376118946528,1.07,0.0,0.8165778649706161,4.600000000000001,0.2000000000000028,-0.866574048346763,2.2,0.1,0.1138649624895803,96.10479125,0.1244567499999931,0.1670643075853602,45.3,0.2000000000000028,-0.1863851069741879,50.0,0.0,-1.0529591553209694,88.0,4.5,-24.0450125034733,-20.5,0.0,2.4486801889413874,0.24,0.0,0.021639344262295,-14.7,0.0250000000000003,0.9839399833287132,4.55,63,1.0979979307903875,1.0976305232392718,0.9729918561287024,1.10596877925384,0.8077893711500984,14.265343915343914,14.276253541454947,12.329555418955485,14.267878852218043,10.55576845339359,0.3583210097001764,0.3599884165231392,0.2822481019828867,0.3716339777570741,0.1704962968433899,1.734290961087136,1.729520013020711,1.6195593171635276,1.72176550644634,1.61013890228612,1.1059687792538395,1.0880661515549834,14.13034825870647,0.0702748192239858,0.0657438064214785,4.7393179345219725,0.0687310590125854,0.8701386144019214,0.8031238283333333,0.7362166331211216,0.7421625950298006,0.7628127532679292,0.7656123111600402,0.7654492834611678,0.768164432012622
frost_cycle_000099,True,,2026-08-05 21:03:53,2026-08-05 21:14:43,0.2210740277777778,0.0720648611111111,0.1490091666666666,-0.284658495,0.0,1.4801106280588072,0.8523427691827161,10.833333333333334,0.9963503649635036,0.9963503649635036,0.9973404255319148,1.0,1.0,114.06666666666666,exp_20260805,2026-08-05T21:03:53,2026-08-05T21:08:27,4.566666666666666,0.946837591240876,0.7764819599999999,1.0,6.030234000000007,0.1230660000000014,2.188915218954836,1.886216452924619,0.0347045134451462,1.6292465011695634,3.1965000000000003,0.0969999999999995,-0.8187307585440405,1.06,0.0,0.7650458460683517,4.800000000000004,0.2000000000000028,-0.9372772863344616,1.4,0.0,0.0848001232084235,96.13149475,0.1838238750000016,-0.4287180858572399,45.8,0.0,-0.0780891143432094,50.7,0.1000000000000014,-1.015366400677668,89.0,5.0,-24.580427186708956,-20.5,0.6000000000000014,2.814026509062584,0.24,0.005,0.0250080374245589,-14.1,0.1499999999999985,1.1382956809671898,4.583333333333333,63,1.0979979307903875,1.0976093155520934,0.965893303166092,0.8726744738081186,0.8085436806415989,14.265343915343914,14.276883272490938,12.323464487982438,10.579690942133652,10.646344491462996,0.3583210097001764,0.3600846634353024,0.2894486462682498,0.2262377696274988,0.2062677716874805,1.734290961087136,1.7292446219084994,1.58603279443207,1.515674345122196,1.4380156254215812,0.8726744738081188,1.0877663788181116,14.12910447761194,0.0702748192239858,0.0662272167628129,4.696351761803665,0.0681079502459977,0.8701386144019214,0.8031238283333333,0.7124357944757103,0.7368303561693538,0.7582976620236505,0.7657517630187602,0.7662457780585883,0.7683745698150793
