cycle_name,experiment_id,state,image_count,feature_000,feature_001,feature_002,feature_003,feature_004,feature_005,feature_006,feature_007,feature_008,feature_009,feature_010,feature_011,feature_012,feature_013,feature_014,feature_015,feature_016,feature_017,feature_018,feature_019,feature_020,feature_021,feature_022,feature_023,feature_024,feature_025,feature_026,feature_027,feature_028,feature_029,feature_030,feature_031,feature_032,feature_033,feature_034,feature_035,feature_036,feature_037,feature_038,feature_039,centroid_distance,camera_group
frost_cycle_000060,exp_20260729,optimum,39,0.23137009,-0.5700603,0.9251088,-0.14722079,-0.7214899,0.62904644,-0.44287178,-0.17125003,0.18374299,-0.7356011,0.96689975,-0.07734511,-0.8698018,0.79295033,0.11832611,-0.17479599,0.25144932,-0.69368297,0.7257455,-0.07457156,-0.8766951,0.8259067,0.66211146,-0.0554274,0.13827732,0.42025954,0.62162167,0.28994936,0.3064801,0.35828897,0.4357626,0.19274765,0.052068766,0.20529579,0.0,0.0,0.0,0.0,0.0,0.0,0.35032415,top
frost_cycle_000060,exp_20260729,fixed_time,39,0.6131361,0.08298538,0.34340578,-0.42699525,-0.7861031,0.78386617,-0.5305332,-0.17125003,0.57751375,-0.36301428,0.65026194,-0.33630645,-0.7422661,0.7740677,0.0036867268,-0.17479599,0.5453609,0.067887366,0.064378604,-0.28011447,-0.7612677,0.7553487,0.92237747,-0.0554274,0.5165947,0.69994724,0.71805274,0.6378991,0.661831,0.69020915,-0.51827,0.43872648,-0.6645795,-0.45619673,0.0,0.0,0.0,0.0,0.0,0.0,0.15502344,top
frost_cycle_000061,exp_20260729,optimum,23,1.050834,1.373617,-1.0943005,-0.75871176,-0.5911742,0.7529502,0.9513963,-0.17125009,1.1061437,1.4455057,-1.176766,-0.5503019,-0.49899215,0.669515,0.23205929,-0.17479594,1.0879614,1.1932176,-1.3298328,-0.37111482,-0.5286756,0.57881254,0.88253915,-0.05542741,0.90573496,0.75538576,0.46440366,0.93488204,0.93900234,0.8753312,-1.353727,-0.037211645,-1.0104568,-0.8960785,0.0,0.0,0.0,0.0,0.0,0.0,0.7299194,top
frost_cycle_000061,exp_20260729,fixed_time,23,0.78616226,0.6169858,-0.22978348,-0.4981856,-0.7181662,0.75531894,-0.23099427,-0.17125009,0.74595404,0.17973746,0.124698155,-0.37134454,-0.6764246,0.7248629,0.32041773,-0.17479594,0.7432433,0.7243953,-0.66244906,-0.32636318,-0.6479723,0.6660052,0.8865695,-0.05542741,0.58340174,0.6522071,0.5524168,0.757924,0.76870024,0.76485044,-0.74785715,0.6182199,-0.8581067,-0.7146607,0.0,0.0,0.0,0.0,0.0,0.0,0.2993584,top
frost_cycle_000063,exp_20260730,optimum,40,-0.18060556,-0.73312366,0.6156187,-0.33606857,0.071607694,0.111339286,-0.27930337,-0.17125008,-0.2514279,-0.65557,0.67421234,-0.40821305,0.22070411,0.028682822,-0.3957274,-0.17479596,-0.19390935,-0.7151948,0.7646547,-0.44607383,0.33785444,0.07951316,-0.67674285,-0.055427402,0.4761675,0.37811488,0.32068068,-0.14702539,-0.1257963,-0.08061835,1.1263988,0.26590782,0.59612244,0.18025717,0.0,0.0,0.0,0.0,0.0,0.0,0.4323588,top
frost_cycle_000063,exp_20260730,fixed_time,40,0.3907265,0.017724814,0.16686483,-0.5083415,-0.4980688,0.6200317,-0.14721343,-0.17125008,0.37342128,-0.14787965,0.35808113,-0.49729824,-0.32095248,0.5088333,-0.11121323,-0.17479596,0.26858762,0.18864167,-0.06504172,-0.49753818,-0.12115085,0.41218632,0.016170641,-0.055427402,0.75934494,0.64436257,0.44251928,0.44587183,0.451068,0.4389944,0.06946815,0.83793336,-0.18857515,-0.40541273,0.0,0.0,0.0,0.0,0.0,0.0,0.19422324,top
frost_cycle_000064,exp_20260730,optimum,40,0.0749403,-0.80005646,0.8275595,0.034431554,-0.20270284,0.13433419,-0.31426838,-0.17125008,0.0486688,-0.8578827,0.8075803,-0.012331986,-0.24391222,0.21186164,0.01072143,-0.17479596,0.13798216,-0.9277849,0.800138,-0.098604016,-0.24302936,0.31140703,0.2177876,-0.055427402,-0.19095504,0.007706332,0.30898088,-0.042708807,-0.062195815,0.022322912,0.9082068,0.21435368,0.22474408,0.63354266,0.0,0.0,0.0,0.0,0.0,0.0,0.37230083,top
frost_cycle_000064,exp_20260730,fixed_time,40,0.49472037,-0.2920538,0.54170215,-0.26308334,-0.6986852,0.6617752,-0.3764283,-0.17125008,0.51572067,-0.65429765,0.777449,-0.24290533,-0.67480564,0.6799852,0.07168876,-0.17479596,0.5367129,-0.2623999,0.23371904,-0.22283426,-0.7017857,0.69167745,0.9987637,-0.055427402,0.35301393,0.46778727,0.63715976,0.45181218,0.451996,0.53821355,0.17023085,0.6312084,-0.36614594,0.049019486,0.0,0.0,0.0,0.0,0.0,0.0,0.15829316,top
frost_cycle_000065,exp_20260730,optimum,40,0.67480725,0.48496705,-0.24195309,-0.472807,-0.51263916,0.5725196,0.5987061,-0.17125008,0.6840848,0.36108312,-0.19020884,-0.3199219,-0.50638103,0.57239085,0.061527513,-0.17479596,0.6780742,0.3793152,-0.45754868,-0.2645852,-0.4650002,0.53086215,0.46575332,-0.055427402,0.5192844,0.4725892,0.40195864,0.6040033,0.5763527,0.55774313,-0.5169153,0.13044225,-0.60187536,-0.39551854,0.0,0.0,0.0,0.0,0.0,0.0,0.30684912,top
frost_cycle_000065,exp_20260730,fixed_time,40,0.6633933,0.21165824,0.1528522,-0.4437174,-0.70870763,0.72619295,-0.29095837,-0.17125008,0.62209296,-0.2662135,0.5304715,-0.32897335,-0.668536,0.6995983,0.1021724,-0.17479596,0.65118474,0.28770426,-0.20347054,-0.30343908,-0.6313227,0.66756153,0.6407198,-0.055427402,0.568639,0.5961754,0.5449597,0.66441905,0.65408933,0.663744,-0.4745946,0.71228904,-0.68561804,-0.33116913,0.0,0.0,0.0,0.0,0.0,0.0,0.1363381,top
frost_cycle_000066,exp_20260730,optimum,40,0.010895321,-0.7438501,0.91969234,0.03181871,-0.1490535,0.061984308,-0.36088833,-0.17125008,-0.05418124,-0.77390385,0.821411,0.064843394,-0.27488032,0.19113836,0.5187825,-0.17479596,0.056545805,-0.91025174,0.83343095,-0.012034761,-0.13496953,0.1453878,0.12740758,-0.055427402,-0.29645517,-0.091220655,0.098064475,-0.039928176,-0.08731183,-0.08112277,0.76694936,0.032361157,0.37535423,0.50211096,0.0,0.0,0.0,0.0,0.0,0.0,0.38144124,top
frost_cycle_000066,exp_20260730,fixed_time,40,0.59554374,0.05548176,0.36374196,-0.38083515,-0.6939688,0.67146987,-0.22879842,-0.17125008,0.5488299,-0.33110625,0.60308284,-0.24735165,-0.7536508,0.73688173,0.4882988,-0.17479596,0.5666753,0.051444363,0.0195049,-0.22999153,-0.7497155,0.72175896,0.91070116,-0.055427402,0.35683116,0.54662395,0.5827104,0.58926094,0.5992783,0.6168987,-0.27525097,0.53402627,-0.5196866,-0.24794896,0.0,0.0,0.0,0.0,0.0,0.0,0.09654506,top
frost_cycle_000067,exp_20260730,optimum,40,0.1465946,-0.76701915,0.97048795,0.0027291402,-0.30040017,0.19210191,-0.2249134,-0.17125008,0.1078428,-0.83307076,0.91279256,0.03689512,-0.43855518,0.3364787,0.5797498,-0.17479596,0.1932974,-0.86554205,0.7887484,-0.027883071,-0.2965613,0.29033732,0.20967658,-0.055427402,-0.24079561,-0.029552173,0.17274466,0.0615166,0.031187627,0.053138483,0.7696488,0.21694319,0.32080162,0.48478374,0.0,0.0,0.0,0.0,0.0,0.0,0.3610116,top
frost_cycle_000067,exp_20260730,fixed_time,40,0.60125065,0.03831951,0.36829615,-0.38919622,-0.7114027,0.69198096,-0.16275343,-0.17125008,0.56644124,-0.37309566,0.6460569,-0.27672908,-0.76001537,0.75381184,0.7220069,-0.17479596,0.56052923,0.06371764,0.00066812785,-0.2407275,-0.7205841,0.6905352,1.0242555,-0.055427402,0.40495014,0.5804367,0.6032425,0.596625,0.6123649,0.63261783,-0.2669197,0.51787937,-0.54408294,-0.3322635,0.0,0.0,0.0,0.0,0.0,0.0,0.12652652,top
frost_cycle_000068,exp_20260730,optimum,16,1.1205859,1.505692,-1.2515616,-0.69394,-0.53655815,0.6882955,0.24322884,-0.17125008,1.1877682,1.6974285,-1.4110187,-0.4935665,-0.4680984,0.6065749,-0.17218056,-0.17479596,1.1290469,1.2632077,-1.4392538,-0.32226962,-0.49338463,0.55091643,0.51905435,-0.055427402,0.6918014,0.57208186,0.34410334,0.93449104,0.9441567,0.89431345,-1.3229493,-0.044471264,-1.0155106,-0.9583318,0.0,0.0,0.0,0.0,0.0,0.0,0.75481635,top
frost_cycle_000068,exp_20260730,fixed_time,16,0.7559732,0.1380751,0.25479394,-0.42220503,-0.77090544,0.7535946,-0.26182088,-0.17125008,0.7263519,-0.3527372,0.6364248,-0.33834237,-0.7203078,0.73008186,0.5899111,-0.17479596,0.7353101,0.23422801,-0.1458649,-0.29713383,-0.6823025,0.622947,1.3417443,-0.055427402,0.519481,0.6517376,0.6021987,0.7124976,0.7300096,0.7547407,-0.56298095,0.7324941,-0.740821,-0.4689917,0.0,0.0,0.0,0.0,0.0,0.0,0.20426115,top
frost_cycle_000070,exp_20260731,optimum,40,0.312097,0.8355061,-0.36736593,-0.5482308,-0.5374846,0.6491159,0.15193138,-0.17125008,0.25296,0.829965,-0.22034016,-0.4598221,-0.42763084,0.5748887,-0.3347601,-0.17479596,0.11262934,0.8268501,-0.54297143,-0.41403636,-0.33863991,0.5473625,0.05093219,-0.055427402,0.80110854,0.722237,0.57884806,0.5994613,0.58514905,0.5504366,-0.8312141,-0.33571994,-0.91536057,-1.6812918,0.0,0.0,0.0,0.0,0.0,0.0,0.48273712,top
frost_cycle_000070,exp_20260731,fixed_time,40,-0.19962883,0.045184366,0.15915789,-0.2623866,-0.10365794,0.20748527,-0.36865833,-0.17125008,-0.29792172,-0.069626674,0.40747666,-0.26847166,-0.011651553,0.1456212,-0.52782327,-0.17479596,-0.32528305,0.066347554,0.17589441,-0.33292034,0.042308338,0.23740914,-0.44731665,-0.055427402,0.4527895,0.46361893,0.47475338,0.06533696,0.055339605,0.07330249,0.057247967,-0.4352247,-0.25695872,-1.1594484,0.0,0.0,0.0,0.0,0.0,0.0,0.43235496,top
frost_cycle_000071,exp_20260731,optimum,40,0.8003608,1.1680247,-0.7600694,-0.67295015,-0.59778744,0.7200235,0.62978613,-0.17125008,0.81581724,1.0679051,-0.64365965,-0.5119076,-0.49735656,0.64168423,-0.09089078,-0.17479596,0.7011221,1.2108272,-1.1041336,-0.4111394,-0.47085133,0.61615646,0.21547017,-0.055427402,0.83342505,0.6852056,0.43710017,0.86535394,0.86173135,0.8052723,-1.1744987,0.30717716,-1.0779257,-1.1617264,0.0,0.0,0.0,0.0,0.0,0.0,0.6072009,top
frost_cycle_000071,exp_20260731,fixed_time,40,0.4592103,0.18419863,0.24603608,-0.37282246,-0.6644069,0.6548847,0.00818647,-0.17125008,0.38539702,-0.10207303,0.5363988,-0.2897505,-0.61476934,0.62799203,0.37652537,-0.17479596,0.3392682,0.28288263,-0.08475467,-0.26185855,-0.5272466,0.55383575,0.59668845,-0.055427402,0.48816544,0.5119885,0.47698435,0.58390296,0.5488895,0.55241525,-0.35760015,0.33808276,-0.7243378,-0.7387279,0.0,0.0,0.0,0.0,0.0,0.0,0.12911613,top
frost_cycle_000072,exp_20260731,optimum,40,0.21698065,-0.720681,0.90953314,-0.025663655,-0.23554933,0.13537577,-0.0073535307,-0.17125008,0.16913013,-0.8317984,0.9720672,-0.012808366,-0.32313734,0.22453614,1.5857106,-0.17479596,0.24630785,-0.829599,0.75545526,-0.089742586,-0.2203717,0.19057345,0.74500436,-0.055427402,-0.25587672,-0.0475794,0.19763212,0.088392474,0.047435563,0.08192124,0.66970813,0.3740626,0.11406006,0.6539506,0.0,0.0,0.0,0.0,0.0,0.0,0.41535038,top
frost_cycle_000072,exp_20260731,fixed_time,40,0.70270807,-0.08739398,0.43415532,-0.29025683,-0.70668626,0.63629645,-0.10059347,-0.17125008,0.7178985,-0.53787243,0.7680638,-0.2346479,-0.71242326,0.6608347,1.0878109,-0.17479596,0.71956056,-0.051124834,0.040970154,-0.22164139,-0.69419163,0.6006714,1.4263308,-0.055427402,0.23969488,0.40864468,0.5255648,0.5768093,0.5760291,0.6231733,-0.07203822,0.84243566,-0.41262102,0.10952394,0.0,0.0,0.0,0.0,0.0,0.0,0.22636002,top
frost_cycle_000073,exp_20260731,optimum,40,0.14469229,-0.7588671,0.95997846,0.07292733,-0.22106318,0.07792853,0.1402764,-0.17125008,0.11770513,-0.84579486,0.96416396,0.061032258,-0.2926442,0.15413256,2.459576,-0.17479596,0.21557716,-0.8300373,0.7357423,-0.00027634873,-0.10658516,0.013511646,0.79367054,-0.055427402,-0.3519494,-0.13594177,0.062418222,0.032603055,0.0009416193,0.022515168,0.7253678,0.38055104,0.38435996,0.72833574,0.0,0.0,0.0,0.0,0.0,0.0,0.5277407,top
frost_cycle_000073,exp_20260731,fixed_time,40,0.66529566,-0.08868114,0.50561965,-0.32683653,-0.7018856,0.63701755,-0.09282347,-0.17125008,0.6714047,-0.4914295,0.7814007,-0.2016181,-0.7275274,0.65250844,1.1589394,-0.17479596,0.6742328,0.0041047246,0.022133302,-0.193353,-0.6722809,0.5868365,1.12854,-0.055427402,0.25046986,0.38596886,0.45888096,0.580342,0.5795108,0.6077189,-0.1428704,0.66143113,-0.419524,-0.101245664,0.0,0.0,0.0,0.0,0.0,0.0,0.19409846,top
frost_cycle_000075,exp_20260731,optimum,40,-0.75827867,-0.33238512,0.35743636,0.16664103,0.49541196,-0.460409,-0.54348326,-0.17125008,-0.72481984,-0.033363033,0.34425038,0.0006893754,0.3420116,-0.29336032,-0.4871784,-0.17479596,-0.6049324,-0.5530127,0.9293674,-0.016976718,0.053512685,0.041816138,-0.8482331,-0.055427402,-0.39082715,-0.27162996,-0.1277213,-0.51312244,-0.48537225,-0.46023798,1.0207313,0.5192701,0.7256958,0.44703108,0.0,0.0,0.0,0.0,0.0,0.0,0.5631743,top
frost_cycle_000075,exp_20260731,fixed_time,40,-0.24591878,-0.28046927,0.65660554,-0.040295538,-0.38959107,0.33191425,-0.4502433,-0.17125008,-0.14857784,-0.13579178,0.6875491,-0.09554165,-0.5891209,0.54028827,-0.029923445,-0.17479596,-0.22003043,-0.43904692,0.973174,-0.028394317,-0.70477355,0.68761575,-0.60606104,-0.055427402,0.10378003,0.17643853,0.17602853,0.06156539,0.0887568,0.028518692,0.956602,1.0400829,0.21887676,0.25621614,0.0,0.0,0.0,0.0,0.0,0.0,0.42835003,top
frost_cycle_000076,exp_20260731,optimum,40,-0.24021181,0.29360795,0.20925298,-0.18487246,-0.19091174,0.20307858,-0.4152783,-0.17125008,-0.33948442,0.5500355,0.23360446,-0.19050229,-0.23925748,0.26857305,-0.3957274,-0.17479596,-0.23078617,0.16672513,0.38441366,-0.11956465,-0.39005548,0.45559502,-0.82505876,-0.055427402,0.02636826,0.08615097,0.0006516933,0.123677686,0.08099443,0.064071305,0.17666097,0.5480792,-0.081800416,0.097397625,0.0,0.0,0.0,0.0,0.0,0.0,0.29116738,top
frost_cycle_000076,exp_20260731,fixed_time,40,-0.006225628,-0.27060103,0.66501313,-0.10805507,-0.53099954,0.46243238,-0.39585334,-0.17125008,-0.016140822,-0.14724346,0.7512692,-0.11158013,-0.66606617,0.5967221,-0.009601019,-0.17479596,0.005840169,-0.33253273,0.8500775,-0.022089068,-0.7934125,0.74752486,-0.66747314,-0.055427402,0.14924195,0.15251191,0.07886836,0.23244414,0.2009337,0.18165752,0.48855287,1.3056695,-0.053450502,0.3017423,0.0,0.0,0.0,0.0,0.0,0.0,0.3682662,top
frost_cycle_000060,exp_20260729,optimum,39,0.0,-0.24905953,0.1749415,-0.23132747,-0.40426597,0.5504342,-0.29158804,-0.18986516,0.0,-0.05554222,0.5119418,-0.42030722,-0.3643382,0.5164704,-0.35731095,-0.1863847,0.0,-0.6910471,1.3741568,-0.29053262,-0.29468042,0.44172546,-0.32636714,-0.18231958,0.30859438,0.30740812,0.28033328,0.15318389,0.23165698,0.11445214,-0.27775183,-0.20230651,-0.4451429,-0.8344342,0.0,0.0,0.0,0.0,0.0,0.0,0.25394508,top_close
frost_cycle_000060,exp_20260729,fixed_time,39,0.0,0.22032332,0.34385434,-0.013953921,-0.62035084,0.5811219,-0.29158804,-0.18986516,0.0,-0.007338012,0.748332,-0.3858736,-0.4845378,0.54089224,-0.35731095,-0.1863847,0.0,0.056960505,0.90454334,-0.2068085,-0.2975786,0.3386731,-0.32636714,-0.18231958,0.17458013,0.26831767,0.0072530624,0.5908744,0.6782311,0.52886534,-0.60423106,-0.42560217,-0.92345476,-1.0465641,0.0,0.0,0.0,0.0,0.0,0.0,0.19597393,top_close
frost_cycle_000061,exp_20260729,optimum,23,0.0,0.33125043,0.8559746,-0.23984209,-0.5515049,0.46618676,-0.291588,-0.18986516,0.0,0.8631325,0.60099787,-0.13531198,-0.5557148,0.43125054,-0.35731086,-0.1863847,0.0,1.1239479,-0.70114225,0.0025890728,-0.28465146,0.24399933,-0.32636702,-0.18231958,0.061914127,0.17919165,-0.10128578,0.94469726,0.9592393,0.8185698,-0.95618993,-1.4211739,-0.51361257,0.36379805,0.0,0.0,0.0,0.0,0.0,0.0,0.43423194,top_close
frost_cycle_000061,exp_20260729,fixed_time,23,0.0,0.510972,0.45422503,-0.005061608,-0.6471296,0.55213,-0.291588,-0.18986516,0.0,0.8475634,0.6742689,-0.32287544,-0.4899296,0.48248777,-0.35731086,-0.1863847,0.0,0.7892677,0.16783094,-0.18023925,-0.34564748,0.37899134,-0.32636702,-0.18231958,0.1073676,0.16844197,-0.041340385,0.79047203,0.8515114,0.8597636,-0.671579,-0.44967765,-0.76465607,-0.33642522,0.0,0.0,0.0,0.0,0.0,0.0,0.18894342,top_close
frost_cycle_000063,exp_20260730,optimum,40,0.0,-0.8241671,-0.005422929,-0.40914488,0.5857482,-0.32298368,-0.29011935,-0.18986517,0.0,-0.67226934,0.046257395,-0.35774,0.69493383,-0.33754075,-0.29106635,-0.1863847,0.0,-0.7316717,0.5250455,-0.41082424,0.59639347,-0.09106076,-0.27763218,-0.18231957,0.070588216,0.018864784,0.29162377,-0.58873045,-0.5221309,-0.5304008,0.6146124,0.23771247,0.9079078,0.28123912,0.0,0.0,0.0,0.0,0.0,0.0,0.49538216,top_close
frost_cycle_000063,exp_20260730,fixed_time,40,0.0,0.22399509,0.25858393,-0.13791205,-0.22221334,0.24714927,-0.29158807,-0.18986517,0.0,0.29680768,0.48078316,-0.3485298,-0.03356412,0.16300067,-0.3573109,-0.1863847,0.0,0.19335693,0.51437664,-0.34169394,0.1803416,0.091488115,-0.32636708,-0.18231957,0.021137597,0.05608632,0.011029397,0.23950858,0.2716697,0.26171798,-0.07406108,-0.06121847,-0.077236034,-0.337658,0.0,0.0,0.0,0.0,0.0,0.0,0.16617073,top_close
frost_cycle_000064,exp_20260730,optimum,40,0.0,-0.60567695,0.06906473,-0.45026216,-0.059327293,0.35544267,-0.29158807,-0.18986517,0.0,-0.58498526,0.14951925,-0.3613053,0.04805557,0.21919933,-0.3573109,-0.1863847,0.0,-0.856321,0.98558587,-0.37467772,-0.009981709,0.35774234,-0.32636708,-0.18231957,0.38595027,0.32124853,0.4907624,-0.23670669,-0.20984411,-0.23563087,0.016410755,-0.046946757,-0.12003589,-0.9671957,0.0,0.0,0.0,0.0,0.0,0.0,0.3141886,top_close
frost_cycle_000064,exp_20260730,fixed_time,40,0.0,0.22251883,0.1683816,-0.13844146,-0.47808734,0.5501198,-0.29158807,-0.18986517,0.0,0.055097945,0.41841307,-0.3565516,-0.2328287,0.37316552,-0.3573109,-0.1863847,0.0,-0.06687573,0.71797454,-0.29229364,-0.14644937,0.33592552,-0.32636708,-0.18231957,0.21583259,0.21960402,0.19327939,0.32060385,0.3249043,0.38510388,-0.38265687,-0.13995147,-0.75712806,-1.120065,0.0,0.0,0.0,0.0,0.0,0.0,0.16400325,top_close
frost_cycle_000065,exp_20260730,optimum,40,0.0,0.38343382,0.4207596,-0.20002913,-0.53379023,0.5556214,-0.29158807,-0.18986517,0.0,0.3415687,0.4605438,-0.2207748,-0.5110111,0.50705355,-0.3573109,-0.1863847,0.0,0.29395103,0.04672361,-0.1264712,-0.28574282,0.3599685,-0.32636708,-0.18231957,0.1852328,0.25045758,0.09785766,0.59442014,0.5885501,0.5372458,-0.63699305,-0.8254632,-0.67765605,-0.5444428,0.0,0.0,0.0,0.0,0.0,0.0,0.21826364,top_close
frost_cycle_000065,exp_20260730,fixed_time,40,0.0,0.5945426,0.3371574,-0.0034427033,-0.63243824,0.56594884,-0.29158807,-0.18986517,0.0,0.16923866,0.57743627,-0.3203048,-0.40935245,0.46276054,-0.3573109,-0.1863847,0.0,0.3048852,0.4903716,-0.22301269,-0.26114202,0.35759386,-0.32636708,-0.18231957,0.089532055,0.16765976,0.010450956,0.64731705,0.64730656,0.6779351,-0.6005269,-0.39404717,-0.86348265,-0.9330988,0.0,0.0,0.0,0.0,0.0,0.0,0.13909613,top_close
frost_cycle_000066,exp_20260730,optimum,40,0.0,-0.1819832,-0.04282391,-0.36855704,-0.23101799,0.50186074,-0.29158807,-0.18986517,0.0,0.31023598,-0.041308604,-0.34615296,-0.3782807,0.5972539,-0.3573109,-0.1863847,0.0,-0.52173615,0.5383816,-0.30253512,-0.2170934,0.50007105,-0.31418338,-0.18231957,0.45949706,0.44643554,0.45889997,-0.095364615,0.009589481,-0.18264207,-0.031218177,0.020909889,0.038052678,-0.14758918,0.0,0.0,0.0,0.0,0.0,0.0,0.1733922,top_close
frost_cycle_000066,exp_20260730,fixed_time,40,0.0,0.71264535,0.22684026,-0.033618893,-0.6022508,0.5761798,-0.29158807,-0.18986517,0.0,0.6817528,0.48532668,-0.31688815,-0.47554883,0.5191609,-0.3573109,-0.1863847,0.0,0.40985298,0.2974425,-0.17496786,-0.25349587,0.32138094,-0.32636708,-0.18231957,0.13949712,0.2306616,-0.00898028,0.599999,0.6780573,0.542815,-0.54266185,-0.3190331,-0.65420806,-0.43284798,0.0,0.0,0.0,0.0,0.0,0.0,0.09505401,top_close
frost_cycle_000067,exp_20260730,optimum,40,0.0,-0.21889034,0.053978622,-0.3164987,-0.25204134,0.46865854,-0.29158807,-0.18986517,0.0,0.23190412,0.1614976,-0.34838122,-0.30364087,0.4858656,-0.3573109,-0.1863847,0.0,-0.4703456,0.64684856,-0.29440218,-0.16556484,0.42170864,-0.32636708,-0.18231957,0.33091375,0.32824945,0.3836622,-0.012046432,0.07891698,-0.048541628,-0.09243924,-0.10845889,-0.04984563,0.06070577,0.0,0.0,0.0,0.0,0.0,0.0,0.13453567,top_close
frost_cycle_000067,exp_20260730,fixed_time,40,0.0,0.622592,0.23721199,-0.06855975,-0.588954,0.58370817,-0.29158807,-0.18986517,0.0,0.5967068,0.5638057,-0.3468957,-0.44560283,0.49736756,-0.3573109,-0.1863847,0.0,0.41203985,0.37390295,-0.20433696,-0.17420834,0.2664679,-0.32636708,-0.18231957,0.14986116,0.20402579,-0.024104297,0.57702404,0.6407196,0.54976714,-0.5338219,-0.37923068,-0.63819754,-0.17292663,0.0,0.0,0.0,0.0,0.0,0.0,0.08962089,top_close
frost_cycle_000068,exp_20260730,optimum,16,0.0,0.5701839,0.7524967,-0.1264416,-0.5252551,0.3921196,-0.29158807,-0.18986517,0.0,1.0577458,0.53158796,-0.049716763,-0.5173156,0.3468823,-0.3573109,-0.1863847,0.0,1.1391604,-0.8703563,0.016307756,-0.19398867,0.17571293,-0.32636708,-0.18231957,-0.108198285,0.0091850255,-0.15023126,0.9214396,0.9373112,0.93608844,-0.91487515,-1.268513,-0.68782973,0.09818524,0.0,0.0,0.0,0.0,0.0,0.0,0.44980952,top_close
frost_cycle_000068,exp_20260730,fixed_time,16,0.0,0.7768638,0.26298407,0.08488003,-0.61846757,0.5134912,-0.29158807,-0.18986517,0.0,0.46466166,0.588382,-0.3490497,-0.40698832,0.46417305,-0.3573109,-0.1863847,0.0,0.6307227,0.2832174,-0.20697264,-0.27751482,0.34675974,-0.32636708,-0.18231957,0.05902349,0.20534866,0.0026477827,0.6714777,0.72489196,0.7703321,-0.619885,-0.34901842,-0.77934307,-0.45011476,0.0,0.0,0.0,0.0,0.0,0.0,0.12982096,top_close
frost_cycle_000070,exp_20260731,optimum,40,0.0,0.6048765,0.41793093,-0.15220606,-0.34484953,0.31287813,-0.29158807,-0.18986517,0.0,0.46466166,0.5848711,-0.27232242,-0.2727943,0.2926511,-0.3573109,-0.1863847,0.0,0.60338736,-0.009287995,-0.1824984,-0.06932268,0.18929273,-0.32636708,-0.18231957,-0.02272844,0.115118265,-0.042766716,0.55024385,0.55994576,0.6021924,-0.46223345,-0.4704627,-0.51414144,-0.6580882,0.0,0.0,0.0,0.0,0.0,0.0,0.23359421,top_close
frost_cycle_000070,exp_20260731,fixed_time,40,0.0,-0.2410346,0.118723154,-0.23955822,0.3000462,-0.1849627,-0.29158807,-0.18986517,0.0,-0.4439879,0.20651977,-0.2659347,0.38297775,-0.16753224,-0.330455,-0.1863847,0.0,-0.17621712,0.10095718,-0.27602765,0.31780666,0.022327311,-0.31174663,-0.18231957,-0.045132678,0.043548338,0.19009933,-0.18756314,-0.16170199,-0.106833294,0.1545094,0.02033738,0.4585933,-0.26943964,0.0,0.0,0.0,0.0,0.0,0.0,0.40207767,top_close
frost_cycle_000071,exp_20260731,optimum,40,0.0,0.8838943,0.50467604,-0.03944238,-0.5859892,0.4653769,-0.29158807,-0.18986517,0.0,0.6616103,0.5956103,-0.19314404,-0.47397274,0.40767175,-0.3573109,-0.1863847,0.0,0.9882692,-0.33024377,-0.049358524,-0.2131041,0.18780862,-0.32636708,-0.18231957,0.015460017,0.13429685,-0.20570898,0.8603717,0.84521234,0.7976622,-0.77301353,-0.86232865,-0.5616454,0.51534843,0.0,0.0,0.0,0.0,0.0,0.0,0.37036088,top_close
frost_cycle_000071,exp_20260731,fixed_time,40,0.0,0.73774225,0.22841172,-0.030089518,-0.5425948,0.5080379,-0.29158807,-0.18986517,0.0,0.5027086,0.4452611,-0.30114156,-0.40372348,0.46195334,-0.3573109,-0.1863847,0.0,0.4710842,0.27610475,-0.19816193,-0.17088392,0.26572582,-0.32636708,-0.18231957,0.11984348,0.24647693,0.006861083,0.5607124,0.60940677,0.49091816,-0.5259539,-0.29765573,-0.6578497,-0.20345192,0.0,0.0,0.0,0.0,0.0,0.0,0.07884738,top_close
frost_cycle_000072,exp_20260731,optimum,40,0.0,0.22547138,-0.10882561,-0.26779324,-0.19966266,0.40669385,-0.29158807,-0.18986517,0.0,0.27890328,0.05121398,-0.3048554,-0.2532055,0.43592238,-0.3573109,-0.1863847,0.0,-0.48018637,0.6228436,-0.27406973,0.0491931,0.21481991,-0.31905684,-0.18231957,0.33136693,0.3251042,0.3077448,0.0076127113,0.032907534,-0.18626852,-0.15413168,0.034653597,-0.2930993,0.15355048,0.0,0.0,0.0,0.0,0.0,0.0,0.14861572,top_close
frost_cycle_000072,exp_20260731,fixed_time,40,0.0,0.9518034,0.0549215,0.047733318,-0.5456495,0.5080379,-0.29158807,-0.18986517,0.0,0.8473687,0.35315156,-0.24454312,-0.3713008,0.4014162,-0.3573109,-0.1863847,0.0,0.4164135,0.24320897,-0.17090139,-0.23338309,0.30757847,-0.32636708,-0.18231957,0.11007396,0.11358132,0.053121854,0.5275834,0.5515796,0.51826525,-0.48826408,-0.137793,-0.6163864,0.021829749,0.0,0.0,0.0,0.0,0.0,0.0,0.13259551,top_close
frost_cycle_000073,exp_20260731,optimum,40,0.0,0.14132313,-0.17922744,-0.2690285,-0.12140907,0.35042372,-0.29158807,-0.18986517,0.0,0.20057145,-0.073113255,-0.2546447,-0.1904991,0.3795219,-0.3573109,-0.1863847,0.0,-0.5075217,0.43347082,-0.25298423,-0.15775241,0.4145848,-0.32636708,-0.18231957,0.3703355,0.33427513,0.37244534,-0.040362023,-0.0007308215,-0.17413995,-0.030794436,0.02085702,-0.03042016,-0.25395304,0.0,0.0,0.0,0.0,0.0,0.0,0.1523531,top_close
frost_cycle_000073,exp_20260731,fixed_time,40,0.0,0.8853706,0.0722077,0.0113807,-0.5374738,0.5181723,-0.29158807,-0.18986517,0.0,0.7936555,0.357282,-0.27915582,-0.36724797,0.42270508,-0.3573109,-0.1863847,0.0,0.44374886,0.1676377,-0.16819039,-0.17271233,0.25964087,-0.32636708,-0.18231957,0.14555681,0.1660347,-0.008187194,0.5408655,0.5864589,0.4674983,-0.45297855,-0.173521,-0.5986117,-0.31456462,0.0,0.0,0.0,0.0,0.0,0.0,0.10592455,top_close
frost_cycle_000075,exp_20260731,optimum,40,0.0,-0.25432116,-0.5978669,-0.56796694,0.2956439,0.21964157,-0.28130692,-0.18986517,0.0,-0.10827996,-0.8083375,-0.27068835,0.04951915,0.3629751,-0.2534681,-0.1863847,0.0,-0.6573194,0.31166768,-0.35148364,-0.25266477,0.6355728,-0.30199963,-0.18231957,0.70524776,0.615033,0.66000575,-0.6707643,-0.69085,-0.3173247,0.32691687,0.3828105,0.22185466,0.22028327,0.0,0.0,0.0,0.0,0.0,0.0,0.3950677,top_close
frost_cycle_000075,exp_20260731,fixed_time,40,0.0,0.5325386,-0.18079892,-0.3443808,-0.4019001,0.6678721,-0.29158807,-0.18986517,0.0,0.3773776,-0.105744004,-0.3503124,-0.3743404,0.60926044,-0.3573109,-0.1863847,0.0,-0.06250203,0.46281034,-0.28702226,-0.23271823,0.44975883,-0.32636708,-0.18231957,0.4782483,0.45583215,0.33062914,-0.034540482,-0.14183733,0.17958128,-0.02696698,0.1883617,-0.3430358,0.18551269,0.0,0.0,0.0,0.0,0.0,0.0,0.23756164,top_close
frost_cycle_000076,exp_20260731,optimum,40,0.0,0.36276585,-0.009508738,-0.3491454,-0.42786485,0.65686905,-0.29158807,-0.18986517,0.0,-0.0209958,0.096236154,-0.2864349,-0.56493646,0.7053127,-0.3573109,-0.1863847,0.0,0.04137232,0.5081531,-0.22948894,-0.3966124,0.51743543,-0.3214936,-0.18231957,0.45237818,0.45401588,0.3090518,0.11982246,0.012535152,0.22881968,-0.22815852,0.10294984,-0.69021213,-0.022625063,0.0,0.0,0.0,0.0,0.0,0.0,0.16994683,top_close
frost_cycle_000076,exp_20260731,fixed_time,40,0.0,0.6875485,-0.15785545,-0.13085331,-0.587247,0.73302186,-0.29158807,-0.18986517,0.0,0.25204664,0.14828011,-0.32089904,-0.48500547,0.6320628,-0.3573109,-0.1863847,0.0,0.13977964,0.52682364,-0.22135596,-0.21194057,0.32835642,-0.32636708,-0.18231957,0.3638385,0.35714898,0.15874198,0.17147884,0.041078538,0.27037925,-0.17863952,0.41006058,-0.7652202,-0.12516475,0.0,0.0,0.0,0.0,0.0,0.0,0.17772298,top_close
frost_cycle_000060,exp_20260729,optimum,39,-0.25064674,0.102543384,0.8940427,0.46574137,-0.5990553,-0.28717393,-0.008904252,-0.027853101,-0.18233147,0.80271363,0.624426,0.35742614,-0.12721561,-0.31151614,-0.23752387,-0.07043617,-0.051445704,0.8040291,0.14448215,-0.19416222,0.17219016,-0.12399796,-0.48174843,-0.072366536,-0.819337,-0.624154,-0.23777059,0.5893046,0.65988344,0.5911755,1.2227033,0.69883084,1.3562369,1.2767091,0.0,0.0,0.0,0.0,0.0,0.0,0.53484595,left
frost_cycle_000060,exp_20260729,fixed_time,39,-0.25064674,0.8146595,0.72753084,-0.38852495,-0.28212342,0.26782978,-0.22642615,-0.027853101,-0.18233147,1.2241756,0.71523243,-0.434551,-0.3411531,0.26310682,-0.23752387,-0.07043617,0.5358549,1.1269625,-0.047175486,-0.79165125,-0.46098566,0.5929396,-0.52917135,-0.072366536,-0.034710795,0.06564592,0.31174764,0.9303719,1.0086944,0.99721485,0.2874103,0.035626624,0.6058043,0.9218216,0.0,0.0,0.0,0.0,0.0,0.0,0.4377882,left
frost_cycle_000061,exp_20260729,optimum,22,-0.2506467,1.6459652,0.64078826,-1.170691,0.23681775,0.59811574,-0.24862228,-0.027853094,-0.18233147,2.6266005,-0.35224524,-1.097271,-0.5094905,0.8212067,-0.23752388,-0.07043615,-0.19827084,2.1611102,-1.1687087,-1.1313808,-0.8624675,1.1105088,-0.5291713,-0.072366565,0.6667731,0.69099915,0.63122755,1.0887326,1.2764211,1.1910554,-1.1025051,-1.0573119,-0.5956063,0.5324407,0.0,0.0,0.0,0.0,0.0,0.0,0.847313,left
frost_cycle_000061,exp_20260729,fixed_time,22,-0.2506467,1.2493443,0.66732126,-0.64959425,0.0779334,0.2606483,-0.24075274,-0.027853094,-0.18233147,1.6607895,0.5309421,-0.6804917,-0.31616879,0.39707518,-0.23752388,-0.07043615,0.5825719,1.4529403,-0.31156325,-0.9144758,-0.635041,0.7789716,-0.5291713,-0.072366565,0.07138407,0.22057678,0.41709575,1.0274885,1.1643467,1.1941812,-0.3555512,-0.32558978,0.162499,0.79980123,0.0,0.0,0.0,0.0,0.0,0.0,0.52669543,left
frost_cycle_000063,exp_20260730,optimum,40,-0.25064677,-0.4758432,-0.27203098,-0.32091495,0.62862116,0.09803101,-0.24862222,-0.027853098,-0.18233146,-0.6378926,-0.12006414,-0.29348722,0.5303625,-0.031720944,-0.23752382,-0.07043616,-0.19827084,-1.1016665,0.4385096,-0.44845957,0.2516027,0.11398095,-0.18449314,-0.07236655,0.32627887,0.25967374,0.44124547,-0.6667429,-0.55882835,-0.51575965,1.2032597,0.91154575,0.81804675,-0.21213126,0.0,0.0,0.0,0.0,0.0,0.0,0.47027108,left
frost_cycle_000063,exp_20260730,fixed_time,40,-0.25064677,0.28702876,-0.32857952,-0.66329604,0.10862293,0.593344,-0.24862222,-0.027853098,-0.18233146,-0.2842392,0.25800967,-0.7053154,-0.3285966,0.6217742,-0.23752382,-0.07043616,-0.19827084,-0.75298816,0.49356145,-0.5945156,-0.64863384,0.7465742,-0.44090015,-0.07236655,0.7119719,0.7555516,0.7664543,-0.02227536,0.08659759,0.12668422,0.22487798,0.10199182,0.12401442,-0.5045354,0.0,0.0,0.0,0.0,0.0,0.0,0.309699,left
frost_cycle_000064,exp_20260730,optimum,40,-0.25064677,-0.57431847,-0.20088927,0.14409824,-0.11399605,0.077287816,-0.24862222,-0.027853098,-0.18233146,-0.5519849,-0.3761015,0.36286384,0.08644215,-0.17223069,-0.23752382,-0.07043616,-0.19827084,-1.0445251,0.19193926,0.11290858,0.37875825,-0.21562755,-0.10883205,-0.07236655,0.2321293,0.019587893,0.03300544,-0.17644103,-0.24876377,-0.5624637,0.12865578,0.30661228,0.055116303,-0.21089649,0.0,0.0,0.0,0.0,0.0,0.0,0.3109631,left
frost_cycle_000064,exp_20260730,fixed_time,40,-0.25064677,0.006561124,-0.24922915,-0.2777959,-0.19274345,0.43028402,-0.24862222,-0.027853098,-0.18233146,-0.25846687,-0.057849478,-0.16758868,-0.4411277,0.38672024,-0.23752382,-0.07043616,-0.15055268,-0.7028438,0.31289825,-0.26226598,-0.37112823,0.42251235,-0.46612054,-0.07236655,0.53124744,0.5168359,0.4886067,0.18790498,0.24695973,0.08664675,-0.2109845,-0.107511446,-0.15578249,-0.41024923,0.0,0.0,0.0,0.0,0.0,0.0,0.21020164,left
frost_cycle_000065,exp_20260730,optimum,40,-0.25064677,0.4939515,-0.007529801,-0.6286821,-0.07113364,0.56592685,-0.24862222,-0.027853098,-0.18233146,0.2612748,-0.044289894,-0.565055,-0.604576,0.6854371,-0.23752382,-0.07043616,-0.19827084,0.20908415,-0.35935473,-0.4116668,-0.53348976,0.6144258,-0.37364584,-0.07236655,0.66973966,0.68578327,0.591202,0.28699213,0.36254424,0.26928005,-0.7812234,-0.607001,-0.74136454,-0.6887895,0.0,0.0,0.0,0.0,0.0,0.0,0.3677013,left
frost_cycle_000065,exp_20260730,fixed_time,40,-0.25064677,0.24340045,0.005239226,-0.5096103,-0.1345967,0.5255226,-0.24862222,-0.027853098,-0.18233146,-0.08378782,0.23966429,-0.5107788,-0.601153,0.63531446,-0.23752382,-0.07043616,-0.055116333,-0.18740624,0.101220034,-0.41501164,-0.624611,0.6443776,-0.4619171,-0.07236655,0.597449,0.7067963,0.60351694,0.339122,0.44075966,0.35178933,-0.66309196,-0.52874243,-0.5561492,-0.61428106,0.0,0.0,0.0,0.0,0.0,0.0,0.2397054,left
frost_cycle_000066,exp_20260730,optimum,40,-0.25064677,-0.6453703,-0.09873713,0.2615877,-0.23161873,0.024076812,-0.24862222,-0.027853098,-0.18233146,-0.62787,-0.15835014,0.44362545,0.3275497,-0.3840049,-0.21931429,-0.07043616,-0.19827084,-0.5325861,-0.16551015,0.37436005,0.87578326,-0.68140584,0.07191386,-0.07236655,0.10739486,-0.20758295,-0.3761359,-0.114699915,-0.26704222,-0.72679424,0.14377508,0.37577453,0.012224881,-0.15239115,0.0,0.0,0.0,0.0,0.0,0.0,0.36083278,left
frost_cycle_000066,exp_20260730,fixed_time,40,-0.25064677,0.05143594,0.06817223,-0.43385524,-0.45191187,0.64402974,-0.24862222,-0.027853098,-0.18233146,-0.1224463,0.17266384,-0.34179494,-0.4888358,0.4785327,-0.23752382,-0.07043616,-0.19827084,-0.1885724,0.044617366,-0.15411758,-0.10894755,0.18220451,-0.5291714,-0.07236655,0.7018528,0.55899763,0.24783516,0.39302045,0.37794352,0.10606196,-0.4264434,-0.38529357,-0.40709895,-0.50272906,0.0,0.0,0.0,0.0,0.0,0.0,0.18912578,left
frost_cycle_000067,exp_20260730,optimum,40,-0.25064677,-0.5793046,0.006151264,0.227765,-0.23593822,0.02696279,-0.24862222,-0.027853098,-0.18233146,-0.51332647,-0.05306375,0.39811543,0.3500131,-0.3932693,-0.18896507,-0.07043616,-0.19827084,-0.26903665,-0.27251238,0.40641436,0.93749726,-0.75046146,0.05930369,-0.07236655,0.066164196,-0.2471366,-0.42474994,-0.027157748,-0.16332074,-0.618048,0.12737991,0.34431413,0.023694206,-0.14717999,0.0,0.0,0.0,0.0,0.0,0.0,0.34080437,left
frost_cycle_000067,exp_20260730,fixed_time,40,-0.25064677,0.03897073,0.15846744,-0.47361177,-0.31103063,0.5877524,-0.24862222,-0.027853098,-0.18233146,-0.040833972,0.17824724,-0.32967144,-0.3572643,0.3901647,-0.23752382,-0.07043616,-0.15055268,0.017835805,-0.06936323,-0.1803185,0.061904825,0.07654121,-0.5291714,-0.07236655,0.6683772,0.48236054,0.1929333,0.3753206,0.37594914,0.08387045,-0.36408025,-0.30107927,-0.35650083,-0.44654837,0.0,0.0,0.0,0.0,0.0,0.0,0.1810156,left
frost_cycle_000068,exp_20260730,optimum,16,-0.25064677,1.2711585,0.10784741,-1.2483702,-0.42998236,1.1905695,-0.24862224,-0.0278531,-0.18233146,1.126795,-0.16951686,-1.1181693,-1.0866842,1.2521677,-0.23752382,-0.07043616,-0.19827084,1.0842783,-0.8222556,-0.7755527,-1.0686201,1.1376116,-0.5291714,-0.07236655,1.1536107,1.1032689,1.0010344,0.6196325,0.735,0.95742244,-1.0893632,-1.0369892,-1.0667641,-0.7227448,0.0,0.0,0.0,0.0,0.0,0.0,0.7283706,left
frost_cycle_000068,exp_20260730,fixed_time,16,-0.25064677,0.383011,0.041722104,-0.57537663,-0.4191837,0.7125727,-0.24862224,-0.0278531,-0.18233146,0.16391274,0.2711705,-0.5353056,-0.6566698,0.6565156,-0.23752382,-0.07043616,-0.19827084,0.12220604,-0.04881573,-0.34839442,-0.5224102,0.5354556,-0.5291714,-0.07236655,0.6956403,0.6923009,0.4950947,0.5308691,0.6151246,0.49078465,-0.46487972,-0.37623024,-0.42112744,-0.45070782,0.0,0.0,0.0,0.0,0.0,0.0,0.22546154,left
frost_cycle_000070,exp_20260731,optimum,40,-0.25064677,0.45530933,-0.65418965,-0.5887278,0.15314667,0.5412153,-0.24862222,-0.027853098,-0.18233146,-0.17542273,-0.20860045,-0.67509973,-0.5035975,0.760146,-0.23752382,-0.07043616,-0.19827084,-0.8847629,0.13301057,-0.40915823,-0.593547,0.69568384,-0.38205266,-0.07236655,0.71729785,0.8438452,0.8858835,-0.29273525,-0.20065336,-0.19742706,-0.77122366,-1.2272508,-1.0964367,-1.5133919,0.0,0.0,0.0,0.0,0.0,0.0,0.5376241,left
frost_cycle_000070,exp_20260731,fixed_time,40,-0.25064677,-0.32750696,-0.92963564,-0.15021893,0.60336876,0.06466144,-0.24862222,-0.027853098,-0.18233146,-0.7796403,-0.585079,-0.22223799,0.1427077,0.21913001,-0.23752382,-0.07043616,-0.19827084,-1.6439254,0.26482487,-0.2552976,0.05589906,0.22505224,0.40398198,-0.07236655,0.3749148,0.53394353,0.66983765,-0.92992145,-0.8105818,-0.87410104,-0.31181446,-0.8532549,-0.78853095,-1.4093463,0.0,0.0,0.0,0.0,0.0,0.0,0.6275366,left
frost_cycle_000071,exp_20260731,optimum,40,-0.25064677,0.8554431,-0.21821865,-0.9071757,-0.028603509,0.7861662,-0.24862222,-0.027853098,-0.18233146,0.30852404,0.031484433,-0.8950025,-0.8660077,1.0254873,-0.23752382,-0.07043616,-0.19827084,0.24989939,-0.31283206,-0.5593953,-0.8074748,0.8633307,-0.5291714,-0.07236655,0.85963476,0.9865341,0.88266814,0.2094518,0.3556617,0.4421884,-0.9990307,-1.141676,-1.1385148,-1.1883018,0.0,0.0,0.0,0.0,0.0,0.0,0.5662303,left
frost_cycle_000071,exp_20260731,fixed_time,40,-0.25064677,0.07636642,-0.38695216,-0.39192292,-0.24756756,0.5812589,-0.24862222,-0.027853098,-0.18233146,-0.36728328,0.009150961,-0.28416142,-0.36582178,0.41819543,-0.23752382,-0.07043616,-0.19827084,-0.54424757,0.082610905,-0.07189135,-0.0027084618,0.10566101,-0.5291714,-0.07236655,0.649588,0.53970253,0.2690423,0.035401873,0.05036505,-0.09656389,-0.4471131,-0.581958,-0.65872014,-0.8913391,0.0,0.0,0.0,0.0,0.0,0.0,0.29067847,left
frost_cycle_000072,exp_20260731,optimum,40,-0.25064677,-0.5805511,-0.38330394,0.13717544,-0.28777188,0.2149148,-0.24862222,-0.027853098,-0.18233146,-0.6479152,-0.18307644,0.35987958,0.36391908,-0.3451658,-0.23752382,-0.07043616,-0.19827084,-0.5372507,-0.21125746,0.39749494,1.1433485,-0.8534902,-0.22652707,-0.07236655,0.26981848,-0.16079874,-0.4770257,-0.25402465,-0.40569386,-0.7890172,-0.051383577,0.11217203,-0.22345495,-0.3955121,0.0,0.0,0.0,0.0,0.0,0.0,0.39656633,left
frost_cycle_000072,exp_20260731,fixed_time,40,-0.25064677,-0.018369319,-0.31763464,-0.318937,-0.6369847,0.7261009,-0.24862222,-0.027853098,-0.18233146,-0.26992124,0.03307969,-0.18754593,-0.37502107,0.35013783,-0.23752382,-0.07043616,-0.19827084,-0.026477825,-0.24692488,0.050193656,0.22447339,-0.10982557,-0.5291714,-0.07236655,0.72821426,0.47325888,0.075969204,0.24204373,0.20524175,-0.0032067806,-0.30748308,-0.29603344,-0.4005621,-0.5821374,0.0,0.0,0.0,0.0,0.0,0.0,0.25980765,left
frost_cycle_000073,exp_20260731,optimum,40,-0.25064677,-0.6466168,-0.2309877,0.34129864,-0.31634682,0.02263378,-0.23563752,-0.027853098,-0.18233146,-0.593507,-0.22933865,0.4790635,0.5153869,-0.5037292,-0.18896507,-0.07043616,-0.19827084,-0.3856514,-0.29887518,0.4808361,1.2796161,-1.0031105,0.21482925,-0.07236655,-0.017809018,-0.33454666,-0.5831241,-0.26448756,-0.38115814,-0.73163974,0.20196109,0.28744602,-0.04122585,-0.263639,0.0,0.0,0.0,0.0,0.0,0.0,0.44042194,left
frost_cycle_000073,exp_20260731,fixed_time,40,-0.25064677,0.0015750423,-0.16075805,-0.36086935,-0.64828175,0.7365627,-0.24862222,-0.027853098,-0.18233146,-0.053720128,-0.0147778,-0.20284024,-0.25414637,0.2819615,-0.23752382,-0.07043616,-0.19827084,0.17759813,-0.32213655,0.07862441,0.38455683,-0.24197409,-0.5291714,-0.07236655,0.7027589,0.36250472,-0.023096029,0.28915948,0.24625516,-0.0030810654,-0.1905951,-0.22640732,-0.30628484,-0.50167215,0.0,0.0,0.0,0.0,0.0,0.0,0.26415348,left
frost_cycle_000075,exp_20260731,optimum,40,0.6719104,-0.6690542,1.6314656,0.69653624,-0.18775949,-0.7762524,0.19935074,-0.027853098,-0.18233146,-0.33148843,0.9136566,0.769283,0.5667319,-0.90934277,-0.17075554,-0.07043616,-0.19827084,-0.23521836,1.662832,0.76904595,0.5788108,-1.0423529,0.10554103,-0.07236655,-1.2108805,-1.1006026,-1.1630609,0.5228032,0.37330002,0.53401023,1.0363487,0.64993674,1.5379113,2.0070934,0.0,0.0,0.0,0.0,0.0,0.0,0.81130946,left
frost_cycle_000075,exp_20260731,fixed_time,40,2.1216433,-0.31379524,1.7099037,0.32567292,-1.1516669,0.042294778,-0.15989329,-0.027853098,0.79770005,0.15102658,1.1720868,0.27669328,-0.32217848,-0.18101993,-0.23752382,-0.07043616,0.85152894,-0.10227744,1.6201862,0.43902618,-0.49103552,-0.15919061,-0.31479833,-0.07236655,-0.7188875,-0.57791203,-0.7067973,0.9425529,0.9116516,1.0214163,0.8860443,0.4431367,1.3056151,1.7876943,0.0,0.0,0.0,0.0,0.0,0.0,0.75679284,left
frost_cycle_000076,exp_20260731,optimum,40,1.4187424,0.061408125,1.578565,0.11858282,-0.3143533,-0.30312565,0.49150705,-0.027853098,0.097677544,0.46172613,0.98863333,0.096145466,-0.13134626,-0.16926135,-0.23752382,-0.07043616,-0.10283451,0.43881536,1.2262939,0.26565424,-0.22616258,-0.25084868,-0.02896757,-0.07236655,-0.6897396,-0.4790141,-0.60262895,0.94450057,0.9297079,1.1356733,0.15827283,0.008542505,0.725831,1.5325382,0.0,0.0,0.0,0.0,0.0,0.0,0.6091172,left
frost_cycle_000076,exp_20260731,fixed_time,40,3.70317,-0.17293814,1.7992868,0.2758289,-0.9742359,-0.07458903,0.09763707,-0.027853098,3.2477791,0.28561535,1.12742,0.18399468,-0.44669008,-0.061533224,-0.23752382,-0.07043616,2.9511285,-0.13726187,1.6310415,0.38941163,-0.82052165,0.07945321,-0.23073046,-0.07236655,-0.75917995,-0.46040136,-0.5431768,1.1119459,1.1168655,1.289226,0.5275668,0.35183182,1.1051903,1.7075405,0.0,0.0,0.0,0.0,0.0,0.0,1.0798616,left
frost_cycle_000060,exp_20260729,optimum,39,0.3225943,0.13234162,0.27045393,0.5692128,-0.2639453,-0.32774526,-0.35362092,-0.0280056,0.6054664,0.3472795,0.666729,0.34536624,0.49654678,-0.55427045,-0.26868185,-0.035432935,0.96498424,0.45558268,0.6542085,0.07239461,0.60001874,-0.57478225,-0.40155542,-0.04743293,-0.5353823,-0.54730576,-0.56176037,0.48860094,0.51139,0.564865,0.8673294,0.42996392,0.9300091,0.5256689,0.0,0.0,0.0,0.0,0.0,0.0,0.4876459,left_close
frost_cycle_000060,exp_20260729,fixed_time,39,1.2852226,0.69209373,0.10944971,-0.12716238,0.34891284,-0.19038406,-0.35362092,-0.0280056,1.3571553,0.66258454,0.43194723,-0.3548844,0.5450495,-0.26016855,-0.26868185,-0.035432935,2.1410964,0.5934816,0.46722832,-0.5558631,0.5557477,-0.38979843,-0.40155542,-0.04743293,-0.20636627,-0.21817,-0.23778367,0.27478793,0.48345083,0.54046506,0.08635176,-0.1626473,0.07437696,-0.1635098,0.0,0.0,0.0,0.0,0.0,0.0,0.47461745,left_close
frost_cycle_000061,exp_20260729,optimum,23,1.3387016,1.0205635,-0.030362515,-0.739014,0.6315297,0.12961045,-0.35362104,-0.0280056,1.3571552,0.87535834,0.06714109,-0.8194786,-0.1914382,0.45665044,-0.26868194,-0.035432935,2.2794616,0.4901918,0.18672287,-0.76643896,-0.29059514,0.39974168,-0.40155545,-0.04743294,0.24815775,0.2685718,0.19954321,0.21701829,0.59824365,0.72164196,-0.86524314,-1.3441681,-1.0209665,-1.1222473,0.0,0.0,0.0,0.0,0.0,0.0,0.70429957,left_close
frost_cycle_000061,exp_20260729,fixed_time,23,1.3387016,0.9079176,0.08161307,-0.3425261,0.50651544,-0.13052848,-0.35362104,-0.0280056,1.3571552,0.77139914,0.26392457,-0.54640293,0.39496085,-0.065900214,-0.26868194,-0.035432935,2.2794616,0.64016455,0.26943251,-0.6609011,0.37082282,-0.20274623,-0.40155545,-0.04743294,-0.088283494,-0.05817906,-0.07136262,0.29233456,0.58707887,0.68166167,-0.43068114,-0.41006806,-0.39873093,-0.2759692,0.0,0.0,0.0,0.0,0.0,0.0,0.48858294,left_close
frost_cycle_000063,exp_20260730,optimum,40,-0.74699235,0.19652858,-0.04246654,0.16130053,0.42257723,-0.43224984,-0.353621,-0.0280056,-0.73683524,0.27132705,0.48330027,-0.08606052,0.723684,-0.48336762,-0.2686819,-0.035432935,-0.4186767,0.34787896,0.53120816,-0.40888828,0.55254936,-0.40882444,-0.40155548,-0.047432937,-0.4367756,-0.40885067,-0.33154568,-0.066571414,0.10926807,0.14141336,2.5328112,1.7409143,1.8232228,0.5112869,0.0,0.0,0.0,0.0,0.0,0.0,0.64887196,left_close
frost_cycle_000063,exp_20260730,fixed_time,40,-0.74699235,0.811856,-0.15958765,-0.46424967,0.5812036,-0.03433749,-0.353621,-0.0280056,-0.73683524,0.6043681,0.31096333,-0.6628968,0.2595536,0.08655274,-0.2686819,-0.035432935,-0.4186767,0.4851121,0.40755734,-0.8336779,0.08655147,0.08793054,-0.40155548,-0.047432937,-0.019432304,0.071066596,0.107861064,0.040324908,0.41828746,0.46728858,1.20615,0.86934346,0.7546832,-0.034066804,0.0,0.0,0.0,0.0,0.0,0.0,0.42360768,left_close
frost_cycle_000064,exp_20260730,optimum,40,-0.74699235,-0.09614177,0.21691687,0.5272881,-0.3402304,-0.20968275,-0.353621,-0.0280056,-0.73683524,0.12615532,0.46676284,0.17915449,0.32076854,-0.3327765,-0.2686819,-0.035432935,-0.4186767,0.33211568,0.48840588,-0.12978312,0.42916417,-0.36747015,-0.3785855,-0.047432937,-0.39434066,-0.3092018,-0.377374,0.59319973,0.6393718,0.5939056,0.44899958,0.682867,0.7298976,0.8890401,0.0,0.0,0.0,0.0,0.0,0.0,0.40087932,left_close
frost_cycle_000064,exp_20260730,fixed_time,40,-0.12128413,0.48200217,-0.059636127,-0.07196063,0.025951132,0.038913567,-0.353621,-0.0280056,-0.3180371,0.49762416,0.33011183,-0.43188262,0.29915795,-0.043760777,-0.2686819,-0.035432935,-0.4186767,0.5407471,0.31085604,-0.5898837,0.35922045,-0.20361242,-0.40155548,-0.047432937,-0.0886818,-0.03500863,-0.10743936,0.4124956,0.6578255,0.67075235,0.088912435,0.37901807,0.24794051,0.39963,0.0,0.0,0.0,0.0,0.0,0.0,0.28954968,left_close
frost_cycle_000065,exp_20260730,optimum,40,0.5565664,0.6427309,0.089984536,-0.24947064,0.11064041,0.09510491,-0.32942,-0.0280056,0.41485968,0.6886958,0.17953467,-0.37199944,0.14001723,0.031922452,-0.2686819,-0.035432935,-0.4186767,0.5157113,0.24110445,-0.43426147,0.25498018,-0.14786962,-0.38624215,-0.047432937,0.05175209,-0.030323982,-0.12628236,0.45044747,0.5948137,0.58663064,-0.5770928,-0.52835596,-0.48096663,-0.15460828,0.0,0.0,0.0,0.0,0.0,0.0,0.32032156,left_close
frost_cycle_000065,exp_20260730,fixed_time,40,0.6608512,0.75308204,-0.014259371,-0.31476754,0.24256721,0.06379956,-0.353621,-0.0280056,0.6766085,0.70790964,0.23175797,-0.5203724,0.4083864,-0.08043942,-0.2686819,-0.035432935,-0.14886284,0.580619,0.28390658,-0.6264634,0.522305,-0.33612737,-0.40155548,-0.047432937,0.02456428,-0.069067985,-0.15355693,0.35985842,0.5266921,0.4719387,-0.5383098,-0.29673856,-0.38628882,-0.041503888,0.0,0.0,0.0,0.0,0.0,0.0,0.2795046,left_close
frost_cycle_000066,exp_20260730,optimum,40,-0.53842294,-0.24367642,0.33649078,0.81579256,-0.45403537,-0.385028,-0.32657284,-0.0280056,-0.42273664,0.09413212,0.6303958,0.58422405,0.40124315,-0.5856503,-0.2686819,-0.035432935,-0.4186767,0.2746261,0.6231535,0.1501678,0.5576586,-0.54606855,-0.26373535,-0.047432937,-0.56550455,-0.5567361,-0.5682748,0.65348417,0.5822085,0.57553846,0.38346368,0.43925697,0.6974352,1.0035003,0.0,0.0,0.0,0.0,0.0,0.0,0.46950725,left_close
frost_cycle_000066,exp_20260730,fixed_time,40,0.7129935,0.56836385,0.015174193,-0.114408694,0.16621396,-0.044889845,-0.353621,-0.0280056,0.83365786,0.56273794,0.37276092,-0.38776487,0.45829868,-0.17729488,-0.2686819,-0.035432935,0.18840452,0.54074717,0.33622032,-0.58713496,0.53675187,-0.3576095,-0.40155548,-0.047432937,-0.097213164,-0.15828292,-0.21231231,0.35010618,0.51967824,0.5139147,-0.28090528,-0.200623,-0.155431,0.056783415,0.0,0.0,0.0,0.0,0.0,0.0,0.27641284,left_close
frost_cycle_000067,exp_20260730,optimum,40,-0.27771118,-0.18490246,0.30521756,0.7227725,-0.36717153,-0.36867183,-0.31518412,-0.0280056,-0.26568732,0.23289922,0.34664923,0.5348936,0.4775583,-0.60133564,-0.2686819,-0.035432935,-0.4186767,0.32191592,0.3821931,0.21254356,0.6106302,-0.60055363,-0.36327213,-0.047432937,-0.5390981,-0.563198,-0.5837948,0.58178055,0.5003339,0.5128766,0.503775,0.52187014,0.831617,0.93782806,0.0,0.0,0.0,0.0,0.0,0.0,0.44904333,left_close
frost_cycle_000067,exp_20260730,fixed_time,40,0.92156297,0.5935527,0.014561007,-0.15726292,0.26129308,-0.07909714,-0.353621,-0.0280056,0.93835735,0.6481331,0.23959145,-0.41230297,0.50576967,-0.19286093,-0.2686819,-0.035432935,-0.013955897,0.5759827,0.18562007,-0.5340627,0.5760401,-0.40087563,-0.40155548,-0.047432937,-0.116974846,-0.15821281,-0.21732812,0.31893027,0.516554,0.5560179,-0.10155556,-0.11627623,0.023573548,0.12101574,0.0,0.0,0.0,0.0,0.0,0.0,0.29664034,left_close
frost_cycle_000068,exp_20260730,optimum,16,1.3387017,1.0955303,-0.074352935,-0.78027433,0.5711762,0.21008185,-0.353621,-0.0280056,1.3571554,1.0212032,-0.05764616,-0.8408299,-0.09525792,0.4036291,-0.2686819,-0.035432935,-0.4186767,0.6005547,0.014411372,-0.74688035,-0.22155914,0.33743995,-0.4015555,-0.047432937,0.3107857,0.24654657,0.1998866,0.23985343,0.55873466,0.6990192,-0.911974,-1.2617097,-1.0155458,-1.0026212,0.0,0.0,0.0,0.0,0.0,0.0,0.59255373,left_close
frost_cycle_000068,exp_20260730,fixed_time,16,1.2083459,0.7117004,0.028358027,-0.2661757,0.33680063,-0.050869524,-0.353621,-0.0280056,1.3571554,0.7249887,0.29050922,-0.4730761,0.5116923,-0.17651954,-0.2686819,-0.035432935,0.9303927,0.6167817,0.2640908,-0.6591314,0.59973633,-0.3968257,-0.4015555,-0.047432937,-0.06415559,-0.14038922,-0.19428095,0.32540202,0.5046194,0.5172549,-0.36353305,-0.3720501,-0.29656863,-0.13673063,0.0,0.0,0.0,0.0,0.0,0.0,0.3706152,left_close
frost_cycle_000070,exp_20260731,optimum,40,-0.74699235,0.95339334,0.08569215,-0.57493955,0.37376916,0.166949,-0.353621,-0.0280056,-0.73683524,0.75060725,0.15342304,-0.66048115,0.06433495,0.21680662,-0.2686819,-0.035432935,-0.4186767,0.5138568,0.203058,-0.70575464,-0.031372108,0.16344492,-0.40155548,-0.047432937,0.10942189,0.11840534,0.14975734,0.23801354,0.5004624,0.56713617,0.06615229,-0.20700344,-0.11528902,-0.1632236,0.0,0.0,0.0,0.0,0.0,0.0,0.32466766,left_close
frost_cycle_000070,exp_20260731,fixed_time,40,-0.74699235,0.30208182,0.543139,-0.06921876,0.23109007,-0.18497261,-0.353621,-0.0280056,-0.73683524,0.31295714,0.39103907,-0.2550302,0.39699337,-0.1846306,-0.2686819,-0.035432935,-0.4186767,0.29502568,0.40914264,-0.41354004,0.23565908,-0.129557,-0.39389881,-0.047432937,-0.28440103,-0.18773547,-0.0845733,0.19582167,0.31548107,0.36428937,1.053706,0.56526124,0.77489203,0.33452493,0.0,0.0,0.0,0.0,0.0,0.0,0.4289868,left_close
frost_cycle_000071,exp_20260731,optimum,40,1.234417,1.0349572,-0.010580156,-0.715993,0.5298584,0.17996362,-0.353621,-0.0280056,0.46720943,0.83813727,0.1560342,-0.77910316,0.117321566,0.2310606,-0.2686819,-0.035432935,-0.4186767,0.6566535,0.14281794,-0.7575582,0.08185334,0.07293833,-0.40155548,-0.047432937,0.22201948,0.15078211,0.113986455,0.24586996,0.52512866,0.5599028,-0.75967604,-0.8525009,-0.7931662,-0.63255155,0.0,0.0,0.0,0.0,0.0,0.0,0.46977228,left_close
frost_cycle_000071,exp_20260731,fixed_time,40,0.24371234,0.6547256,0.0139478,-0.23342569,0.18904749,0.0360996,-0.3521974,-0.0280056,-0.003938496,0.64172846,0.2944259,-0.41497293,0.5008869,-0.19071387,-0.2686819,-0.035432935,-0.4186767,0.59638226,0.29024762,-0.5091124,0.65344214,-0.47729558,-0.39389881,-0.047432937,-0.023535391,-0.1639663,-0.2541751,0.37276855,0.4615558,0.38044327,-0.18666619,0.058677554,-0.0906587,0.10583148,0.0,0.0,0.0,0.0,0.0,0.0,0.28213608,left_close
frost_cycle_000072,exp_20260731,optimum,40,-0.5905653,-0.014577893,0.20833203,0.6517887,-0.36197656,-0.30993026,-0.30094826,-0.0280056,-0.52743614,0.22115739,0.51463413,0.40203175,0.47412235,-0.54730177,-0.2686819,-0.035432935,-0.4186767,0.38682348,0.55340177,0.03091378,0.6437522,-0.5951705,-0.28670537,-0.047432937,-0.46685082,-0.5008602,-0.5626665,0.6163257,0.53233606,0.4621299,0.13579854,0.4732709,0.4700121,0.87956065,0.0,0.0,0.0,0.0,0.0,0.0,0.42234677,left_close
frost_cycle_000072,exp_20260731,fixed_time,40,0.4001394,0.6115447,-0.04737215,-0.035402507,0.11897644,-0.07258981,-0.353621,-0.0280056,0.46720943,0.58301926,0.34229726,-0.30601352,0.52611434,-0.25900176,-0.2686819,-0.035432935,0.12095106,0.6297632,0.30927083,-0.5653563,0.63441455,-0.45038003,-0.40155548,-0.047432937,-0.14862578,-0.21624446,-0.28248674,0.4096343,0.53242147,0.52756166,-0.1526438,0.1639462,0.0107989255,0.29357088,0.0,0.0,0.0,0.0,0.0,0.0,0.28204766,left_close
frost_cycle_000073,exp_20260731,optimum,40,-0.53842294,-0.24487591,0.35243392,0.8037081,-0.3860182,-0.4246873,-0.3521974,-0.0280056,-0.26568732,0.06104148,0.61385846,0.656567,0.5251198,-0.6984893,-0.2686819,-0.035432935,-0.35122323,0.34787896,0.5042586,0.39607638,0.68832594,-0.71681863,-0.25607866,-0.047432937,-0.6075803,-0.6737989,-0.70281166,0.5398178,0.35951257,0.26898894,0.5405116,0.38834697,0.77349895,0.80981225,0.0,0.0,0.0,0.0,0.0,0.0,0.48821065,left_close
frost_cycle_000073,exp_20260731,fixed_time,40,0.5044241,0.50119364,0.048286982,0.005623837,0.17793274,-0.15683295,-0.353621,-0.0280056,0.78130805,0.5211078,0.3962614,-0.22947498,0.626572,-0.36176157,-0.2686819,-0.035432935,0.79548573,0.595455,0.23793387,-0.45582867,0.71598625,-0.5426978,-0.40155548,-0.047432937,-0.21375856,-0.3057449,-0.33854458,0.32586566,0.4292696,0.45103416,0.05189227,-0.014550395,0.14712627,0.19497292,0.0,0.0,0.0,0.0,0.0,0.0,0.3248386,left_close
frost_cycle_000075,exp_20260731,optimum,40,-0.74699235,-1.5534961,-2.1322503,-1.193178,0.37956816,1.0738375,1.6878042,-0.0280056,-0.73683524,-1.9628235,-2.3289244,-0.7274842,-1.8072869,1.7986397,1.2539966,-0.035432935,-0.4186767,-2.2187514,-2.3967786,-0.19955942,-2.3097405,2.2086227,2.1787446,-0.047432937,1.8099276,1.8453919,2.0129063,-2.342403,-2.3931553,-2.4350088,-0.76641345,1.5292666,-0.95532626,-0.74268466,0.0,0.0,0.0,0.0,0.0,0.0,1.487958,left_close
frost_cycle_000075,exp_20260731,fixed_time,40,-0.74699235,-1.4803286,-1.8501785,-1.1968338,-0.7171642,1.887953,0.74111813,-0.0280056,-0.73683524,-1.9510816,-2.0216773,-0.75494653,-2.5199842,2.2616851,0.78306514,-0.035432935,-0.4186767,-2.1631162,-1.8292532,-0.27863923,-2.3971848,2.2818227,2.1021779,-0.047432937,2.045199,2.1161232,2.1380954,-2.0004904,-1.889381,-1.927092,-0.8955914,1.6489208,-1.0925639,-0.7479612,0.0,0.0,0.0,0.0,0.0,0.0,1.4686466,left_close
frost_cycle_000076,exp_20260731,optimum,40,-0.74699235,-1.5798845,-1.6459831,-1.2281115,-1.0031265,2.069014,1.2621514,-0.0280056,-0.73683524,-2.030072,-1.9920841,-0.7627021,-2.4785714,2.2372327,1.615044,-0.035432935,-0.4186767,-2.2521322,-1.4583008,-0.3323458,-2.373518,2.270604,1.6121505,-0.047432937,2.1705365,2.221459,2.169845,-1.8494838,-1.8445644,-1.8895947,-1.3098822,0.8588537,-1.3434969,-1.1880983,0.0,0.0,0.0,0.0,0.0,0.0,1.4721011,left_close
frost_cycle_000076,exp_20260731,fixed_time,40,-0.74699235,-1.4923232,-1.7790474,-1.1976464,-1.0165366,2.0946915,0.7824022,-0.0280056,-0.73683524,-1.98097,-1.9372498,-0.7649906,-2.5858104,2.304328,1.1441126,-0.035432935,-0.4186767,-2.1705341,-1.6723118,-0.29365164,-2.401237,2.2848916,2.0102975,-0.047432937,2.1264489,2.175479,2.1581511,-1.9098635,-1.7890362,-1.8440406,-1.1563209,1.7146451,-1.2185484,-0.7823903,0.0,0.0,0.0,0.0,0.0,0.0,1.484773,left_close
frost_cycle_000060,exp_20260729,optimum,39,1.1580439,-0.3265811,0.40699884,-0.26153478,-0.64259875,0.6354214,-0.19071539,-0.10198745,1.1424878,-0.19243462,-0.112390846,-0.106048085,-0.7095043,0.7106735,-0.2100182,-0.027681828,1.3627069,0.077514224,-0.30469194,-0.11853267,-0.7123501,0.7883092,-0.1040142,0.0,0.23512138,0.34538665,0.46464857,0.9903476,1.0591561,1.1268518,0.30382666,0.1488816,0.3116717,0.35198563,0.0,0.0,0.0,0.0,0.0,0.0,0.44708982,front
frost_cycle_000060,exp_20260729,fixed_time,39,0.72772473,0.20585807,0.1935666,-0.26098824,-0.77231896,0.81129116,-0.19071539,-0.10198745,0.6839468,0.3589508,-0.2108031,-0.1257801,-0.8407335,0.860398,-0.2100182,-0.027681828,0.70928395,0.43186793,-0.3156732,-0.040677134,-0.7894909,0.8193086,-0.17436256,0.0,0.42591837,0.49688202,0.4100718,1.0387965,1.1153132,1.125008,-0.3659775,-0.07998178,-0.56691957,-0.28662333,0.0,0.0,0.0,0.0,0.0,0.0,0.18006378,front
frost_cycle_000061,exp_20260729,optimum,23,-1.0730386,-0.9484616,-0.31739482,-0.16374074,-0.5046548,0.7193566,-0.19071537,-0.10198746,-1.0461305,-0.99977434,-0.14134248,-0.242327,-0.6351102,0.81544036,-0.2100182,-0.027681828,-0.9468572,-1.2873441,-0.06360803,-0.13340493,-0.5481122,0.7283488,-0.1743625,0.0,0.73520243,0.75299406,0.5332457,-0.07444891,-0.010082122,-0.10463724,-1.4350786,-1.977721,-1.0637741,-0.9581612,0.0,0.0,0.0,0.0,0.0,0.0,0.59352744,front
frost_cycle_000061,exp_20260729,fixed_time,23,0.30264857,0.6578751,-0.033241395,-0.2134774,-0.80505854,0.8733277,-0.19071537,-0.10198746,0.26564616,0.7413749,-0.27012488,-0.1544317,-0.73758614,0.7934494,-0.2100182,-0.027681828,0.28876817,0.49100983,-0.32233226,-0.01494195,-0.67722964,0.70490557,-0.1743625,0.0,0.5305923,0.5003343,0.35944602,0.93251103,0.94741356,0.94011474,-0.613723,-0.21907325,-0.732517,-0.4007274,0.0,0.0,0.0,0.0,0.0,0.0,0.23085521,front
frost_cycle_000063,exp_20260730,optimum,40,0.7762383,-0.3242473,-0.63874614,-0.41188344,0.38211817,-0.010311234,-0.1907154,-0.101987466,0.934175,0.050653696,-0.4318964,-0.51639575,0.14199874,0.2045794,-0.2100182,-0.027681828,0.755957,0.3579966,-0.44218826,-0.5469083,-0.06615182,0.49506608,2.3177261,0.0,0.33556718,0.41542587,0.66782653,-0.3256511,0.13760892,0.40949774,1.114661,0.743294,1.1292536,0.44075108,0.0,0.0,0.0,0.0,0.0,0.0,0.5752674,front
frost_cycle_000063,exp_20260730,fixed_time,40,0.7655488,-0.024231693,-0.52087903,-0.23034461,-0.33458528,0.54683125,-0.1907154,-0.101987466,0.8244629,0.33715948,-0.44597635,-0.30553332,-0.46566305,0.6488026,-0.2100182,-0.027681828,0.60622686,0.48337784,-0.43542615,-0.28093773,-0.51527065,0.74370587,1.3574718,0.0,0.54087365,0.556584,0.62109834,0.29418316,0.6452073,0.8559368,0.20900503,0.47630692,0.12784576,-0.07599058,0.0,0.0,0.0,0.0,0.0,0.0,0.3105305,front
frost_cycle_000064,exp_20260730,optimum,40,1.0381302,-0.26694095,-0.102653995,-0.20760787,-0.086826086,0.19318032,-0.1907154,-0.101987466,1.0822866,-0.20044127,-0.25355095,-0.12643,-0.05628401,0.13900112,-0.2100182,-0.027681828,1.2198272,0.06544047,-0.3593524,-0.19737992,-0.03210158,0.19714059,-0.17436253,0.0,0.18106027,0.1401945,0.25762236,0.38437888,0.41890207,0.40756425,0.5603856,0.34458464,0.265637,0.25515705,0.0,0.0,0.0,0.0,0.0,0.0,0.33103827,front
frost_cycle_000064,exp_20260730,fixed_time,40,1.1957998,-0.30739254,0.08999779,-0.28292337,-0.6093184,0.6882145,-0.1907154,-0.101987466,1.2194269,-0.15859213,-0.22643408,-0.117116034,-0.5078449,0.5446795,-0.2100182,-0.027681828,1.3167114,0.082157955,-0.365551,-0.07933107,-0.4134431,0.48074374,-0.17436253,0.0,0.39821497,0.32005298,0.3139862,0.9124985,0.94153345,0.9917027,0.11090207,0.26841077,-0.4073514,-0.12174411,0.0,0.0,0.0,0.0,0.0,0.0,0.22175989,front
frost_cycle_000065,exp_20260730,optimum,40,-0.25529486,-0.111876704,-0.16930988,-0.20831838,-0.29882008,0.4562727,-0.1907154,-0.101987466,-0.22877431,-0.2551671,-0.20244607,-0.23071606,-0.49839845,0.6454016,-0.2100182,-0.027681828,-0.1541678,-0.49180937,-0.14296481,-0.16534221,-0.4690442,0.63070697,-0.17436253,0.0,0.43288812,0.5379261,0.4284772,0.23802784,0.31125736,0.2749321,-0.6825452,-0.8907808,-0.6135761,-0.429949,0.0,0.0,0.0,0.0,0.0,0.0,0.2370455,front
frost_cycle_000065,exp_20260730,fixed_time,40,0.73080814,0.31960645,0.032283537,-0.23869327,-0.6068207,0.67432696,-0.1907154,-0.101987466,0.7284647,0.46270698,-0.26815233,-0.15589882,-0.71164596,0.7626053,-0.2100182,-0.027681828,0.7853159,0.36635542,-0.35259026,-0.07557893,-0.67603976,0.7405466,-0.17436253,0.0,0.38592553,0.4465631,0.37600023,0.9125948,1.0043428,1.0240288,-0.41325703,0.033472143,-0.7379311,-0.32035306,0.0,0.0,0.0,0.0,0.0,0.0,0.16073759,front
frost_cycle_000066,exp_20260730,optimum,40,0.91520137,-0.14558633,0.14161545,-0.16142383,-0.008702028,0.03569137,-0.1907154,-0.101987466,0.9424036,0.031338684,-0.17741515,-0.0535977,0.024806125,0.007234114,-0.2100182,-0.027681828,0.7794441,0.53353035,-0.33117694,-0.1714034,0.057549793,0.08340447,-0.17436253,0.0,-0.011332107,0.007674879,0.16314957,0.41898316,0.4513053,0.37324375,0.43945867,0.16429158,0.52556276,0.3818172,0.0,0.0,0.0,0.0,0.0,0.0,0.33454782,front
frost_cycle_000066,exp_20260730,fixed_time,40,0.6827055,0.2521872,0.1517764,-0.22093017,-0.74298847,0.77144355,-0.1907154,-0.101987466,0.6790942,0.37900868,-0.2212193,-0.059247173,-0.58930916,0.58932865,-0.2100182,-0.027681828,0.7530211,0.2966992,-0.3170892,-0.007029773,-0.48283672,0.49885732,-0.17436253,0.0,0.37937507,0.29755777,0.23610166,0.96736944,0.922204,0.92008674,-0.25363094,-0.0785926,-0.47278652,-0.28643242,0.0,0.0,0.0,0.0,0.0,0.0,0.11758506,front
frost_cycle_000067,exp_20260730,optimum,40,0.971321,-0.17255402,0.20420697,-0.15946987,-0.1730423,0.17717105,-0.1907154,-0.101987466,0.9725744,0.028119525,-0.15551308,-0.048100937,-0.13849652,0.15182032,-0.2100182,-0.027681828,1.070097,0.26605043,-0.33230394,-0.10920407,-0.045894094,0.13890347,-0.15149933,0.0,0.04062219,0.059801262,0.16598907,0.5670274,0.59679234,0.50849354,0.44083938,0.20111804,0.5390334,0.5085038,0.0,0.0,0.0,0.0,0.0,0.0,0.34569594,front
frost_cycle_000067,exp_20260730,fixed_time,40,0.74684227,0.27241296,0.14689915,-0.25876555,-0.7273037,0.7751083,-0.1907154,-0.101987466,0.70926505,0.44339198,-0.20296757,-0.11849022,-0.65290934,0.6767082,-0.2100182,-0.027681828,0.85871303,0.33849293,-0.34413764,-0.044551417,-0.52669257,0.5687839,-0.17436253,0.0,0.402775,0.36448583,0.28429788,0.99382365,0.9763808,0.97162515,-0.21482006,-0.0024122477,-0.4270001,-0.1975857,0.0,0.0,0.0,0.0,0.0,0.0,0.13441099,front
frost_cycle_000068,exp_20260730,optimum,16,-1.0730388,-0.84000444,-0.29733798,-0.16009158,-0.5299455,0.7339277,-0.1907154,-0.10198747,-1.0461303,-0.9231441,-0.13335025,-0.2590397,-0.6497293,0.83520365,-0.2100182,-0.027681828,-0.94685715,-1.248276,-0.011667158,-0.103287175,-0.6130575,0.7586601,-0.17436253,0.0,0.72340125,0.7877579,0.52276874,0.027768321,0.04503207,0.019096572,-1.4062793,-1.8961043,-1.0584189,-0.96528953,0.0,0.0,0.0,0.0,0.0,0.0,0.5808276,front
frost_cycle_000068,exp_20260730,fixed_time,16,1.044811,-0.03940104,0.1568569,-0.23602882,-0.8583764,0.88509977,-0.1907154,-0.10198747,0.9972597,0.27599537,-0.19592762,-0.110168725,-0.77856636,0.7833165,-0.2100182,-0.027681828,1.0568855,0.3259548,-0.34836397,0.025513012,-0.71542376,0.6962632,-0.17436253,0.0,0.45583922,0.41118807,0.28277892,1.2128453,1.2112601,1.195995,-0.40363163,0.0764655,-0.80069196,-0.2961331,0.0,0.0,0.0,0.0,0.0,0.0,0.22883654,front
frost_cycle_000070,exp_20260731,optimum,40,-0.17245154,0.16117123,-0.4623519,-0.17545664,-0.3881333,0.5833826,-0.1907154,-0.101987466,-0.12729053,0.20839281,-0.35106733,-0.23972468,-0.508032,0.6685981,-0.2100182,-0.027681828,-0.16884722,-0.057154488,-0.26637334,-0.1826599,-0.5273391,0.70505667,0.35149103,0.0,0.5524364,0.60175234,0.55452335,0.19245777,0.37364072,0.46959534,-0.5160454,-0.41961956,-0.4468128,-0.47828126,0.0,0.0,0.0,0.0,0.0,0.0,0.26106167,front
frost_cycle_000070,exp_20260731,fixed_time,40,0.20435202,0.46118683,-0.6147663,-0.20476575,0.054936178,0.18556145,-0.1907154,-0.101987466,0.2539594,0.66873366,-0.44649783,-0.28018704,-0.10407765,0.30643508,-0.2100182,-0.027681828,0.28034344,0.51402664,-0.41232228,-0.27227888,-0.2239038,0.4627355,0.51153344,0.0,0.33959168,0.39851537,0.5004249,-0.06271997,0.23203297,0.37123173,0.3364663,0.4129241,0.5110035,0.13947827,0.0,0.0,0.0,0.0,0.0,0.0,0.36245608,front
frost_cycle_000071,exp_20260731,optimum,40,-0.37822372,0.3701709,-0.33147877,-0.17670007,-0.49233204,0.65503854,-0.1907154,-0.101987466,-0.39059982,0.327502,-0.3072632,-0.23804513,-0.6221381,0.77184904,-0.2100182,-0.027681828,-0.32738513,-0.13795574,-0.21622105,-0.09679307,-0.6035212,0.7186418,-0.17436253,0.0,0.5416274,0.62357295,0.43804914,0.34105057,0.46009833,0.4832746,-1.0384136,-0.78298116,-1.006126,-0.84623116,0.0,0.0,0.0,0.0,0.0,0.0,0.38485485,front
frost_cycle_000071,exp_20260731,fixed_time,40,0.81365144,0.14094546,-0.036404543,-0.1999697,-0.65936965,0.7224512,-0.1907154,-0.101987466,0.7915493,0.33715948,-0.29370475,-0.13253753,-0.68031347,0.72563034,-0.18948798,-0.027681828,0.8822001,0.3496379,-0.37907523,-0.050901223,-0.57733697,0.62723166,0.031406265,0.0,0.40626606,0.4413802,0.3676171,0.86471444,0.98398894,1.0022062,-0.23899469,0.13622639,-0.5944977,-0.27566522,0.0,0.0,0.0,0.0,0.0,0.0,0.13539965,front
frost_cycle_000072,exp_20260731,optimum,40,1.0915775,-0.26357,0.11966777,-0.19144341,-0.255662,0.2926115,-0.1907154,-0.101987466,1.1316571,-0.17468795,-0.15812045,-0.07130955,-0.05113991,0.08449789,-0.2100182,-0.027681828,1.2374424,0.11559294,-0.32723236,-0.123635456,0.010138023,0.09340902,-0.15149933,0.0,0.12419269,0.054023653,0.15033336,0.5972682,0.5957674,0.5474242,0.33964428,0.2572618,-0.051679533,0.2179428,0.0,0.0,0.0,0.0,0.0,0.0,0.33954298,front
frost_cycle_000072,exp_20260731,fixed_time,40,1.2652813,-0.34447306,0.21070996,-0.2251933,-0.7924403,0.8035585,-0.1907154,-0.101987466,1.274283,-0.14249629,-0.18575878,-0.044894487,-0.5411415,0.52549446,-0.2100182,-0.027681828,1.349006,0.101661704,-0.3469552,0.04853111,-0.4464158,0.4142924,-0.17436253,0.0,0.3569096,0.25338453,0.18466216,1.1054118,1.0885909,1.1017138,-0.10939684,0.21179529,-0.6390399,-0.11600812,0.0,0.0,0.0,0.0,0.0,0.0,0.25409836,front
frost_cycle_000073,exp_20260731,optimum,40,0.9098566,-0.08827994,0.17941423,-0.11381874,-0.20091522,0.18498278,-0.1907154,-0.101987466,0.8875475,0.060311187,-0.11170892,0.045496948,0.16089173,-0.18627416,-0.2100182,-0.027681828,0.83522594,0.49452287,-0.3052555,-0.029109817,0.31508192,-0.27770776,-0.12863614,0.0,-0.013313418,-0.12139603,-0.036886543,0.55298555,0.52587616,0.46512157,0.41106018,0.16853979,0.4473741,0.4749995,0.0,0.0,0.0,0.0,0.0,0.0,0.3701662,front
frost_cycle_000073,exp_20260731,fixed_time,40,1.0541643,-0.08827996,0.29443628,-0.25379193,-0.82241136,0.82844037,-0.1907154,-0.101987466,0.96160316,0.15688618,-0.11848812,-0.056651466,-0.539645,0.5213958,-0.2100182,-0.027681828,1.0055073,0.38028666,-0.3277959,0.0463664,-0.46688914,0.4340909,-0.17436253,0.0,0.34076375,0.22980833,0.1914647,1.1136215,1.0658835,1.093717,-0.09884278,0.10736706,-0.41918048,-0.02662,0.0,0.0,0.0,0.0,0.0,0.0,0.18847428,front
frost_cycle_000075,exp_20260731,optimum,40,-1.0730388,-1.4366648,0.41433558,-0.31969294,0.64766014,-0.46802258,-0.1907154,-0.101987466,-1.0461303,-1.8422161,0.399861,-0.25407737,0.8479601,-0.6283172,-0.2100182,-0.027681828,-0.94685715,-1.5868055,0.51183295,-0.34010643,0.78844535,-0.52329355,-0.17436253,0.0,0.036320962,-0.039747022,0.0483698,-0.84783876,-1.3473008,-1.2772646,0.4789803,0.41489154,0.32696795,-0.29339525,0.0,0.0,0.0,0.0,0.0,0.0,0.74056077,front
frost_cycle_000075,exp_20260731,fixed_time,40,-1.0730388,-0.5467308,0.6504763,-0.3514889,-0.22359319,0.30881366,-0.1907154,-0.101987466,-1.0461303,-1.298177,0.56621253,-0.24567953,0.05230386,0.0661848,-0.2100182,-0.027681828,-0.94685715,-1.2803179,0.6098836,-0.27170157,0.17112252,0.00020860061,-0.17436253,0.0,0.33940166,0.26320094,0.20750351,0.0065213502,-0.5753829,-0.64442587,0.35846144,0.22713299,-0.21156454,-0.55557334,0.0,0.0,0.0,0.0,0.0,0.0,0.6927877,front
frost_cycle_000076,exp_20260731,optimum,40,-1.0730388,-0.65123063,0.484243,-0.40371236,0.02146868,0.14303073,-0.1907154,-0.101987466,-1.0461303,-1.6490662,0.62513953,-0.42264524,0.11562338,0.107868865,-0.2100182,-0.027681828,-0.94685715,-1.5199354,0.7259665,-0.41269636,0.106901124,0.15322582,-0.17436253,0.0,0.308919,0.33223614,0.2904447,-0.12473042,-0.640201,-0.6594413,-0.20398891,-0.10787742,-0.47960386,-0.6189237,0.0,0.0,0.0,0.0,0.0,0.0,0.53302145,front
frost_cycle_000076,exp_20260731,fixed_time,40,-1.0730388,-0.3916665,0.7232287,-0.3905677,-0.33068913,0.41171676,-0.1907154,-0.101987466,-1.0461303,-1.3400261,0.6413053,-0.2937763,-0.19835547,0.31594044,-0.2100182,-0.027681828,-0.94685715,-1.4279891,0.6848303,-0.30691424,-0.10149517,0.28391707,-0.17436253,0.0,0.33338872,0.33802417,0.31068602,0.20894067,-0.3558077,-0.43912753,0.014937858,0.14573416,-0.5424555,-0.5884141,0.0,0.0,0.0,0.0,0.0,0.0,0.65832317,front
frost_cycle_000060,exp_20260729,optimum,39,-0.17095582,-0.22267848,-0.06785902,0.13765344,-0.076527774,0.14483735,0.38955835,-0.32302123,-0.052019034,0.19930404,0.06621789,-0.25810912,-0.11758616,0.50575095,0.030775202,-0.26618034,0.18526588,0.21338578,0.18514588,-0.37658617,-0.04593096,0.64713657,-0.82987654,-0.09602071,0.14961153,-0.047368214,-0.22927468,0.1660473,0.18778586,0.12657857,0.634303,0.6873511,0.34752688,0.1592321,0.0,0.0,0.0,0.0,0.0,0.0,0.278466,extreme
frost_cycle_000060,exp_20260729,fixed_time,39,-0.17095582,-0.17240484,0.47750914,-0.09395753,-0.37127528,0.2400732,0.411238,-0.10923597,-0.22076766,-0.10004233,0.46477807,-0.39081722,-0.32896838,0.5508447,0.09780881,-0.063235365,-0.13815518,-0.31634617,0.40632844,-0.3940474,-0.25274578,0.75101364,-0.6388837,0.2411641,-0.14712827,-0.22506997,-0.11059948,0.38335702,0.3168369,0.20657268,-0.011382847,0.09221851,-0.026085125,0.24933358,0.0,0.0,0.0,0.0,0.0,0.0,0.18816791,extreme
frost_cycle_000061,exp_20260729,optimum,23,-0.17095588,0.6105613,1.4334068,-1.2532846,-0.9024183,0.52964264,0.6962384,0.668716,-0.23299587,0.41108838,1.2713654,-1.4258826,-0.67082506,0.63802993,0.45215127,0.82795775,-0.06784625,0.20958555,0.9056092,-0.82992214,-0.7288507,0.93312454,-0.34746686,0.7864113,-0.8058717,-0.647629,-0.32889143,1.0962445,0.89306873,0.8641485,-1.3576337,-1.3168731,-0.4559445,0.96733075,0.0,0.0,0.0,0.0,0.0,0.0,0.6391837,extreme
frost_cycle_000061,exp_20260729,fixed_time,23,-0.17095588,0.124339454,0.72441036,0.0101458635,-0.635001,0.27316383,0.43497118,0.6529549,-0.23299593,0.17456864,0.64541006,-0.38068083,-0.52275443,0.0836714,0.58376414,0.87893903,-0.39689198,-0.10030768,0.5224384,-0.42593318,-0.4320085,0.38219994,0.0813773,0.9733291,-0.46318194,-0.38866958,-0.15048249,0.59183156,0.56548095,0.44329444,-0.53081,-0.621386,-0.08582145,0.5363798,0.0,0.0,0.0,0.0,0.0,0.0,0.29667056,extreme
frost_cycle_000063,exp_20260730,optimum,40,-0.17095587,-0.6193984,-0.37319246,0.8219078,0.16604309,0.5494893,-0.72694564,-0.79706675,0.20813522,-0.5009079,-0.27833804,0.66545475,0.087645575,1.3405659,-1.6058855,-1.0328612,0.04457771,-0.37511334,-0.049582236,0.26316687,0.022174327,0.42564774,-0.8894831,-1.2317501,0.24028583,-0.10176079,-0.14374281,-0.5051199,-0.5331231,-0.34063244,0.54931784,-0.093078524,-0.49397546,-0.855649,0.0,0.0,0.0,0.0,0.0,0.0,0.66262543,extreme
frost_cycle_000063,exp_20260730,fixed_time,40,-0.17095587,-0.07022818,0.2903177,0.27224547,-0.37730804,1.091793,-0.47631294,0.08200888,0.6468819,0.105738685,0.48360318,-0.19231866,-0.3888145,2.0886812,-1.6437241,-0.24137592,0.35991326,-0.07942358,0.4325463,-0.34783322,-0.32134807,1.0862191,-1.3294486,-0.23283997,-0.21992251,-0.65081203,-0.3924555,0.14872468,0.04697833,0.18314278,0.35037652,-0.041281365,-0.012197959,0.0499207,0.0,0.0,0.0,0.0,0.0,0.0,0.53980696,extreme
frost_cycle_000064,exp_20260730,optimum,40,-0.17095587,-0.28808087,-0.36979777,0.8088797,-0.044180952,0.0867756,0.30502692,-0.5342504,0.81141186,-0.04706902,-0.29541916,0.47111955,-0.086729005,0.10882064,0.25853068,-0.5052044,0.801383,0.20335397,-0.10040493,0.22495584,-0.13558753,0.2478449,-0.2909252,-0.32767323,0.25568125,0.16466951,-0.14458604,-0.0240225,0.027535668,-0.02087752,0.38012296,0.18557091,-0.053952415,-0.12836316,0.0,0.0,0.0,0.0,0.0,0.0,0.35562378,extreme
frost_cycle_000064,exp_20260730,fixed_time,40,-0.17095587,-0.021211375,0.16995996,0.35165495,-0.31721807,0.22410718,0.3057818,-0.34393498,0.81141186,0.17603025,0.2606333,-0.045442984,-0.34235555,0.262016,0.29912123,-0.2706902,0.48604745,0.31439906,0.209476,-0.16547899,-0.27827317,0.44477838,-0.33594495,-0.030529033,-0.15741403,-0.28344336,-0.3333565,0.2847191,0.28879055,0.22530663,0.19746095,0.11284083,0.07234664,0.24633369,0.0,0.0,0.0,0.0,0.0,0.0,0.20852543,extreme
frost_cycle_000065,exp_20260730,optimum,40,-0.17095587,0.27470517,0.6825602,-0.22282293,-0.6011476,0.10472232,0.725516,0.5623285,0.42750853,0.28605184,0.67576617,-0.5595076,-0.5071109,0.0002787322,0.7655694,0.5427808,0.17071193,0.25371158,0.4918851,-0.38982767,-0.48907098,0.4453411,-0.017737258,0.525826,-0.3782783,-0.40979272,-0.32322377,0.6562649,0.60603124,0.4877251,-0.71462697,-0.6587887,-0.25119203,0.46335298,0.0,0.0,0.0,0.0,0.0,0.0,0.3019412,extreme
frost_cycle_000065,exp_20260730,fixed_time,40,-0.17095587,-0.15918471,0.6699073,0.17732625,-0.5770027,0.16558519,0.5035702,0.17263523,-0.12092475,-0.13875358,0.5854801,-0.22079447,-0.49851495,-0.039565854,0.7236028,0.4181952,-0.27075782,-0.06522013,0.4028768,-0.22714654,-0.45407265,0.48135176,-0.066849746,0.53847045,-0.3319735,-0.2970901,-0.20551105,0.45863467,0.46584064,0.30468377,-0.44972143,-0.28131884,-0.091154516,0.30642948,0.0,0.0,0.0,0.0,0.0,0.0,0.1950405,extreme
frost_cycle_000066,exp_20260730,optimum,40,-0.17095587,-0.44511634,-0.35344148,1.1321008,-0.11407411,0.06336674,0.29294822,-0.26237127,-0.23061141,-0.33434743,-0.23777029,0.7069197,-0.20543471,-0.035444017,0.43396467,0.08840962,-0.20769069,0.20077157,-0.15507367,0.35169566,-0.20827644,0.18932751,-0.0842437,0.013726467,0.25998792,0.19454952,-0.017539369,-0.061385907,0.015486556,-0.0775009,0.043145217,0.020923536,-0.19794945,-0.20735769,0.0,0.0,0.0,0.0,0.0,0.0,0.33873308,extreme
frost_cycle_000066,exp_20260730,fixed_time,40,-0.17095587,-0.19004717,0.43135208,0.54769695,-0.53198063,0.14139612,0.50809973,0.054820955,-0.120924756,-0.14792204,0.45828658,0.0170041,-0.49953827,0.09988989,0.55436057,0.38155234,-0.20769072,0.09876505,0.27788052,-0.01187775,-0.48987865,0.5623758,-0.31445822,0.46892604,-0.25976115,-0.32710034,-0.24149446,0.39662933,0.38528475,0.22622252,-0.5423781,-0.4957594,-0.26507798,0.21225853,0.0,0.0,0.0,0.0,0.0,0.0,0.20565934,extreme
frost_cycle_000067,exp_20260730,optimum,40,-0.17095587,-0.32711282,-0.27721494,1.2022046,-0.22082,0.061025925,0.36768502,-0.244246,0.0984486,-0.05012516,-0.13894364,0.57203406,-0.27215546,-0.08834102,0.540601,0.10306676,0.044577736,0.61525375,-0.074856296,0.27565175,-0.2871574,0.2804796,-0.3697098,-0.024206823,0.13555999,0.039541,-0.34455627,0.021846991,0.11313361,0.046307154,-0.031030586,-0.09166341,-0.059163492,-0.09634712,0.0,0.0,0.0,0.0,0.0,0.0,0.28995508,extreme
frost_cycle_000067,exp_20260730,fixed_time,40,-0.17095587,-0.15101525,0.4211681,0.50426996,-0.5232667,0.2006984,0.44770628,0.19982311,-0.12092475,-0.024147857,0.45676154,-0.04644221,-0.4860304,0.1761442,0.45116416,0.557438,-0.081556484,0.29115704,0.23584881,0.021036824,-0.49687833,0.4340877,-0.1609819,0.58904815,-0.2820653,-0.35103998,-0.3141557,0.3981165,0.38903433,0.28731394,-0.48519602,-0.46538782,-0.19997819,0.2224962,0.0,0.0,0.0,0.0,0.0,0.0,0.19756447,extreme
frost_cycle_000068,exp_20260730,optimum,16,-0.17095587,0.56744456,1.4110324,-1.2563866,-0.88262635,0.39343065,0.8319595,0.76623785,0.07102692,0.96451795,1.2574406,-1.5481701,-0.67053586,0.25720716,0.7631615,1.0008163,-0.396892,0.7611617,0.88981307,-0.9733989,-0.7226178,1.0814364,-0.6306195,0.816648,-0.8258242,-0.8569635,-0.49682873,1.1016442,1.0382515,0.89826506,-1.2581673,-1.2038602,-0.17174673,1.0998949,0.0,0.0,0.0,0.0,0.0,0.0,0.68382764,extreme
frost_cycle_000068,exp_20260730,fixed_time,16,-0.17095587,-0.14284578,0.6803999,0.20152138,-0.57673043,0.21786484,0.40920553,-0.1400257,-0.20318973,-0.036372438,0.619185,-0.20805538,-0.52368873,0.14900872,0.5120501,0.08474534,-0.396892,0.21884868,0.18859749,0.021604322,-0.48166746,0.38372898,0.14187813,0.38989836,-0.46172628,-0.46225536,-0.14524376,0.43490207,0.44769496,0.3102021,-0.5794661,-0.582252,-0.009329569,0.2815354,0.0,0.0,0.0,0.0,0.0,0.0,0.18842074,extreme
frost_cycle_000070,exp_20260731,optimum,40,-0.17095587,0.054129343,0.5368966,-0.46725497,-0.43322253,0.4394681,0.47035384,1.4051536,0.26297855,0.14852493,0.52447605,-0.4466033,-0.44878134,0.6522175,0.107175864,1.1730378,-0.018489372,-0.51843894,0.5333675,-0.43144375,-0.37196112,0.3502503,0.20122233,1.0316033,-0.12986387,-0.18248947,-0.0031151758,0.61105883,0.5088688,0.46320963,-0.24481039,-0.35822016,0.005477623,0.44776797,0.0,0.0,0.0,0.0,0.0,0.0,0.40929374,extreme
frost_cycle_000070,exp_20260731,fixed_time,40,-0.17095587,-0.565843,-0.080013566,0.0036182343,0.060204905,0.82961464,-0.4061056,0.19076052,-0.3402981,-0.6491313,-0.12948796,0.27778316,-0.044363346,1.0492887,-0.70257246,0.07375248,-0.396892,-0.9794051,0.0083831195,0.18031305,-0.036246017,0.2180235,-0.001366514,0.039015334,0.31951615,0.4070316,0.4033752,-0.091568604,-0.12458155,-0.07592066,0.29642177,0.035294212,-0.20781645,-0.3891936,0.0,0.0,0.0,0.0,0.0,0.0,0.47159618,extreme
frost_cycle_000071,exp_20260731,optimum,40,-0.17095587,0.3200911,0.97820795,-0.7253358,-0.6793917,0.43634692,0.5684932,0.7073307,-0.06608142,0.44955605,0.9267982,-1.0236145,-0.5595051,0.28606012,0.62040627,0.9751663,-0.081556484,0.17623836,0.65891325,-0.72426975,-0.503878,0.5353678,0.14597082,0.9999922,-0.54651827,-0.517779,-0.20700336,0.8194129,0.7771998,0.6787952,-0.7054646,-0.70440626,0.0573797,0.7705814,0.0,0.0,0.0,0.0,0.0,0.0,0.45062593,extreme
frost_cycle_000071,exp_20260731,fixed_time,40,-0.17095587,-0.09292121,0.5057271,-0.29540807,-0.36496323,0.27248535,0.42958832,0.29951212,-0.066081405,-0.039428588,0.54979277,-0.6199564,-0.33150834,-0.027200216,0.72841865,0.48415232,-0.14462359,-0.124616325,0.3855697,-0.413284,-0.2656199,0.2512208,0.23703352,0.6080148,-0.17721991,-0.1004231,-0.047864437,0.4047865,0.44725338,0.3368223,-0.10846792,-0.05166645,0.31369448,0.33870658,0.0,0.0,0.0,0.0,0.0,0.0,0.21610682,extreme
frost_cycle_000072,exp_20260731,optimum,40,-0.17095587,-0.2517721,-0.0732241,0.58181816,-0.14729603,0.044639807,0.28086954,-0.36206025,0.5920385,-0.054709353,0.077315934,-0.14186125,-0.120703384,-0.21130943,0.6534292,0.022452507,0.5491146,0.079396725,0.13310461,-0.23357812,-0.07178281,0.1358741,0.09481204,-0.030529033,0.03833916,-0.007054329,-0.12086438,0.06330047,0.1771476,0.109256245,0.17427266,0.20228747,0.35732168,0.05372057,0.0,0.0,0.0,0.0,0.0,0.0,0.23895857,extreme
frost_cycle_000072,exp_20260731,fixed_time,40,-0.17095587,0.1358241,0.52023166,-0.15954359,-0.41125613,0.13437347,0.40543094,-0.18987021,0.81141186,0.39148912,0.597376,-0.7403544,-0.35217947,0.014705169,0.6465494,0.08840962,0.35991326,0.37121284,0.4232059,-0.6739522,-0.21258393,0.41326904,-0.039224003,0.26029295,-0.35288906,-0.43839997,-0.32390174,0.4258698,0.50319856,0.41083488,0.018464051,0.14523335,0.5077291,0.4562312,0.0,0.0,0.0,0.0,0.0,0.0,0.24217026,extreme
frost_cycle_000073,exp_20260731,optimum,40,-0.17095587,-0.47144017,-0.19419897,0.7319517,-0.049990263,0.012647676,0.20613265,-0.3983108,0.043605257,-0.3083701,-0.16975072,0.2722878,-0.042112015,-0.13368133,0.4422204,-0.21939023,0.10764483,-0.0949182,-0.081449464,0.1220506,-0.0042090653,0.07060467,-0.031038553,-0.21387331,0.194,0.19351092,0.018819015,-0.1181605,-0.012710842,-0.06556614,0.14340246,0.17453632,0.14977863,-0.16628826,0.0,0.0,0.0,0.0,0.0,0.0,0.30016652,extreme
frost_cycle_000073,exp_20260731,fixed_time,40,-0.17095587,-0.019395942,0.49060526,-0.041670077,-0.4009083,0.15778215,0.39788178,-0.18987018,0.15329191,0.19283915,0.5336267,-0.61446106,-0.32332173,0.14385629,0.48969078,0.07375248,0.23377904,0.30277807,0.3416149,-0.5052177,-0.20289207,0.359253,-0.06480335,0.20339298,-0.28046107,-0.38858235,-0.2608087,0.37478003,0.4093929,0.35362306,-0.06256362,0.010322643,0.43091893,0.409233,0.0,0.0,0.0,0.0,0.0,0.0,0.14632387,extreme
frost_cycle_000075,exp_20260731,optimum,40,-0.17095587,0.38998556,-0.7447582,0.7921293,0.12664877,0.05634419,0.019667972,-0.79706675,-0.6145147,0.73072225,-0.4875822,1.0031688,-0.1340066,-0.2284838,0.17322162,-1.0328612,-0.27075782,1.0878408,0.36633945,-0.6209863,-0.10920415,-0.36658773,0.7414592,-1.2507168,0.25597537,-0.15559009,-0.60808337,-0.17926168,0.0060019074,0.2460461,0.39505416,0.7229969,0.47703362,-0.1342034,0.0,0.0,0.0,0.0,0.0,0.0,0.54288214,extreme
frost_cycle_000075,exp_20260731,fixed_time,40,-0.17095587,1.3194902,-0.23616996,0.80391663,-0.42705017,0.5440273,-0.18114012,-0.79706675,-0.6145147,1.1173258,-0.13528346,0.5745319,-0.45553532,0.020887934,0.62591016,-1.0328612,-0.20769072,1.0852584,0.5690807,-0.8805195,-0.36146158,-0.20679028,1.3553646,-1.2380724,-0.6707689,-0.38451213,-0.50085557,0.26520485,0.3750731,0.6135316,0.21829839,0.58899367,0.5916524,0.15771607,0.0,0.0,0.0,0.0,0.0,0.0,0.563392,extreme
frost_cycle_000076,exp_20260731,optimum,40,-0.17095587,1.5382507,-0.100999035,0.5836793,-0.53415906,0.580701,-0.015813094,-0.79706675,-0.6145147,0.9477091,-0.023645874,0.41916353,-0.49851495,0.068289295,0.7614415,-1.0328612,-0.27075782,0.8321789,0.6572648,-0.9096506,-0.45003438,0.11955665,1.0473888,-1.2191057,-0.7314061,-0.39473867,-0.55604315,0.38961878,0.446781,0.61874425,-0.41088217,-0.11757443,0.13960858,0.15225938,0.0,0.0,0.0,0.0,0.0,0.0,0.50996554,extreme
frost_cycle_000076,exp_20260731,fixed_time,40,-0.17095587,1.5545895,-0.1275394,0.5917444,-0.5105589,0.5814813,-0.073186874,-0.79706675,-0.6145147,1.1585836,-0.02029059,0.31525156,-0.49012366,0.10401191,0.73805034,-1.0328612,-0.20769072,0.94322395,0.6542429,-1.0390389,-0.3423471,-0.07062481,1.2510008,-1.1874946,-0.75796294,-0.47411698,-0.55226743,0.3775212,0.43268213,0.6580078,-0.052369367,0.3436311,0.5639988,0.28449625,0.0,0.0,0.0,0.0,0.0,0.0,0.54371107,extreme
frost_cycle_000060,exp_20260729,optimum,78,0.07993338,-0.18901826,0.45775458,-0.18244252,-0.5567385,0.56636363,-0.30326417,-0.1370468,0.060579766,-0.1671538,0.60394144,-0.25312293,-0.59849614,0.64292234,-0.23222382,-0.13325872,0.06731249,-0.39123553,0.6563704,-0.1879386,-0.5348418,0.6306436,0.28276926,-0.12815191,0.095088944,0.1592802,0.20620647,0.14594571,0.14530468,0.13442822,-0.015223558,-0.038482565,-0.08496389,-0.02329926,0.0,0.0,0.0,0.0,0.0,0.0,0.18573777,top_pair
frost_cycle_000060,exp_20260729,fixed_time,78,0.2118252,0.043255225,0.29697004,-0.21412037,-0.6919073,0.6603919,-0.32515964,-0.1370468,0.19040541,-0.08122007,0.5909596,-0.35989836,-0.58522135,0.6447046,-0.24616528,-0.13325872,0.14599197,0.03656459,0.23865646,-0.23957679,-0.4796437,0.5475011,0.42795104,-0.12815191,0.1316708,0.20352924,0.15297183,0.38094229,0.34303904,0.29180557,-0.49187562,-0.075858206,-0.3543273,-0.10107557,0.0,0.0,0.0,0.0,0.0,0.0,0.0889164,top_pair
frost_cycle_000061,exp_20260729,optimum,46,0.3630404,0.4324662,-0.05730493,-0.48358077,-0.56063926,0.5945095,0.044986155,-0.1370468,0.36469376,0.3761488,-0.17518124,-0.33401793,-0.49207625,0.54059637,-0.21839263,-0.13325872,0.291245,0.6625126,-0.78386116,-0.17157458,-0.36156598,0.4125875,0.40572846,-0.12815191,0.17505403,0.19167662,0.0704052,0.576859,0.48620352,0.38581777,-0.9453315,-0.48379558,-0.3447701,-0.07104719,0.0,0.0,0.0,0.0,0.0,0.0,0.3122199,top_pair
frost_cycle_000061,exp_20260729,fixed_time,46,0.27160197,0.22522031,0.11299833,-0.24443983,-0.67023706,0.6329522,-0.25034288,-0.1370468,0.24593985,0.093582205,0.35608125,-0.34437147,-0.55406106,0.5925415,-0.20764723,-0.13325872,0.19896461,0.4194836,-0.27126336,-0.24711962,-0.44197282,0.51875687,0.40797666,-0.12815191,0.12817898,0.16897398,0.10505383,0.47346696,0.40891403,0.3525115,-0.6004596,-0.05641687,-0.36434075,-0.08967863,0.0,0.0,0.0,0.0,0.0,0.0,0.13143313,top_pair
frost_cycle_000063,exp_20260730,optimum,80,-0.062395282,-0.28617114,0.24911647,-0.3594482,0.31402364,-0.08176279,-0.26143882,-0.1370468,-0.08289536,-0.18835053,0.27901202,-0.38000488,0.41031903,-0.1425526,-0.24901691,-0.1332587,-0.051909067,-0.40646943,0.4788209,-0.42448464,0.3823573,0.00085735024,-0.4511444,-0.12815191,0.1007236,0.07799451,0.14595278,-0.19450225,-0.12984797,-0.08399203,0.687812,0.120766,0.3351627,0.032967437,0.0,0.0,0.0,0.0,0.0,0.0,0.29652584,top_pair
frost_cycle_000063,exp_20260730,fixed_time,80,0.13498753,0.024368454,0.185981,-0.3130769,-0.3573665,0.43036127,-0.2294167,-0.1370468,0.12311648,-0.014127838,0.35684514,-0.41809052,-0.17756853,0.33416924,-0.26013836,-0.1332587,0.071900345,0.107271194,0.08815224,-0.41201693,0.0067828954,0.25695047,-0.077549994,-0.12815191,0.13972914,0.13898085,0.09603889,0.2253602,0.20246585,0.17764649,-0.01867869,0.107973024,-0.060287118,-0.05860867,0.0,0.0,0.0,0.0,0.0,0.0,0.12181705,top_pair
frost_cycle_000064,exp_20260730,optimum,80,0.02589028,-0.287181,0.36966082,-0.19917971,-0.1306866,0.22394046,-0.27114248,-0.1370468,0.016046017,-0.22783725,0.37724802,-0.19156067,-0.10338835,0.20957628,-0.24530979,-0.1332587,0.036937572,-0.51229155,0.6015967,-0.24350464,-0.12208947,0.3234509,0.03491616,-0.12815191,0.054278962,0.082905434,0.19710216,-0.07198836,-0.056257345,-0.017478481,0.2931146,0.017095873,0.025651937,0.012820865,0.0,0.0,0.0,0.0,0.0,0.0,0.16387554,top_pair
frost_cycle_000064,exp_20260730,fixed_time,80,0.1709151,-0.06689988,0.29807863,-0.19418716,-0.58021164,0.5832964,-0.28666836,-0.1370468,0.17003232,-0.14207049,0.48870802,-0.29994088,-0.44294614,0.5188749,-0.23789544,-0.1332587,0.1436769,-0.116562866,0.27487794,-0.25795764,-0.3954882,0.5129106,0.47056094,-0.12815191,0.11203806,0.14623085,0.18603869,0.24673101,0.21154232,0.22463807,-0.15554813,0.04976852,-0.2493135,-0.054083668,0.0,0.0,0.0,0.0,0.0,0.0,0.06685434,top_pair
frost_cycle_000065,exp_20260730,optimum,80,0.23313126,0.17547247,0.09278105,-0.32560056,-0.5125059,0.5391291,-0.043106277,-0.1370468,0.22554168,0.10192628,0.13789238,-0.26719785,-0.47665566,0.5265769,-0.23913117,-0.1332587,0.18151906,0.20037338,-0.20331208,-0.18998094,-0.3309307,0.43942767,0.1732366,-0.12815191,0.13458307,0.15497983,0.11088326,0.3689391,0.2983914,0.2475039,-0.50932944,-0.25767353,-0.2863333,-0.06850855,0.0,0.0,0.0,0.0,0.0,0.0,0.14656633,top_pair
frost_cycle_000065,exp_20260730,fixed_time,80,0.22918792,0.11311208,0.21604553,-0.21720357,-0.65848434,0.62374485,-0.2653203,-0.1370468,0.20510307,-0.048519485,0.4669827,-0.32268545,-0.51548433,0.5705342,-0.23418829,-0.1332587,0.17432079,0.16521718,0.017848227,-0.25899,-0.40301186,0.5099846,0.27083653,-0.12815191,0.12148038,0.15792637,0.11742818,0.40429568,0.33524665,0.298652,-0.47618914,-0.023269307,-0.34611264,-0.08250912,0.0,0.0,0.0,0.0,0.0,0.0,0.06597781,top_pair
frost_cycle_000066,exp_20260730,optimum,80,0.0037641139,-0.2344145,0.35634652,-0.16127035,-0.18497045,0.2495968,-0.2827869,-0.1370468,-0.017863473,-0.15254362,0.29525876,-0.14668211,-0.30202314,0.37502712,-0.18352392,-0.1332587,0.015137223,-0.4511656,0.51407546,-0.16512497,-0.14502439,0.30024227,-0.0122679025,-0.12815191,0.0523445,0.0954763,0.14416501,-0.037609287,-0.028968755,-0.04712842,0.22292764,0.011999184,0.09480086,0.042775493,0.0,0.0,0.0,0.0,0.0,0.0,0.1378138,top_pair
frost_cycle_000066,exp_20260730,fixed_time,80,0.20574732,0.07726119,0.25197974,-0.20112593,-0.63671124,0.5996346,-0.24979444,-0.1370468,0.18094835,-0.030545235,0.4526252,-0.28169945,-0.58715326,0.6157127,-0.18723103,-0.1332587,0.15169778,0.08695477,0.07769885,-0.19943096,-0.45792228,0.52215415,0.4214378,-0.12815191,0.095271245,0.16429825,0.12013674,0.36467037,0.32112685,0.2682795,-0.38224253,-0.02538594,-0.2622827,-0.047771085,0.0,0.0,0.0,0.0,0.0,0.0,0.059034906,top_pair
frost_cycle_000067,exp_20260730,optimum,80,0.05064528,-0.24438712,0.42119998,-0.15043911,-0.27150935,0.30308238,-0.24882405,-0.1370468,0.035555594,-0.1706594,0.42296544,-0.16126,-0.3532152,0.39695883,-0.1761096,-0.1332587,0.051745348,-0.42484254,0.5181748,-0.16822204,-0.20497072,0.3410735,0.030391658,-0.12815191,0.032847274,0.07746531,0.13961682,0.020461103,0.023884952,0.0129597215,0.19036487,-0.0031996071,0.06308077,0.05200656,0.0,0.0,0.0,0.0,0.0,0.0,0.13438939,top_pair
frost_cycle_000067,exp_20260730,fixed_time,80,0.20771894,0.06451136,0.25856534,-0.22194223,-0.6392252,0.61359096,-0.23329821,-0.1370468,0.1867548,-0.045264304,0.5049547,-0.31123683,-0.57754266,0.61416286,-0.15880951,-0.1332587,0.15005246,0.092254736,0.08651248,-0.21991925,-0.4147827,0.48118988,0.48478073,-0.12815191,0.10618808,0.1640951,0.12038348,0.3620426,0.31956673,0.27438283,-0.374812,-0.048114024,-0.26441807,-0.042563938,0.0,0.0,0.0,0.0,0.0,0.0,0.06415958,top_pair
frost_cycle_000068,exp_20260730,optimum,32,0.387138,0.49175578,-0.16870855,-0.39773834,-0.520559,0.5287245,-0.13189486,-0.13704678,0.3916052,0.44449824,-0.29651827,-0.26277107,-0.45989752,0.46937585,-0.2675527,-0.1332587,0.30224347,0.6931793,-0.8740694,-0.1415793,-0.31127223,0.36737442,0.20296903,-0.12815191,0.09817289,0.11309903,0.031927332,0.5712272,0.48440176,0.4048096,-0.91315705,-0.43355405,-0.38388428,-0.091310605,0.0,0.0,0.0,0.0,0.0,0.0,0.31797612,top_pair
frost_cycle_000068,exp_20260730,fixed_time,32,0.26117232,0.10705279,0.22391956,-0.16440123,-0.6833254,0.6153251,-0.25804254,-0.13704678,0.23947701,-0.049085625,0.51251125,-0.34195727,-0.5407907,0.58666605,-0.17487387,-0.1332587,0.19684093,0.19631016,-0.0029559955,-0.24759433,-0.43383443,0.48175514,0.66188264,-0.12815191,0.10577536,0.17823628,0.12736587,0.42820355,0.3745619,0.33953804,-0.51440686,-0.005021423,-0.3405079,-0.07093538,0.0,0.0,0.0,0.0,0.0,0.0,0.10446707,top_pair
frost_cycle_000070,exp_20260731,optimum,80,0.10782276,0.29754233,0.04023976,-0.3393089,-0.43546885,0.47398537,-0.15469846,-0.1370468,0.08340049,0.21401758,0.18323204,-0.36092383,-0.3344287,0.42804837,-0.28732413,-0.1332587,0.03015067,0.43074408,-0.25619376,-0.28916654,-0.19034815,0.37159717,-0.05815927,-0.12815191,0.13712373,0.16902001,0.1102288,0.35680276,0.29676613,0.2519278,-0.5123035,-0.20977566,-0.32296744,-0.20394771,0.0,0.0,0.0,0.0,0.0,0.0,0.15689448,top_pair
frost_cycle_000070,exp_20260731,fixed_time,80,-0.06896738,-0.007316661,0.119123295,-0.24233541,0.08985765,0.028133262,-0.28472763,-0.1370468,-0.098224245,-0.04356594,0.25029692,-0.26567137,0.15836723,-0.0040585934,-0.292267,-0.1332587,-0.08707754,-0.001730895,0.1055745,-0.3006813,0.13662608,0.13439019,-0.3322147,-0.12815191,0.0701248,0.10080613,0.15102562,-0.019475322,-0.0072238445,0.01363123,0.1022253,-0.05993691,0.040670626,-0.13092995,0.0,0.0,0.0,0.0,0.0,0.0,0.2548663,top_pair
frost_cycle_000071,exp_20260731,optimum,80,0.2765073,0.4192334,-0.08073407,-0.34582454,-0.5803395,0.57698685,-0.035343338,-0.1370468,0.26897368,0.27940416,0.02624343,-0.3452774,-0.4561788,0.5154936,-0.25766692,-0.1332587,0.18768893,0.64768815,-0.592751,-0.21761632,-0.3072677,0.40697542,0.03362345,-0.12815191,0.151592,0.16671005,0.036551066,0.5306406,0.44042468,0.35968876,-0.7892982,-0.24295802,-0.37078327,-0.089806885,0.0,0.0,0.0,0.0,0.0,0.0,0.25416246,top_pair
frost_cycle_000071,exp_20260731,fixed_time,80,0.1586471,0.11727788,0.20459238,-0.1955411,-0.59346306,0.5614844,-0.19060203,-0.1370468,0.12706484,0.009082938,0.4087968,-0.2939876,-0.48573494,0.5338092,-0.20082393,-0.1332587,0.0908214,0.1901269,0.023997273,-0.22651048,-0.3193419,0.40923643,0.24627498,-0.12815191,0.11411133,0.16159987,0.10216534,0.3533778,0.29221246,0.24075237,-0.39889064,-0.04825895,-0.3102441,-0.085095,0.0,0.0,0.0,0.0,0.0,0.0,0.046954963,top_pair
frost_cycle_000072,exp_20260731,optimum,80,0.074962124,-0.19275679,0.32213026,-0.14087714,-0.21385936,0.24667184,-0.1944835,-0.1370468,0.055761922,-0.1674042,0.39519492,-0.1627865,-0.27290162,0.31688684,-0.053773563,-0.1332587,0.06593612,-0.411946,0.4970631,-0.18632798,-0.08944666,0.1961026,0.33094776,-0.12815191,0.030271668,0.073177636,0.12441341,0.035276473,0.02200513,0.008112016,0.12543085,0.06905114,-0.037556678,0.0739304,0.0,0.0,0.0,0.0,0.0,0.0,0.1351639,top_pair
frost_cycle_000072,exp_20260731,fixed_time,80,0.24277028,0.05567491,0.20244488,-0.118114635,-0.6163014,0.5517901,-0.21777232,-0.1370468,0.23669,-0.06606917,0.45526996,-0.23842366,-0.5214728,0.5223032,-0.11432371,-0.1332587,0.19262485,0.046675235,0.07523923,-0.19339564,-0.4235198,0.45252818,0.70906675,-0.12815191,0.06773789,0.107909895,0.12483652,0.34287968,0.29220018,0.26780573,-0.2889774,0.082904,-0.22936754,0.012177134,0.0,0.0,0.0,0.0,0.0,0.0,0.0874036,top_pair
frost_cycle_000073,exp_20260731,optimum,80,0.049988057,-0.21118717,0.3106771,-0.09357512,-0.16941817,0.19235058,-0.15760957,-0.1370468,0.038807187,-0.17547138,0.33530882,-0.101498246,-0.23049918,0.25489563,0.052498113,-0.1332587,0.057709593,-0.41653934,0.44418135,-0.13351898,-0.10952989,0.19284408,0.3561557,-0.12815191,0.022109842,0.05839225,0.113393545,0.0028328658,0.00020939112,-0.010864211,0.21014886,0.0654055,0.081961155,0.059947103,0.0,0.0,0.0,0.0,0.0,0.0,0.14949457,top_pair
frost_cycle_000073,exp_20260731,fixed_time,80,0.22984509,0.049615603,0.23952445,-0.15331617,-0.60999537,0.55655366,-0.21583156,-0.1370468,0.22136107,-0.059134193,0.46225986,-0.24033174,-0.527413,0.52798575,-0.105673686,-0.1332587,0.18049067,0.073351555,0.049003333,-0.17878385,-0.390695,0.42380008,0.54295295,-0.12815191,0.07776096,0.11681239,0.094306715,0.3473494,0.29915243,0.25712648,-0.29188457,0.04311285,-0.22708675,-0.026768457,0.0,0.0,0.0,0.0,0.0,0.0,0.06412735,top_pair
frost_cycle_000075,exp_20260731,optimum,80,-0.2619688,-0.11954012,-0.12626031,-0.19139473,0.39084768,-0.14502615,-0.32160157,-0.1370468,-0.2389719,-0.014269391,-0.238049,-0.1387444,0.19511928,0.020033443,-0.23418829,-0.1332587,-0.16193908,-0.32909036,0.5066966,-0.19323683,-0.06614772,0.30669278,-0.55326885,-0.12815191,0.09174074,0.10327127,0.15081789,-0.35251555,-0.28338063,-0.1908168,0.49775964,0.2084516,0.21558504,0.05661417,0.0,0.0,0.0,0.0,0.0,0.0,0.28253302,top_pair
frost_cycle_000075,exp_20260731,fixed_time,80,-0.08495955,-0.03698204,0.18598102,-0.18470983,-0.38770416,0.46224365,-0.30510536,-0.1370468,-0.048985828,-0.0063437284,0.21459194,-0.22590652,-0.46009064,0.55785424,-0.25025263,-0.1332587,-0.05890165,-0.18705201,0.56203794,-0.1645691,-0.42843446,0.56178844,-0.4246438,-0.12815191,0.12773155,0.1496843,0.12603046,0.0151759265,0.007732707,0.028854733,0.2845859,0.22294894,-0.024276054,0.035570867,0.0,0.0,0.0,0.0,0.0,0.0,0.19197692,top_pair
frost_cycle_000076,exp_20260731,optimum,80,-0.08298795,0.11740408,0.081184745,-0.25722834,-0.29950348,0.3902889,-0.29637203,-0.1370468,-0.111927465,0.12103276,0.13335839,-0.238729,-0.36398485,0.4646326,-0.29473847,-0.1332587,-0.061780937,0.07388157,0.29701447,-0.17671911,-0.33487454,0.47054982,-0.54551256,-0.12815191,0.10806723,0.1317417,0.08333679,0.07509886,0.030396199,0.046228234,-0.06922885,0.11872618,-0.16920118,0.008613842,0.0,0.0,0.0,0.0,0.0,0.0,0.12431903,top_pair
frost_cycle_000076,exp_20260731,fixed_time,80,-0.0021508217,-0.020823885,0.19986796,-0.11523759,-0.5471471,0.5585176,-0.29152018,-0.1370468,-0.0053215385,-0.016816903,0.35514492,-0.21850309,-0.54668254,0.59711534,-0.24778119,-0.1332587,0.001563418,-0.11143955,0.51919967,-0.1270072,-0.4640503,0.53877926,-0.45890075,-0.12815191,0.10966176,0.12004223,0.059322286,0.12847726,0.07704862,0.090771854,0.055377495,0.33827886,-0.17900594,0.023784125,0.0,0.0,0.0,0.0,0.0,0.0,0.16391192,top_pair
frost_cycle_000060,exp_20260729,optimum,78,0.012292411,0.11772164,0.51163584,0.5071927,-0.32007796,-0.2954821,-0.21065204,-0.02332495,0.2534367,0.5027252,0.49072868,0.33147925,0.2881984,-0.44551286,-0.22433083,-0.055432204,0.3637711,0.604816,0.17741251,-0.039466456,0.42959628,-0.4123992,-0.42791665,-0.060959168,-0.55284536,-0.52265036,-0.41339213,0.5183337,0.50474215,0.33744538,1.0460279,0.4376998,0.9564918,0.6783976,0.0,0.0,-0.005456041,0.005456041,0.0,0.0,0.4277087,left_pair
frost_cycle_000060,exp_20260729,fixed_time,78,0.4417634,0.7494399,0.3514792,-0.20556736,0.1629432,-0.037272103,-0.29474378,-0.02332495,0.6567171,0.83605754,0.4409836,-0.36937863,0.2609625,-0.07970709,-0.22433083,-0.055432204,1.1810426,0.82295674,0.06665434,-0.57071245,0.281877,-0.116093926,-0.45674685,-0.060959168,-0.14534344,-0.11978615,-0.0666195,0.5394009,0.62697077,0.45527145,0.18993379,-0.013380375,0.2598072,0.37736467,0.0,0.0,-0.0054561184,0.0054561184,0.0,0.0,0.32984632,left_pair
frost_cycle_000061,exp_20260729,optimum,45,0.4863011,1.3176947,0.23026696,-0.8457149,0.48171312,0.2673087,-0.3033246,-0.023324948,0.68168217,1.4975823,-0.1303636,-0.8938747,-0.26138118,0.5497245,-0.22433084,-0.055432178,0.83910364,1.2038711,-0.43231732,-0.81064487,-0.34691852,0.53523713,-0.45674697,-0.06095915,0.32705432,0.3691533,0.29675934,0.56172556,0.7725035,0.5447122,-0.976514,-0.7804101,-0.7149882,0.010290907,0.0,0.0,-0.027678607,0.027678607,0.0,0.0,0.5641813,left_pair
frost_cycle_000061,exp_20260729,fixed_time,45,0.44494468,1.0645082,0.31533945,-0.43280202,0.360744,0.0006306433,-0.29737526,-0.023324948,0.6317522,1.0564626,0.3223157,-0.5706891,0.15535289,0.09186764,-0.22433084,-0.055432178,1.229891,0.9934046,-0.058062654,-0.6557275,0.11067208,0.0618312,-0.45674697,-0.06095915,-0.035094876,0.029214175,0.069200635,0.58813107,0.7476081,0.57179666,-0.378655,-0.24769942,-0.14522617,0.29317823,0.0,0.0,0.016766489,-0.016766489,0.0,0.0,0.36091816,left_pair
frost_cycle_000063,exp_20260730,optimum,80,-0.46489757,-0.13210979,-0.13197055,-0.0026135892,0.43149632,-0.24276257,-0.30332464,-0.023324948,-0.46670693,-0.106186196,0.12565121,-0.16310643,0.6163584,-0.31278878,-0.22433083,-0.055432193,-0.2844096,-0.29222912,0.26890466,-0.37063503,0.41312996,-0.24444108,-0.24720342,-0.060959153,-0.21188883,-0.18712859,-0.091777645,-0.31468385,-0.16681233,-0.122744896,1.834615,0.8196781,1.2032769,0.017040268,0.0,0.0,-0.0054560425,0.0054560425,0.0,0.0,0.4459905,left_pair
frost_cycle_000063,exp_20260730,fixed_time,80,-0.46489757,0.5525896,-0.22299966,-0.50585115,0.41129914,0.1619486,-0.30332464,-0.023324948,-0.46670693,0.2097694,0.21371946,-0.6477651,0.07891247,0.2510533,-0.22433083,-0.055432193,-0.2844096,-0.06314178,0.26678124,-0.63372004,-0.062901065,0.23904212,-0.4030834,-0.060959153,0.15850104,0.25766024,0.2690559,0.012598455,0.23583722,0.16706374,0.6946779,0.23768517,0.42163324,-0.22628975,0.0,0.0,-0.0054561137,0.0054561137,0.0,0.0,0.27167934,left_pair
frost_cycle_000064,exp_20260730,optimum,80,-0.46489757,-0.32869464,0.04828869,0.37715825,-0.25368306,-0.10828555,-0.30332464,-0.023324948,-0.46670693,-0.1491426,0.017161345,0.23963809,0.23266149,-0.26253796,-0.22433083,-0.055432193,-0.2844096,-0.27582914,0.16425216,-0.024355711,0.35549617,-0.29652032,-0.19353983,-0.060959153,-0.2062823,-0.19072826,-0.22697158,0.2597835,0.21334581,-0.008748358,0.28207558,0.2986707,0.38430563,0.096573375,0.0,0.0,-0.0054560425,0.0054560425,0.0,0.0,0.24010566,left_pair
frost_cycle_000064,exp_20260730,fixed_time,80,-0.18574144,0.24827878,-0.13304995,-0.13519892,-0.029751465,0.1579967,-0.30332464,-0.023324948,-0.24202213,0.16342172,0.0943806,-0.31004888,0.07374247,0.09513366,-0.22433083,-0.055432193,-0.2569324,-0.010354328,0.1775991,-0.39016134,0.16899064,-0.03331069,-0.41841584,-0.060959153,0.06898752,0.12323514,0.06136936,0.3091293,0.41551003,0.21247375,-0.0654789,0.031017328,0.068886586,-0.09391262,0.0,0.0,-0.0054561137,0.0054561137,0.0,0.0,0.15620272,left_pair
frost_cycle_000065,exp_20260730,optimum,80,0.11667772,0.5678052,0.05008767,-0.35980958,0.0557657,0.23542114,-0.289102,-0.023324948,0.15117629,0.4697686,0.044602882,-0.4293274,-0.074542806,0.23682435,-0.22433083,-0.055432193,-0.2844096,0.37658283,-0.09874399,-0.36938867,0.06980778,0.050150108,-0.35708603,-0.060959153,0.1957149,0.17347941,0.0762702,0.37155586,0.42971334,0.24472351,-0.6784644,-0.40632057,-0.5050877,-0.33296996,0.0,0.0,-0.0054560425,0.0054560425,0.0,0.0,0.23314017,left_pair
frost_cycle_000065,exp_20260730,fixed_time,80,0.16320372,0.50146544,-0.0060409484,-0.3624243,0.12797843,0.20313776,-0.30332464,-0.023324948,0.29160428,0.34372553,0.17734343,-0.4922719,0.100767516,0.1504769,-0.22433083,-0.055432193,-0.09206903,0.23820797,0.08963045,-0.46504655,0.22918248,-0.06794089,-0.41586047,-0.060959153,0.16024995,0.15464644,0.06234362,0.342192,0.42685747,0.2375414,-0.599038,-0.3188618,-0.3908481,-0.2763733,0.0,0.0,-0.0054561137,0.0054561137,0.0,0.0,0.16028218,left_pair
frost_cycle_000066,exp_20260730,optimum,80,-0.37184554,-0.43824655,0.15874693,0.5962206,-0.35755402,-0.2356936,-0.2874287,-0.023324948,-0.29819334,-0.1960555,0.16426083,0.49967957,0.35116044,-0.48806724,-0.21239154,-0.055432193,-0.2844096,-0.08261676,0.05019616,0.21058245,0.53331983,-0.52791303,-0.045326132,-0.060959153,-0.35015002,-0.41214532,-0.45354757,0.31929582,0.17825708,-0.06444507,0.25843653,0.28105348,0.3526307,0.14637718,0.0,0.0,-0.0054560425,0.0054560425,0.0,0.0,0.32127187,left_pair
frost_cycle_000066,exp_20260730,fixed_time,80,0.18646672,0.3140099,0.036055494,-0.2121737,0.00078465044,0.17091005,-0.30332464,-0.023324948,0.37586105,0.25159535,0.20223227,-0.35222748,0.16404136,0.04023976,-0.22433083,-0.055432193,-0.03711457,0.215658,0.0774968,-0.34851223,0.33522546,-0.1938689,-0.456747,-0.060959153,0.10431558,0.05640515,-0.06727385,0.3590458,0.39895254,0.17395303,-0.35375392,-0.22808298,-0.2222996,-0.20649454,0.0,0.0,-0.0054561137,0.0054561137,0.0,0.0,0.14393598,left_pair
frost_cycle_000067,exp_20260730,optimum,80,-0.25553045,-0.37616712,0.18177405,0.5268987,-0.30097002,-0.22445011,-0.28073567,-0.023324948,-0.21393652,-0.07736019,0.10235777,0.4542675,0.40691432,-0.5008359,-0.19249272,-0.055432193,-0.2844096,0.059345603,-0.03777256,0.25316626,0.57983,-0.5808631,-0.08621268,-0.060959153,-0.34248948,-0.4273302,-0.475969,0.31523675,0.17860976,-0.048808616,0.3076834,0.2830971,0.42326865,0.1349496,0.0,0.0,-0.0054560425,0.0054560425,0.0,0.0,0.31752467,left_pair
frost_cycle_000067,exp_20260730,fixed_time,80,0.27951878,0.3207048,0.07131579,-0.25190464,0.097843036,0.13189168,-0.30332464,-0.023324948,0.4320323,0.32902995,0.15564546,-0.36142486,0.23101647,0.002607836,-0.22433083,-0.055432193,-0.092069015,0.32584542,0.0040884553,-0.3322057,0.3931306,-0.24819212,-0.456747,-0.060959153,0.08312089,0.03501363,-0.0847344,0.33416733,0.396647,0.17907736,-0.23564272,-0.16887859,-0.11523201,-0.16822119,0.0,0.0,-0.0054561137,0.0054561137,0.0,0.0,0.16026914,left_pair
frost_cycle_000068,exp_20260730,optimum,32,0.4656229,1.1770355,-0.000823888,-0.892957,0.27472812,0.500952,-0.3033246,-0.023324946,0.6567171,0.9875063,-0.09244536,-0.90737545,-0.35980397,0.64886564,-0.22433083,-0.05543219,-0.28440964,0.80810744,-0.3232159,-0.65854335,-0.34484926,0.4995892,-0.45674694,-0.060959153,0.48436648,0.46683994,0.3880136,0.39094135,0.5571716,0.4880185,-0.997712,-0.77269304,-0.8882035,-0.5253018,0.0,0.0,-0.00545606,0.00545606,0.0,0.0,0.49134868,left_pair
frost_cycle_000068,exp_20260730,fixed_time,32,0.40746537,0.5486336,0.03335703,-0.35311335,0.12184712,0.18827629,-0.3033246,-0.023324946,0.6567171,0.4505513,0.21148585,-0.47499093,0.15264386,0.09683737,-0.22433083,-0.05543219,0.26513493,0.39426404,0.027142286,-0.4562701,0.29941273,-0.13465597,-0.45674694,-0.060959153,0.1248181,0.105103984,0.008498874,0.40228432,0.4839915,0.29309824,-0.4131662,-0.25992572,-0.29731357,-0.22395447,0.0,0.0,-0.00545606,0.00545606,0.0,0.0,0.17696732,left_pair
frost_cycle_000070,exp_20260731,optimum,80,-0.46489757,0.7065709,-0.20752835,-0.55132174,0.28442597,0.27327067,-0.30332464,-0.023324948,-0.46670693,0.33016038,-0.030701846,-0.6347594,-0.09598659,0.3764556,-0.22433083,-0.055432193,-0.2844096,-0.105166756,0.08659704,-0.501814,-0.13041827,0.27702147,-0.36730766,-0.060959153,0.2455174,0.3125491,0.32650596,0.011725536,0.16412771,0.09580837,-0.3648787,-0.64281666,-0.4530433,-0.6994022,0.0,0.0,-0.0054560425,0.0054560425,0.0,0.0,0.281332,left_pair
frost_cycle_000070,exp_20260731,fixed_time,80,-0.46489757,-0.0061250688,-0.04777763,-0.09234306,0.2983716,-0.0965411,-0.30332464,-0.023324948,-0.46670693,-0.14009914,-0.09420031,-0.23115262,0.29763907,-0.046145134,-0.22433083,-0.055432193,-0.2844096,-0.55975384,0.17759916,-0.30094296,0.16736276,-0.031703107,0.11310919,-0.060959153,-0.098813206,0.030612726,0.12297048,-0.2761312,-0.1640056,-0.16962084,0.34521955,-0.2956973,0.099861994,-0.5493165,0.0,0.0,-0.0054561137,0.0054561137,0.0,0.0,0.3049911,left_pair
frost_cycle_000071,exp_20260731,optimum,80,0.41909686,0.94332474,-0.09203289,-0.7425788,0.3441357,0.3570961,-0.30332464,-0.023324948,0.1792619,0.56755096,0.06630089,-0.78651613,-0.16108172,0.46905622,-0.22433083,-0.055432193,-0.2844096,0.4724203,-0.09935065,-0.58324265,-0.09572946,0.25726146,-0.456747,-0.060959153,0.35464728,0.37311038,0.3031935,0.22430491,0.39293805,0.2902648,-0.87816966,-0.7374588,-0.8041331,-0.6537859,0.0,0.0,-0.0054560425,0.0054560425,0.0,0.0,0.3810758,left_pair
frost_cycle_000071,exp_20260731,fixed_time,80,-0.022900362,0.37000316,-0.14420374,-0.2733963,0.06522308,0.2028038,-0.302488,-0.023324948,-0.07350852,0.19676945,0.10810137,-0.34540135,0.22549398,0.012792798,-0.22433083,-0.055432193,-0.2844096,0.090095595,0.08356362,-0.27954715,0.4321216,-0.29203248,-0.4541916,-0.060959153,0.14077714,0.047383316,-0.08804843,0.22356276,0.24289012,0.07384269,-0.31920975,-0.26974472,-0.28169823,-0.36807814,0.0,0.0,-0.0054561137,0.0054561137,0.0,0.0,0.18482304,left_pair
frost_cycle_000072,exp_20260731,optimum,80,-0.39510855,-0.29035145,-0.028708309,0.4531126,-0.31002668,-0.12926976,-0.27236944,-0.023324948,-0.35436454,-0.13670786,0.11193043,0.3644494,0.40850052,-0.45174593,-0.22433083,-0.055432193,-0.2844096,-0.02265433,0.018952101,0.1606243,0.6402156,-0.6021637,-0.23442638,-0.060959153,-0.24547021,-0.36342221,-0.47631913,0.24063706,0.09983754,-0.11572907,0.039187,0.15883137,0.15428703,0.01295612,0.0,0.0,-0.0054560425,0.0054560425,0.0,0.0,0.28979343,left_pair
frost_cycle_000072,exp_20260731,fixed_time,80,0.046888668,0.3018375,-0.15283892,-0.12550534,-0.07519501,0.17870261,-0.30332464,-0.023324948,0.17926194,0.20411725,0.13522387,-0.24660137,0.23935899,-0.05153718,-0.22433083,-0.055432193,-0.06459181,0.3360954,-0.04171601,-0.2616827,0.46208182,-0.32616028,-0.456747,-0.060959153,0.07644287,-0.0045441985,-0.15615737,0.32996008,0.337902,0.14425342,-0.23099574,-0.10707556,-0.13757977,-0.19209647,0.0,0.0,-0.0054561137,0.0054561137,0.0,0.0,0.17432752,left_pair
frost_cycle_000073,exp_20260731,optimum,80,-0.37184554,-0.4394638,0.11593087,0.6143323,-0.33286864,-0.261242,-0.29746825,-0.023324948,-0.21393652,-0.20001204,0.12979937,0.55421716,0.48323068,-0.5966569,-0.19249271,-0.055432193,-0.2569324,0.02244566,-0.024728913,0.3710508,0.6951363,-0.71928346,0.04411316,-0.060959153,-0.4082386,-0.5223199,-0.5920232,0.19325125,0.024841994,-0.15288374,0.36370307,0.22690797,0.37087592,0.05668489,0.0,0.0,-0.0054560425,0.0054560425,0.0,0.0,0.36891767,left_pair
frost_cycle_000073,exp_20260731,fixed_time,80,0.09341468,0.25558224,-0.03482485,-0.11326082,-0.038808122,0.12860769,-0.30332464,-0.023324948,0.34777546,0.2566823,0.13586202,-0.20923701,0.3378242,-0.13754763,-0.22433083,-0.055432193,0.21018049,0.40682036,-0.084790334,-0.19728765,0.5458776,-0.4195346,-0.456747,-0.060959153,0.026987055,-0.09260581,-0.21719739,0.30235547,0.30341345,0.1225857,-0.0727309,-0.11067996,-0.035771906,-0.17713211,0.0,0.0,-0.0054561137,0.0054561137,0.0,0.0,0.19975011,left_pair
frost_cycle_000075,exp_20260731,optimum,80,0.02362566,-1.1144253,-0.6072649,-0.52517456,0.2060419,0.44075465,1.0695806,-0.023324948,-0.46670693,-1.1682266,-0.4917838,-0.116185404,-1.0181282,0.8432784,0.20548356,-0.055432193,-0.2844096,-1.3300407,0.18760939,0.18586305,-1.4146788,1.2187353,0.79029244,-0.060959153,0.9135567,0.87011987,0.9630772,-1.1021591,-1.0279747,-0.5310045,0.16668628,0.6464261,0.0886306,0.7361571,0.0,0.0,-0.0054560425,0.0054560425,0.0,0.0,0.6967179,left_pair
frost_cycle_000075,exp_20260731,fixed_time,80,0.79130507,-0.90384215,-0.41081476,-0.6470459,-0.75404274,1.2086538,0.3743434,-0.023324948,-0.073508516,-0.9715315,-0.2757613,-0.32147378,-1.7253033,1.3636097,0.042313285,-0.055432193,0.3200894,-1.240866,0.27952152,0.024044435,-1.6726162,1.4807726,0.50919753,-0.060959153,1.1883495,1.1889919,1.1606491,-0.7357861,-0.571757,-0.2371935,0.02734859,0.5702235,-0.063808985,0.6380378,0.0,0.0,-0.0054561137,0.0054561137,0.0,0.0,0.73532444,left_pair
frost_cycle_000076,exp_20260731,optimum,80,0.41909677,-0.7711626,-0.3428127,-0.7334591,-0.7417802,1.2166691,0.93237364,-0.023324948,-0.35436454,-0.8907057,-0.3383025,-0.39541206,-1.6459907,1.3519644,0.25324073,-0.055432193,-0.22945519,-1.0522659,0.19640626,-0.06693956,-1.6074244,1.4511662,0.5194192,-0.060959153,1.2787516,1.283837,1.2077464,-0.6500118,-0.5427955,-0.19145465,-0.54605865,0.18958282,-0.39890736,0.43317884,0.0,0.0,-0.0054560425,0.0054560425,0.0,0.0,0.7356033,left_pair
frost_cycle_000076,exp_20260731,fixed_time,80,1.6287733,-0.8411541,-0.33381772,-0.663627,-0.90984917,1.3034445,0.49816418,-0.023324948,0.90948755,-0.9342273,-0.26267868,-0.36286193,-1.8022659,1.4280521,0.13384785,-0.055432193,1.5290874,-1.2603408,0.31379896,-0.0018174469,-1.736955,1.5404545,0.5296408,-0.060959153,1.2327269,1.2597173,1.2158945,-0.6145789,-0.44271082,-0.13135792,-0.28226382,0.5393092,-0.1990864,0.59539545,0.0,0.0,-0.0054561137,0.0054561137,0.0,0.0,0.81148934,left_pair
frost_cycle_000060,exp_20260729,optimum,234,0.07988438,-0.09514642,0.1129353,0.09268087,-0.315577,0.21484086,-0.0061616325,-0.08670974,0.07217029,-0.016281502,0.094703935,5.0308357e-05,-0.19267343,0.14086623,-0.01748817,-0.10640009,0.0740739,-0.052235123,0.069798954,-0.08561493,-0.04734067,0.08420998,-0.055190552,-0.07655259,-0.050556254,-0.032900125,-0.0019289326,0.16547886,0.16231176,0.12950397,0.18422155,0.064140186,0.11973144,0.09439781,-0.0028071608,-0.002807128,0.0027058104,0.007574766,-0.0028071608,-0.0017774696,0.083640456,all
frost_cycle_000060,exp_20260729,fixed_time,234,0.12753932,0.07853994,0.10592609,-0.15129866,-0.3164765,0.34036627,-0.012314725,-0.07169069,0.116298266,0.057421327,0.113141246,-0.19925027,-0.22525866,0.29107106,-0.011052364,-0.07905963,0.09166552,0.09807385,0.039896224,-0.18210791,-0.09516864,0.19762294,-0.016619654,-0.019642854,0.04383375,0.068645455,0.05169192,0.26669532,0.2524144,0.19199127,-0.1280446,-0.026496109,-0.019046234,0.03476651,-0.0028071164,-0.0028071236,0.002705838,0.007574777,-0.002807125,-0.0017774905,0.03673406,all
frost_cycle_000061,exp_20260729,optimum,137,0.13364758,0.33655414,0.090169616,-0.4451807,-0.2326765,0.38640106,0.040336274,-0.016285611,0.13370815,0.33043182,0.05504004,-0.36375836,-0.30888468,0.47085795,0.032681122,0.04283051,0.10819419,0.34031972,-0.036312632,-0.23684192,-0.24850984,0.42914087,0.01183766,0.07491639,0.14320152,0.17161284,0.10169706,0.31703004,0.29176214,0.20166908,-0.5465965,-0.40623435,-0.15310675,0.0052146353,0.00044906227,0.00044909012,-0.013655474,0.010861403,0.00044904836,0.0014816896,0.1856182,all
frost_cycle_000061,exp_20260729,fixed_time,137,0.14382212,0.21775177,0.08166128,-0.21324505,-0.30029446,0.34120116,-0.0019313769,-0.01740095,0.13006425,0.18174677,0.088303156,-0.24015933,-0.235372,0.30879742,0.047730394,0.049748775,0.10652489,0.25590622,-0.0067107137,-0.19349034,-0.12876183,0.23326331,0.05320432,0.10669449,0.05362524,0.0810422,0.05868298,0.3109719,0.29154995,0.22177474,-0.2718976,-0.08566701,-0.064301096,0.0433386,0.00044907272,-0.019087888,0.0059780586,0.0108614005,0.00044907443,0.0014816427,0.0799481,all
frost_cycle_000063,exp_20260730,optimum,240,-0.004442533,-0.18596874,-0.033381768,-0.108487815,0.23459326,-0.07984074,-0.1070184,-0.12001285,-0.006061411,-0.11748918,-0.0003668656,-0.16191348,0.26149362,-0.089424305,-0.19621338,-0.2096863,-0.0033168474,-0.1807117,0.039052885,-0.22187799,0.18104228,-0.022992177,-0.1540248,-0.26823992,0.029683381,0.019426318,0.064754695,-0.1480949,-0.08308962,-0.035231955,0.51947075,0.1453378,0.19330972,-0.009773566,-0.0028071562,-0.0028071245,0.0027058444,0.007574765,-0.0028071562,-0.0017774741,0.17887048,all
frost_cycle_000063,exp_20260730,fixed_time,240,0.08858835,0.054450627,0.0041405917,-0.25598857,-0.11320588,0.2895517,-0.08321666,-0.058255177,0.08754209,0.02560271,0.0648311,-0.29273605,-0.112776,0.3174207,-0.20099422,-0.10305848,0.04966313,0.03202207,0.036353692,-0.26119414,-0.07977554,0.28346258,-0.14965194,-0.09964482,0.112305835,0.124204,0.11283148,0.10421757,0.12640786,0.11290186,0.11653362,0.07677873,0.046693303,-0.037990067,-0.0028071026,-0.0028071126,0.0027058322,0.007574779,-0.0028071166,-0.001777496,0.07703391,all
frost_cycle_000064,exp_20260730,optimum,240,0.04751784,-0.18310325,0.024062272,0.07525876,-0.09542796,0.07998447,-0.018528175,-0.101549216,0.047692187,-0.12603948,0.009250814,0.014800549,0.011450815,-0.007840172,0.006450669,-0.13860108,0.054046407,-0.19384271,0.043046255,-0.076656915,0.071212195,-0.020871611,-0.032653473,-0.11565067,0.0047938577,0.0018632074,0.017563796,0.016720215,0.022200298,0.0081443945,0.17386751,0.060398377,0.053477462,0.016615285,-0.0028071562,-0.0028071245,0.0027058444,0.007574765,-0.0028071562,-0.0017774741,0.0957532,all
frost_cycle_000064,exp_20260730,fixed_time,240,0.123539716,-0.015950285,0.050259147,-0.1117215,-0.28795585,0.3455737,-0.019506237,-0.08817899,0.12662569,-0.04317696,0.06512007,-0.15853074,-0.18487126,0.26449147,0.011306232,-0.10700766,0.1062641,-0.026774285,0.035041045,-0.14837055,-0.0747808,0.17223899,0.02001524,-0.06549897,0.07713099,0.08653434,0.06946886,0.18286987,0.17441788,0.13948993,-0.023434615,0.036863986,-0.025141494,-0.014511706,-0.0028071285,-0.0028071285,0.0027058362,0.007574781,-0.0028071254,-0.00177749,0.03118993,all
frost_cycle_000065,exp_20260730,optimum,240,0.098026276,0.14299962,0.052365217,-0.22594404,-0.23215064,0.3139752,0.03422686,-0.024511294,0.09575297,0.101926774,0.052612934,-0.21037652,-0.23361348,0.32568932,0.061878905,0.0025820334,0.07548614,0.107818395,0.0013749282,-0.15080494,-0.10525099,0.21172898,0.007868418,0.02840201,0.10237978,0.115084365,0.06608187,0.21329917,0.18870153,0.12652507,-0.30706602,-0.20496383,-0.10941294,-0.04533807,-0.0028071562,-0.0028071245,0.0027058444,0.007574765,-0.0028071562,-0.0017774741,0.08471935,all
frost_cycle_000065,exp_20260730,fixed_time,240,0.13463704,0.08945443,0.07729415,-0.19086476,-0.3048967,0.3677381,-0.0009865463,-0.051888403,0.12377923,0.017618231,0.088441916,-0.21788412,-0.23433354,0.32460064,0.057620905,-0.014201971,0.10264318,0.08390122,0.019936582,-0.16431302,-0.092894964,0.19265804,0.01564238,0.030536193,0.089530416,0.10657881,0.06373133,0.252119,0.22959451,0.16840625,-0.24655558,-0.044961344,-0.10115628,-0.04436403,-0.0028071285,-0.0028071285,0.0027058444,0.007574781,-0.0028071324,-0.00177749,0.041372918,all
frost_cycle_000066,exp_20260730,optimum,240,0.032686852,-0.17742847,0.042715993,0.17071368,-0.124300495,0.032558344,-0.019115066,-0.08244889,0.024701834,-0.10510381,0.016722066,0.10378747,-0.011008342,-0.062544964,0.029458603,-0.058630224,0.02812813,-0.14172907,0.025445927,-0.0077620824,0.12325363,-0.13942586,-0.014481799,-0.05802959,-0.04031467,-0.05062097,-0.040332716,0.03540443,0.02900079,-0.01037767,0.12701224,0.0334824,0.059118558,0.028204544,-0.0028071562,-0.0028071245,0.0027058444,0.007574765,-0.0028071562,-0.0017774741,0.11463732,all
frost_cycle_000066,exp_20260730,fixed_time,240,0.12177658,0.05315834,0.0749087,-0.1244925,-0.3340084,0.36518064,0.00044808784,-0.060165208,0.11075139,0.013343086,0.081734255,-0.15583834,-0.22320952,0.2757927,0.04208308,-0.019138442,0.09139921,0.06133233,0.017348321,-0.11093963,-0.0548236,0.11221754,0.013213,0.018798562,0.073547274,0.07458374,0.027861895,0.23943356,0.21398662,0.14489159,-0.18211818,-0.05912703,-0.07031482,-0.030848276,-0.0028071224,-0.0028071285,0.0027058374,0.007574781,-0.0028071254,-0.00177749,0.03922566,all
frost_cycle_000067,exp_20260730,optimum,240,0.057578053,-0.16928154,0.06244426,0.1536243,-0.17157547,0.07441495,-0.009855239,-0.08117554,0.052071285,-0.088317536,0.034223758,0.08554478,-0.038110804,-0.040421978,0.04185896,-0.056655634,0.054904,-0.10356713,0.02581569,0.0032384554,0.11190089,-0.14332993,-0.036637623,-0.06443192,-0.044759784,-0.057146274,-0.05375288,0.06859113,0.059039626,0.01952947,0.123162076,0.028609278,0.0673864,0.033608343,-0.0028071562,-0.0028071245,0.0027058444,0.007574765,-0.0028071562,-0.0017774741,0.10795403,all
frost_cycle_000067,exp_20260730,fixed_time,240,0.12561396,0.05085473,0.077036254,-0.1480697,-0.31597802,0.36158603,-0.0036601622,-0.049978375,0.114911556,0.021767652,0.08505713,-0.17361504,-0.21420845,0.27676475,0.03259604,0.004556627,0.09406725,0.08530812,0.009953217,-0.11595483,-0.035498913,0.08691136,0.037312355,0.03907265,0.073664516,0.07554342,0.026486993,0.2375694,0.21608715,0.15169862,-0.1589387,-0.050987046,-0.05536335,-0.023444021,-0.0028071254,-0.0028071254,0.0027058432,0.007574781,-0.0028071294,-0.00177749,0.04173691,all
frost_cycle_000068,exp_20260730,optimum,96,0.14075613,0.34599912,0.054030728,-0.44303027,-0.24970274,0.42437807,0.036346335,-0.010186052,0.14266415,0.32656094,0.038382474,-0.36155593,-0.319589,0.4855722,0.05989929,0.06428795,0.10483471,0.32782114,-0.04171997,-0.21096897,-0.24242686,0.41790697,-0.04965907,0.077486746,0.1557167,0.17552672,0.11185229,0.29854438,0.27280512,0.20294543,-0.54038554,-0.38876188,-0.17309415,-0.061674025,-0.0028070759,-0.0028071005,0.0027058173,0.0075747743,-0.0028070856,-0.0017774949,0.18559116,all
frost_cycle_000068,exp_20260730,fixed_time,96,0.16305448,0.08613944,0.088146836,-0.17400052,-0.3470961,0.39308503,-0.008648743,-0.07385375,0.15196978,0.029814998,0.10076326,-0.21248211,-0.24028663,0.31712264,0.03823599,-0.059123874,0.12293947,0.1241149,-3.014505e-05,-0.13528346,-0.08377788,0.15038043,0.092702,0.005460354,0.07913227,0.09476598,0.04984231,0.28269222,0.25884116,0.1947006,-0.23633198,-0.04674533,-0.08864594,-0.035745647,-0.0028071057,-0.0028071057,0.0027058322,0.0075747767,-0.0028071105,-0.00177749,0.050078303,all
frost_cycle_000070,exp_20260731,optimum,240,0.039324522,0.20103955,0.003452913,-0.29499736,-0.1698083,0.32630768,0.0035780747,0.034699682,0.030066269,0.13958584,0.036576595,-0.27803144,-0.19932261,0.3625739,-0.012523413,0.08748936,0.004592069,0.10324596,0.0066438993,-0.20121314,-0.13747698,0.30007592,-0.004278469,0.11376674,0.1330763,0.15744352,0.13150385,0.16844018,0.15864867,0.119079985,-0.22851554,-0.15440635,-0.098457426,-0.12094733,-0.0028071562,-0.0028071245,0.0027058444,0.007574765,-0.0028071562,-0.0017774741,0.09735821,all
frost_cycle_000070,exp_20260731,fixed_time,240,-0.02974851,-0.033817388,-0.026182469,-0.11208989,0.09135997,0.028807433,-0.08086909,-0.050615046,-0.041532222,-0.050972823,-0.008230237,-0.13909721,0.08869837,0.05072675,-0.10074537,-0.060604814,-0.03571473,-0.10116371,0.004702717,-0.15023753,0.049390126,0.084917195,-0.045772098,-0.053761348,0.046518724,0.07919729,0.10758091,-0.045685865,-0.017170675,-0.004217132,0.1116003,-0.00075883867,0.022129495,-0.10510487,-0.0028071206,-0.0028071215,0.0027058362,0.007574781,-0.0028071264,-0.00177749,0.13537335,all
frost_cycle_000071,exp_20260731,optimum,240,0.11513896,0.29700506,0.029843194,-0.36660904,-0.23696055,0.39322713,0.020076243,-0.014324458,0.10889031,0.20974866,0.05465618,-0.33068836,-0.2662407,0.4271932,0.044996437,0.06083243,0.072341695,0.27113512,-0.024951585,-0.20234795,-0.16178551,0.30569324,-0.0013631979,0.108431436,0.14087074,0.16333294,0.09760393,0.27148736,0.24915782,0.18082497,-0.43160126,-0.21856636,-0.15548293,-0.08663675,-0.0028071562,-0.0028071245,0.0027058444,0.007574765,-0.0028071562,-0.0017774741,0.1446194,all
frost_cycle_000071,exp_20260731,fixed_time,240,0.10362676,0.08029612,0.05225776,-0.16818808,-0.28649428,0.35551924,-0.0022907516,-0.042974923,0.088198945,0.02849472,0.074180484,-0.18726683,-0.18603829,0.2615495,0.060235452,-0.00531632,0.066624366,0.07217713,0.018087808,-0.13001202,-0.0031311403,0.056563605,0.04022761,0.04227382,0.09158823,0.08989692,0.035517048,0.21643879,0.19327441,0.13301587,-0.16029553,-0.026267437,-0.07240189,-0.055144463,-0.0028071234,-0.0028071234,0.0027058383,0.007574782,-0.0028071294,-0.001777491,0.044027824,all
frost_cycle_000072,exp_20260731,optimum,240,0.073135056,-0.1352329,0.044736106,0.10810722,-0.16070674,0.096238375,-0.0130505245,-0.08945235,0.068383485,-0.09762228,0.046338752,0.036339585,0.003654035,-0.057853397,0.060907714,-0.06751587,0.06767257,-0.13616015,0.04153026,-0.04371042,0.16405143,-0.19255202,0.04702986,-0.06549897,-0.023211082,-0.04689436,-0.052373745,0.07029297,0.052848957,0.01450688,0.073876,0.053587094,0.02176981,0.023341613,-0.0028071562,-0.0028071245,0.0027058444,0.007574765,-0.0028071562,-0.0017774741,0.107835084,all
frost_cycle_000072,exp_20260731,fixed_time,240,0.16129135,0.05265267,0.06549589,-0.1004241,-0.33798122,0.35550502,-0.0062685707,-0.07735548,0.1618775,0.00428981,0.08850384,-0.14522412,-0.17507562,0.20715575,0.056500386,-0.058630224,0.1304672,0.070008166,0.018660946,-0.11923119,0.0019726832,0.027044402,0.0825958,-0.016414322,0.054682948,0.041803475,0.00582911,0.237757,0.21114007,0.15595978,-0.1056049,0.029806558,-0.042577125,-0.0072272,-0.0028071215,-0.0028071215,0.0027058444,0.0075747767,-0.0028071324,-0.00177749,0.05503814,all
frost_cycle_000073,exp_20260731,optimum,240,0.05436295,-0.1678769,0.046390884,0.18518333,-0.13623217,0.027642393,-0.018984636,-0.091999054,0.050100677,-0.11409421,0.026071439,0.12329003,0.063259594,-0.1638933,0.044996437,-0.10009659,0.050234906,-0.13246703,0.020380298,0.034738984,0.20949498,-0.2934678,0.049556408,-0.09644363,-0.06295318,-0.09344795,-0.08757293,0.04260411,0.025261585,-0.0049993116,0.13832574,0.048301425,0.0660514,0.022544255,-0.0028071562,-0.0028071245,0.0027058444,0.007574765,-0.0028071562,-0.0017774741,0.14434768,all
frost_cycle_000073,exp_20260731,fixed_time,240,0.14718634,0.040347952,0.08047476,-0.10441504,-0.3332112,0.34842947,-0.0067902505,-0.07735548,0.14151464,0.010891165,0.08765762,-0.13366064,-0.15384562,0.18078186,0.03999145,-0.06060481,0.114458844,0.08970466,0.008806984,-0.09662619,0.029770982,-0.016883293,0.055192526,-0.026017841,0.04937533,0.025326781,-0.009839535,0.23469947,0.20451187,0.14804125,-0.08916794,0.005078414,-0.027607238,-0.013496252,-0.0028071215,-0.0028071215,0.0027058444,0.0075747767,-0.0028071324,-0.00177749,0.0622158,all
frost_cycle_000075,exp_20260731,optimum,240,-0.1685169,-0.15855004,-0.08831142,-0.2259031,0.2536069,-0.003288301,0.06044146,-0.12001285,-0.16031566,-0.14458609,-0.07803068,-0.05477009,-0.058968373,0.20219208,0.0059277373,-0.2096863,-0.11003915,-0.24824253,0.095902644,-0.087053366,-0.33269778,0.49954814,0.014379135,-0.27144107,0.22050622,0.19785723,0.20531675,-0.2981839,-0.27796558,-0.1686794,0.19309276,0.15837115,0.051910322,0.100836374,-0.0028071562,-0.0028071245,0.0027058444,0.007574765,-0.0028071562,-0.0017774741,0.17466734,all
frost_cycle_000075,exp_20260731,fixed_time,240,-0.08129403,-0.029996749,0.018195359,-0.26667202,-0.30473727,0.52253366,-0.009985554,-0.12001285,-0.069230124,-0.09265557,0.015813943,-0.13764745,-0.5019687,0.6386251,0.05104722,-0.2096863,-0.06010839,-0.18458067,0.12335692,-0.11284321,-0.54308814,0.73709196,0.081332564,-0.26930696,0.27365354,0.29511684,0.25288373,-0.057766087,-0.0733012,-0.029475098,0.10961045,0.13196614,-0.0008782864,0.089724526,-0.0028071026,-0.0028071045,0.0027058204,0.007574782,-0.0028071175,-0.001777496,0.1722324,all
frost_cycle_000076,exp_20260731,optimum,240,-0.082020044,0.06276613,0.007149259,-0.3252261,-0.2504468,0.47635785,0.048377562,-0.12001285,-0.09999339,-0.040913645,0.012780062,-0.18367697,-0.45470396,0.6159578,0.067033224,-0.2096863,-0.06344341,-0.092956826,0.104129694,-0.1509697,-0.5180163,0.73396033,0.034299947,-0.26610577,0.28060272,0.3156029,0.25810415,-0.028831612,-0.06239088,-0.01969858,-0.12903422,0.017332649,-0.072421424,0.056937378,-0.0028071562,-0.0028071245,0.0027058444,0.007574765,-0.0028071562,-0.0017774741,0.18099362,all
frost_cycle_000076,exp_20260731,fixed_time,240,-0.038356718,0.00011887352,0.03629035,-0.2666925,-0.40064245,0.59530675,0.009903564,-0.12001285,-0.044816572,-0.09227834,0.042768247,-0.1603084,-0.5758642,0.71045023,0.06509103,-0.2096863,-0.027901124,-0.1712738,0.12977217,-0.1208785,-0.5944099,0.7984897,0.06704784,-0.2607705,0.27318108,0.3065118,0.2564016,0.012533023,-0.021969378,0.011529865,-0.028836919,0.13497782,-0.04130311,0.085369706,-0.0028070977,-0.0028071066,0.0027058125,0.0075747836,-0.0028071254,-0.001777492,0.1804823,all
