timestamp,ambient_temperature,environment_temperature,environment_relative_humidity,water_in_temperature,water_out_temperature,water_temperature_setpoint,water_flow,evaporating_pressure,evaporating_temperature,coil_temperature,suction_temperature,superheat,compressor_frequency,compressor_frequency_setpoint,compressor_power,fan_speed,fan_current,exv_opening,heating_capacity,power_total,cop,evaporator_capacity,water_delta_temperature,cycle,date,minute,early,evaporating_temperature_normal,coil_temperature_normal,suction_temperature_normal,heating_capacity_normal,cop_normal,evaporator_capacity_normal,water_delta_temperature_normal,z_r,z_a,z_coil,z_suction,D_Q,D_COP,D_Qe_proxy,D_deltaT,rate_1m,rate_3m,rate_5m,z_mean_5m,z_std_5m,z_lag_1m,z_lag_2m,z_lag_3m,z_lag_4m,z_lag_5m,phase
2026-07-16 11:30:00,0.235,,,45.055,49.44,50.0,1.5254999999999999,0.38,-7.0,-3.41,-4.620000000000001,2.395,71.0,72.0,2.4096,401.0,0.3894444444444445,164.0,7.4455,2.59435,2.869420900983894,5.0341499999999995,4.390000000000001,frost_cycle_000011,2026-07-16,0.0,True,-6.9390017841254945,-3.3936115376890643,-2.0496727470984,7.353760174986256,2.7964263025764593,4.935789245245235,4.081442691542253,0.06099821587450549,7.235,0.016388462310935825,2.570327252901601,-0.012475226663740902,-0.026102814989324763,-0.01992807023709875,-0.07560005904215039,,,,,,,,,,,cold candidate
2026-07-16 11:31:00,-0.265,,,44.9725,49.21222222222222,50.0,1.5252499999999998,0.3725,-7.6,-3.9008333333333334,-5.1575,2.3172222222222225,72.0,73.0,2.4056,401.0,0.4,161.5,7.38,2.5962500000000004,2.7648733702982167,4.9574,4.275000000000006,frost_cycle_000011,2026-07-16,1.0,True,-7.537725216207776,-3.9539115833306706,-2.2248352127603663,7.2892731571593545,2.7470013168053216,4.843271663469012,4.128181595249501,0.06227478379222351,7.335,-0.053078249997337235,2.9326647872396334,-0.012446624085082458,-0.006506022907073028,-0.023564306208923913,-0.03556490947962554,0.001276567917718019,,,,,0.06099821587450549,,,,,cold candidate
2026-07-16 11:32:00,-0.78,,,44.87499999999999,49.12,50.0,1.524,0.36549999999999994,-8.205,-4.625,-4.8149999999999995,3.375,73.0,74.0,2.4722000000000004,400.0,0.4,159.5,7.2265,2.66015,2.714602048197873,4.754299999999999,4.270000000000007,frost_cycle_000011,2026-07-16,2.0,True,-8.154974561230171,-4.5081662984738315,-2.4528197373218776,7.2265,2.701695014733729,4.753096714685032,4.178069267010499,0.05002543876982912,7.425,0.11683370152616845,2.362180262678122,0.0,-0.00477738360316593,-0.00025315818027626946,-0.022003161535731675,-0.012249345022394387,,,,,0.06227478379222351,0.06099821587450549,,,,cold candidate
2026-07-16 11:33:00,-1.2550000000000003,,,44.769999999999996,48.97,50.0,1.523,0.36,-8.7,-4.995,-4.025,4.6675,73.0,74.0,2.4577999999999998,401.0,0.4,157.5,7.040000000000001,2.6439,2.663639803253879,4.5774,4.199999999999999,frost_cycle_000011,2026-07-16,3.0,True,-8.546322767138536,-4.918091908055966,-2.593803097186026,7.132259750565305,2.6806889692012517,4.675609005009917,4.13716405730767,0.1536772328614635,7.4449999999999985,0.07690809194403414,1.4311969028139742,0.01293555672281732,0.006359994069902397,0.021004537570332715,-0.015188167987039147,0.10365179409163439,0.03089300566231934,,0.08174391782450541,0.048269711190053015,0.05002543876982912,0.06227478379222351,0.06099821587450549,,,cold candidate
2026-07-16 11:34:00,-1.58,,,44.60000000000001,48.934999999999995,50.0,1.4775,0.36,-8.7,-5.2250000000000005,-3.975,4.73,74.0,75.0,2.4647,400.0,0.4,155.5,7.0595,2.652738888888889,2.6658025228769526,4.6005,4.319999999999986,frost_cycle_000011,2026-07-16,4.0,True,-9.015607103954094,-5.332880292079303,-2.833746119842787,7.090230587875601,2.637058247379991,4.6005,4.374152943448456,-0.3156071039540951,7.119999999999999,-0.10788029207930272,1.1412538801572132,0.004334215579412937,-0.010900129159270744,0.0,0.012380212614554131,-0.4692843368155586,-0.12596062924877285,,0.00227371346878531,0.18255147401617416,0.1536772328614635,0.05002543876982912,0.06227478379222351,0.06099821587450549,,cold candidate
2026-07-16 11:35:00,-1.8250000000000002,,,44.510000000000005,49.0,50.0,1.4692500000000002,0.35,-9.5,-5.690000000000001,-3.0300000000000002,6.45,75.0,76.0,2.5384,400.0,0.4,155.0,7.0105,2.7303500000000005,2.5682936639620504,4.4732,4.489999999999995,frost_cycle_000011,2026-07-16,5.0,True,-9.377057023438198,-5.632673609744966,-3.0300000000000002,7.097086220919046,2.6060364629362054,4.572794558213316,4.4687056089145205,0.1229429765618022,7.675,0.057326390255035165,0.0,0.01220024926058072,0.01448283610415424,0.021779801595160464,-0.004765225760899217,0.4385500805158973,0.024305845930657693,0.01238895213745934,0.02238525731762146,0.17054875463715438,-0.3156071039540951,0.1536772328614635,0.05002543876982912,0.06227478379222351,0.06099821587450549,cold candidate
2026-07-16 11:36:00,-2.0700000000000003,,,44.5,48.919999999999995,50.0,1.4700000000000002,0.35,-9.5,-5.9,-1.9749999999999999,7.544999999999999,75.0,76.0,2.5339,400.0,0.4,155.0,7.0145,2.7257000000000002,2.5734680724280983,4.4806,4.419999999999995,frost_cycle_000011,2026-07-16,6.0,True,-9.55654691777044,-5.792456977144403,-3.177931788839919,7.070366688634235,2.602368161020985,4.551958622349284,4.4402404731575205,-0.056546917770440075,7.43,0.10754302285559714,-1.202931788839919,0.007901526341489773,0.01110530363296025,0.015676465510676252,0.0045584182388059835,-0.17948989433224227,-0.0700747168773012,-0.023764340312532717,0.0027944017101305305,0.17197145489669896,0.1229429765618022,-0.3156071039540951,0.1536772328614635,0.05002543876982912,0.06227478379222351,cold candidate
2026-07-16 11:37:00,-2.3549999999999995,,,44.5,48.897499999999994,50.0,1.473,0.35,-9.5,-5.975,-2.045,7.465000000000001,75.0,76.0,2.526738888888889,400.5,0.4,155.0,7.06,2.7187,2.59778489163631,4.534222222222222,4.397499999999994,frost_cycle_000011,2026-07-16,7.0,True,-9.755452613512182,-5.975,-3.3426710303004845,7.0431875760953275,2.59778489163631,4.531384512375499,4.397499999999994,-0.2554526135121815,7.1450000000000005,0.0,-1.2976710303004846,-0.0023870475864840035,0.0,-0.0006262346174712441,0.0,-0.19890569574174144,0.020051496813971188,-0.061095610456402126,-0.05016016450727031,0.19707835752075853,-0.056546917770440075,0.1229429765618022,-0.3156071039540951,0.1536772328614635,0.05002543876982912,cold candidate
2026-07-16 11:38:00,-2.6050000000000004,,,44.5,48.89999999999999,50.0,1.467,0.35,-9.5,-6.0,-2.9499999999999997,6.605,76.0,77.0,2.53475,401.0,0.4,155.0,7.103999999999999,2.72745,2.611880991264737,4.574250000000001,4.3999999999999915,frost_cycle_000011,2026-07-16,8.0,True,-10.086283447633328,-6.238058482586316,-3.5700504439249303,7.069562789976674,2.5687364330088074,4.518489118629585,4.4798818757392596,-0.5862834476333276,6.895,-0.23805848258631634,-0.6200504439249306,-0.0048711937422991625,-0.01679602379656897,-0.012340603220779123,0.017831245991522082,-0.3308308341211461,-0.23640880806504327,-0.14799213609895823,-0.1562116455744631,0.28429172158260074,-0.2554526135121815,-0.056546917770440075,0.1229429765618022,-0.3156071039540951,0.1536772328614635,cold candidate
2026-07-16 11:39:00,-2.8149999999999995,,,44.47888888888889,48.973888888888894,50.0,1.4600000000000002,0.33999999999999997,-10.400000000000002,-6.33,-3.2444444444444445,7.155555555555555,77.0,78.0,2.613,401.0,0.4,155.0,7.048388888888889,2.8095000000000003,2.5082844963263495,4.434277777777778,4.509999999999998,frost_cycle_000011,2026-07-16,9.0,True,-10.400000000000002,-6.481128796117562,-3.7774627346300145,7.095506808985988,2.5408611755950568,4.505238017178367,4.5716943700578145,0.0,7.585000000000003,-0.15112879611756203,-0.53301829018557,0.006640529191998978,0.012821117336754062,0.015750608320807657,0.01349485881249679,0.5862834476333276,0.01884897259014669,0.06312142079081902,-0.18182451771804034,0.2563371844739427,-0.5862834476333276,-0.2554526135121815,-0.056546917770440075,0.1229429765618022,-0.3156071039540951,cold candidate
2026-07-16 11:40:00,-3.0600000000000005,,,44.5,49.025000000000006,50.0,1.4600000000000002,0.33999999999999997,-10.400000000000002,-6.4799999999999995,-2.73,7.6850000000000005,77.0,78.0,2.6092000000000004,400.5,0.4,155.0,7.072000000000001,2.806,2.5198209760653354,4.462350000000001,4.525000000000006,frost_cycle_000011,2026-07-16,10.0,True,-10.583505647090725,-6.63775361166119,-3.9273437391172723,7.067553268818838,2.536871744554905,4.4811482787236185,4.54801382005886,-0.1835056470907226,7.340000000000002,-0.15775361166119062,-1.1973437391172723,-0.0006291754744576217,0.00672117876127043,0.004194969136118831,0.005060191320737095,-0.1835056470907226,0.023982322140486307,-0.06128972473050496,-0.1598076082408116,0.24808883115470157,0.0,-0.5862834476333276,-0.2554526135121815,-0.056546917770440075,0.1229429765618022,cold candidate
2026-07-16 11:41:00,-3.2,,,44.5,49.02,50.0,1.4600000000000002,0.33999999999999997,-10.400000000000002,-6.5,-3.1,7.305,77.0,78.0,2.6026999999999996,401.0,0.4,155.0,7.103999999999999,2.7996,2.5364389825664477,4.502138888888888,4.520000000000003,frost_cycle_000011,2026-07-16,11.0,False,-10.675856021736392,-6.725032368795615,-4.011989250041253,7.056108053957974,2.534411532195635,4.472830295835976,4.531768845130263,-0.2758560217363897,7.200000000000002,-0.22503236879561506,-0.9119892500412532,-0.006787303379681253,-0.0007999688862905252,-0.006552583289421321,0.002596965011334662,-0.09235037464566709,0.10347580863231265,-0.04386182079318992,-0.22627410795717692,0.20724522106908866,-0.1835056470907226,0.0,-0.5862834476333276,-0.2554526135121815,-0.056546917770440075,cold candidate
2026-07-16 11:42:00,-3.3149999999999995,,,44.5,49.10000000000001,50.0,1.4600000000000002,0.33999999999999997,-10.400000000000002,-6.665,-3.8100000000000005,6.585,79.0,80.0,2.69205,401.0,0.4,155.0,7.344999999999999,2.8931999999999998,2.539564722103494,4.652399999999998,4.6000000000000085,frost_cycle_000011,2026-07-16,12.0,False,-11.082485293502595,-7.01717386859941,-4.199250551377803,7.141405935413425,2.4835885110277065,4.472662058638067,4.694415473744491,-0.6824852935025927,7.085000000000003,-0.3521738685994098,-0.3892505513778026,-0.028508961180455206,-0.022538440175270624,-0.04018589801901129,0.020112296040378452,-0.406629271766203,-0.22749509783419755,-0.08540653599808223,-0.33059717057920235,0.25642715403752075,-0.2758560217363897,-0.1835056470907226,0.0,-0.5862834476333276,-0.2554526135121815,cold candidate
2026-07-16 11:43:00,-3.48,,,44.5,49.150000000000006,50.0,1.4600000000000002,0.3365,-10.715,-7.0,-3.1500000000000004,7.5600000000000005,79.0,80.0,2.6916166666666665,401.0,0.4,155.0,7.349999999999999,2.892977777777778,2.5402640492154553,4.657666666666666,4.650000000000002,frost_cycle_000011,2026-07-16,13.0,False,-11.202092933953537,-7.123273689486229,-4.30007673433367,7.12392012311747,2.480976043272121,4.458688583714814,4.677222974719605,-0.48709293395353725,7.234999999999999,-0.12327368948622919,-1.1500767343336697,-0.03173531889400172,-0.023897048947373323,-0.044627042058647426,0.005820328615236625,0.19539235954905543,-0.10119576228760489,0.019838102735958076,-0.36920389065276166,0.26025978295818203,-0.6824852935025927,-0.2758560217363897,-0.1835056470907226,0.0,-0.5862834476333276,cold candidate
2026-07-16 11:44:00,-3.6750000000000007,,,44.5,49.2,50.0,1.4610000000000003,0.33,-11.3,-7.1,-3.1750000000000003,8.119999999999997,79.0,80.0,2.68515,400.5,0.4,155.0,7.05,2.8869500000000006,2.442023976404581,4.36485,4.695,frost_cycle_000011,2026-07-16,14.0,False,-11.353064172981936,-7.252084729941012,-4.417301895895713,7.099741314359346,2.4781897370879657,4.438644042555564,4.654766320619563,-0.05306417298193544,7.625,-0.15208472994101196,-1.242301895895713,0.007006074187343114,0.014593620553800646,0.016625357169456123,-0.008643544403552639,0.4340287609716018,0.07426394958481808,-0.010612834596387089,-0.2803340115441963,0.2623392565670204,-0.48709293395353725,-0.6824852935025927,-0.2758560217363897,-0.1835056470907226,0.0,cold candidate
2026-07-16 11:45:00,-3.794999999999999,,,44.5,49.18000000000001,50.0,1.463,0.33,-11.3,-7.1,-3.8,7.5,79.0,80.0,2.6777500000000005,400.0,0.4,155.5,7.0845,2.8800999999999997,2.461543803604292,4.40695,4.680000000000003,frost_cycle_000011,2026-07-16,15.0,False,-11.43772080457665,-7.310234735423584,-4.524349059559286,7.094347278001701,2.480323671406519,4.43579636808151,4.63406528651127,-0.1377208045766487,7.505000000000002,-0.21023473542358406,-0.7243490595592865,0.0013880456673209807,0.00757153915786235,0.006503086636049926,-0.009912401023446593,-0.08465663159471326,0.18158816297531466,0.009156968502814777,-0.3032874789736377,0.2377812551281472,-0.05306417298193544,-0.48709293395353725,-0.6824852935025927,-0.2758560217363897,-0.1835056470907226,cold candidate
2026-07-16 11:46:00,-3.9,,,44.5,49.190000000000005,50.0,1.4635000000000002,0.33,-11.3,-7.194999999999999,-4.205,7.084999999999999,80.0,81.0,2.68645,401.0,0.4,156.0,7.1195,2.88915,2.466309544353268,4.4398,4.690000000000005,frost_cycle_000011,2026-07-16,16.0,False,-11.645009723386485,-7.458587358002476,-4.68226807568894,7.149642827017917,2.4573769044993097,4.449607535147835,4.702963115829384,-0.34500972338648417,7.4,-0.2635873580024768,-0.47726807568894003,0.004215990609210518,-0.003635030441444753,0.002204134874899455,0.0027563719957206523,-0.20728891880983547,0.047361070189017695,-0.013830740330018899,-0.3302048250229313,0.23054085267959737,-0.1377208045766487,-0.05306417298193544,-0.48709293395353725,-0.6824852935025927,-0.2758560217363897,cold candidate
2026-07-16 11:47:00,-4.0,,,44.510000000000005,49.285,50.0,1.4600000000000002,0.33,-11.3,-7.380000000000001,-4.125,7.17,81.0,82.0,2.7676000000000003,400.0,0.4,156.0,7.321000000000001,2.9744222222222225,2.4613157513291006,4.5534,4.755000000000003,frost_cycle_000011,2026-07-16,17.0,False,-11.8941863975656,-7.633380030412748,-4.8132587170936585,7.1820980792158915,2.431410462476082,4.4389134060323405,4.796547765741266,-0.5941863975655988,7.300000000000001,-0.2533800304127469,-0.6882587170936585,-0.0193400200403937,-0.01229956410673827,-0.025791580843202766,0.008662014384181349,-0.2491766741791146,-0.18037407486122112,0.017659779187398784,-0.38325988766113284,0.251232507436971,-0.34500972338648417,-0.1377208045766487,-0.05306417298193544,-0.48709293395353725,-0.6824852935025927,cold candidate
2026-07-16 11:48:00,-4.190000000000001,,,44.60000000000001,49.44,50.0,1.464,0.33,-11.3,-7.5,-3.831666666666666,7.51,81.0,82.0,2.76335,400.5,0.4,156.0,7.324444444444444,2.9705000000000004,2.4657276789404716,4.561094444444445,4.839999999999993,frost_cycle_000011,2026-07-16,18.0,False,-12.010945458356211,-7.739895720982404,-4.913977864929583,7.170838733156214,2.426880254926866,4.427232564631626,4.760721663066324,-0.7109454583562105,7.109999999999999,-0.2398957209824042,-1.082311198262917,-0.021420884920754668,-0.01600714494863964,-0.03023601716390889,-0.01665258810417547,-0.11675906079061171,-0.19107488459318725,-0.04477050488053465,-0.3880032484700691,0.2581843747694768,-0.5941863975655988,-0.34500972338648417,-0.1377208045766487,-0.05306417298193544,-0.48709293395353725,cold candidate
2026-07-16 11:49:00,-4.299999999999999,,,44.605000000000004,49.3,50.0,1.4635,0.3215,-12.065,-7.5,-4.045,7.815,81.0,82.0,2.7513500000000004,400.5,0.4,156.0,7.064500000000001,2.9583,2.3880280629538335,4.31315,4.694999999999993,frost_cycle_000011,2026-07-16,19.0,False,-12.089678317654936,-7.809423954134464,-4.9824398573489646,7.159574715895219,2.425026003487624,4.41795965302667,4.751202892634294,-0.024678317654936777,7.765000000000001,-0.30942395413446366,-0.9374398573489646,0.013279380363772075,0.01525671909520998,0.023723542372068973,0.011829192291794355,0.6862671407012737,0.10677713524384913,0.005677171065399733,-0.3109341457536357,0.28977377966166623,-0.7109454583562105,-0.5941863975655988,-0.34500972338648417,-0.1377208045766487,-0.05306417298193544,cold candidate
2026-07-16 11:50:00,-4.369999999999999,,,44.60000000000001,49.3,50.0,1.4620000000000002,0.31999999999999995,-12.2,-7.5,-4.686111111111112,7.434444444444444,81.0,82.0,2.7458833333333335,401.0,0.4,156.0,7.0744444444444445,2.9524999999999997,2.3972881230009264,4.329344444444445,4.699999999999992,frost_cycle_000011,2026-07-16,20.0,False,-12.131327906988101,-7.8515456273604824,-5.028740151479486,7.155399585350731,2.423671551736472,4.415511343804374,4.747900101906097,0.06867209301189803,7.83,-0.35154562736048245,-0.34262904036837405,0.011313853257339468,0.010885727778024656,0.019514591323796293,0.010088692027634516,0.0933504106668348,0.22095283019249892,0.04127857951770934,-0.29064476808799683,0.3146357377899478,-0.024678317654936777,-0.7109454583562105,-0.5941863975655988,-0.34500972338648417,-0.1377208045766487,cold candidate
2026-07-16 11:51:00,-4.4,,,44.61,49.42,50.0,1.4610000000000003,0.31999999999999995,-12.2,-7.680000000000001,-5.404999999999999,6.795,83.0,84.0,2.8295500000000002,400.0,0.4,156.0,7.2890000000000015,3.0448,2.395915939730372,4.4594000000000005,4.794999999999998,frost_cycle_000011,2026-07-16,21.0,False,-12.49259977829513,-8.092110348762155,-5.168357721419593,7.2437092275053026,2.3744562808564145,4.415550442342026,4.9266040636081385,-0.2925997782951306,7.799999999999999,-0.41211034876215447,0.23664227858040654,-0.006252428289463152,-0.009037714885286263,-0.009930711522959434,0.02671293692551302,-0.36127187130702865,0.13944856002035996,0.01048198901827071,-0.31645793037441045,0.30580987715855923,0.06867209301189803,-0.024678317654936777,-0.7109454583562105,-0.5941863975655988,-0.34500972338648417,cold candidate
2026-07-16 11:52:00,-4.567222222222222,,,44.662222222222226,49.5,50.0,1.4637222222222221,0.31999999999999995,-12.2,-7.905000000000001,-5.143888888888889,7.056666666666667,83.0,84.0,2.8302,401.0,0.4,156.5,7.2905000000000015,3.0415000000000005,2.3982787620697765,4.46363888888889,4.844999999999999,frost_cycle_000011,2026-07-16,22.0,False,-12.576444651990743,-8.163816825996953,-5.297682848284676,7.246862842223466,2.3742780070517004,4.419811649756658,4.893739874591668,-0.3764446519907434,7.632777777777777,-0.2588168259969521,-0.1537939593957871,-0.006021523896145187,-0.010108654061063094,-0.009916087518038186,0.009959637381775521,-0.08384487369561278,-0.11725544477860221,0.043548349114971074,-0.321697085141787,0.30666493580736526,-0.2925997782951306,0.06867209301189803,-0.024678317654936777,-0.7109454583562105,-0.5941863975655988,cold candidate
2026-07-16 11:53:00,-4.75,,,44.7,49.535000000000004,50.0,1.463,0.3125,-12.95,-8.0,-6.1850000000000005,6.775,83.0,84.0,2.8169500000000003,400.0,0.4,157.0,6.9955,3.0284000000000004,2.311091888800955,4.1798,4.839999999999996,frost_cycle_000011,2026-07-16,23.0,False,-12.708654470071506,-8.256688321213751,-5.4504039907177795,7.234266165827275,2.3748715239819616,4.408440382401313,4.878828126780768,0.241345529928493,8.2,-0.2566883212137512,0.734596009282221,0.033004890939062004,0.02685603601582076,0.051864233735371634,0.00795849449330599,0.6177901819192364,0.05755781230553166,0.1904581976569407,-0.1824417638927717,0.3454363062249412,-0.3764446519907434,-0.2925997782951306,0.06867209301189803,-0.024678317654936777,-0.7109454583562105,cold candidate
2026-07-16 11:54:00,-4.9,,,44.69,49.525,50.0,1.4655,0.31,-13.2,-8.0,-8.114444444444445,5.106666666666667,83.0,84.0,2.8193999999999995,400.5,0.4,157.0,7.051944444444445,3.0327,2.3256457279408895,4.220288888888889,4.84,frost_cycle_000011,2026-07-16,24.0,False,-12.810987716189114,-8.35381984666024,-5.534415556710975,7.22079103400324,2.372564566767233,4.399201842208317,4.851961921805284,0.38901228381088515,8.299999999999999,-0.35381984666024024,2.5800288877334694,0.02338339231306996,0.019775579338720872,0.04066941225629628,0.002465378335210322,0.14766675388239214,0.22720402070200527,0.08273812029316438,0.0008845264684108992,0.29739657343066034,0.241345529928493,-0.3764446519907434,-0.2925997782951306,0.06867209301189803,-0.024678317654936777,cold candidate
2026-07-16 11:55:00,-5.0,,,44.7,49.55500000000001,50.0,1.4649999999999999,0.3115,-13.05,-8.1,-8.605,4.46,83.0,84.0,2.8255999999999997,401.0,0.4,157.5,7.040000000000001,3.037533333333333,2.318688195672424,4.2158000000000015,4.855,frost_cycle_000011,2026-07-16,25.0,False,-12.860142736325809,-8.390196125025795,-5.634178032261163,7.22526912467993,2.3742164312173712,4.405198200038535,4.839609287384967,0.18985726367419176,8.05,-0.29019612502579584,2.9708219677388374,0.02564183028796685,0.023388025967150505,0.04299425166315474,-0.0031801560210968915,-0.1991550201366934,0.18876730522164506,0.024237034132458746,0.03664045668993232,0.30646694000261215,0.38901228381088515,0.241345529928493,-0.3764446519907434,-0.2925997782951306,0.06867209301189803,cold candidate
2026-07-16 11:56:00,-5.1,,,44.71,49.51,50.0,1.4621111111111111,0.31,-13.2,-8.2,-8.855,4.361111111111111,83.0,84.0,2.8202888888888893,411.0,0.4,158.5,7.023999999999999,3.0354,2.3140733736156074,4.2048499999999995,4.799999999999997,frost_cycle_000011,2026-07-16,26.0,False,-12.722154267566918,-8.34968969377897,-5.762031405076197,7.305432524790618,2.374778021620721,4.489240871794553,4.802569923800478,0.4778457324330816,8.1,-0.14968969377897068,3.0929685949238035,0.03852373200841863,0.02556224095576065,0.06334943477445198,0.000535114291151717,0.28798846875888984,0.07883340083486286,0.15408910214564245,0.10483606326012958,0.3564665907649934,0.18985726367419176,0.38901228381088515,0.241345529928493,-0.3764446519907434,-0.2925997782951306,cold candidate
2026-07-16 11:57:00,-5.195,,,44.7,49.5,50.0,1.4605000000000001,0.31,-13.2,-8.099999999999998,-10.004999999999999,3.1450000000000005,83.0,84.0,2.8192,421.0,0.4,159.5,7.045,3.0415500000000004,2.3164863944920278,4.2254000000000005,4.799999999999997,frost_cycle_000011,2026-07-16,27.0,False,-12.584215586382106,-8.310300532508766,-5.883900258326394,7.384641525203368,2.3758276153143174,4.573530348940343,4.761021262701076,0.6157844136178934,8.004999999999999,-0.2103005325087679,4.121099741673605,0.045992960395462745,0.024977073437391972,0.07611851728960373,-0.008187053816434142,0.13793868118481178,0.07559070993566941,0.19844581312172735,0.2562334285789669,0.3466779909038807,0.4778457324330816,0.18985726367419176,0.38901228381088515,0.241345529928493,-0.3764446519907434,cold candidate
2026-07-16 11:58:00,-5.200000000000001,,,44.71,49.504999999999995,50.0,1.4577499999999999,0.31,-13.2,-8.129999999999997,-10.3675,2.8324999999999996,84.0,85.0,2.8194000000000004,421.0,0.4,161.0,7.040000000000001,3.0528500000000003,2.3013262599469497,4.222150000000001,4.799999999999997,frost_cycle_000011,2026-07-16,28.0,False,-12.70933078661671,-8.349694459758673,-6.068371084242255,7.466732541213572,2.3619468797886265,4.6104763181505675,4.8515525711589245,0.49066921338329017,7.999999999999998,-0.21969445975867608,4.299128915757745,0.057151175411489175,0.02566553056735199,0.0842269412862614,0.010625994545620854,-0.1251152002346032,0.1002706499030328,0.049864736690959435,0.40075240614130586,0.16142634307647513,0.6157844136178934,0.4778457324330816,0.18985726367419176,0.38901228381088515,0.241345529928493,cold candidate
2026-07-16 11:59:00,-4.395,,,44.705,50.11500000000001,50.0,1.4600000000000002,0.362,-8.51,-5.995,-8.605,0.715,84.0,85.0,3.0893499999999996,400.0,0.4,166.5,8.587500000000002,3.3145,2.584418314906139,5.490250000000001,5.380000000000003,frost_cycle_000011,2026-07-16,29.0,False,-12.37458200792929,-7.695548799431816,-6.031599535632235,7.529553977810003,2.4255628974119166,4.649224060448697,4.971558083119569,-3.8645820079292896,4.115,-1.7005487994318162,2.573400464367765,-0.14050580224377462,-0.06549218643792809,-0.1808959793325462,-0.08215571658857956,-4.35525122131258,-1.4474759134541237,-0.850718858348035,-0.2835688501683246,1.7600105648457396,0.49066921338329017,0.6157844136178934,0.4778457324330816,0.18985726367419176,0.38901228381088515,warm intrusion
2026-07-16 12:00:00,-0.07,,,44.95333333333333,50.638888888888886,50.0,1.4595000000000002,0.3866666666666667,-6.466666666666667,-3.335,-0.6127777777777778,5.774444444444445,82.0,83.0,3.1408,401.0,0.4,180.5,8.872499999999999,3.3664500000000004,2.648455712293099,5.753694444444444,5.690000000000008,frost_cycle_000011,2026-07-16,30.0,False,-8.511635917873393,-4.000293590823444,-4.340407793411861,8.220596380490665,2.641269513118584,5.3187661009494995,5.1850241244880095,-2.0449692512067266,6.3966666666666665,-0.6652935908234436,-3.727630015634083,-0.07930125617849915,-0.0027207368043369318,-0.08177241398475887,-0.09739122970076108,1.819612756722563,-0.8869178882748733,-0.44696530297618364,-0.6892324393379266,1.852078521411487,-3.8645820079292896,0.49066921338329017,0.6157844136178934,0.4778457324330816,0.18985726367419176,warm intrusion
2026-07-16 12:01:00,3.4000000000000004,,,45.195,50.995,50.0,1.4600000000000002,0.404,-5.08,-1.54,2.3100000000000005,7.275,80.0,81.0,3.07315,401.0,0.4,187.0,9.151500000000002,3.2931500000000002,2.7759422788617725,6.06835,5.804999999999996,frost_cycle_000011,2026-07-16,31.0,False,-5.474686396722204,-1.2087834748983468,-2.593545130773081,8.649294895220663,2.7889676903945766,5.746207833203772,5.342813410967917,-0.3946863967222036,8.48,0.3312165251016532,-4.9035451307730815,-0.0580631266320728,0.004670334323938041,-0.056061697757392004,-0.08650621937934155,1.650282854484523,-0.29511853670183125,-0.17450642583105705,-0.7866563827373257,1.8115178367414722,-2.0449692512067266,-3.8645820079292896,0.49066921338329017,0.6157844136178934,0.4778457324330816,warm intrusion
2026-07-16 12:02:00,5.08,,,45.61375,51.088750000000005,50.0,1.5303333333333335,0.42000000000000004,-3.9,-0.6025,3.41375,7.375,79.0,80.0,2.9595777777777776,382.5,0.33999999999999997,196.0,9.443,3.1685000000000003,2.986665215734125,6.4877,5.475000000000005,frost_cycle_000011,2026-07-16,32.0,False,-4.179344974079266,0.32015963184453566,-2.020599620490072,8.869561137548025,2.912264254171653,5.9523161311576365,5.1879447356416515,-0.27934497407926573,8.98,0.9226596318445357,-5.434349620490072,-0.06465245050562896,-0.025547462410355326,-0.08994546946857795,-0.055331210910219975,0.1153414226429379,1.1950790112833414,-0.17902587753943183,-0.9128548338227169,1.7303657033071704,-0.3946863967222036,-2.0449692512067266,-3.8645820079292896,0.49066921338329017,0.6157844136178934,warm intrusion
2026-07-16 12:03:00,6.76,,,46.0,51.10000000000001,50.0,1.5835,0.43,-3.1000000000000005,0.060000000000000005,4.285,7.390000000000001,77.0,78.0,2.8388,381.0,0.29999999999999993,199.5,9.490000000000002,3.0374000000000003,3.1205088336145335,6.649500000000001,5.090000000000007,frost_cycle_000011,2026-07-16,33.0,False,-2.545205066135498,1.803292327518021,-0.9848775750866259,9.035781394116011,3.0109098366577216,6.154291149937018,4.979174009233481,0.5547949338645024,9.86,1.743292327518021,-5.2698775750866265,-0.05026887947729364,-0.03640062403146316,-0.08046561951623787,-0.02225790674537742,0.8341399079437681,0.8665880616904097,0.012825144096242446,-0.9230197471149489,1.7197363329831532,-0.27934497407926573,-0.3946863967222036,-2.0449692512067266,-3.8645820079292896,0.49066921338329017,warm intrusion
2026-07-16 12:04:00,7.24,,,46.14,51.11,50.0,1.6200000000000003,0.43,-3.1000000000000005,0.465,0.3549999999999999,3.5300000000000002,77.0,78.0,2.8488611111111113,381.0,0.29999999999999993,202.5,9.555500000000002,3.04685,3.1277760800069125,6.698100000000002,4.9700000000000095,frost_cycle_000011,2026-07-16,34.0,False,-2.1188574005460863,2.2502509426057293,-0.8140766561737309,9.157226209574397,3.040315726533759,6.261559622778583,4.878328460348426,0.9811425994539142,10.34,1.7852509426057293,-1.169076656173731,-0.043492841752580835,-0.028766865463958347,-0.06971751504742585,-0.018791588224675637,0.42634766558941184,0.4586096653920393,0.9691449214766408,-0.8412741827698449,1.8096789226946952,0.5547949338645024,-0.27934497407926573,-0.3946863967222036,-2.0449692512067266,-3.8645820079292896,warm intrusion
2026-07-16 12:05:00,7.900000000000001,,,46.28,51.2,50.0,1.6205000000000003,0.44000000000000006,-2.3999999999999995,0.75,-0.9550000000000001,1.4849999999999999,76.0,77.0,2.86675,381.0,0.29999999999999993,208.0,9.639000000000001,3.0651,3.168255982079862,6.770999999999997,4.934999999999999,frost_cycle_000011,2026-07-16,35.0,False,-1.3209017849505598,3.0618960038903706,-0.769368034841007,9.308210917778826,3.113375573234687,6.433190454846375,4.834249456315817,1.0790982150494397,10.3,2.3118960038903706,0.18563196515899305,-0.03553734279799814,-0.017627301157295383,-0.05251042193211242,-0.02084098981540028,0.09795561559552546,0.45281439637623516,0.6248134932512333,-0.017327478940056595,1.1703674578824534,0.9811425994539142,0.5547949338645024,-0.27934497407926573,-0.3946863967222036,-2.0449692512067266,warm intrusion
2026-07-16 12:06:00,7.87,,,46.39999999999999,51.2,50.0,1.6215000000000002,0.4425,-2.2249999999999996,1.145,-0.5705555555555556,1.5500000000000003,75.0,76.0,2.792411111111111,381.0,0.29999999999999993,211.0,9.46,2.98545,3.166662540517895,6.665099999999999,4.805000000000007,frost_cycle_000011,2026-07-16,36.0,False,-1.0885698421073782,3.3104992296645026,-0.9531279907570709,9.329888154198152,3.1574987433555797,6.492016891686075,4.727513964833518,1.1364301578926215,10.094999999999999,2.1654992296645026,-0.3825724352015153,-0.013945702633455737,-0.0029022330354362413,-0.026660914658983792,-0.016390440248909455,0.05733194284318177,0.19387840800937303,0.306223310922965,0.5129057559098348,0.6901799417867643,1.0790982150494397,0.9811425994539142,0.5547949338645024,-0.27934497407926573,-0.3946863967222036,warm intrusion
2026-07-16 12:07:00,6.004999999999999,,,46.5,50.974999999999994,50.0,1.6285000000000003,0.4235,-3.62,0.5,1.3599999999999999,4.81,75.0,76.0,2.6891999999999996,381.0,0.29999999999999993,212.0,8.8315,2.8782,3.0637346176832185,6.1436,4.474999999999998,frost_cycle_000011,2026-07-16,37.0,False,-2.4037201592381843,2.1700918958830906,-2.1464088203347464,9.159944769566689,3.1340470659496282,6.356737588921532,4.502991542078101,1.2162798407618158,9.625,1.6700918958830906,-3.5064088203347463,0.03585663208995815,0.02243503265484781,0.033529398679754574,0.006216210227475871,0.07984968286919436,0.0783790804359672,0.29912496296821633,0.781400128823838,0.569248272413208,1.1364301578926215,1.0790982150494397,0.9811425994539142,0.5547949338645024,-0.27934497407926573,unstable recovery
2026-07-16 12:08:00,3.8200000000000003,,,46.45722222222223,50.76,50.0,1.63125,0.42000000000000004,-3.9,0.41000000000000003,-1.6249999999999998,2.2849999999999997,75.0,76.0,2.7123999999999997,401.0,0.29999999999999993,208.0,8.418,2.9080500000000002,2.894720064479417,5.725599999999999,4.317777777777774,frost_cycle_000011,2026-07-16,38.0,False,-3.7295213076384943,0.6807375460696059,-3.1312065119389305,8.97318911320157,3.0611827932197366,6.226149813153629,4.216309578069485,0.1704786923615056,7.720000000000001,0.27073754606960587,-1.5062065119389307,0.06187199513991781,0.05437856540583619,0.08039475890800885,-0.02406564267388278,-1.0458011484003102,-0.30287317422931137,-0.07686324830059936,0.8563707398972998,0.4085435720397576,1.2162798407618158,1.1364301578926215,1.0790982150494397,0.9811425994539142,0.5547949338645024,unstable recovery
2026-07-16 12:09:00,2.59,,,46.35,50.54,50.0,1.6295000000000002,0.42000000000000004,-3.9,0.2,-2.03,1.875,75.0,76.0,2.6909,401.0,0.29999999999999993,205.5,8.366,2.88775,2.8970652140130335,5.6751000000000005,4.200000000000006,frost_cycle_000011,2026-07-16,39.0,False,-4.698842674607516,-0.2431539302921455,-3.699069978264343,8.781140730886435,3.025028766255816,6.066782208470299,4.105140669232153,-0.7988426746075157,6.49,-0.4431539302921455,-1.6690699782643432,0.047276401051885575,0.04230159847410886,0.0645617717945175,-0.023107449515389344,-0.9693213669690213,-0.6450909441667124,-0.355997054812286,0.6307644718186302,0.7972369287569504,0.1704786923615056,1.2162798407618158,1.1364301578926215,1.0790982150494397,0.9811425994539142,unstable recovery
2026-07-16 12:10:00,1.935,,,46.21,50.40499999999999,50.0,1.6300000000000001,0.41100000000000003,-4.529999999999999,-0.22999999999999998,-2.505,1.9549999999999996,75.0,76.0,2.684,401.0,0.29999999999999993,202.5,7.965999999999999,2.8789499999999997,2.763854969288034,5.2810999999999995,4.19499999999999,frost_cycle_000011,2026-07-16,40.0,False,-5.269875704861551,-0.8276180183809653,-3.8718375626710926,8.636616897625952,2.994982635565505,5.944984367482572,4.047312841537073,-0.7398757048615519,6.465,-0.5976180183809653,-1.3668375626710927,0.07764810059020832,0.07717162147547141,0.1116713394763218,-0.036490176135440144,0.058966969745963826,-0.6520518485411225,-0.36379478398219833,0.3439280877660525,0.9423558348283944,-0.7988426746075157,0.1704786923615056,1.2162798407618158,1.1364301578926215,1.0790982150494397,unstable recovery
2026-07-16 12:11:00,1.475,,,46.080000000000005,50.135000000000005,50.0,1.6270000000000002,0.41,-4.6,-0.6299999999999999,-2.9099999999999997,1.835,75.0,76.0,2.66995,400.0,0.29999999999999993,200.5,8.195,2.86645,2.8548537417576183,5.5207500000000005,4.064999999999998,frost_cycle_000011,2026-07-16,41.0,False,-5.689749546727456,-1.2418668830466695,-4.013814776268276,8.528986751738927,2.975492288694086,5.854364696577052,4.021966116081491,-1.0897495467274565,6.074999999999999,-0.6118668830466696,-1.1038147762682766,0.039159018704165716,0.04054406304289726,0.05698563616511809,-0.01069971319411156,-0.34987384186590464,-0.4200760796963207,-0.4452359409240156,-0.017546539196763522,1.0169705605517978,-0.7398757048615519,-0.7988426746075157,0.1704786923615056,1.2162798407618158,1.1364301578926215,unstable recovery
2026-07-16 12:12:00,1.045,,,45.955,50.0,50.0,1.5630000000000002,0.3915,-6.080000000000001,-1.51,-3.7924999999999995,2.125,75.0,76.0,2.6405000000000003,400.0,0.31999999999999995,197.0,7.610000000000001,2.83405,2.675056242969629,4.9815000000000005,4.050000000000004,frost_cycle_000011,2026-07-16,42.0,False,-6.076736797440294,-1.6586176953998988,-4.193069640068794,8.40624671236591,2.941367915315136,5.740416927091549,4.234800506200109,0.0032632025597072456,7.125000000000001,-0.14861769539989877,-0.40056964006879436,0.09472083554181188,0.09054007523468033,0.13220588969938507,0.043638538800007565,1.0930127492871637,0.26736862572240766,-0.24260332764042172,-0.2064076984189159,0.8515756229831175,-1.0897495467274565,-0.7398757048615519,-0.7988426746075157,0.1704786923615056,1.2162798407618158,unstable recovery
2026-07-16 12:13:00,0.395,,,45.525000000000006,49.735,50.0,1.483,0.38,-7.0,-2.415,-4.745000000000001,2.1350000000000002,75.0,76.0,2.61015,401.0,0.32999999999999996,190.0,7.141499999999999,2.8039500000000004,2.5471454482710243,4.528749999999999,4.224999999999991,frost_cycle_000011,2026-07-16,43.0,False,-6.730869801399724,-2.415222117454392,-4.291532874275813,8.171973116163045,2.8817382868138317,5.53607976111094,4.495222222993817,0.2691301986002763,7.395,-0.00022211745439193464,0.45346712572418824,0.12609844666827297,0.11610798942909806,0.1819572341040111,0.06011320677576171,0.26586699604056907,0.3363353011539427,0.019730301247754146,-0.36426597211250583,0.5793938657279021,0.0032632025597072456,-1.0897495467274565,-0.7398757048615519,-0.7988426746075157,0.1704786923615056,unstable recovery
2026-07-16 12:14:00,-0.26055555555555554,,,45.10000000000001,49.52,50.0,1.4705000000000001,0.37,-7.8,-3.288333333333333,-5.5038888888888895,2.1966666666666663,77.0,78.0,2.66425,400.0,0.32999999999999996,184.0,7.183499999999999,2.8612,2.5115125252291217,4.517549999999998,4.390000000000004,frost_cycle_000011,2026-07-16,44.0,False,-7.755738071764071,-3.4030513710637096,-4.399299922825,8.035010638627003,2.7851461377653326,5.348942128996696,4.675635891654451,0.04426192823592867,7.539444444444444,-0.11471803773037648,1.10458896606389,0.10597504806446756,0.09824748828288099,0.15543113179140766,0.061090276974791635,-0.22486827036434764,0.37800382498779506,0.16862092056868888,-0.38530209946676863,0.5579918163326233,0.2691301986002763,0.0032632025597072456,-1.0897495467274565,-0.7398757048615519,-0.7988426746075157,unstable recovery
2026-07-16 12:15:00,-0.845,,,44.989999999999995,49.3,50.0,1.467,0.36049999999999993,-8.655,-4.02,-6.2299999999999995,2.3049999999999997,77.0,78.0,2.6465,401.0,0.3472222222222222,178.0,7.004999999999999,2.8421,2.4735167756579672,4.367299999999998,4.32,frost_cycle_000011,2026-07-16,45.0,False,-8.32541683217822,-4.067403734809315,-4.306514875158003,7.8414728279930435,2.7329457215315065,5.175420104537248,4.650878995091273,0.3295831678217791,7.81,-0.0474037348093157,1.9234851248419966,0.10667292310278043,0.09492649042739087,0.15614579845001908,0.07114332482967112,0.28532123958585043,0.10877332175402395,0.2138917745366662,-0.19723112572855284,0.580447297623537,0.04426192823592867,0.2691301986002763,0.0032632025597072456,-1.0897495467274565,-0.7398757048615519,unstable recovery
2026-07-16 12:16:00,-1.2600000000000002,,,44.82,49.150000000000006,50.0,1.447,0.36,-8.7,-4.615,-6.744999999999999,2.026666666666667,77.0,78.0,2.62505,401.0,0.37,174.0,7.0295000000000005,2.8205,2.4914022336465163,4.40275,4.325000000000006,frost_cycle_000011,2026-07-16,46.0,False,-8.7420435503613,-4.535125673500137,-4.314850994745653,7.700984713538983,2.698671644102672,5.05183122824728,4.700125762220816,-0.04204355036130103,7.4399999999999995,0.07987432649986292,2.4301490052543464,0.08719465607540489,0.0768042347460447,0.12848434536331033,0.07981185636266086,-0.37162671818308013,-0.10372458298719245,0.2095411992732311,-0.0809257666451777,0.5163436358800589,0.3295831678217791,0.04426192823592867,0.2691301986002763,0.0032632025597072456,-1.0897495467274565,unstable recovery
2026-07-16 12:17:00,-1.62,,,44.605000000000004,49.225,50.0,1.359,0.3535,-9.219999999999999,-5.02,-7.084999999999999,2.125,77.0,78.0,2.6126,400.5,0.37,170.5,7.209,2.8073999999999995,2.5587918797929197,4.589755555555556,4.605,frost_cycle_000011,2026-07-16,47.0,False,-9.089621938774467,-4.909024106821411,-4.523455489832253,7.579237584372581,2.666025848577239,4.939244484272515,5.012195542558498,0.13037806122553164,7.599999999999999,0.11097589317858869,2.561544510167746,0.048848921840893955,0.04022240401065358,0.0707575682535655,0.08124095301171008,0.17242161158683267,0.028705377663200988,0.02542297173316488,0.12242883468032033,0.14957210749400934,-0.04204355036130103,0.3295831678217791,0.04426192823592867,0.2691301986002763,0.0032632025597072456,unstable recovery
2026-07-16 12:18:00,-0.175,,,44.5,49.980000000000004,50.0,1.35,0.399,-5.48,-2.105,-3.3249999999999997,1.9849999999999999,77.0,78.0,2.7587,400.0,0.30499999999999994,170.0,8.248000000000001,2.9596999999999998,2.7912660447867306,5.49395,5.465,frost_cycle_000011,2026-07-16,48.0,False,-8.075433893404421,-4.017842980767411,-3.6320642648139256,7.712152722389845,2.6867150032389127,5.046191666225407,5.199895354204584,-2.5954338934044205,5.305000000000001,-1.9128429807674112,-0.3070642648139259,-0.06948089552927161,-0.03891407961833648,-0.08873193160130599,-0.050982688638350204,-2.725811954629952,-0.9750056870753999,-0.5729128184009393,-0.3106873479803676,1.1277321199149313,0.13037806122553164,-0.04204355036130103,0.3295831678217791,0.04426192823592867,0.2691301986002763,unstable recovery
2026-07-16 12:19:00,1.7600000000000002,,,44.675,50.0,50.0,1.3572777777777776,0.38,-7.0,-3.425,1.4300000000000002,8.41,77.0,78.0,2.7492,400.0,0.32499999999999996,172.0,7.504111111111111,2.9522,2.5364135221190973,4.7478,5.324999999999999,frost_cycle_000011,2026-07-16,49.0,False,-6.599789568083523,-2.6556969453639336,-2.5768680325918547,7.971776181935101,2.7295383659845225,5.255102813787153,5.366416122989163,0.4002104319164772,8.76,0.7693030546360662,-4.006868032591855,0.058665103002235375,0.07075366526154936,0.09653527852132726,0.007717650297698886,2.9956443253208977,0.14741799409259274,0.07118970073610971,-0.2888406424276675,1.1423854223787655,-2.5954338934044205,0.13037806122553164,-0.04204355036130103,0.3295831678217791,0.04426192823592867,unstable recovery
2026-07-16 12:20:00,1.445,,,44.725,49.870000000000005,50.0,1.4289999999999998,0.38,-7.0,-3.6900000000000004,1.5100000000000002,8.579999999999998,77.0,78.0,2.71955,400.0,0.35,172.0,7.692499999999999,2.9194000000000004,2.634968596548436,4.972949999999999,5.145,frost_cycle_000011,2026-07-16,50.0,False,-6.855045029841054,-2.89798958751097,-2.564136330211319,7.932925624591317,2.727842734283741,5.229456940107939,5.061812627082797,0.14495497015894632,8.445,0.7920104124890304,-4.074136330211319,0.030307308547810163,0.03404673464787955,0.04905039721058402,-0.016434305069317645,-0.2552554617575309,0.00485896964447156,-0.036925639532566557,-0.2720584687738312,1.148978131133832,0.4002104319164772,-2.5954338934044205,0.13037806122553164,-0.04204355036130103,0.3295831678217791,unstable recovery
2026-07-16 12:21:00,0.61,,,44.89999999999999,49.765,50.0,1.4760000000000002,0.37,-7.8,-3.9094444444444445,0.8400000000000001,8.66,77.0,78.0,2.6981,401.0,0.375,172.0,7.572000000000001,2.8970999999999996,2.6193526051583866,4.8758,4.855000000000004,frost_cycle_000011,2026-07-16,51.0,False,-7.437947413355452,-3.430792117914861,-2.933140182944038,7.857078041249623,2.7139077800103117,5.167822383960824,4.794675530467905,0.3620525866445474,8.41,0.47865232652958367,-3.7731401829440383,0.03628295910425783,0.034840968270324124,0.056507821334410235,-0.012581554090316471,0.2170976164856011,0.9858288266829893,0.08081922740116969,-0.2666468989700365,1.1524497551139383,0.14495497015894632,0.4002104319164772,-2.5954338934044205,0.13037806122553164,-0.04204355036130103,unstable recovery
2026-07-16 12:22:00,1.465,,,44.995,50.09,50.0,1.5305,0.404,-5.08,-1.645,0.155,5.105,77.0,78.0,2.8309999999999995,400.5,0.33499999999999996,176.0,8.623499999999998,3.0360500000000004,2.858288535786888,5.808149999999998,5.105000000000004,frost_cycle_000011,2026-07-16,52.0,False,-6.739595586488043,-2.719182631086559,-2.5615702908679676,8.031597692478172,2.7586358369523314,5.324706825731169,4.6613069473166195,-1.6595955864880425,6.545,-1.074182631086559,-2.7165702908679674,-0.07369670770190084,-0.03612390497494955,-0.09079244925422625,-0.09518640537903345,-2.02164817313259,-0.6866020061348399,-0.35799472954271483,-0.5362389049911601,1.2723586344973496,0.3620525866445474,0.14495497015894632,0.4002104319164772,-2.5954338934044205,0.13037806122553164,unstable recovery
2026-07-16 12:23:00,2.688888888888889,,,45.21555555555556,50.2,50.0,1.5362777777777779,0.4,-5.4,-1.7999999999999998,2.428888888888889,7.839444444444444,75.0,76.0,2.707,400.5,0.33999999999999997,178.0,8.209000000000003,2.9057999999999997,2.822941862993839,5.507900000000003,4.9155555555555495,frost_cycle_000011,2026-07-16,53.0,False,-5.448476137945576,-1.5871924932415646,-1.8265930424094323,8.121584481041491,2.8383522684936113,5.464238162414051,4.585206947795656,-0.048476137945575815,8.088888888888889,0.21280750675843518,-4.255481931298322,-0.010763357712102684,0.005429349158253327,-0.00799047118522056,-0.07204660804213203,1.6111194485424667,-0.06447703603484072,0.5093915510917689,-0.5660479381863447,1.2556022730472918,-1.6595955864880425,0.3620525866445474,0.14495497015894632,0.4002104319164772,-2.5954338934044205,unstable recovery
2026-07-16 12:24:00,2.5900000000000007,,,45.47,50.25,50.0,1.5385,0.4,-5.4,-1.8,2.495,7.895000000000001,75.0,76.0,2.6768,401.0,0.35,178.0,8.239999999999998,2.872,2.8690807799442894,5.563199999999998,4.795000000000005,frost_cycle_000011,2026-07-16,54.0,False,-5.473184488283536,-1.6053907412674076,-1.8709587620521422,8.131115166441468,2.8324056863080656,5.461794275570288,4.567104546256801,-0.07318448828353574,7.990000000000001,0.1946092587325925,-4.365958762052142,-0.01339113163811989,-0.01294839006061621,-0.01856637568413766,-0.04989932930919805,-0.024708350337959928,-0.14507902497602773,-0.09467898404000259,-0.14567303733286385,0.7677111464367187,-0.048476137945575815,-1.6595955864880425,0.3620525866445474,0.14495497015894632,0.4002104319164772,unstable recovery
2026-07-16 12:25:00,2.45,,,45.565000000000005,50.43249999999999,50.0,1.5324999999999998,0.4095,-4.64,-1.3925,1.9300000000000002,6.8,75.0,76.0,2.6915500000000003,401.0,0.33999999999999997,178.0,8.570999999999998,2.88985,2.9613317149297718,5.869799999999998,4.83499999999999,frost_cycle_000011,2026-07-16,55.0,False,-5.557250479133299,-1.6748827310879266,-1.9702248427536873,8.123320506689563,2.828251067192693,5.450777547868706,4.5761472258734965,-0.9172504791332994,7.09,-0.28238273108792655,-3.9002248427536874,-0.05511040626081054,-0.047054043143762936,-0.07687388605596879,-0.05656565694891591,-0.8440659908497636,0.24744836911824772,-0.21244108985844914,-0.36524985584115993,0.7687601879850648,-0.07318448828353574,-0.048476137945575815,-1.6595955864880425,0.3620525866445474,0.14495497015894632,unstable recovery
2026-07-16 12:26:00,1.9500000000000002,,,45.730000000000004,50.394999999999996,50.0,1.5314999999999999,0.39,-6.200000000000001,-2.045,1.695,7.57,75.0,76.0,2.63925,400.0,0.38,178.0,8.075999999999999,2.8338833333333335,2.8598709444047037,5.447699999999998,4.659999999999997,frost_cycle_000011,2026-07-16,56.0,False,-5.912252745152772,-1.9725862917592438,-2.2746624098996393,8.074626881857002,2.817998168655555,5.402889350803689,4.532646582788283,0.2877472548472291,8.150000000000002,0.0724137082407561,-3.969662409899639,-0.00017005344805243183,-0.01485905002171295,-0.008293830631501464,-0.02809692193856672,1.2049977339805285,0.1120744642642683,-0.01486106635946367,-0.34145114172644614,0.7896403133688988,-0.9172504791332994,-0.07318448828353574,-0.048476137945575815,-1.6595955864880425,0.3620525866445474,unstable recovery
2026-07-16 12:27:00,1.7950000000000002,,,45.71,50.525,50.0,1.5294999999999999,0.42000000000000004,-3.9000000000000004,-1.1550000000000002,-1.375,2.8888888888888893,75.0,76.0,2.7184,400.0,0.345,178.5,8.898777777777777,2.9182500000000005,3.0275941145796423,6.160327777777777,4.829999999999998,frost_cycle_000011,2026-07-16,57.0,False,-6.014276916138455,-2.051266851260576,-2.4142370134177984,8.068077357553882,2.819439299227218,5.400397764779355,4.521643549570379,-2.1142769161384543,5.695,-0.8962668512605756,-1.0392370134177984,-0.10296138514910713,-0.0738284436233394,-0.14071741491980094,-0.06819565652381376,-2.4020241709856833,-0.6803641426183061,-0.09093626593008235,-0.7541727255236131,0.9740244574631644,0.2877472548472291,-0.9172504791332994,-0.07318448828353574,-0.048476137945575815,-1.6595955864880425,unstable recovery
2026-07-16 12:28:00,3.7,,,45.785,50.69,50.0,1.5299999999999998,0.42200000000000004,-3.74,-0.605,2.3899999999999997,6.07,74.0,75.0,2.7514611111111114,400.0,0.32999999999999996,180.5,8.758499999999998,2.95215,2.9755070838061553,6.04683888888889,4.905000000000005,frost_cycle_000011,2026-07-16,58.0,False,-4.41077308229686,-0.6120895747200605,-1.341586916104165,8.26997099117596,2.8875747893382866,5.600996140246636,4.622548365819618,-0.6707730822968596,7.44,-0.007089574720060554,-3.7315869161041646,-0.05907263874870883,-0.03045195393467859,-0.07960061701142718,-0.061103013279192764,1.4435038338415946,0.08215913227881326,-0.12445938887025676,-0.5893689748250827,0.8680808147343859,-2.1142769161384543,0.2877472548472291,-0.9172504791332994,-0.07318448828353574,-0.048476137945575815,unstable recovery
2026-07-16 12:29:00,4.895,,,45.72,50.59,50.0,1.5284999999999997,0.42000000000000004,-3.9,-0.30999999999999994,3.8099999999999996,7.665,73.0,74.0,2.65965,381.0,0.29999999999999993,181.0,8.454999999999998,2.8484,2.982240680308261,5.809799999999999,4.870000000000012,frost_cycle_000011,2026-07-16,59.0,False,-3.726804823793636,0.17394842528402732,-0.6322242148025476,8.225829294188664,2.944930662993435,5.573176100004551,4.7255743183070456,0.17319517620636393,8.795,0.48394842528402726,-4.442224214802547,-0.027859890792194975,-0.012669234554032238,-0.04245763918984258,-0.030562566994969398,0.8439682585032235,-0.03818402621362171,0.049275932897979935,-0.5524237557997593,0.8998411896270755,-0.6707730822968596,-2.1142769161384543,0.2877472548472291,-0.9172504791332994,-0.07318448828353574,unstable recovery
2026-07-16 12:30:00,3.8099999999999996,,,45.8,50.505,50.0,1.529,0.42000000000000004,-3.9,-0.6799999999999999,3.46,7.370000000000001,73.0,74.0,2.6248222222222224,401.0,0.355,181.0,8.482,2.8223,3.0010983949261245,5.857177777777778,4.710000000000008,frost_cycle_000011,2026-07-16,60.0,False,-4.1359265472736055,-0.40038283342811676,-1.2548714646946775,8.251745693543196,2.9166965385837154,5.623572532223266,4.5450479496559035,-0.23592654727360562,7.709999999999999,0.2796171665718832,-4.714871464694678,-0.02790370850097479,-0.028937482945480708,-0.04154036321501087,-0.036292697496534077,-0.40912172347996956,0.6261167896216162,0.13626478637193876,-0.5795474322981043,0.8848340948745128,0.17319517620636393,-0.6707730822968596,-2.1142769161384543,0.2877472548472291,-0.9172504791332994,unstable recovery
2026-07-16 12:31:00,2.77,,,45.96,50.5,50.0,1.5335,0.4185,-4.005,-0.8900000000000001,3.075,7.1499999999999995,71.0,72.0,2.4937500000000004,400.5,0.38,181.0,8.2775,2.6823500000000005,3.071926304655243,5.77795,4.534999999999997,frost_cycle_000011,2026-07-16,61.0,False,-4.553385595101787,-0.8289637278533735,-1.7559634471741887,8.05072622253464,2.947052902385624,5.52391699398699,4.248073140293256,-0.5483855951017871,6.775,0.06103627214662666,-4.830963447174189,-0.02816811442806255,-0.04237229748014881,-0.04598783911661508,-0.06754282476570861,-0.31245904782818146,0.04079582906502418,-0.16722656998980323,-0.5180699516261856,0.8693569699196149,-0.23592654727360562,0.17319517620636393,-0.6707730822968596,-2.1142769161384543,0.2877472548472291,unstable recovery
2026-07-16 12:32:00,2.2122222222222225,,,45.81999999999999,50.39999999999999,50.0,1.5352777777777775,0.41,-4.6,-1.13,-1.7594444444444446,2.9427777777777777,71.0,72.0,2.478355555555556,400.5,0.4,180.0,8.150000000000002,2.6662500000000007,3.0568328755243757,5.674544444444447,4.5944444444444414,frost_cycle_000011,2026-07-16,62.0,False,-5.004841023598635,-1.2593381853413301,-2.019653037953371,7.960185723738416,2.9333203723956323,5.45371242195689,4.186471556121456,-0.4048410235986353,6.812222222222222,-0.12933818534133024,-0.26020859350892644,-0.023845458240444373,-0.042106721206136566,-0.040492054842950154,-0.0974502950405689,0.1435445715031518,-0.19267873326833307,0.3418871785079638,-0.633501331367163,0.7826162156586441,-0.5483855951017871,-0.23592654727360562,0.17319517620636393,-0.6707730822968596,-2.1142769161384543,unstable recovery
2026-07-16 12:33:00,1.795,,,45.8,50.2,50.0,1.5350000000000001,0.4,-5.4,-1.7349999999999999,-3.3049999999999997,2.2699999999999996,71.0,72.0,2.4608000000000003,401.0,0.4,176.5,7.851000000000001,2.6483499999999998,2.963647253955116,5.38935,4.415000000000006,frost_cycle_000011,2026-07-16,63.0,False,-5.388078545037539,-1.6899233057520544,-2.005760273235067,7.841353899511124,2.9010639194240118,5.345866293254171,4.158059466406662,0.011921454962461553,7.195,0.04507669424794547,1.2992397267649327,-0.0012301575228581552,-0.02157254588982993,-0.008134080495185714,-0.061793376374049025,0.4167624785610968,0.08261600074535573,0.13653890745186423,-0.279134936183677,0.32645419081579974,-0.4048410235986353,-0.5483855951017871,-0.23592654727360562,0.17319517620636393,-0.6707730822968596,unstable recovery
2026-07-16 12:34:00,1.24,,,45.64000000000001,50.0,50.0,1.5325555555555557,0.39,-6.200000000000001,-2.2699999999999996,-4.039999999999999,2.2866666666666666,72.0,73.0,2.4560833333333334,400.0,0.4,173.5,7.506,2.6388,2.848473354826475,5.05815,4.384999999999998,frost_cycle_000011,2026-07-16,64.0,False,-6.068164820246339,-2.326154083607103,-2.1867726891078423,7.748420604647904,2.8487528542993563,5.230036214278045,4.212276554042253,0.13183517975366232,7.440000000000001,-0.05615408360710328,1.8532273108921569,0.031286453977793505,9.811292420802697e-05,0.03286520537062321,-0.04100477348572795,0.11991372479120077,0.2267402582851498,-0.008271999290540321,-0.14536689250859003,0.2969896816916752,0.011921454962461553,-0.4048410235986353,-0.5483855951017871,-0.23592654727360562,0.17319517620636393,unstable recovery
2026-07-16 12:35:00,0.6399999999999999,,,45.45,49.72,50.0,1.5355,0.38,-7.0,-3.2699999999999996,-4.914999999999999,2.2150000000000003,73.0,74.0,2.5042000000000004,400.5,0.4,169.5,7.4055,2.69465,2.7463688406886044,4.8963,4.300000000000001,frost_cycle_000011,2026-07-16,65.0,False,-6.785509900017011,-3.0381452909549336,-2.301348409171605,7.636321897589927,2.788461429993579,5.099097595904795,4.240634840132006,0.21449009998298862,7.64,0.231854709045066,2.613651590828394,0.03022684227897421,0.015095273993110725,0.039771271698676,-0.013999120911374341,0.0826549202293263,0.2064437078605413,0.09008332945131885,-0.13848440521248592,0.3061847177079417,0.13183517975366232,0.011921454962461553,-0.4048410235986353,-0.5483855951017871,-0.23592654727360562,unstable recovery
2026-07-16 12:36:00,-0.0022222222222222227,,,45.21,49.480000000000004,50.0,1.5337222222222222,0.37,-7.8,-3.971111111111111,-5.586666666666668,2.2244444444444444,73.0,74.0,2.4805,401.0,0.4,166.5,7.144,2.67,2.6737845523346113,4.66045,4.265000000000001,frost_cycle_000011,2026-07-16,66.0,False,-7.352340687554287,-3.6274595572933506,-2.475345637548458,7.490183943789281,2.7599191768762816,4.980968850089824,4.1902252064704,0.44765931244571266,7.797777777777777,0.34365155381776047,3.11132102911821,0.04621835009490394,0.03120911121722003,0.0643486959538091,-0.0178450536296082,0.23316921246272404,0.14524595249441705,0.19920898150949995,-0.02455342859259953,0.3807711356940828,0.21449009998298862,0.13183517975366232,0.011921454962461553,-0.4048410235986353,-0.5483855951017871,unstable recovery
2026-07-16 12:37:00,-0.59,,,45.03,49.19500000000001,50.0,1.536,0.3655,-8.205,-4.465,-6.0649999999999995,2.14,73.0,74.0,2.463,400.0,0.4,164.5,7.163,2.65165,2.69931015930813,4.69785,4.145000000000007,frost_cycle_000011,2026-07-16,67.0,False,-7.875029501244922,-4.1361105768439606,-2.682170297885991,7.36504665211808,2.7395477646982402,4.879102770773894,4.131081122529756,0.32997049875507845,7.615,0.3288894231560393,3.3828297021140084,0.02743318021753116,0.014687681634396488,0.037148791343279086,-0.00336930625601628,-0.11768881369063422,0.06604510633380538,0.14696230447074274,0.12183925371687805,0.29921078211807106,0.44765931244571266,0.21449009998298862,0.13183517975366232,0.011921454962461553,-0.4048410235986353,unstable recovery
2026-07-16 12:38:00,-1.1,,,44.879999999999995,48.9975,50.0,1.5325,0.36,-8.7,-4.824999999999999,-6.415000000000001,2.2849999999999997,74.0,75.0,2.4636500000000003,401.0,0.4,160.5,6.94,2.6521,2.6233481010261657,4.486000000000001,4.120000000000008,frost_cycle_000011,2026-07-16,68.0,False,-8.508776735358587,-4.776193951342508,-2.7577372052869644,7.269321928106115,2.67939614199553,4.759647029258627,4.1919811462071666,0.19122326464141182,7.6,0.048806048657491274,3.6572627947130365,0.04530297754909218,0.02091816140618219,0.0574931350111586,0.017171152182372196,-0.13874723411366663,-0.007755611780525602,0.03586036193579005,0.22118330175688591,0.152211726126154,0.32997049875507845,0.44765931244571266,0.21449009998298862,0.13183517975366232,0.011921454962461553,unstable recovery
2026-07-16 12:39:00,-1.46,,,44.675,49.0,50.0,1.476,0.35,-9.5,-5.390000000000001,-6.025,3.4699999999999998,75.0,76.0,2.5297,400.5,0.4,160.0,6.9270000000000005,2.7217722222222225,2.5456638833380363,4.3973,4.324999999999999,frost_cycle_000011,2026-07-16,69.0,False,-8.957061443737498,-5.140063688848969,-3.166056183728089,7.258876780531755,2.6459465001526614,4.71721131820366,4.4583118204469665,0.5429385562625022,8.04,0.249936311151032,2.8589438162719114,0.04572012868738107,0.03790047032653121,0.06781788998282212,0.02990186102182557,0.3517152916210904,0.03175974793892985,0.08222067530176798,0.30968615197355936,0.1603629908369309,0.19122326464141182,0.32997049875507845,0.44765931244571266,0.21449009998298862,0.13183517975366232,unstable recovery
2026-07-16 12:40:00,-1.7800000000000002,,,44.59,48.925,50.0,1.4600000000000002,0.35,-9.5,-5.625,-5.488125,4.02,75.0,76.0,2.52265,401.0,0.4,159.0,6.92,2.71485,2.5483478837440607,4.3956,4.369999999999994,frost_cycle_000011,2026-07-16,70.0,False,-9.210040703904287,-5.393252346702909,-3.3320658195717665,7.202755369715419,2.633789509431621,4.671055468538264,4.487802510282135,0.2899592960957129,7.72,0.23174765329709057,2.1560591804282336,0.0392565560263628,0.032440567244114704,0.05897071237830187,0.02624948624905854,-0.2529792601667893,-0.013337067553121843,0.015093839222544859,0.33604017136390113,0.13650818191297664,0.5429385562625022,0.19122326464141182,0.32997049875507845,0.44765931244571266,0.21449009998298862,unstable recovery
2026-07-16 12:41:00,-2.02,,,44.5,48.88999999999999,50.0,1.4660000000000002,0.35,-9.5,-5.799999999999999,-5.425000000000001,4.0649999999999995,76.0,77.0,2.526683333333333,400.0,0.4,158.0,6.989000000000001,2.72485,2.574806592490727,4.4634791666666676,4.3899999999999935,frost_cycle_000011,2026-07-16,71.0,False,-9.605431786644727,-5.728048926924479,-3.448155488254324,7.190653215695219,2.600479417145102,4.625971513093362,4.534366508917291,-0.10543178664472741,7.48,0.07195107307552018,1.9768445117456768,0.02804379652950928,0.009872342955346114,0.03512610182894038,0.03183829728659693,-0.3953910827404403,-0.09888501709537974,-0.11061821981808802,0.2827198569259484,0.22637895348756518,0.2899592960957129,0.5429385562625022,0.19122326464141182,0.32997049875507845,0.44765931244571266,unstable recovery
2026-07-16 12:42:00,-2.3599999999999994,,,44.5,48.92999999999999,50.0,1.4635,0.33999999999999997,-10.400000000000002,-6.15,-4.9,5.495,77.0,78.0,2.601,401.0,0.4,158.0,6.93,2.7978500000000004,2.4786295770221596,4.331099999999999,4.429999999999996,frost_cycle_000011,2026-07-16,72.0,False,-9.994054761747883,-6.04859723981874,-3.719697410967185,7.210453104969279,2.5699639423545437,4.609020048317972,4.5924284963575674,0.40594523825211937,8.040000000000003,0.10140276018126038,1.1803025890328152,0.038895351080779794,0.03553916217544506,0.06029916238255406,0.0353687589227355,0.5113770248968468,-0.04566443933679428,0.015194947899408184,0.2757675112270162,0.22087399704906194,-0.10543178664472741,0.2899592960957129,0.5429385562625022,0.19122326464141182,0.32997049875507845,unstable recovery
2026-07-16 12:43:00,-2.6750000000000003,,,44.5,48.945,50.0,1.462611111111111,0.33999999999999997,-10.400000000000002,-6.295,-4.904999999999999,5.494999999999999,77.0,78.0,2.5979444444444444,400.5,0.4,158.0,6.962999999999999,2.7949500000000005,2.4911896931083253,4.364930555555555,4.445,frost_cycle_000011,2026-07-16,73.0,False,-10.23110319788024,-6.253296767997747,-3.915609544382899,7.173788779676586,2.5651688923792877,4.578798124900467,4.564637760460708,0.16889680211976277,7.725000000000001,0.04170323200225301,0.9893904556171003,0.0293831873435908,0.028839894125779808,0.04670823292729487,0.02620969433697906,-0.2370484361323566,-0.04035416465865005,-0.00446529250432981,0.24892189512113028,0.22274913011979974,0.40594523825211937,-0.10543178664472741,0.2899592960957129,0.5429385562625022,0.19122326464141182,unstable recovery
2026-07-16 12:44:00,-2.8949999999999996,,,44.5,48.919999999999995,50.0,1.4645,0.33999999999999997,-10.400000000000002,-6.395,-5.535,4.844999999999999,77.0,78.0,2.5968999999999998,400.5,0.4,158.0,7.01,2.79455,2.508723310363247,4.4133,4.419999999999995,frost_cycle_000011,2026-07-16,74.0,False,-10.391490229584283,-6.39603821422212,-4.0446856161958635,7.150242925419491,2.561794369280091,4.56018168004414,4.534544874569883,0.008509770415718876,7.505000000000003,-0.0010382142221203594,1.4903143838041366,0.01961372877569234,0.02071636176316438,0.03220961144748047,0.02526050083047271,-0.1603870317040439,0.03798051902014876,-0.10688575716935667,0.2184696460835148,0.24371733453452948,0.16889680211976277,0.40594523825211937,-0.10543178664472741,0.2899592960957129,0.5429385562625022,unstable recovery
2026-07-16 12:45:00,-3.02,,,44.5,48.974999999999994,50.0,1.4620000000000002,0.33999999999999997,-10.400000000000002,-6.4,-5.9,4.505,78.0,79.0,2.60725,400.0,0.4,158.0,7.049444444444444,2.8053,2.5165456909767414,4.446894444444444,4.474999999999994,frost_cycle_000011,2026-07-16,75.0,False,-10.651665512825852,-6.586571245299761,-4.187559900112253,7.182653662181165,2.5354137382952504,4.550823179936119,4.619981409219573,-0.25166551282585026,7.380000000000003,-0.18657124529976077,1.712440099887747,0.01854596142343712,0.007441802114393936,0.022837348625163068,0.031381383684846775,-0.26017528324156913,-0.21920358369265655,-0.10832496178431264,0.08603563456878938,0.2479939859342472,0.008509770415718876,0.16889680211976277,0.40594523825211937,-0.10543178664472741,0.2899592960957129,unstable recovery
2026-07-16 12:46:00,-3.205,,,44.5,49.08500000000001,50.0,1.4600000000000002,0.33799999999999997,-10.580000000000002,-6.705,-5.73,4.85,79.0,80.0,2.67995,400.0,0.4,158.0,7.290000000000001,2.8818,2.528133943731593,4.608250000000002,4.580000000000005,frost_cycle_000011,2026-07-16,76.0,False,-10.946440516873707,-6.813278200976202,-4.364775756761836,7.2120358907164155,2.507868337312807,4.53992564730189,4.695610902963679,-0.3664405168737055,7.375000000000002,-0.10827820097620222,1.3652242432381643,-0.010810277495144405,-0.00808080955338375,-0.015049663365900745,0.024621056844958078,-0.11477500404785523,-0.17844577299782274,-0.05220174604579562,-0.023364334259447023,0.28243398312303974,-0.25166551282585026,0.008509770415718876,0.16889680211976277,0.40594523825211937,-0.10543178664472741,unstable recovery
2026-07-16 12:47:00,-3.4,,,44.519999999999996,49.09,50.0,1.4615,0.3305,-11.254999999999999,-6.864444444444445,-5.709999999999999,5.535,79.0,80.0,2.6750000000000003,400.5,0.4,158.0,7.055999999999999,2.8766000000000003,2.452557811600112,4.3805499999999995,4.570000000000007,frost_cycle_000011,2026-07-16,77.0,False,-11.076324340195676,-6.933466176031276,-4.478078530738605,7.195905994756937,2.5042884165935164,4.527148318333131,4.668121915805279,0.17867565980432332,7.854999999999999,-0.06902173158683134,1.231921469261394,0.019442443364167894,0.020656807998086446,0.03238204450679627,0.02101957009157185,0.5451161766780288,0.056721963129534814,-0.04545391568955921,0.023986906815394764,0.2896470356782679,-0.3664405168737055,-0.25166551282585026,0.008509770415718876,0.16889680211976277,0.40594523825211937,unstable recovery
2026-07-16 12:48:00,-3.495,,,44.510000000000005,49.05,50.0,1.4673888888888889,0.3305,-11.254999999999999,-6.9399999999999995,-6.27,4.94,79.0,80.0,2.67955,400.5,0.4,157.0,7.0495,2.88215,2.444983962419452,4.36885,4.535,frost_cycle_000011,2026-07-16,78.0,False,-11.174414948781608,-7.046481667574123,-4.442792724341992,7.162534604683531,2.495940651239128,4.497381110459013,4.640307933003672,0.08058505121839055,7.759999999999999,-0.10648166757412358,1.827207275658008,0.0157813694344483,0.02041582551026544,0.028579101326348333,0.022694169120691443,-0.09809060858593277,0.11075018801474694,-0.017662350180274445,-0.03023979102356004,0.22765983432782805,0.17867565980432332,-0.3664405168737055,-0.25166551282585026,0.008509770415718876,0.16889680211976277,unstable recovery
2026-07-16 12:49:00,-3.595,,,44.525,49.11000000000001,50.0,1.4635000000000002,0.33,-11.3,-7.1850000000000005,-5.734999999999999,5.555,81.0,82.0,2.7657,401.0,0.4,157.0,7.234500000000001,2.9723499999999996,2.433687744305055,4.468250000000001,4.5844444444444505,frost_cycle_000011,2026-07-16,79.0,False,-11.556868092463931,-7.321004930243702,-4.630494997694413,7.2542856110093314,2.4446361767115943,4.502130915802104,4.817756179767606,-0.2568680924639306,7.705,-0.13600493024370142,1.1045050023055865,0.002727437554885248,0.004478552886862164,0.007525528785309987,0.04842746843498624,-0.33745314368232115,0.03652414146992496,-0.053075572575929895,-0.10120060678750893,0.21937975333771254,0.08058505121839055,0.17867565980432332,-0.3664405168737055,-0.25166551282585026,0.008509770415718876,unstable recovery
2026-07-16 12:50:00,-3.705,,,44.53,49.14,50.0,1.4665000000000001,0.33,-11.3,-7.395000000000001,-5.235000000000001,6.0649999999999995,81.0,82.0,2.7641,400.5,0.4,157.0,7.2545,2.970994444444444,2.4410363452459416,4.48935,4.600000000000001,frost_cycle_000011,2026-07-16,80.0,False,-11.646422353669568,-7.395641030759075,-4.6899313546973715,7.239201521067433,2.4432270376244345,4.4893472308495115,4.796610047774215,-0.346422353669567,7.595000000000001,-0.0006410307590734021,0.5450686453026297,-0.0021132826442316066,0.0008966388897787558,-6.168269786055447e-07,0.04098937495772603,-0.08955426120563637,-0.17503267115796342,-0.018951368168743342,-0.16035596080172324,0.23140379586303647,-0.2568680924639306,0.08058505121839055,0.17867565980432332,-0.3664405168737055,-0.25166551282585026,unstable recovery
2026-07-16 12:51:00,-3.88,,,44.57000000000001,49.2,50.0,1.464,0.33,-11.3,-7.410000000000001,-5.385,5.925000000000001,81.0,82.0,2.7593000000000005,401.0,0.4,157.0,7.289500000000001,2.96655,2.4565690234780844,4.529450000000001,4.6449999999999925,frost_cycle_000011,2026-07-16,81.0,False,-11.756822292866778,-7.496798478918108,-4.8016649862325504,7.227008933107098,2.4393981892733714,4.478418880925114,4.786567874549658,-0.4568222928667769,7.420000000000001,-0.08679847891810688,0.5833350137674493,-0.008646878324258145,-0.0070389632493035315,-0.011394896375647834,0.029576071678077964,-0.11039993919720992,-0.17913578136172248,-0.01807635519861428,-0.19454875747521103,0.26087489392053126,-0.346422353669567,-0.2568680924639306,0.08058505121839055,0.17867565980432332,-0.3664405168737055,unstable recovery
2026-07-16 12:52:00,-4.0,,,44.60000000000001,49.2525,50.0,1.4663333333333335,0.33,-11.3,-7.48,-5.93,5.369999999999999,81.0,82.0,2.7586000000000004,400.0,0.4,157.0,7.3199999999999985,2.966,2.467304840231899,4.560666666666665,4.6499999999999915,frost_cycle_000011,2026-07-16,82.0,False,-11.858615967510726,-7.575822818895843,-4.869137458323282,7.209215188844751,2.4376168287193924,4.461478129686782,4.768792966213051,-0.5586159675107254,7.300000000000001,-0.09582281889584277,1.060862541676718,-0.015367111156103563,-0.01217911328914778,-0.022232214099600967,0.024910489311385287,-0.1017936746439485,-0.10058262501559827,-0.14745832546300974,-0.22657799924804767,0.29567599628408076,-0.4568222928667769,-0.346422353669567,-0.2568680924639306,0.08058505121839055,0.17867565980432332,unstable recovery
2026-07-16 12:53:00,-4.130000000000001,,,44.605000000000004,49.285,50.0,1.4645,0.3275,-11.525,-7.5,-6.055000000000001,5.405,81.0,82.0,2.75385,400.0,0.4,157.0,7.330500000000001,2.9621000000000004,2.4743471359405813,4.575850000000001,4.664999999999996,frost_cycle_000011,2026-07-16,83.0,False,-11.951204244196191,-7.657311623427035,-4.953603515990016,7.195995047087179,2.435369137645485,4.450500977634136,4.76225111805185,-0.42620424419619063,7.395,-0.1573116234270353,1.1013964840099844,-0.01869164056293604,-0.016004965199148513,-0.028165148821627684,0.02042124945558066,0.13241172331453477,-0.026593963508874552,-0.10135785908291624,-0.32739131658146664,0.2243932412881757,-0.5586159675107254,-0.4568222928667769,-0.346422353669567,-0.2568680924639306,0.08058505121839055,renewed degradation
2026-07-16 12:54:00,-4.24388888888889,,,44.60000000000001,49.273333333333326,50.0,1.4635,0.32199999999999995,-12.02,-7.5794444444444435,-6.351666666666666,5.64111111111111,82.0,83.0,2.7643000000000004,400.0,0.4,157.0,7.2905,2.9728000000000003,2.427396578343884,4.492638888888889,4.673333333333325,frost_cycle_000011,2026-07-16,84.0,False,-12.195677671323118,-7.839834542606966,-5.084702610893249,7.232458794698555,2.4090910462898902,4.445586877223617,4.841449455000742,-0.1756776713231183,7.77611111111111,-0.2603900981625227,1.2669640557734168,-0.008025100031539667,-0.007598522306653699,-0.010583982039882533,0.03472433683961518,0.25052657287307234,0.0937148738478862,0.016238084228162464,-0.3701017703383848,0.13956278156639584,-0.42620424419619063,-0.5586159675107254,-0.4568222928667769,-0.346422353669567,-0.2568680924639306,renewed degradation
2026-07-16 12:55:00,-4.34,,,44.650000000000006,49.41,50.0,1.4625,0.31999999999999995,-12.2,-7.8,-5.959999999999999,6.235,83.0,84.0,2.8432,400.0,0.4,157.0,7.245,3.0552,2.3722316865417374,4.40355,4.7699999999999925,frost_cycle_000011,2026-07-16,85.0,False,-12.418853059101197,-8.001383596260798,-5.203024509279485,7.274457743253736,2.382172468599462,4.442691712568547,4.922995979967519,-0.2188530591011979,7.859999999999999,-0.20138359626079794,0.7569754907205137,0.004049476166255062,0.00417299007051708,0.008810359822585379,0.03107781939901888,-0.04317538777807961,0.11325430280317583,0.025513858913673814,-0.363765931444596,0.14642561231680312,-0.1756776713231183,-0.42620424419619063,-0.5586159675107254,-0.4568222928667769,-0.346422353669567,renewed degradation
2026-07-16 12:56:00,-4.505,,,44.7,49.510000000000005,50.0,1.4675,0.31999999999999995,-12.2,-7.900000000000001,-5.885,6.335000000000001,83.0,84.0,2.8326000000000002,400.0,0.4,157.0,7.259500000000001,3.0456000000000003,2.3835243199208858,4.426800000000001,4.810000000000002,frost_cycle_000011,2026-07-16,86.0,False,-12.533223611057679,-8.102183706703666,-5.287925740358485,7.25967858104887,2.3790097647284494,4.429224265420613,4.887275975188947,-0.3332236110576794,7.694999999999999,-0.20218370670366514,0.5970742596415146,2.4599029678218365e-05,-0.0018976614805747971,0.0005473340872663712,0.01581166596305361,-0.11437055195648149,0.030993544379503746,0.0247197363618195,-0.3615661410092814,0.14683684747949094,-0.2188530591011979,-0.1756776713231183,-0.42620424419619063,-0.5586159675107254,-0.4568222928667769,renewed degradation
2026-07-16 12:57:00,-4.68,,,44.7,49.5,50.0,1.4660000000000002,0.31399999999999995,-12.8,-7.960000000000001,-6.3149999999999995,6.569999999999999,83.0,84.0,2.81935,400.0,0.4,157.0,7.1375,3.031127777777778,2.352810137636993,4.3165611111111115,4.799999999999997,frost_cycle_000011,2026-07-16,87.0,False,-12.659357411186054,-8.21370130517331,-5.399118149523991,7.24131681144396,2.376152591607774,4.414392116578805,4.874734975766083,0.14064258881394665,8.120000000000001,-0.25370130517330836,0.9158818504760085,0.014336731032108863,0.009823634245217705,0.02216182950768608,0.015331084897459712,0.47386619987162604,0.10544008671235498,0.1398517112649344,-0.2619886607291608,0.24143368665491222,-0.3332236110576794,-0.2188530591011979,-0.1756776713231183,-0.42620424419619063,-0.5586159675107254,renewed degradation
2026-07-16 12:58:00,-4.799999999999999,,,44.7,49.49,50.0,1.4634999999999998,0.3115555555555556,-13.044444444444444,-8.0,-7.554999999999999,5.540555555555556,83.0,84.0,2.8171999999999997,400.0,0.4,157.0,7.0115,3.0294499999999998,2.31581772493366,4.195749999999999,4.789999999999999,frost_cycle_000011,2026-07-16,88.0,False,-12.745140139011657,-8.289177286952587,-5.479538863340704,7.228906171864901,2.3741086584149844,4.40420992827776,4.871720455511444,0.29930430543278774,8.244444444444445,-0.2891772869525866,2.075461136659295,0.030074559925961197,0.024552765634678675,0.04733196910967363,0.01677445499135599,0.1586617166188411,0.17271912151132854,0.14510170992579569,-0.11900194857190864,0.2813687832265906,0.14064258881394665,-0.3332236110576794,-0.2188530591011979,-0.1756776713231183,-0.42620424419619063,renewed degradation
2026-07-16 12:59:00,-4.9,,,44.7,49.5,50.0,1.4675,0.311,-13.1,-8.075,-8.355,4.715,83.0,84.0,2.8217,400.0,0.4,157.0,7.0575,3.0342000000000002,2.327521016582355,4.237694444444444,4.799999999999997,frost_cycle_000011,2026-07-16,89.0,False,-12.819557053349328,-8.356180247614535,-5.5292975116770755,7.217818606158555,2.372755675252957,4.395772613331613,4.846118174493008,0.2804429466506715,8.2,-0.28118024761453597,2.825702488322925,0.022211503905316232,0.019064187325473103,0.035961407195573614,0.00951651875427817,-0.018861358782116255,0.20455551923611695,0.09122412359475796,-0.0012274167640982843,0.27488175374124657,0.29930430543278774,0.14064258881394665,-0.3332236110576794,-0.2188530591011979,-0.1756776713231183,renewed degradation
2026-07-16 13:00:00,-5.0,,,44.69500000000001,49.4875,50.0,1.4665,0.31,-13.2,-8.287500000000001,-8.64611111111111,4.578888888888889,83.0,84.0,2.8114,400.0,0.4,157.0,7.009,3.0237499999999997,2.3168259305085215,4.1953,4.793749999999999,frost_cycle_000011,2026-07-16,90.0,False,-12.892329311850387,-8.420675635544473,-5.593415300565351,7.207011742115497,2.3711985937445808,4.3872493056564945,4.8394490517696225,0.30767068814961185,8.2,-0.13317563554447176,3.0526958105457602,0.02747487435858864,0.02293045524718973,0.04375162938860444,0.009443027766334766,0.02722774149894036,0.0556760331118884,0.10530474945016195,0.0793306431480234,0.2841997306480291,0.2804429466506715,0.29930430543278774,0.14064258881394665,-0.3332236110576794,-0.2188530591011979,renewed degradation
2026-07-16 13:01:00,-5.105,,,44.675,49.37,50.0,1.4631666666666665,0.31,-13.2,-8.38,-10.079999999999998,3.12,83.0,84.0,2.81175,411.0,0.4,158.0,7.044,3.027427777777778,2.3239468989253846,4.2311,4.699999999999999,frost_cycle_000011,2026-07-16,91.0,False,-12.744069195043476,-8.38279853488218,-5.7248208344310605,7.291490621129107,2.371671169704413,4.477661617841239,4.799990422190698,0.45593080495652316,8.094999999999999,-0.0027985348821797373,4.355179165568938,0.03394239038200708,0.020122633942114443,0.0550648170596042,0.020831379522849747,0.1482601168069113,0.05220883317457847,0.1578308832028405,0.19179462049097692,0.2759973619042108,0.30767068814961185,0.2804429466506715,0.29930430543278774,0.14064258881394665,-0.3332236110576794,renewed degradation
2026-07-16 13:02:00,-5.215000000000001,,,44.685,49.4075,50.0,1.4665,0.31,-13.2,-8.328750000000001,-10.3625,2.835,83.0,84.0,2.8185000000000002,421.0,0.4,158.5,7.040000000000001,3.0413500000000004,2.314152835180228,4.220600000000001,4.737499999999997,frost_cycle_000011,2026-07-16,92.0,False,-12.628757263799956,-8.376031309728763,-5.802643121992666,7.358872689663503,2.3687575483166086,4.55006892384205,4.740555241216698,0.571242736200043,7.9849999999999985,-0.047281309728761656,4.559856878007334,0.04333173070263874,0.023052048182468532,0.07240965562425983,0.0006444901622781884,0.1153119312435198,0.09693326318312383,0.08612002947721926,0.3425390117005973,0.15024394767187654,0.45593080495652316,0.30767068814961185,0.2804429466506715,0.29930430543278774,0.14064258881394665,renewed degradation
2026-07-16 13:03:00,-5.289999999999999,,,44.675,49.41,50.0,1.4645000000000001,0.31,-13.2,-8.31,-10.335,2.88,84.0,85.0,2.8259499999999997,421.0,0.4,159.5,7.019999999999999,3.052377777777778,2.3038195866437325,4.203822222222221,4.734999999999999,frost_cycle_000011,2026-07-16,93.0,False,-12.820464403484678,-8.48752229652132,-5.989967716543443,7.421166674109671,2.3504717673888518,4.570068545517191,4.823029243703473,0.3795355965153213,7.91,-0.17752229652131923,4.345032283456558,0.054057089905988454,0.019848007277681656,0.08014022539207288,0.018251857754832623,-0.19170713968472164,0.02395496945523649,0.016046258216506716,0.38235451298415973,0.11310274613722485,0.571242736200043,0.45593080495652316,0.30767068814961185,0.2804429466506715,0.29930430543278774,renewed degradation
2026-07-16 13:04:00,-5.299999999999999,,,44.7,49.44,50.0,1.4620000000000002,0.31,-13.2,-8.68,-9.955,3.215,85.0,86.0,2.9097999999999997,421.0,0.4,160.5,7.210499999999999,3.13815,2.2950791605875125,4.298849999999999,4.7549999999999955,frost_cycle_000011,2026-07-16,94.0,False,-12.959459984557025,-8.550806547953517,-6.137773568586196,7.492733767626807,2.332599644515382,4.595895631142934,4.914489379448554,0.2405400154429742,7.9,0.1291934520464828,3.817226431413804,0.037667662615510356,0.016085265217325673,0.06463280609117406,0.032452889229044324,-0.1389955810723471,-0.07179692983784965,-0.007980586241539456,0.3725604646525242,0.12377368893355815,0.3795355965153213,0.571242736200043,0.45593080495652316,0.30767068814961185,0.2804429466506715,renewed degradation
2026-07-16 13:05:00,-5.4,,,44.74,49.480000000000004,50.0,1.4636666666666667,0.31,-13.2,-8.704999999999998,-10.604999999999999,2.6149999999999998,85.0,86.0,2.9015166666666667,421.0,0.4,162.0,7.213499999999999,3.1297,2.305868293693277,4.312999999999999,4.730000000000004,frost_cycle_000011,2026-07-16,95.0,False,-12.989347384707235,-8.539968118484744,-6.308227479373757,7.51746512502081,2.34146729980391,4.620325598560154,4.8913136677762985,0.2106526152927639,7.799999999999999,0.1650318815152545,4.2967725206262415,0.04043452413355486,0.01520371696568823,0.06651600455516116,0.03297962035005442,-0.029887400150210297,-0.12019670696909301,-0.019403614571369587,0.36092874275953957,0.1367599087433249,0.2405400154429742,0.3795355965153213,0.571242736200043,0.45593080495652316,0.30767068814961185,renewed degradation
2026-07-16 13:06:00,-5.4,,,44.721111111111114,49.36,50.0,1.4600000000000002,0.31,-13.2,-8.674999999999999,-11.124999999999998,2.115,85.0,86.0,2.8958500000000003,421.0,0.405,163.5,7.220000000000001,3.12385,2.3111424192876147,4.322550000000001,4.6399999999999935,frost_cycle_000011,2026-07-16,96.0,False,-12.95318113158926,-8.471443653860412,-6.434754537987752,7.549538042123304,2.3525983151181538,4.6526327195192305,4.898270244726028,0.24681886841073997,7.799999999999999,0.20355634613958706,4.690245462012246,0.043650093593093686,0.017621323438062997,0.07094536350020297,0.052726826373884594,0.036166253117976055,-0.04423890936819378,-0.04182238730915664,0.3507867728030609,0.14358540936521985,0.2106526152927639,0.2405400154429742,0.3795355965153213,0.571242736200043,0.45593080495652316,renewed degradation
2026-07-16 13:07:00,-5.405,,,44.730000000000004,49.33,50.0,1.4615,0.31,-13.2,-8.599999999999998,-11.23,1.98,85.0,86.0,2.8945,421.0,0.43000000000000005,164.5,7.2065,3.121,2.305795709253923,4.3062000000000005,4.594999999999999,frost_cycle_000011,2026-07-16,97.0,False,-12.93131032295225,-8.427911428371026,-6.510223267479166,7.571332877965363,2.359806864080329,4.673978892903314,4.887608907299532,0.2686896770477496,7.794999999999999,0.17208857162897218,4.719776732520835,0.04818608346056552,0.022887955641003432,0.0786864684951245,0.059867496121166375,0.02187080863700963,0.00938322053492513,-0.06051061183045867,0.31957991815159864,0.13632703905200333,0.24681886841073997,0.2106526152927639,0.2405400154429742,0.3795355965153213,0.571242736200043,renewed degradation
2026-07-16 13:08:00,-5.4,,,44.71000000000001,49.28,50.0,1.4625000000000001,0.31,-13.2,-8.455000000000002,-11.275,1.9349999999999998,85.0,86.0,2.89945,421.0,0.4,166.0,7.13,3.1269,2.2802136301128915,4.2303,4.569999999999997,frost_cycle_000011,2026-07-16,98.0,False,-12.893938189983565,-8.35951463548107,-6.620494165142318,7.603290118735755,2.371304389693845,4.706735781951099,4.877363437543062,0.30606181001643407,7.799999999999999,0.09548536451893241,4.654505834857682,0.0622480677896915,0.038413777656235104,0.10122424627659898,0.06301835847973991,0.03737213296868447,0.031803064907890054,-0.01469475729977745,0.2753830971209972,0.060089465312374954,0.2686896770477496,0.24681886841073997,0.2106526152927639,0.2405400154429742,0.3795355965153213,renewed degradation
2026-07-16 13:09:00,-5.3149999999999995,,,44.71000000000001,49.25,50.0,1.4615,0.31,-13.2,-8.375,-11.3,1.9149999999999996,86.0,87.0,2.9081875,421.0,0.4,166.5,7.138999999999999,3.14,2.275020441571815,4.231999999999999,4.515000000000001,frost_cycle_000011,2026-07-16,99.0,False,-12.98104410242844,-8.390169858773607,-6.668373807672863,7.672122170566703,2.3517666911070743,4.7295492227295455,4.975066959217417,0.21895589757155953,7.885,-0.015169858773607103,4.631626192327138,0.06948822747009575,0.032633445241598946,0.10520013627057623,0.09247452606945117,-0.08710591244487453,-0.009287656946393478,-0.0043168235742829355,0.24861981396370356,0.03490663253422759,0.30606181001643407,0.2686896770477496,0.24681886841073997,0.2106526152927639,0.2405400154429742,renewed degradation
2026-07-16 13:10:00,-5.395,,,44.7,49.25,50.0,1.4634999999999998,0.29999999999999993,-14.1,-8.690000000000001,-11.485,2.493888888888889,87.0,88.0,2.97955,421.0,0.4,167.5,6.890499999999999,3.2116500000000006,2.1481575196858116,3.914349999999999,4.539999999999996,frost_cycle_000011,2026-07-16,100.0,False,-13.17830315134272,-8.507576030566003,-6.847405611888453,7.7333961782041944,2.3336320751189916,4.749156863505259,5.041837392245542,0.9216968486572803,8.705,0.18242396943399797,4.6375943881115465,0.10899430971606161,0.07947891932524231,0.17578001474752414,0.09953462462263929,0.7027409510857208,0.2176690572031769,0.1422088466729033,0.3621459528327546,0.27630804230896744,0.21895589757155953,0.30606181001643407,0.2686896770477496,0.24681886841073997,0.2106526152927639,renewed degradation
2026-07-16 13:11:00,-5.49,,,44.735,49.225,50.0,1.464,0.29999999999999993,-14.1,-8.945,-11.8,2.3,87.0,88.0,2.97365,421.0,0.4255555555555556,168.5,6.889999999999999,3.2059000000000006,2.1489465032535886,3.915849999999999,4.4850000000000065,frost_cycle_000011,2026-07-16,101.0,False,-13.217197904133494,-8.516711272956858,-6.979798916288576,7.747509225810917,2.3389203587684677,4.763117001082244,5.02582935287324,0.8828020958665057,8.61,0.42828872704314236,4.820201083711424,0.11068192380515218,0.08122288337124384,0.17788078707487864,0.1076099713899048,-0.03889475279077459,0.19224676195002388,0.12719664549115314,0.4741708662617115,0.3330362658360965,0.9216968486572803,0.21895589757155953,0.30606181001643407,0.2686896770477496,0.24681886841073997,renewed degradation
2026-07-16 13:12:00,-5.5,,,44.65777777777778,49.141666666666666,50.0,1.4665,0.29999999999999993,-14.1,-8.81,-11.89,2.21,87.0,88.0,2.9814,421.0,0.43,168.0,6.8955,3.21475,2.144756645064687,3.91375,4.480000000000004,frost_cycle_000011,2026-07-16,102.0,False,-13.249890269155685,-8.56133562631495,-6.943014905276781,7.73005751982959,2.3365252867181536,4.750731561275325,5.016865654174702,0.8501097308443146,8.6,0.24866437368505068,4.946985094723219,0.10796265327764187,0.0820742847267969,0.1761795105616616,0.10701216480213183,-0.03269236502219108,0.21038461109091836,0.11628401075931301,0.574719343333974,0.34162754377765764,0.8828020958665057,0.9216968486572803,0.21895589757155953,0.30606181001643407,0.2686896770477496,renewed degradation
2026-07-16 13:13:00,-5.5,,,44.64000000000001,49.10000000000001,50.0,1.4634999999999998,0.29999999999999993,-14.1,-8.8,-11.900000000000002,2.2,87.0,88.0,2.982,421.0,0.41500000000000004,168.0,6.826499999999999,3.2149,2.1227629087518562,3.8432999999999997,4.449999999999996,frost_cycle_000011,2026-07-16,103.0,False,-13.25116340650812,-8.562394955916243,-6.952144594314641,7.72924490926378,2.3366505474224826,4.750542028202968,5.028092334860371,0.84883659349188,8.6,0.23760504408375738,4.947855405685361,0.1167960026964352,0.09153599750145003,0.19097652916590646,0.11497249779054208,-0.0012731373524346168,-0.024286751721800098,0.10855495669508919,0.6714104960746624,0.3190416679415755,0.8501097308443146,0.8828020958665057,0.9216968486572803,0.21895589757155953,0.30606181001643407,renewed degradation
2026-07-16 13:14:00,-5.5,,,44.615,49.03,50.0,1.4634999999999998,0.29999999999999993,-14.1,-8.86,-11.915000000000001,2.18,87.0,88.0,2.9811000000000005,421.0,0.42000000000000004,168.0,6.770999999999999,3.2142999999999997,2.105704166383778,3.7886499999999987,4.409999999999993,frost_cycle_000011,2026-07-16,104.0,False,-13.254986597803159,-8.566732335458443,-6.953014489495175,7.727585269400235,2.3370696221234692,4.750308675399442,5.0278669723373905,0.845013402196841,8.6,0.2932676645415562,4.961985510504826,0.1237883809821072,0.09899810153258148,0.20244130247358705,0.12288848844585865,-0.0038231912950390523,-0.012596231223221585,0.12521150092505628,0.7612357614380635,0.2672769224002224,0.84883659349188,0.8501097308443146,0.8828020958665057,0.9216968486572803,0.21895589757155953,renewed degradation
2026-07-16 13:15:00,-5.5,,,44.575,48.985,50.0,1.4615,0.29999999999999993,-14.1,-9.01,-12.075,2.035,89.0,90.0,3.0599999999999996,421.0,0.4275,169.0,6.9245,3.2950000000000004,2.0962563605524593,3.8569499999999994,4.419999999999991,frost_cycle_000011,2026-07-16,105.0,False,-13.55854764316897,-8.744297556285336,-7.15404712867843,7.844578263884628,2.295973111026357,4.7811652789134,5.205199951805506,0.5414523568310301,8.6,0.2657024437146642,4.920952871321569,0.117288429401048,0.08698566612769232,0.1933033528436071,0.15084914298693863,-0.30356104536581086,-0.1028857913377615,-0.07604889836525004,0.814985171314642,0.13717730574098255,0.845013402196841,0.84883659349188,0.8501097308443146,0.8828020958665057,0.9216968486572803,renewed degradation
2026-07-16 13:16:00,-5.5600000000000005,,,44.55,48.93666666666667,50.0,1.464,0.29,-15.1,-9.370000000000001,-12.45,2.5727777777777776,89.0,90.0,3.0514,421.0,0.45000000000000007,169.5,6.629999999999999,3.2881,2.0163899042770606,3.578149999999999,4.383888888888887,frost_cycle_000011,2026-07-16,106.0,False,-13.594639811991598,-8.765795359809406,-7.222977627196917,7.847213033834073,2.2992613265978092,4.786707746326522,5.186970149923107,1.5053601880084013,9.54,0.6042046401905949,5.2270223728030825,0.15511405496268982,0.12302708659015738,0.2524820420160413,0.1548266594605573,0.9639078311773712,0.21884119817217376,0.12451161842837913,0.9122623945398288,0.31703034513906947,0.5414523568310301,0.845013402196841,0.84883659349188,0.8501097308443146,0.8828020958665057,renewed degradation
2026-07-16 13:17:00,-5.6,,,44.5,48.894999999999996,50.0,1.4631666666666665,0.29,-15.1,-9.400000000000002,-12.604999999999999,2.495,89.0,90.0,3.0572999999999997,421.0,0.495,170.5,6.5954999999999995,3.2950555555555554,2.0016355172657354,3.5382,4.375,frost_cycle_000011,2026-07-16,107.0,False,-13.606021723276356,-8.75341107271068,-7.3285025572964475,7.861675277906331,2.3067685099394217,4.804521823434397,5.180987572527539,1.4939782767236434,9.5,0.6465889272893222,5.276497442703551,0.1610566747096086,0.1322772490429477,0.2635687525151458,0.1555663975727969,-0.011381911284757962,0.21632162484226747,0.12877370917586575,1.0141250913493518,0.3944136415171533,1.5053601880084013,0.5414523568310301,0.845013402196841,0.84883659349188,0.8501097308443146,renewed degradation
2026-07-16 13:18:00,-5.6850000000000005,,,44.5,48.89,50.0,1.4650000000000003,0.29,-15.1,-9.41,-12.739999999999998,2.3549999999999995,91.0,92.0,3.1482,421.0,0.5,171.0,6.720999999999999,3.3914,1.9791912284838482,3.572000000000001,4.390000000000001,frost_cycle_000011,2026-07-16,108.0,False,-13.979358202202341,-9.004390360436322,-7.5307197170456135,7.960886968924028,2.260201223615891,4.8177460589100525,5.33753791929648,1.1206417977976582,9.415,0.40560963956367857,5.209280282954385,0.1557473399338577,0.12432963587307522,0.2585744544601183,0.17752340753794038,-0.3733364789259852,0.19306314698887603,0.05436104086115563,1.059213769174909,0.3873131653163274,1.4939782767236434,1.5053601880084013,0.5414523568310301,0.845013402196841,0.84883659349188,renewed degradation
2026-07-16 13:19:00,-5.6850000000000005,,,44.5,48.849999999999994,50.0,1.4600000000000002,0.29,-15.1,-9.655000000000001,-13.01,2.1050000000000004,91.0,92.0,3.1438999999999995,421.0,0.5,172.0,6.715,3.387855555555556,1.982347537323414,3.569300000000001,4.349999999999994,frost_cycle_000011,2026-07-16,109.0,False,-13.952090194192872,-8.954797605019653,-7.621883113694306,7.983418002219058,2.2672636553332484,4.83938158222373,5.351989137831399,1.147909805807128,9.415,0.700202394980348,5.388116886305694,0.1588815720116986,0.12566518999218756,0.26244708350526835,0.18721808135758033,0.027268008009469824,-0.11915012740042445,0.060579280722057406,1.1090593045607837,0.3738337616147672,1.1206417977976582,1.4939782767236434,1.5053601880084013,0.5414523568310301,0.845013402196841,renewed degradation
2026-07-16 13:20:00,-5.700000000000001,,,44.5,48.805,50.0,1.4665,0.29,-15.1,-9.688888888888888,-13.1,2.0,92.0,93.0,3.16585,421.0,0.5,173.0,6.7055,3.4114999999999998,1.9738417292048172,3.5570500000000003,4.305,frost_cycle_000011,2026-07-16,110.0,False,-14.102870169885424,-9.031709469634347,-7.748080909066607,8.051692849427976,2.2502496853869838,4.864622656314786,5.408542110795203,0.9971298301145755,9.399999999999999,0.6571794192545415,5.351919090933393,0.16719376590770163,0.12283434944004079,0.26879220623976263,0.20403688982888446,-0.15077997569255253,-0.1656161488696893,0.09113549465670907,1.1344120425470727,0.35713017440967937,1.147909805807128,1.1206417977976582,1.4939782767236434,1.5053601880084013,0.5414523568310301,renewed degradation
2026-07-16 13:21:00,-5.700000000000001,,,44.5,48.825,50.0,1.4665,0.288,-15.3,-9.77,-13.330000000000002,1.975,93.0,94.0,3.2306999999999997,421.0,0.5,173.0,7.590000000000001,3.4814999999999996,2.180094786729858,4.358700000000001,4.324999999999999,frost_cycle_000011,2026-07-16,111.0,False,-14.26450335530835,-9.14080603953023,-7.806575162644203,8.100435330804292,2.225748580232996,4.8694080820072685,5.495856750520081,1.0354966446916514,9.6,0.6291939604697703,5.523424837355799,0.06301332088452216,0.020511657924256133,0.10488093694475153,0.21304353509746798,0.038366814577075914,-0.028381717702002263,-0.09397270866334999,1.2167527571905097,0.22592605635026583,0.9971298301145755,1.147909805807128,1.1206417977976582,1.4939782767236434,1.5053601880084013,renewed degradation
2026-07-16 13:22:00,-5.635,,,44.5,48.785,50.0,1.4675000000000002,0.2800000000000001,-16.1,-9.900000000000002,-13.5,2.5618750000000006,93.0,94.0,3.2246500000000005,421.0,0.5,173.0,6.5,3.4762,1.8707727730608719,3.2774,4.285,frost_cycle_000011,2026-07-16,112.0,False,-14.217867052737708,-9.099684150121085,-7.764018724934184,8.107201155175499,2.226835316854627,4.874920648683416,5.4988339070063175,1.8821329472622939,10.465000000000002,0.8003158498789169,5.735981275065816,0.19824365084977436,0.15989621733532067,0.3277018773864274,0.22074387543506557,0.8466363025706425,0.24474104715172196,0.0776309341077301,1.2795482170661583,0.34379931478134507,1.0354966446916514,0.9971298301145755,1.147909805807128,1.1206417977976582,1.4939782767236434,renewed degradation
2026-07-16 13:23:00,-5.5,,,44.495,48.81,50.0,1.4700000000000002,0.2800000000000001,-16.1,-9.995000000000001,-13.629999999999999,2.465,95.0,96.0,3.2958000000000003,421.0,0.5,173.0,6.6545000000000005,3.5541500000000004,1.8723182583770293,3.3584000000000005,4.32,frost_cycle_000011,2026-07-16,113.0,False,-14.445241912157785,-9.23362334577958,-7.791594480676416,8.218354448834113,2.1801983517483285,4.895897333710833,5.677995588662924,1.6547580878422163,10.600000000000001,0.7613766542204203,5.838405519323583,0.19028802646203302,0.14121655175292025,0.31403790335315107,0.23916813027723915,-0.2273748594200775,0.21920941924254697,0.10682325800891164,1.3063448522525871,0.3691838790954443,1.8821329472622939,1.0354966446916514,0.9971298301145755,1.147909805807128,1.1206417977976582,renewed degradation
2026-07-16 13:24:00,-5.4,,,44.5,48.81,50.0,1.469,0.2800000000000001,-16.1,-10.295000000000002,-13.975,2.130000000000001,95.0,96.0,3.2885,421.0,0.5,173.0,6.678999999999999,3.5478000000000005,1.8825156664596623,3.3891999999999998,4.309999999999999,frost_cycle_000011,2026-07-16,114.0,False,-14.371505936018476,-9.16777793839346,-7.73315075639446,8.22940636473157,2.1816402679420857,4.904404912518645,5.692256003706168,1.7284940639815254,10.700000000000001,1.1272220616065418,6.2418492436055395,0.18839832376926768,0.1371099561544965,0.30894776013518743,0.242830962417396,0.07373597613930905,0.23099913976329134,0.11611685163487948,1.4076535632832317,0.3908010455116845,1.6547580878422163,1.8821329472622939,1.0354966446916514,0.9971298301145755,1.147909805807128,renewed degradation
2026-07-16 13:25:00,-5.299999999999999,,,44.5,48.87,50.0,1.4685000000000001,0.2800000000000001,-16.1,-10.3,-14.11,2.0,96.0,97.0,3.30395,421.0,0.5,173.0,6.6945,3.5692,1.8782366465093538,3.4020222222222225,4.369999999999997,frost_cycle_000011,2026-07-16,115.0,False,-14.460408712970661,-9.212234081675714,-7.731956748574625,8.288807571069032,2.1586936852507077,4.91765517867506,5.7918881628897285,1.63959128702934,10.800000000000002,1.087765918324287,6.378043251425375,0.19234462344544567,0.12991979392795694,0.30820236502657505,0.24549648109578015,-0.08890277695218529,-0.08084722007765126,0.12849229138295293,1.489600476820267,0.3767396433040653,1.7284940639815254,1.6547580878422163,1.8821329472622939,1.0354966446916514,0.9971298301145755,renewed degradation
2026-07-16 13:26:00,-5.105,,,44.5,48.90999999999999,50.0,1.468,0.27,-17.199999999999996,-10.625,-14.48,2.6611111111111114,97.0,98.0,3.3702666666666667,421.0,0.5,173.0,6.49,3.63635,1.787807248153316,3.120483333333334,4.4099999999999895,frost_cycle_000011,2026-07-16,116.0,False,-14.480446484814731,-9.195602449295858,-7.672711302083231,8.358276366304167,2.13725125066103,4.938950778878198,5.901419033633072,2.7195535151852646,12.094999999999995,1.4293975507041417,6.8072886979167695,0.22352411961825036,0.1635016016014189,0.36818901968443973,0.25272210380812854,1.0799622281559245,0.3549318091143494,0.33681137409872264,1.7766710909987153,0.5450621446683288,1.63959128702934,1.7284940639815254,1.6547580878422163,1.8821329472622939,1.0354966446916514,renewed degradation
2026-07-16 13:27:00,-4.915,,,44.5,48.89999999999999,50.0,1.4689999999999999,0.27,-17.199999999999996,-10.895000000000001,-14.840000000000002,2.3899999999999997,97.0,98.0,3.369,401.0,0.5,173.0,6.5,3.6291,1.793557631368659,3.131775,4.394999999999996,frost_cycle_000011,2026-07-16,117.0,False,-14.708594175016858,-9.183915240299616,-7.589930498222293,8.242639740744117,2.150060051581745,4.81351735678845,5.983716810528325,2.491405824983138,12.284999999999997,1.7110847597003858,7.250069501777709,0.21141767632159036,0.1658104479225202,0.3493790989278781,0.2655066843626336,-0.22814769020212644,0.2543039203338709,0.12185457554416886,2.0193226210472965,0.4676946220875088,2.7195535151852646,1.63959128702934,1.7284940639815254,1.6547580878422163,1.8821329472622939,renewed degradation
2026-07-16 13:28:00,-4.574999999999999,,,44.505,48.86277777777778,50.0,1.4655,0.27,-17.199999999999996,-10.920000000000002,-14.995000000000001,2.205,97.0,98.0,3.38315,400.0,0.5,173.0,6.4855,3.6410500000000003,1.7806058184147908,3.1010999999999997,4.347222222222221,frost_cycle_000011,2026-07-16,118.0,False,-14.477948594162878,-8.967545963024257,-7.393731043869877,8.272649416382276,2.1556451103342638,4.83525373121511,6.035788412277098,2.7220514058371172,12.624999999999996,1.9524540369757446,7.601268956130124,0.21603108344506838,0.173980072193478,0.358647927826388,0.27975900987851854,0.23064558085397913,0.3608200396025924,0.2134586635989802,2.159309030809767,0.5387245801924605,2.491405824983138,2.7195535151852646,1.63959128702934,1.7284940639815254,1.6547580878422163,renewed degradation
2026-07-16 13:29:00,-4.1,,,44.5,48.755,50.0,1.4621111111111111,0.27,-17.199999999999996,-11.0,-15.139999999999997,2.0650000000000004,97.0,98.0,3.379433333333333,400.0,0.5,173.0,6.4365000000000006,3.6382,1.7685655456417295,3.0534999999999997,4.255000000000003,frost_cycle_000011,2026-07-16,119.0,False,-14.132755240883156,-8.660687027654742,-7.113262216797784,8.323070659651211,2.163054524555417,4.875407079196188,6.098099920668954,3.0672447591168392,13.099999999999996,2.339312972345258,8.026737783202213,0.22666762506258353,0.18237588300959207,0.37369332439345104,0.30224167275808844,0.345193353279722,0.1158970813105249,0.2677501390270628,2.3947234760222043,0.5810983966793725,2.7220514058371172,2.491405824983138,2.7195535151852646,1.63959128702934,1.7284940639815254,renewed degradation
2026-07-16 13:30:00,-3.6500000000000004,,,44.5,48.67833333333333,50.0,1.4525,0.27,-17.199999999999996,-11.0,-15.184999999999999,2.02,96.0,97.0,3.34645,400.5,0.5,172.5,6.306,3.60545,1.7507412818422974,2.9628000000000005,4.18944444444444,frost_cycle_000011,2026-07-16,120.0,False,-13.643582661951418,-8.276103236461072,-6.767661401730045,8.315626397670357,2.1902083628991695,4.9013564207459055,6.094760397763826,3.5564173380485773,13.549999999999995,2.723896763538928,8.417338598269954,0.24166867311804185,0.2006508095308117,0.3955142728532459,0.3126153989611221,0.48917257893173804,0.3550038376884797,0.38336521020384745,2.6993773550333793,0.6383046007571987,3.0672447591168392,2.7220514058371172,2.491405824983138,2.7195535151852646,1.63959128702934,renewed degradation
2026-07-16 13:31:00,-3.29,,,44.29,48.705,50.0,1.347,0.27,-17.199999999999996,-11.04,-15.199999999999998,2.0100000000000002,96.0,97.0,3.33655,400.0,0.5,171.0,6.252000000000001,3.5987,1.735571702998413,2.9158055555555555,4.405000000000001,frost_cycle_000011,2026-07-16,121.0,False,-13.410322205702748,-8.081905073482861,-6.739727654998747,8.316493933903072,2.182571605235536,4.89300357400827,6.539266847802185,3.7896777942972477,13.909999999999997,2.9580949265171377,8.46027234500125,0.24824089938753424,0.20480423238571566,0.4040867717644083,0.32637708438515556,0.23326045624867042,0.3558754628200435,0.21402485582239664,3.0577251062446975,0.5161964141435521,3.5564173380485773,3.0672447591168392,2.7220514058371172,2.491405824983138,2.7195535151852646,renewed degradation
2026-07-16 13:32:00,-2.98,,,44.035000000000004,48.705,50.0,1.262,0.2655,-17.65,-11.245000000000001,-15.4,2.3049999999999997,95.0,96.0,3.2897,400.0,0.5,168.0,6.857000000000001,3.5501500000000004,1.9087518093753482,3.5264000000000006,4.672499999999999,frost_cycle_000011,2026-07-16,122.0,False,-13.096586328515631,-7.898988010934702,-6.510888362230572,8.22833475094588,2.1893099842095163,4.846398131723821,6.818165529505096,4.553413671484368,14.669999999999998,3.346011989065299,8.889111637769428,0.16666005849947196,0.1281491323100451,0.2723668373597504,0.31469836281033237,0.7637358771871199,0.4953896374558428,0.4124015693002459,3.363368465627881,0.7608561980101255,3.7896777942972477,3.5564173380485773,3.0672447591168392,2.7220514058371172,2.491405824983138,renewed degradation
2026-07-16 13:33:00,-2.6900000000000004,,,44.0,48.64,50.0,1.2530000000000001,0.25999999999999995,-18.199999999999996,-11.504999999999999,-15.535,2.665,95.0,96.0,3.2626,400.0,0.5,164.5,5.8790000000000004,3.5253,1.671356698217788,2.6205500000000006,4.640000000000004,frost_cycle_000011,2026-07-16,123.0,False,-12.974388076377643,-7.874268755383932,-6.091006028354505,8.18113221546799,2.1682438473561194,4.7946981394834065,6.898072499837117,5.225611923622353,15.509999999999994,3.630731244616067,9.443993971645495,0.28139530749978225,0.22916571387679396,0.45344838741353055,0.32734832808591563,0.672198252137985,0.5563981951912584,0.5007121035570471,3.81906948206775,0.933398320344449,4.553413671484368,3.7896777942972477,3.5564173380485773,3.0672447591168392,2.7220514058371172,renewed degradation
2026-07-16 13:34:00,-2.275,,,44.0,48.575,50.0,1.25,0.25999999999999995,-18.199999999999996,-11.785,-15.775000000000002,2.45,93.0,94.0,3.17835,400.0,0.585,161.0,5.8185,3.43755,1.6926309441482421,2.63735,4.575000000000003,frost_cycle_000011,2026-07-16,124.0,False,-12.435850289669018,-7.548955434863869,-5.459511668315281,8.051279884980168,2.197917854412252,4.744387142235834,6.793916441765379,5.764149710330978,15.924999999999995,4.236044565136131,10.31548833168472,0.27731986924780316,0.22989344631313768,0.44411155309785166,0.3266034342319344,0.5385377867086252,0.6581573053445767,0.5393809902428277,4.32608586615006,1.038619937662046,5.225611923622353,4.553413671484368,3.7896777942972477,3.5564173380485773,3.0672447591168392,renewed degradation
2026-07-16 13:35:00,-1.9749999999999999,,,43.95,48.5,50.0,1.251,0.25999999999999995,-18.199999999999996,-11.920000000000002,-15.870000000000001,2.31,93.0,94.0,3.1566,400.0,0.5999999999999999,158.0,5.804499999999999,3.4124444444444446,1.7022987757228445,2.6478999999999995,4.549999999999997,frost_cycle_000011,2026-07-16,125.0,False,-12.30108623563624,-7.504049558756251,-5.044159388327483,8.013875254341432,2.181512492833616,4.704310082658884,6.834510196489829,5.898913764363757,16.224999999999994,4.4159504412437505,10.825840611672518,0.2756937416943853,0.21967039780199005,0.4371331920145447,0.33426099761518313,0.1347640540327788,0.44850003095979635,0.46849928526303586,4.79803070035788,0.9946227405378958,5.764149710330978,5.225611923622353,4.553413671484368,3.7896777942972477,3.5564173380485773,renewed degradation
2026-07-16 13:36:00,-1.8,,,43.775,48.40499999999999,50.0,1.255,0.25999999999999995,-18.199999999999996,-12.360000000000001,-16.090000000000003,2.1550000000000002,93.0,94.0,3.11635,400.0,0.5999999999999999,154.0,5.844,3.3756500000000003,1.7312228405278676,2.72765,4.649999999999995,frost_cycle_000011,2026-07-16,126.0,False,-12.302354277276343,-7.609451968507112,-4.624050724136245,7.932639615447406,2.1580457654888563,4.630829041032366,6.854092591910916,5.897645722723652,16.399999999999995,4.750548031492889,11.465949275863759,0.2632969246932826,0.19778214706410624,0.41098019904619154,0.3215732151783526,-0.0012680416401043004,0.2240112663670999,0.42159358568528094,5.188235431137059,0.8602747287219739,5.898913764363757,5.764149710330978,5.225611923622353,4.553413671484368,3.7896777942972477,renewed degradation
2026-07-16 13:37:00,-1.7,,,43.66000000000001,48.295,50.0,1.25,0.25,-19.300000000000004,-12.950000000000001,-16.445,2.8549999999999995,93.0,94.0,3.0733999999999995,400.0,0.5999999999999999,150.5,5.612,3.331711111111111,1.681474466157456,2.532983333333333,4.6299999999999955,frost_cycle_000011,2026-07-16,127.0,False,-12.332047682775203,-7.723487917727957,-4.3117068029683665,7.859500950902039,2.13554270210445,4.562323109461837,6.8982983944101175,6.9679523172248015,17.600000000000005,5.226512082272044,12.133293197031634,0.2859597530354764,0.212624283045025,0.44480404553545116,0.328819987875298,1.0703065945011492,0.40126753563127454,0.4829077291480868,5.717947851624984,0.8035197925298616,5.897645722723652,5.898913764363757,5.764149710330978,5.225611923622353,4.553413671484368,renewed degradation
2026-07-16 13:38:00,-1.6,,,43.580000000000005,48.2,50.0,1.2555,0.25,-19.300000000000004,-13.420000000000002,-16.800000000000004,2.5,93.0,94.0,3.0523500000000006,400.0,0.5999999999999999,148.0,5.688000000000001,3.3119000000000005,1.7221239109450193,2.6511500000000003,4.629999999999999,frost_cycle_000011,2026-07-16,128.0,False,-12.336589424147956,-7.792321430958454,-4.045334424497455,7.809317663589067,2.1204078970443128,4.515901293851546,6.898438407497507,6.963410575852048,17.700000000000003,5.627678569041548,12.75466557550255,0.27163931024085586,0.18783366476538366,0.41293003821638596,0.3288336103765275,-0.004541741372753094,0.3548322704960973,0.34755973044593913,6.1196140023529315,0.7007486918740337,6.9679523172248015,5.897645722723652,5.898913764363757,5.764149710330978,5.225611923622353,renewed degradation
2026-07-16 13:39:00,-1.5,,,43.46,48.10000000000001,50.0,1.2555,0.249,-19.42,-13.785,-16.990000000000002,2.4749999999999996,92.0,93.0,2.9913499999999997,400.0,0.5999999999999999,145.5,5.682,3.249233333333333,1.7456223726984672,2.6846555555555556,4.640000000000008,frost_cycle_000011,2026-07-16,129.0,False,-12.182964862664663,-7.7552856280560905,-3.737463302405182,7.708410363717709,2.1301280120445414,4.464277433678038,6.831779254702861,7.237035137335338,17.92,6.02971437194391,13.25253669759482,0.26288304178196165,0.1805082310414845,0.39863604011193454,0.32082114673041806,0.27362456148328995,0.4464631382038953,0.29457708540087213,6.454851204638429,0.667881730723244,6.963410575852048,6.9679523172248015,5.897645722723652,5.898913764363757,5.764149710330978,renewed degradation
2026-07-16 13:40:00,-1.5950000000000002,,,43.285,48.0,50.0,1.2519999999999998,0.24000000000000005,-20.5,-14.295,-17.41,3.0900000000000007,92.5,93.5,2.9822499999999996,401.0,0.5999999999999999,142.5,5.4535,3.24155,1.683101760235178,2.4727000000000006,4.715,frost_cycle_000011,2026-07-16,130.0,False,-12.41402864334417,-8.03208326511189,-3.6080380865023938,7.6525526301029005,2.0965671138574593,4.399015878620099,6.8875113237018075,8.08597135665583,18.905,6.26291673488811,13.801961913497607,0.28736197402321306,0.19721064538761612,0.4378970050965928,0.31542762277945047,0.8489362193204908,0.3726730131436759,0.4374115184584145,6.8418214790259055,0.8384913198943676,7.237035137335338,6.963410575852048,6.9679523172248015,5.897645722723652,5.898913764363757,renewed degradation
2026-07-16 13:41:00,-1.7,,,43.2,48.0,50.0,1.2534999999999998,0.23900000000000002,-20.61,-15.004999999999999,-17.974999999999998,2.7350000000000003,93.0,94.0,2.9831499999999997,401.0,0.5999999999999999,140.5,5.597,3.24425,1.7239314450894407,2.611427777777778,4.799999999999997,frost_cycle_000011,2026-07-16,131.0,False,-12.634398255529383,-8.26234463648495,-3.5461929546109427,7.61613316394872,2.069464619761149,4.348385086306146,6.92282228507802,7.975601744470616,18.91,6.742655363515048,14.428807045389055,0.26511263924669404,0.16696742305823453,0.3994488238859897,0.3066411642046216,-0.11036961218521313,0.3373970562061892,0.41559120434939273,7.187936142377048,0.7991181437701724,8.08597135665583,7.237035137335338,6.963410575852048,6.9679523172248015,5.897645722723652,renewed degradation
2026-07-16 13:42:00,-1.7149999999999999,,,43.11,47.805,50.0,1.2559999999999998,0.23000000000000004,-21.6,-15.485,-18.505000000000003,3.1350000000000002,93.0,94.0,2.9608499999999998,400.5,0.5999999999999999,138.5,5.3885000000000005,3.2215,1.6726696092454483,2.4276500000000008,4.694999999999993,frost_cycle_000011,2026-07-16,132.0,False,-12.71909213696619,-8.38447291228697,-3.3983455205141664,7.561034487068561,2.056422631302977,4.299406371566161,6.921670334666505,8.880907863033812,19.885,7.100527087713029,15.106654479485837,0.2873329688925753,0.18661194261141623,0.4353522811765125,0.32169551957920506,0.9053061185631961,0.5479575752328246,0.3825911091618021,7.685146499095407,0.7630129861856385,7.975601744470616,8.08597135665583,7.237035137335338,6.963410575852048,6.9679523172248015,renewed degradation
2026-07-16 13:43:00,-1.7,,,43.019999999999996,47.715,50.0,1.2570000000000001,0.23000000000000004,-21.6,-15.840000000000002,-18.875,2.7299999999999995,93.0,94.0,2.9502875,400.0,0.5999999999999999,136.5,5.462999999999999,3.2125,1.6968754857764652,2.510006944444444,4.695,frost_cycle_000011,2026-07-16,133.0,False,-12.781316386455956,-8.486297796971982,-3.2364216016074256,7.509298837678466,2.04376926299622,4.252956491979925,6.929337762408498,8.818683613544046,19.900000000000002,7.3537022030280195,15.638578398392575,0.27250198479397436,0.16973235849099688,0.4098206861091276,0.322446074793717,-0.06222424948976624,0.2442374189627389,0.3710546075383995,7.993601715148614,0.7887477745008902,8.880907863033812,7.975601744470616,8.08597135665583,7.237035137335338,6.963410575852048,renewed degradation
2026-07-16 13:44:00,-1.6,,,42.88,47.60000000000001,50.0,1.254,0.22700000000000004,-21.96,-16.23,-19.13,2.8850000000000002,93.0,94.0,2.9364,401.0,0.5999999999999999,135.0,5.515999999999999,3.1980500000000003,1.7247684033343786,2.5807499999999988,4.720000000000006,frost_cycle_000011,2026-07-16,134.0,False,-12.747809480980434,-8.508095065008778,-3.0714220259902794,7.484874752604629,2.036013983532225,4.234659225167904,6.953358085538625,9.212190519019567,20.36,7.7219049349912225,16.05857797400972,0.2630471207176165,0.15287006018390648,0.39056489252740934,0.32119129463265905,0.3935069054755207,0.4121962581829835,0.39503107633684564,8.368398372343202,0.7336818033547776,8.818683613544046,8.880907863033812,7.975601744470616,8.08597135665583,7.237035137335338,renewed degradation
2026-07-16 13:45:00,-1.505,,,42.745000000000005,47.44,50.0,1.2565,0.22150000000000003,-22.62,-16.5,-19.37,3.2800000000000002,92.0,93.0,2.8848111111111114,400.0,0.5999999999999999,133.0,5.168000000000001,3.1453,1.6439227661672553,2.2848000000000015,4.695,frost_cycle_000011,2026-07-16,135.0,False,-12.607148390398068,-8.460946173481322,-2.8003326719815904,7.386312218855374,2.050212652911706,4.186252400772504,6.877604908875849,10.012851609601933,21.115000000000002,8.039053826518678,16.56966732801841,0.3003274371739373,0.19816963190010517,0.4542135109726352,0.3173495624994541,0.8006610905823663,0.3773145821893736,0.38537605058922075,8.8310344510543,0.7525285077552559,9.212190519019567,8.818683613544046,8.880907863033812,7.975601744470616,8.08597135665583,renewed degradation
2026-07-16 13:46:00,-1.45,,,42.69,47.260000000000005,50.0,1.2570000000000001,0.22000000000000003,-22.800000000000004,-16.705,-19.525,3.2800000000000002,92.0,93.0,2.8758999999999997,400.0,0.5999999999999999,132.0,5.199,3.1364,1.6574734416495338,2.3226000000000004,4.59,frost_cycle_000011,2026-07-16,136.0,False,-12.600789841086918,-8.481677013152154,-2.690240962442337,7.366509948631596,2.044683886163823,4.168725936314046,6.88546913351835,10.199210158913086,21.350000000000005,8.223322986847844,16.83475903755766,0.29423837933378927,0.1893742339021227,0.442851356629689,0.33337875589973154,0.18635854931115325,0.4601755151230134,0.444721682888494,9.183240918097177,0.8251042546613216,10.012851609601933,9.212190519019567,8.818683613544046,8.880907863033812,7.975601744470616,renewed degradation
2026-07-16 13:47:00,-1.4,,,42.60000000000001,47.185,50.0,1.2525,0.22000000000000003,-22.800000000000004,-16.9,-19.689999999999998,3.115,92.0,93.0,2.862,401.0,0.5999999999999999,131.5,5.238000000000001,3.122294444444444,1.6793844180827193,2.3791111111111123,4.580000000000002,frost_cycle_000011,2026-07-16,137.0,False,-12.570299790409374,-8.479720761610992,-2.6352887688262605,7.362208604835906,2.0425627714201626,4.168324037600161,6.905896790480244,10.22970020959063,21.400000000000006,8.420279238389007,17.054711231173737,0.2885287172439812,0.1778052348838861,0.42924036383677044,0.336798660774439,0.03049005067754429,0.3391698968570213,0.26975846931136366,9.55892399561718,0.6623961325320692,10.199210158913086,10.012851609601933,9.212190519019567,8.818683613544046,8.880907863033812,renewed degradation
2026-07-16 13:48:00,-1.4,,,42.5,47.09500000000001,50.0,1.251,0.22000000000000003,-22.800000000000004,-17.174999999999997,-19.86,2.925,92.0,93.0,2.8513,401.0,0.6299999999999999,131.0,5.278500000000001,3.1119999999999997,1.696177190184836,2.427200000000001,4.570000000000011,frost_cycle_000011,2026-07-16,138.0,False,-12.597299124317768,-8.519166618575767,-2.6045347804366896,7.344794632443013,2.0404775237361927,4.156541406994604,6.91295231576058,10.202700875682236,21.400000000000006,8.65583338142423,17.25546521956331,0.28132776147557503,0.16873517573520225,0.4160529723304277,0.338922099957056,-0.026999333908394263,0.06328308869343442,0.27680345242763804,9.779222831058583,0.6094910197614352,10.22970020959063,10.199210158913086,10.012851609601933,9.212190519019567,8.818683613544046,renewed degradation
2026-07-16 13:49:00,-1.4,,,42.375,46.995000000000005,50.0,1.25,0.22000000000000003,-22.800000000000004,-17.34,-20.0475,2.7625,92.0,93.0,2.84505,400.0,0.6300000000000001,130.0,5.299999999999999,3.10585,1.7066494928352918,2.4551999999999987,4.629999999999999,frost_cycle_000011,2026-07-16,139.0,False,-12.659061727967647,-8.591886879964893,-2.536551008798894,7.307918091522051,2.035652115682912,4.126615335330532,6.9234629615671155,10.140938272032358,21.400000000000006,8.748113120035107,17.510948991201104,0.27475924967624465,0.16162025933259616,0.40503298696646195,0.3312595119376496,-0.0617626036498784,-0.019423962293576125,0.18574955060255824,9.999598607473303,0.39349868887259043,10.202700875682236,10.22970020959063,10.199210158913086,10.012851609601933,9.212190519019567,renewed degradation
2026-07-16 13:50:00,-1.4,,,42.260000000000005,46.894999999999996,50.0,1.252,0.21900000000000003,-22.930000000000003,-17.515,-20.194999999999997,2.765,92.0,93.0,2.83505,400.0,0.6649999999999999,130.0,5.314,3.0956,1.7147133540186803,2.47535,4.644999999999996,frost_cycle_000011,2026-07-16,140.0,False,-12.677612125563067,-8.613188845315197,-2.5348784620230305,7.300038696295352,2.0376950246220673,4.125557641301616,6.914835001641547,10.252387874436936,21.530000000000005,8.901811154684804,17.660121537976966,0.2720586532374456,0.15850343976930048,0.39999626348232875,0.3282558442974711,0.11144960240457813,0.007562554948768489,0.0479072529670006,10.172964833376197,0.08690444953970801,10.140938272032358,10.202700875682236,10.22970020959063,10.199210158913086,10.012851609601933,renewed degradation
2026-07-16 13:51:00,-1.4,,,42.2,46.78888888888889,50.0,1.2534999999999998,0.21000000000000002,-24.1,-17.674999999999997,-20.384999999999998,3.6900000000000004,92.0,93.0,2.8204,401.0,0.6799999999999999,133.0,4.989000000000001,3.07905,1.62282733858467,2.1730000000000014,4.589999999999996,frost_cycle_000011,2026-07-16,141.0,False,-12.594664639078326,-8.480467283849965,-2.761837412110982,7.368409446580553,2.060351066799107,4.197110525400303,6.8917048255555375,11.505335360921675,22.700000000000003,9.194532716150032,17.623162587889016,0.3229203620986021,0.21235396979902033,0.48226285992486473,0.3339819222988851,1.2529474864847394,0.43421149507981305,0.26122504040171785,10.42171212526282,0.5321814734971234,10.252387874436936,10.140938272032358,10.202700875682236,10.22970020959063,10.199210158913086,renewed degradation
2026-07-16 13:52:00,-1.3800000000000001,,,42.145,46.7,50.0,1.25,0.21500000000000002,-23.450000000000003,-17.32,-20.455,2.9899999999999998,92.0,93.0,2.81445,401.0,0.69,137.0,5.012499999999999,3.075,1.6302820161976905,2.1984499999999985,4.555,frost_cycle_000011,2026-07-16,142.0,False,-12.487456402592837,-8.289915573339698,-3.0693723795909826,7.454980186661595,2.09078953461456,4.284962760178683,6.888469679781566,10.962543597407166,22.070000000000004,9.030084426660302,17.385627620409014,0.32763067446264527,0.22025532019977556,0.4869383649186433,0.33875008358250636,-0.5427917635145096,0.27386844179160263,0.14656867756330705,10.548934365011833,0.5589211340036506,11.505335360921675,10.252387874436936,10.140938272032358,10.202700875682236,10.22970020959063,renewed degradation
2026-07-16 13:53:00,-1.3050000000000002,,,42.095000000000006,46.76777777777778,50.0,1.2519999999999998,0.22000000000000003,-22.800000000000004,-16.65,-20.09,2.725,92.0,93.0,2.8926999999999996,401.0,0.6749999999999999,137.0,5.3065,3.15655,1.6811104819290135,2.4138,4.678888888888881,frost_cycle_000011,2026-07-16,143.0,False,-12.441699393525278,-8.251713160568091,-3.0196080221839736,7.459363951578269,2.0929303346745995,4.290863362949506,6.888242434699786,10.358300606474726,21.495000000000005,8.398286839431908,17.070391977816026,0.28861226849277966,0.1967671096943674,0.4374558694078823,0.32074271002443255,-0.6042429909324394,0.0353042440125968,0.031119946158498023,10.570367764492516,0.5465598979812437,10.962543597407166,11.505335360921675,10.252387874436936,10.140938272032358,10.202700875682236,renewed degradation
2026-07-16 13:54:00,-1.3000000000000003,,,42.175,46.775000000000006,50.0,1.2555,0.22000000000000003,-22.800000000000004,-16.5,-19.85,2.9399999999999995,92.0,93.0,2.8861,400.0,0.6900000000000001,136.0,5.191,3.15305,1.6499047368369077,2.3024999999999993,4.599999999999998,frost_cycle_000011,2026-07-16,144.0,False,-12.470655719288844,-8.288689307400098,-2.92866912582413,7.436074963965845,2.0850068017206858,4.26330961285983,6.884041630294016,10.32934428071116,21.500000000000004,8.211310692599902,16.921330874175872,0.3019166663656778,0.2086813647440876,0.45992662764750947,0.3317878875460065,-0.028956325763566326,-0.39199702673683845,0.037681201735760436,10.591474998664003,0.5317666587906368,10.358300606474726,10.962543597407166,11.505335360921675,10.252387874436936,10.140938272032358,renewed degradation
2026-07-16 13:55:00,-1.1749999999999998,,,42.19,46.7,50.0,1.255,0.22000000000000003,-22.800000000000004,-16.689999999999998,-19.985,2.8149999999999995,92.0,93.0,2.862,401.0,0.7,136.0,5.136,3.1247,1.6441225033999183,2.27445,4.495000000000001,frost_cycle_000011,2026-07-16,145.0,False,-12.359239234195826,-8.199880055993756,-2.85137427764186,7.457161302215916,2.086218561707519,4.2811082559069105,6.895784491364386,10.440760765804178,21.625000000000004,8.490119944006242,17.13362572235814,0.31126607138378204,0.21191262815040612,0.46872401629606064,0.34815248277710764,0.11141648509301838,-0.17392761053432912,0.037674578273448486,10.64144541429264,0.49368574626390865,10.32934428071116,10.358300606474726,10.962543597407166,11.505335360921675,10.252387874436936,renewed degradation
2026-07-16 13:56:00,-1.005,,,42.150000000000006,46.57,50.0,1.2537777777777777,0.22000000000000003,-22.800000000000004,-16.795,-20.090000000000003,2.6950000000000003,92.0,93.0,2.8526555555555557,400.0,0.7,136.0,5.096,3.1143,1.6350383713836176,2.2429499999999996,4.425000000000001,frost_cycle_000011,2026-07-16,146.0,False,-12.259805079387142,-8.102170551027083,-2.754160027312748,7.465888853869691,2.0899974819738683,4.288045595162141,6.921091318252579,10.540194920612862,21.795000000000005,8.692829448972919,17.335839972687257,0.31742889564198895,0.21768404723654067,0.47692953579352315,0.3606499616136817,0.09943415480868367,0.06063143804604524,-0.19302808806176266,10.689413255321961,0.4612393068320397,10.440760765804178,10.32934428071116,10.358300606474726,10.962543597407166,11.505335360921675,renewed degradation
2026-07-16 13:57:00,-0.9,,,42.0475,46.5,50.0,1.254,0.22000000000000003,-22.800000000000004,-16.810000000000002,-20.214999999999996,2.585000000000001,92.0,93.0,2.85095,400.5,0.7,136.0,5.07,3.1132,1.628765979315218,2.2196,4.452500000000001,frost_cycle_000011,2026-07-16,147.0,False,-12.190338394380163,-8.049840408159838,-2.6920300518589184,7.473575669478469,2.093147390823308,4.2995211064998236,6.928607136183194,10.609661605619841,21.900000000000006,8.760159591840164,17.52296994814108,0.3216098659834936,0.2218579606691875,0.4837564591450644,0.3573744459044653,0.06946668500697939,0.09343910830289381,-0.07057639835746485,10.54013429610499,0.23265196670951444,10.540194920612862,10.440760765804178,10.32934428071116,10.358300606474726,10.962543597407166,renewed degradation
2026-07-16 13:58:00,-0.8,,,42.015,46.474999999999994,50.0,1.251,0.21950000000000003,-22.865000000000002,-16.9,-20.305000000000003,2.535,92.0,93.0,2.8502,400.0,0.7,136.0,5.0360000000000005,3.112238888888889,1.6184242504799786,2.1860999999999997,4.449999999999996,frost_cycle_000011,2026-07-16,148.0,False,-12.130508383585147,-7.991896383945839,-2.641469212598716,7.478991945499305,2.0953463268054264,4.3041246283696175,6.951778199760216,10.734491616414855,22.065,8.90810361605416,17.66353078740129,0.32664722242005406,0.22761014264050805,0.49209184474100964,0.35987600983105483,0.12483001079501399,0.09791028353689235,0.07523820198802582,10.50212563260627,0.15576385151549807,10.609661605619841,10.540194920612862,10.440760765804178,10.32934428071116,10.358300606474726,renewed degradation
2026-07-16 13:59:00,-0.7,,,42.0,46.346111111111114,50.0,1.2525,0.22000000000000003,-22.800000000000004,-16.9,-20.370000000000005,2.4683333333333337,91.0,92.0,2.8207999999999998,401.0,0.7,136.0,4.9448888888888884,3.0811,1.605367297558237,2.1245388888888885,4.370000000000001,frost_cycle_000011,2026-07-16,149.0,False,-11.88113263002679,-7.816621167987829,-2.516326614836425,7.446449817183022,2.1212814184542337,4.314756358057101,6.865739769663595,10.918867369973213,22.100000000000005,9.08337883201217,17.853673385163578,0.33594007744760035,0.24320871168142344,0.5076109257196737,0.3635063159094769,0.1843757535583581,0.12622414978678384,0.11790461785241071,10.595553426522685,0.2106786219150217,10.734491616414855,10.609661605619841,10.540194920612862,10.440760765804178,10.32934428071116,renewed degradation
2026-07-16 14:00:00,-0.5549999999999999,,,41.934999999999995,46.285,50.0,1.2545,0.22000000000000003,-22.800000000000004,-16.825000000000003,-20.300000000000004,2.505,91.0,92.0,2.8233999999999995,400.5,0.7,136.0,4.914,3.0845222222222226,1.5931818733706966,2.0908499999999997,4.350000000000001,frost_cycle_000011,2026-07-16,150.0,False,-11.796061796433412,-7.738754471031827,-2.4252134278980626,7.453864789644148,2.1250255560402493,4.322906791156918,6.874328494531521,11.003938203566593,22.245000000000005,9.086245528968176,17.874786572101943,0.34074468229861765,0.2502763701630887,0.5163323890588823,0.3672109205342172,0.08507083359337919,0.1314255326489171,0.11263548755248287,10.70798574699859,0.21999639330770235,10.918867369973213,10.734491616414855,10.609661605619841,10.540194920612862,10.440760765804178,renewed degradation
2026-07-16 14:01:00,-0.45611111111111113,,,41.847222222222214,46.205,50.0,1.2309999999999999,0.22000000000000003,-22.800000000000004,-16.865000000000002,-20.357222222222227,2.457222222222222,91.0,92.0,2.8213,401.0,0.7,136.0,4.8805,3.0816000000000003,1.5839096083823625,2.05945,4.362777777777783,frost_cycle_000011,2026-07-16,151.0,False,-11.717342827175003,-7.671786985769181,-2.4336061946575387,7.46478791332351,2.126465929796809,4.333815623416748,6.971381428407511,11.082657172825002,22.343888888888895,9.193213014230821,17.923616027564687,0.34619709807306787,0.255144610507016,0.5247951968994138,0.3741874802603675,0.07871896925840893,0.11605518547004874,0.10849245044242792,10.814968481502062,0.2201316511578425,11.003938203566593,10.918867369973213,10.734491616414855,10.609661605619841,10.540194920612862,renewed degradation
2026-07-16 14:02:00,-0.29999999999999993,,,41.7,46.265,50.0,1.1500000000000001,0.22000000000000003,-22.800000000000004,-16.9,-20.4,2.4099999999999993,91.0,92.0,2.8175000000000003,401.0,0.7,135.0,4.855500000000001,3.0775499999999996,1.5785570159645437,2.0398499999999995,4.550000000000001,frost_cycle_000011,2026-07-16,152.0,False,-11.612521194276248,-7.588487245142872,-2.496155822747778,7.459564490689617,2.1193910026530354,4.323350265206425,7.29829494856017,11.187478805723757,22.500000000000004,9.311512754857127,17.90384417725222,0.34909068672035537,0.2551836758821191,0.5281784091341478,0.3765667142710314,0.10482163289875501,0.08953714525018104,0.11556344002078305,10.922849129020543,0.21712841658399878,11.082657172825002,11.003938203566593,10.918867369973213,10.734491616414855,10.609661605619841,renewed degradation
2026-07-16 14:03:00,-0.1775,,,41.6375,46.1775,50.0,1.1500000000000001,0.21000000000000002,-24.1,-17.154999999999998,-20.567500000000003,3.505,91.0,92.0,2.7983000000000002,400.0,0.7,135.0,4.51,3.0586,1.4763167623561828,1.7138,4.520000000000003,frost_cycle_000011,2026-07-16,153.0,False,-11.551549352743862,-7.526050281485123,-2.4252827134908426,7.461614818106345,2.1228653949028,4.326064532000697,7.31381047031343,12.54845064725614,23.922500000000003,9.628949718514875,18.142217286509158,0.39557319562301185,0.304564120786481,0.603843172628909,0.3819910950185861,1.3609718415323826,0.5148374812298488,0.3627918061682568,11.245980635959926,0.6563130035365582,11.187478805723757,11.082657172825002,11.003938203566593,10.918867369973213,10.734491616414855,renewed degradation
2026-07-16 14:04:00,-0.1,,,41.60000000000001,46.10000000000001,50.0,1.1510000000000002,0.21000000000000002,-24.1,-17.28,-20.705,3.3949999999999996,91.0,92.0,2.79875,401.0,0.7,135.0,4.51,3.058122222222222,1.47428983798314,1.7087999999999994,4.5,frost_cycle_000011,2026-07-16,154.0,False,-11.48331686015317,-7.477905929540589,-2.374584816068733,7.47399832930334,2.1242915116968173,4.339362263787492,7.314437245065757,12.616683139846831,24.0,9.802094070459411,18.330415183931265,0.39657465772803,0.30598515793836434,0.6062094160102409,0.3847783706073009,0.06823249259069186,0.5113419890072765,0.33956315397472353,11.559679223198588,0.7975584377698418,12.54845064725614,11.187478805723757,11.082657172825002,11.003938203566593,10.918867369973213,renewed degradation
2026-07-16 14:05:00,0.0,,,41.54277777777778,46.05277777777778,50.0,1.141,0.21050000000000002,-24.035,-17.199999999999996,-20.694999999999997,3.3499999999999996,90.0,91.0,2.7806,401.0,0.7,135.0,4.4399999999999995,3.0387000000000004,1.4623544172451373,1.6620499999999994,4.505000000000003,frost_cycle_000011,2026-07-16,155.0,False,-11.253126467553145,-7.307684120455255,-2.2853452013869493,7.433279837953346,2.15075931949568,4.342432847800053,7.274982933544068,12.781873532446856,24.035,9.892315879544741,18.409654798613047,0.40268628427925646,0.32007528504489435,0.6172537242937399,0.3807545610549832,0.16519039260002444,0.5314649089076996,0.3555870657760526,11.870180250277528,0.858504639441349,12.616683139846831,12.54845064725614,11.187478805723757,11.082657172825002,11.003938203566593,renewed degradation
2026-07-16 14:06:00,0.09,,,41.5,46.0,50.0,1.1400000000000001,0.21400000000000002,-23.580000000000005,-17.1,-20.61,2.945,90.0,91.0,2.78425,400.0,0.7,135.0,4.7095,3.0435375,1.5475741222812904,1.9254499999999999,4.5,frost_cycle_000011,2026-07-16,156.0,False,-11.212215774763767,-7.262048886110295,-2.2364825764941805,7.433317787595977,2.1533309487307517,4.342570988473319,7.291085486124525,12.367784225236239,23.670000000000005,9.837951113889705,18.37351742350582,0.36643365256645266,0.28131153123792485,0.5566105873431181,0.3828079497128606,-0.41408930721061665,-0.06022214067330012,0.2570254104822475,12.097487920555805,0.7579410069804037,12.781873532446856,12.616683139846831,12.54845064725614,11.187478805723757,11.082657172825002,renewed degradation
2026-07-16 14:07:00,0.2,,,41.5,46.0,50.0,1.1411111111111112,0.2131111111111111,-23.695555555555558,-17.11611111111111,-20.610555555555557,3.07,90.0,91.0,2.7758000000000003,400.5,0.7,135.0,4.396500000000001,3.0341,1.4490829989560012,1.620950000000001,4.5,frost_cycle_000011,2026-07-16,157.0,False,-11.123877850444407,-7.189320349679741,-2.1652088854310136,7.448230087809874,2.1548930015799854,4.355433675547189,7.296672367520583,12.571677705111151,23.895555555555557,9.92679076143137,18.445346670124543,0.40972553906524434,0.3275383056636587,0.6278326980156907,0.3832805183866156,0.20389347987491213,-0.015001811578560028,0.2768397798774789,12.345658009270162,0.5827206874574088,12.367784225236239,12.781873532446856,12.616683139846831,12.54845064725614,11.187478805723757,renewed degradation
2026-07-16 14:08:00,0.365,,,41.42999999999999,45.82,50.0,1.1485000000000003,0.21000000000000002,-24.1,-17.225,-20.705,3.385,90.0,91.0,2.7723,400.0,0.7,135.0,4.412500000000001,3.0309,1.4560784723534819,1.640800000000001,4.384999999999998,frost_cycle_000011,2026-07-16,158.0,False,-11.027670442934186,-7.103098096705859,-2.046759870163039,7.456772346090115,2.1593479234066173,4.365273573181584,7.286845643742258,13.072329557065816,24.465,10.121901903294143,18.65824012983696,0.40825603958344625,0.32568602930075663,0.6241243595635357,0.3982307003077916,0.5006518519546646,0.09681867487298668,0.10477578196193527,12.659799801160505,0.24181773149629382,12.571677705111151,12.367784225236239,12.781873532446856,12.616683139846831,12.54845064725614,renewed degradation
2026-07-16 14:09:00,0.5,,,41.3725,45.75,50.0,1.1275,0.21000000000000002,-24.1,-17.300000000000004,-20.7675,3.34,90.0,91.0,2.773022222222222,401.0,0.7,135.0,4.378,3.0318000000000005,1.4437885433499322,1.6045555555555553,4.3600000000000065,frost_cycle_000011,2026-07-16,159.0,False,-10.91021415889863,-7.006599254371089,-2.0240362024641927,7.476617256443256,2.1607528869305996,4.383081149476625,7.376787669412407,13.189785841101372,24.6,10.293400745628915,18.743463797535806,0.4144410700939527,0.33181228076438307,0.6339206369137946,0.40895682573614056,0.11745628403555664,0.2740005386217111,0.11462054025090822,12.766689000134711,0.3137877753013873,13.072329557065816,12.571677705111151,12.367784225236239,12.781873532446856,12.616683139846831,renewed degradation
2026-07-16 14:10:00,0.5999999999999999,,,41.339999999999996,46.0,50.0,1.047,0.21000000000000002,-24.1,-17.290000000000003,-20.790000000000003,3.3,90.0,42.0,2.7823,401.0,0.7,198.0,4.352,3.0412222222222223,1.4310036169668627,1.5697,4.660000000000004,frost_cycle_000011,2026-07-16,160.0,False,-9.237806217008945,-3.9818811160133727,-7.042070202426451,8.875779954276805,2.6213173291656577,5.75612874196613,7.407262137707717,14.862193782991056,24.700000000000003,13.30811888398663,13.747929797573551,0.5096768934765012,0.45408989554792334,0.7272993585852572,0.3708876622203481,1.6724079418896842,0.7635053592933018,0.4160640501088402,13.140940773992083,0.8967235956618692,13.189785841101372,13.072329557065816,12.571677705111151,12.367784225236239,12.781873532446856,renewed degradation
