cycle,date,model,rmse,mae,observations,horizon_minutes,target
frost_cycle_000003,2026-07-14,persistence,1.3091229319999294,0.5818035035570843,136,5,z
frost_cycle_000004,2026-07-14,persistence,0.4405813176022567,0.2845384534103921,106,5,z
frost_cycle_000003,2026-07-14,linear extrapolation,1.3192142294183091,0.6904016015852747,136,5,z
frost_cycle_000004,2026-07-14,linear extrapolation,0.46745693005541544,0.3278105223540305,106,5,z
frost_cycle_000003,2026-07-14,current state,1.2222077929847983,0.5828531595160568,136,5,z
frost_cycle_000004,2026-07-14,current state,0.5123360535487224,0.4497312999694282,106,5,z
frost_cycle_000003,2026-07-14,state + rate,1.2279156061244758,0.5865260452392969,136,5,z
frost_cycle_000004,2026-07-14,state + rate,0.4725468688998504,0.40597012050705633,106,5,z
frost_cycle_000003,2026-07-14,short statistics,1.2344707945821127,0.5849087351641065,136,5,z
frost_cycle_000004,2026-07-14,short statistics,0.48016020813582794,0.40640664051579173,106,5,z
frost_cycle_000003,2026-07-14,statistics + context,1.236099163813824,0.6197784877985126,136,5,z
frost_cycle_000004,2026-07-14,statistics + context,0.6275545338358061,0.5585316124405694,106,5,z
frost_cycle_000003,2026-07-14,raw 5-min history,1.2313533348232804,0.5853123127151977,136,5,z
frost_cycle_000004,2026-07-14,raw 5-min history,0.48057237489501475,0.4112433440646609,106,5,z
frost_cycle_000003,2026-07-14,direct short statistics,0.27571408236694833,0.26030576871450545,136,5,D_Qe_proxy
frost_cycle_000004,2026-07-14,direct short statistics,0.313100431875649,0.2971531570233382,106,5,D_Qe_proxy
frost_cycle_000003,2026-07-14,structured short statistics,0.2788173065782505,0.26306439166413664,136,5,D_Qe_proxy
frost_cycle_000004,2026-07-14,structured short statistics,0.31836145954597234,0.3023671303498338,106,5,D_Qe_proxy
frost_cycle_000003,2026-07-14,persistence,1.6179999070035003,0.9636198130126878,131,10,z
frost_cycle_000004,2026-07-14,persistence,0.6204464761397367,0.4079268969117091,101,10,z
frost_cycle_000003,2026-07-14,linear extrapolation,1.6877671507649794,1.1065327890676635,131,10,z
frost_cycle_000004,2026-07-14,linear extrapolation,0.8899955849148609,0.66934196011679,101,10,z
frost_cycle_000003,2026-07-14,current state,1.3970142321359889,0.8221904410633326,131,10,z
frost_cycle_000004,2026-07-14,current state,0.8857706136372068,0.7927111128734229,101,10,z
frost_cycle_000003,2026-07-14,state + rate,1.4092104075863472,0.8081855877345779,131,10,z
frost_cycle_000004,2026-07-14,state + rate,0.8219090213297746,0.7194577791993725,101,10,z
frost_cycle_000003,2026-07-14,short statistics,1.4287442440103717,0.8218282262750108,131,10,z
frost_cycle_000004,2026-07-14,short statistics,0.818841063559884,0.7129272535081912,101,10,z
frost_cycle_000003,2026-07-14,statistics + context,1.553946619186843,1.0328934244151964,131,10,z
frost_cycle_000004,2026-07-14,statistics + context,1.2357709708697928,1.1385876608991632,101,10,z
frost_cycle_000003,2026-07-14,raw 5-min history,1.4166130962019852,0.8133493983694072,131,10,z
frost_cycle_000004,2026-07-14,raw 5-min history,0.8247359342651597,0.7208396791532548,101,10,z
frost_cycle_000003,2026-07-14,direct short statistics,0.27087009773470233,0.2558982443897145,131,10,D_Qe_proxy
frost_cycle_000004,2026-07-14,direct short statistics,0.30735808454122276,0.2958396705994488,101,10,D_Qe_proxy
frost_cycle_000003,2026-07-14,structured short statistics,0.27643673681024705,0.2604840806637642,131,10,D_Qe_proxy
frost_cycle_000004,2026-07-14,structured short statistics,0.3159733045410669,0.3043513368138916,101,10,D_Qe_proxy
frost_cycle_000003,2026-07-14,persistence,2.4265129045741687,1.5848481898689633,121,20,z
frost_cycle_000004,2026-07-14,persistence,0.7365169937612007,0.6046672336755909,91,20,z
frost_cycle_000003,2026-07-14,linear extrapolation,2.612048213562573,1.8397884016963353,121,20,z
frost_cycle_000004,2026-07-14,linear extrapolation,1.2661851901930405,1.04177406822129,91,20,z
frost_cycle_000003,2026-07-14,current state,1.9472960099688645,1.4987053656899754,121,20,z
frost_cycle_000004,2026-07-14,current state,1.7366964004498027,1.6126582242237417,91,20,z
frost_cycle_000003,2026-07-14,state + rate,1.9411537795360525,1.472641755825286,121,20,z
frost_cycle_000004,2026-07-14,state + rate,1.5872551588445079,1.4476346257031754,91,20,z
frost_cycle_000003,2026-07-14,short statistics,1.9482762161880547,1.4660633177684401,121,20,z
frost_cycle_000004,2026-07-14,short statistics,1.5666383259840733,1.4099406356928632,91,20,z
frost_cycle_000003,2026-07-14,statistics + context,2.81921836009983,2.3406911378996007,121,20,z
frost_cycle_000004,2026-07-14,statistics + context,3.031886786298125,2.9439609231489765,91,20,z
frost_cycle_000003,2026-07-14,raw 5-min history,1.9488684956273643,1.4763656029922236,121,20,z
frost_cycle_000004,2026-07-14,raw 5-min history,1.5877114640725747,1.4475735922682669,91,20,z
frost_cycle_000003,2026-07-14,direct short statistics,0.25572911696117834,0.23899412243907917,121,20,D_Qe_proxy
frost_cycle_000004,2026-07-14,direct short statistics,0.28721448102580194,0.27870401915438425,91,20,D_Qe_proxy
frost_cycle_000003,2026-07-14,structured short statistics,0.26320918214298705,0.24651576830422806,121,20,D_Qe_proxy
frost_cycle_000004,2026-07-14,structured short statistics,0.2968258622891478,0.2883763497766761,91,20,D_Qe_proxy
frost_cycle_000003,2026-07-14,persistence,3.2891767815281545,2.279952842745372,111,30,z
frost_cycle_000004,2026-07-14,persistence,0.9439725155410086,0.7425989128413344,81,30,z
frost_cycle_000003,2026-07-14,linear extrapolation,3.389452428278686,2.4993131631617924,111,30,z
frost_cycle_000004,2026-07-14,linear extrapolation,1.9811053724172514,1.6583312660543288,81,30,z
frost_cycle_000003,2026-07-14,current state,2.5905539736492345,2.1497514019372406,111,30,z
frost_cycle_000004,2026-07-14,current state,2.7516438810433974,2.6324152351296477,81,30,z
frost_cycle_000003,2026-07-14,state + rate,2.5409986103040554,2.105881646977144,111,30,z
frost_cycle_000004,2026-07-14,state + rate,2.599901714516977,2.44420751771807,81,30,z
frost_cycle_000003,2026-07-14,short statistics,2.53366339245597,2.108079334941712,111,30,z
frost_cycle_000004,2026-07-14,short statistics,2.6097325127707496,2.451646679222582,81,30,z
frost_cycle_000003,2026-07-14,statistics + context,4.412943115899144,3.8341984464488204,111,30,z
frost_cycle_000004,2026-07-14,statistics + context,5.063986865163696,4.96177574129778,81,30,z
frost_cycle_000003,2026-07-14,raw 5-min history,2.529005177356,2.1079057035553235,111,30,z
frost_cycle_000004,2026-07-14,raw 5-min history,2.6096807286381516,2.451800463321755,81,30,z
frost_cycle_000003,2026-07-14,direct short statistics,0.22946339491471324,0.2112484141723114,111,30,D_Qe_proxy
frost_cycle_000004,2026-07-14,direct short statistics,0.25348144745054035,0.24560772534139305,81,30,D_Qe_proxy
frost_cycle_000003,2026-07-14,structured short statistics,0.240184483275745,0.22427448300716873,111,30,D_Qe_proxy
frost_cycle_000004,2026-07-14,structured short statistics,0.26730671656683624,0.2598665687956596,81,30,D_Qe_proxy
frost_cycle_000006,2026-07-15,persistence,0.5513095278979284,0.47595854149169015,31,5,z
frost_cycle_000007,2026-07-15,persistence,1.4013233942855265,0.6522014142396899,166,5,z
frost_cycle_000008,2026-07-15,persistence,0.7204838004950275,0.4655301515786231,137,5,z
frost_cycle_000006,2026-07-15,linear extrapolation,0.7184142217198628,0.6130720448081286,31,5,z
frost_cycle_000007,2026-07-15,linear extrapolation,1.3583208599507093,0.5927995945974693,166,5,z
frost_cycle_000008,2026-07-15,linear extrapolation,0.6402552762918698,0.443956234841351,137,5,z
frost_cycle_000006,2026-07-15,current state,0.44738344526920976,0.3460237625698952,31,5,z
frost_cycle_000007,2026-07-15,current state,1.2968826157525952,0.6791628962952053,166,5,z
frost_cycle_000008,2026-07-15,current state,0.6900243169682899,0.5889832401624937,137,5,z
frost_cycle_000006,2026-07-15,state + rate,0.49559151601598406,0.3983621958763854,31,5,z
frost_cycle_000007,2026-07-15,state + rate,1.2784933251456123,0.6053210521931792,166,5,z
frost_cycle_000008,2026-07-15,state + rate,0.6145785386955794,0.5112363474812822,137,5,z
frost_cycle_000006,2026-07-15,short statistics,0.4845457228809713,0.3930542414882359,31,5,z
frost_cycle_000007,2026-07-15,short statistics,1.2741509949504515,0.5874595890813913,166,5,z
frost_cycle_000008,2026-07-15,short statistics,0.5945760160883811,0.4875770535230585,137,5,z
frost_cycle_000006,2026-07-15,statistics + context,0.45157660453398396,0.3580763604750677,31,5,z
frost_cycle_000007,2026-07-15,statistics + context,1.2727292595976014,0.5808613825652003,166,5,z
frost_cycle_000008,2026-07-15,statistics + context,0.6141230731992119,0.5048049328751167,137,5,z
frost_cycle_000006,2026-07-15,raw 5-min history,0.49028227348114467,0.3993457309294208,31,5,z
frost_cycle_000007,2026-07-15,raw 5-min history,1.272226121632914,0.5913160734004385,166,5,z
frost_cycle_000008,2026-07-15,raw 5-min history,0.6124230489307416,0.5099574014740805,137,5,z
frost_cycle_000006,2026-07-15,direct short statistics,0.038034489901326754,0.030420299839828555,31,5,D_Qe_proxy
frost_cycle_000007,2026-07-15,direct short statistics,0.11350202911706465,0.08960025756752103,166,5,D_Qe_proxy
frost_cycle_000008,2026-07-15,direct short statistics,0.13081634409586013,0.10139980597366761,137,5,D_Qe_proxy
frost_cycle_000006,2026-07-15,structured short statistics,0.036099357893784156,0.02725722507843209,31,5,D_Qe_proxy
frost_cycle_000007,2026-07-15,structured short statistics,0.11528653733325196,0.09284708702651281,166,5,D_Qe_proxy
frost_cycle_000008,2026-07-15,structured short statistics,0.1339147863205547,0.1076362899764031,137,5,D_Qe_proxy
frost_cycle_000006,2026-07-15,persistence,0.7947518363472844,0.6074282112957643,28,10,z
frost_cycle_000007,2026-07-15,persistence,1.8447344316528194,1.1266215329292604,161,10,z
frost_cycle_000008,2026-07-15,persistence,1.2076187641252292,0.8182097625692997,127,10,z
frost_cycle_000006,2026-07-15,linear extrapolation,1.0002478185735217,0.8300046305042483,28,10,z
frost_cycle_000007,2026-07-15,linear extrapolation,1.7440092437882015,1.0240586488909342,161,10,z
frost_cycle_000008,2026-07-15,linear extrapolation,1.2072127509373014,0.7963214684940235,127,10,z
frost_cycle_000006,2026-07-15,current state,0.5701038389939794,0.5127932234751771,28,10,z
frost_cycle_000007,2026-07-15,current state,1.5664233625565989,1.0653510455917832,161,10,z
frost_cycle_000008,2026-07-15,current state,1.1154798898193332,0.9471590007539878,127,10,z
frost_cycle_000006,2026-07-15,state + rate,0.614243086400281,0.5491856971430441,28,10,z
frost_cycle_000007,2026-07-15,state + rate,1.4960685719759867,0.9394063790593018,161,10,z
frost_cycle_000008,2026-07-15,state + rate,0.9857536282926732,0.7856083375984612,127,10,z
frost_cycle_000006,2026-07-15,short statistics,0.6112678869109549,0.546504190329392,28,10,z
frost_cycle_000007,2026-07-15,short statistics,1.4900355939466183,0.9187293725951867,161,10,z
frost_cycle_000008,2026-07-15,short statistics,0.945252049256453,0.7345182532311245,127,10,z
frost_cycle_000006,2026-07-15,statistics + context,0.6039264234458,0.5287078327439705,28,10,z
frost_cycle_000007,2026-07-15,statistics + context,1.5062444723029185,0.9513479899104438,161,10,z
frost_cycle_000008,2026-07-15,statistics + context,0.980114830772893,0.79237022621009,127,10,z
frost_cycle_000006,2026-07-15,raw 5-min history,0.6274290884178944,0.5555769316629354,28,10,z
frost_cycle_000007,2026-07-15,raw 5-min history,1.4881489514013446,0.9320350253960519,161,10,z
frost_cycle_000008,2026-07-15,raw 5-min history,0.9863432581067721,0.7822216659827692,127,10,z
frost_cycle_000006,2026-07-15,direct short statistics,0.048083665806500434,0.04136803855272112,28,10,D_Qe_proxy
frost_cycle_000007,2026-07-15,direct short statistics,0.11717757604470118,0.09090689558463835,161,10,D_Qe_proxy
frost_cycle_000008,2026-07-15,direct short statistics,0.13312188920867654,0.10010424574703072,127,10,D_Qe_proxy
frost_cycle_000006,2026-07-15,structured short statistics,0.044387079690783156,0.03745211683861397,28,10,D_Qe_proxy
frost_cycle_000007,2026-07-15,structured short statistics,0.12007593692741676,0.09452504198796598,161,10,D_Qe_proxy
frost_cycle_000008,2026-07-15,structured short statistics,0.13911380216159172,0.10939217354461252,127,10,D_Qe_proxy
frost_cycle_000006,2026-07-15,persistence,1.4135855117806067,1.2670647867930644,18,20,z
frost_cycle_000007,2026-07-15,persistence,2.9285320478781847,2.1517988635774765,151,20,z
frost_cycle_000008,2026-07-15,persistence,2.42334301372529,1.8198364935721703,117,20,z
frost_cycle_000006,2026-07-15,linear extrapolation,1.9508690110883493,1.6380302595334757,18,20,z
frost_cycle_000007,2026-07-15,linear extrapolation,3.0074725962734026,2.2274188506621266,151,20,z
frost_cycle_000008,2026-07-15,linear extrapolation,2.5834269287473677,1.9132301588248821,117,20,z
frost_cycle_000006,2026-07-15,current state,0.8666138615753943,0.7489874807346806,18,20,z
frost_cycle_000007,2026-07-15,current state,2.1407161193314286,1.6641850051635043,151,20,z
frost_cycle_000008,2026-07-15,current state,1.8937749422186123,1.5846506565163838,117,20,z
frost_cycle_000006,2026-07-15,state + rate,0.9153594714059463,0.7045788497097946,18,20,z
frost_cycle_000007,2026-07-15,state + rate,2.0364793972940545,1.5856417430462055,151,20,z
frost_cycle_000008,2026-07-15,state + rate,1.6555544559460353,1.3867520577895474,117,20,z
frost_cycle_000006,2026-07-15,short statistics,0.902291825414189,0.7025286846902659,18,20,z
frost_cycle_000007,2026-07-15,short statistics,2.023785915348582,1.5732504910836949,151,20,z
frost_cycle_000008,2026-07-15,short statistics,1.608687852598974,1.3464851906318618,117,20,z
frost_cycle_000006,2026-07-15,statistics + context,0.9441894872607108,0.7338524309280644,18,20,z
frost_cycle_000007,2026-07-15,statistics + context,2.037725949114695,1.623991381746501,151,20,z
frost_cycle_000008,2026-07-15,statistics + context,1.6839782982426272,1.4569062529982804,117,20,z
frost_cycle_000006,2026-07-15,raw 5-min history,0.9260597236899638,0.697789037215069,18,20,z
frost_cycle_000007,2026-07-15,raw 5-min history,2.0307193540569988,1.5822765290613872,151,20,z
frost_cycle_000008,2026-07-15,raw 5-min history,1.6476442868741628,1.3843971744430965,117,20,z
frost_cycle_000006,2026-07-15,direct short statistics,0.06056032105045415,0.049588076784298385,18,20,D_Qe_proxy
frost_cycle_000007,2026-07-15,direct short statistics,0.12021682534867392,0.09448679082873364,151,20,D_Qe_proxy
frost_cycle_000008,2026-07-15,direct short statistics,0.12796064644246413,0.09530965717345449,117,20,D_Qe_proxy
frost_cycle_000006,2026-07-15,structured short statistics,0.05349330334945023,0.0432234692057091,18,20,D_Qe_proxy
frost_cycle_000007,2026-07-15,structured short statistics,0.1240634163437624,0.09843840938049087,151,20,D_Qe_proxy
frost_cycle_000008,2026-07-15,structured short statistics,0.13377901873430856,0.10152567013958462,117,20,D_Qe_proxy
frost_cycle_000006,2026-07-15,persistence,2.313328884037022,2.2070817455273586,8,30,z
frost_cycle_000007,2026-07-15,persistence,4.069604778266188,3.3376653050335676,141,30,z
frost_cycle_000008,2026-07-15,persistence,3.7234859368543547,2.9564288972473705,107,30,z
frost_cycle_000006,2026-07-15,linear extrapolation,3.348901205019964,2.878573336560269,8,30,z
frost_cycle_000007,2026-07-15,linear extrapolation,4.502129638985364,3.567216968883738,141,30,z
frost_cycle_000008,2026-07-15,linear extrapolation,4.204279286609839,3.1064800317296815,107,30,z
frost_cycle_000006,2026-07-15,current state,1.101210933467557,0.9527150196319641,8,30,z
frost_cycle_000007,2026-07-15,current state,2.5400161055963895,1.9817559703954637,141,30,z
frost_cycle_000008,2026-07-15,current state,2.6422331428451002,2.2309635131002072,107,30,z
frost_cycle_000006,2026-07-15,state + rate,1.0079194532447437,0.8988927450094706,8,30,z
frost_cycle_000007,2026-07-15,state + rate,2.4511613988564833,1.9720255420125796,141,30,z
frost_cycle_000008,2026-07-15,state + rate,2.333576799697303,1.9123710664395464,107,30,z
frost_cycle_000006,2026-07-15,short statistics,1.035748872089705,0.922362769004365,8,30,z
frost_cycle_000007,2026-07-15,short statistics,2.451643388736112,1.9697244094294053,141,30,z
frost_cycle_000008,2026-07-15,short statistics,2.3224657037504937,1.9073382007353405,107,30,z
frost_cycle_000006,2026-07-15,statistics + context,0.9795465585935801,0.8676473497874684,8,30,z
frost_cycle_000007,2026-07-15,statistics + context,2.3775832273633792,1.9278238579499924,141,30,z
frost_cycle_000008,2026-07-15,statistics + context,2.359308693862321,2.0730971998866274,107,30,z
frost_cycle_000006,2026-07-15,raw 5-min history,1.0533905817925924,0.9316500456700023,8,30,z
frost_cycle_000007,2026-07-15,raw 5-min history,2.4495073257264535,1.9652831409392368,141,30,z
frost_cycle_000008,2026-07-15,raw 5-min history,2.331207750008496,1.91715593501318,107,30,z
frost_cycle_000006,2026-07-15,direct short statistics,0.06752303730928216,0.06190734759094761,8,30,D_Qe_proxy
frost_cycle_000007,2026-07-15,direct short statistics,0.12245736522081062,0.09991376388383891,141,30,D_Qe_proxy
frost_cycle_000008,2026-07-15,direct short statistics,0.12963530685569982,0.10500442959918953,107,30,D_Qe_proxy
frost_cycle_000006,2026-07-15,structured short statistics,0.053708939506901025,0.05116427003008901,8,30,D_Qe_proxy
frost_cycle_000007,2026-07-15,structured short statistics,0.12746564672281158,0.10265158533423066,141,30,D_Qe_proxy
frost_cycle_000008,2026-07-15,structured short statistics,0.13659737885001305,0.10873783400469049,107,30,D_Qe_proxy
frost_cycle_000012,2026-07-16,persistence,1.0229729242582752,0.8151303436872523,146,5,z
frost_cycle_000013,2026-07-16,persistence,1.0702522230746794,0.812851992365102,135,5,z
frost_cycle_000014,2026-07-16,persistence,1.105894027033488,0.8338060600352034,153,5,z
frost_cycle_000012,2026-07-16,linear extrapolation,1.0230216499001368,0.7824386606106005,146,5,z
frost_cycle_000013,2026-07-16,linear extrapolation,1.0808046426273008,0.8280822437244751,135,5,z
frost_cycle_000014,2026-07-16,linear extrapolation,1.015327942679308,0.7803069577284331,153,5,z
frost_cycle_000012,2026-07-16,current state,0.9167980034753789,0.7298142226379613,146,5,z
frost_cycle_000013,2026-07-16,current state,0.8818293592080814,0.6698546524003451,135,5,z
frost_cycle_000014,2026-07-16,current state,1.0175141544447235,0.7933262155151724,153,5,z
frost_cycle_000012,2026-07-16,state + rate,0.8588629571024541,0.682417017507832,146,5,z
frost_cycle_000013,2026-07-16,state + rate,0.8524097168495978,0.6467714889986161,135,5,z
frost_cycle_000014,2026-07-16,state + rate,0.9074787193474374,0.70643291336473,153,5,z
frost_cycle_000012,2026-07-16,short statistics,0.8524025734466444,0.6710102038202995,146,5,z
frost_cycle_000013,2026-07-16,short statistics,0.8309214714536182,0.6273407100880734,135,5,z
frost_cycle_000014,2026-07-16,short statistics,0.9181979393186629,0.7185458082541548,153,5,z
frost_cycle_000012,2026-07-16,statistics + context,0.8501145906587111,0.6649123343959384,146,5,z
frost_cycle_000013,2026-07-16,statistics + context,0.8004853221507617,0.602486254201119,135,5,z
frost_cycle_000014,2026-07-16,statistics + context,0.9052023177739021,0.6979076821249638,153,5,z
frost_cycle_000012,2026-07-16,raw 5-min history,0.8628900415336926,0.6829840169335016,146,5,z
frost_cycle_000013,2026-07-16,raw 5-min history,0.831900318505464,0.6227928721036479,135,5,z
frost_cycle_000014,2026-07-16,raw 5-min history,0.9068075597493226,0.7006746491999506,153,5,z
frost_cycle_000012,2026-07-16,direct short statistics,0.11091074684987605,0.08453544578549346,146,5,D_Qe_proxy
frost_cycle_000013,2026-07-16,direct short statistics,0.06032155108379359,0.05165529706996675,135,5,D_Qe_proxy
frost_cycle_000014,2026-07-16,direct short statistics,0.06691530128112966,0.05098824600611179,153,5,D_Qe_proxy
frost_cycle_000012,2026-07-16,structured short statistics,0.10670310923607591,0.08005347249721904,146,5,D_Qe_proxy
frost_cycle_000013,2026-07-16,structured short statistics,0.06900748880677546,0.06030655662631598,135,5,D_Qe_proxy
frost_cycle_000014,2026-07-16,structured short statistics,0.06496728904010235,0.049764906171198026,153,5,D_Qe_proxy
frost_cycle_000012,2026-07-16,persistence,1.806300180551601,1.4476487990261053,146,10,z
frost_cycle_000013,2026-07-16,persistence,1.9017994818754476,1.4416012409313592,125,10,z
frost_cycle_000014,2026-07-16,persistence,1.9935518017817437,1.6299531502146045,148,10,z
frost_cycle_000012,2026-07-16,linear extrapolation,1.9105306529441328,1.5651998219912528,146,10,z
frost_cycle_000013,2026-07-16,linear extrapolation,1.8477366682516767,1.4235907386323488,125,10,z
frost_cycle_000014,2026-07-16,linear extrapolation,1.920043545335514,1.5337540607848896,148,10,z
frost_cycle_000012,2026-07-16,current state,1.449272245730327,1.136538004700779,146,10,z
frost_cycle_000013,2026-07-16,current state,1.4303678389597392,1.0724638955507633,125,10,z
frost_cycle_000014,2026-07-16,current state,1.7127836776435528,1.252459683033058,148,10,z
frost_cycle_000012,2026-07-16,state + rate,1.3549413603069644,1.114483156382088,146,10,z
frost_cycle_000013,2026-07-16,state + rate,1.3335988731919013,0.9876036273792486,125,10,z
frost_cycle_000014,2026-07-16,state + rate,1.5016188760759892,1.0999323646187698,148,10,z
frost_cycle_000012,2026-07-16,short statistics,1.3203855413697185,1.0850150345604004,146,10,z
frost_cycle_000013,2026-07-16,short statistics,1.3318519721047548,1.0033789925853143,125,10,z
frost_cycle_000014,2026-07-16,short statistics,1.4981741279236196,1.1118178454702348,148,10,z
frost_cycle_000012,2026-07-16,statistics + context,1.32805539297591,1.0919530249883864,146,10,z
frost_cycle_000013,2026-07-16,statistics + context,1.3099525784068642,0.9594317166024545,125,10,z
frost_cycle_000014,2026-07-16,statistics + context,1.5063616382232887,1.1219924770473662,148,10,z
frost_cycle_000012,2026-07-16,raw 5-min history,1.3549551220424305,1.11102505362349,146,10,z
frost_cycle_000013,2026-07-16,raw 5-min history,1.3071219397344456,0.9624083886040504,125,10,z
frost_cycle_000014,2026-07-16,raw 5-min history,1.4991135399387927,1.0968496040020885,148,10,z
frost_cycle_000012,2026-07-16,direct short statistics,0.1234546128569912,0.09449143163309537,146,10,D_Qe_proxy
frost_cycle_000013,2026-07-16,direct short statistics,0.06613370665674104,0.05614349651518376,125,10,D_Qe_proxy
frost_cycle_000014,2026-07-16,direct short statistics,0.08035362276686957,0.0627126919791214,148,10,D_Qe_proxy
frost_cycle_000012,2026-07-16,structured short statistics,0.11981032353469481,0.09133698609426537,146,10,D_Qe_proxy
frost_cycle_000013,2026-07-16,structured short statistics,0.07174291036933991,0.060789528360850456,125,10,D_Qe_proxy
frost_cycle_000014,2026-07-16,structured short statistics,0.07658894733812817,0.05836234106157824,148,10,D_Qe_proxy
frost_cycle_000012,2026-07-16,persistence,3.236621223210804,2.6865512806564293,137,20,z
frost_cycle_000013,2026-07-16,persistence,3.6685901015705853,2.898671987245319,111,20,z
frost_cycle_000014,2026-07-16,persistence,3.602731935562677,2.954120654016736,138,20,z
frost_cycle_000012,2026-07-16,linear extrapolation,3.7385092350155604,2.9914153635029104,137,20,z
frost_cycle_000013,2026-07-16,linear extrapolation,3.8529682513567054,3.101956306527215,111,20,z
frost_cycle_000014,2026-07-16,linear extrapolation,3.813962397141071,2.9722927477459624,138,20,z
frost_cycle_000012,2026-07-16,current state,2.331930996398509,1.7276270307832915,137,20,z
frost_cycle_000013,2026-07-16,current state,2.380279034743784,1.9332275242896366,111,20,z
frost_cycle_000014,2026-07-16,current state,2.9395473520892432,2.3589205434275953,138,20,z
frost_cycle_000012,2026-07-16,state + rate,2.2029171714691476,1.6534665914313578,137,20,z
frost_cycle_000013,2026-07-16,state + rate,2.347987640749728,1.8574808473355389,111,20,z
frost_cycle_000014,2026-07-16,state + rate,2.5723893907827677,1.8993621193629069,138,20,z
frost_cycle_000012,2026-07-16,short statistics,2.1748278206091793,1.6161869333968943,137,20,z
frost_cycle_000013,2026-07-16,short statistics,2.3681204968095217,1.8896686112810606,111,20,z
frost_cycle_000014,2026-07-16,short statistics,2.563617585968641,1.894010899655828,138,20,z
frost_cycle_000012,2026-07-16,statistics + context,2.1214427025461164,1.5902695912113967,137,20,z
frost_cycle_000013,2026-07-16,statistics + context,2.3572635983512824,1.8118474767530823,111,20,z
frost_cycle_000014,2026-07-16,statistics + context,2.612751604444996,1.9834315654404329,138,20,z
frost_cycle_000012,2026-07-16,raw 5-min history,2.1964802166951296,1.647964829704056,137,20,z
frost_cycle_000013,2026-07-16,raw 5-min history,2.3208702972087534,1.8273278055465227,111,20,z
frost_cycle_000014,2026-07-16,raw 5-min history,2.5681099892967145,1.8870479564828446,138,20,z
frost_cycle_000012,2026-07-16,direct short statistics,0.13720453814372205,0.10420032637649625,137,20,D_Qe_proxy
frost_cycle_000013,2026-07-16,direct short statistics,0.08497852053371811,0.07150276193426633,111,20,D_Qe_proxy
frost_cycle_000014,2026-07-16,direct short statistics,0.10106037257289645,0.0846715094920103,138,20,D_Qe_proxy
frost_cycle_000012,2026-07-16,structured short statistics,0.13922807686649172,0.10516695458624768,137,20,D_Qe_proxy
frost_cycle_000013,2026-07-16,structured short statistics,0.08758667641987926,0.07372195850870182,111,20,D_Qe_proxy
frost_cycle_000014,2026-07-16,structured short statistics,0.1033931751126473,0.08654663371030896,138,20,D_Qe_proxy
frost_cycle_000012,2026-07-16,persistence,4.606465062788516,3.917382589547013,127,30,z
frost_cycle_000013,2026-07-16,persistence,5.201521659022125,4.309713960108951,111,30,z
frost_cycle_000014,2026-07-16,persistence,5.168706053700132,4.235258646805905,128,30,z
frost_cycle_000012,2026-07-16,linear extrapolation,5.400843013084161,4.495939552245601,127,30,z
frost_cycle_000013,2026-07-16,linear extrapolation,5.559223961096021,4.492798145898243,111,30,z
frost_cycle_000014,2026-07-16,linear extrapolation,5.543758968656568,4.335645358567754,128,30,z
frost_cycle_000012,2026-07-16,current state,2.92908320376879,2.4709569942353373,127,30,z
frost_cycle_000013,2026-07-16,current state,3.0183602798115516,2.5614020276543505,111,30,z
frost_cycle_000014,2026-07-16,current state,3.798429110557285,3.349838060837464,128,30,z
frost_cycle_000012,2026-07-16,state + rate,2.690729566270091,2.1823308499887615,127,30,z
frost_cycle_000013,2026-07-16,state + rate,2.9400059132307588,2.383280275867002,111,30,z
frost_cycle_000014,2026-07-16,state + rate,3.2573493477194018,2.6522236927686103,128,30,z
frost_cycle_000012,2026-07-16,short statistics,2.6880621550582773,2.183756857791235,127,30,z
frost_cycle_000013,2026-07-16,short statistics,2.926553083912582,2.3869959804817045,111,30,z
frost_cycle_000014,2026-07-16,short statistics,3.249678439553729,2.6301784971321225,128,30,z
frost_cycle_000012,2026-07-16,statistics + context,2.509819621321497,2.1097569529083846,127,30,z
frost_cycle_000013,2026-07-16,statistics + context,2.9735438226684474,2.337940543242456,111,30,z
frost_cycle_000014,2026-07-16,statistics + context,3.398191123867386,2.803112159615416,128,30,z
frost_cycle_000012,2026-07-16,raw 5-min history,2.694994561594311,2.190801496708668,127,30,z
frost_cycle_000013,2026-07-16,raw 5-min history,2.9069099612090574,2.368977955737713,111,30,z
frost_cycle_000014,2026-07-16,raw 5-min history,3.249498032995266,2.6354608711752645,128,30,z
frost_cycle_000012,2026-07-16,direct short statistics,0.14682468618095276,0.11945738135843119,127,30,D_Qe_proxy
frost_cycle_000013,2026-07-16,direct short statistics,0.1267922814097906,0.10241145744844113,111,30,D_Qe_proxy
frost_cycle_000014,2026-07-16,direct short statistics,0.11258812586915268,0.09518946202469362,128,30,D_Qe_proxy
frost_cycle_000012,2026-07-16,structured short statistics,0.15466719196527723,0.12615900146687511,127,30,D_Qe_proxy
frost_cycle_000013,2026-07-16,structured short statistics,0.12520782422308788,0.1019463520144868,111,30,D_Qe_proxy
frost_cycle_000014,2026-07-16,structured short statistics,0.1271948733152293,0.1091932334011596,128,30,D_Qe_proxy
frost_cycle_000015,2026-07-17,persistence,1.2175807593537455,0.7398847884264756,161,5,z
frost_cycle_000017,2026-07-17,persistence,1.6463111187278503,0.788221961944042,118,5,z
frost_cycle_000018,2026-07-17,persistence,0.9006453685732062,0.6851886272888592,157,5,z
frost_cycle_000019,2026-07-17,persistence,1.1313395827133605,0.8364482730265971,48,5,z
frost_cycle_000015,2026-07-17,linear extrapolation,1.236484718495239,0.7938270797479723,161,5,z
frost_cycle_000017,2026-07-17,linear extrapolation,1.6011405473269533,0.74000232492954,118,5,z
frost_cycle_000018,2026-07-17,linear extrapolation,0.9445748928900064,0.7486072977757553,157,5,z
frost_cycle_000019,2026-07-17,linear extrapolation,0.813770673927203,0.6163371885120391,48,5,z
frost_cycle_000015,2026-07-17,current state,1.0631835366221163,0.6747283848802891,161,5,z
frost_cycle_000017,2026-07-17,current state,1.4627842942130305,0.6141260477655538,118,5,z
frost_cycle_000018,2026-07-17,current state,0.7578511487705256,0.6123159463915693,157,5,z
frost_cycle_000019,2026-07-17,current state,0.8364688971057992,0.5705469775536895,48,5,z
frost_cycle_000015,2026-07-17,state + rate,1.0539759377430142,0.6626194961254248,161,5,z
frost_cycle_000017,2026-07-17,state + rate,1.4806002123767057,0.6262961124946935,118,5,z
frost_cycle_000018,2026-07-17,state + rate,0.7393623056336447,0.5831491725882435,157,5,z
frost_cycle_000019,2026-07-17,state + rate,0.7352441691715623,0.48190466779003255,48,5,z
frost_cycle_000015,2026-07-17,short statistics,1.056487498341128,0.661341619326552,161,5,z
frost_cycle_000017,2026-07-17,short statistics,1.4830877893087813,0.6087375676856863,118,5,z
frost_cycle_000018,2026-07-17,short statistics,0.7170627780488009,0.5667072119366219,157,5,z
frost_cycle_000019,2026-07-17,short statistics,0.7349381893512403,0.4770161382197749,48,5,z
frost_cycle_000015,2026-07-17,statistics + context,1.0441362086350654,0.6440128676025761,161,5,z
frost_cycle_000017,2026-07-17,statistics + context,1.4808113443038782,0.6023073690008792,118,5,z
frost_cycle_000018,2026-07-17,statistics + context,0.7192410764978249,0.5782648046921469,157,5,z
frost_cycle_000019,2026-07-17,statistics + context,0.7436601018557822,0.48999604619403164,48,5,z
frost_cycle_000015,2026-07-17,raw 5-min history,1.0540807214433925,0.6672502309830282,161,5,z
frost_cycle_000017,2026-07-17,raw 5-min history,1.476056045652014,0.6067962457766536,118,5,z
frost_cycle_000018,2026-07-17,raw 5-min history,0.7300301566918279,0.5785332352923369,157,5,z
frost_cycle_000019,2026-07-17,raw 5-min history,0.7350567682440609,0.46697268341089077,48,5,z
frost_cycle_000015,2026-07-17,direct short statistics,0.06210888449127817,0.05360285360800715,161,5,D_Qe_proxy
frost_cycle_000017,2026-07-17,direct short statistics,0.0866438380053048,0.0702420037065727,118,5,D_Qe_proxy
frost_cycle_000018,2026-07-17,direct short statistics,0.10010431515588221,0.07484691033331643,157,5,D_Qe_proxy
frost_cycle_000019,2026-07-17,direct short statistics,0.05228058792112346,0.04584832340587378,48,5,D_Qe_proxy
frost_cycle_000015,2026-07-17,structured short statistics,0.06265553879487792,0.05362284723671089,161,5,D_Qe_proxy
frost_cycle_000017,2026-07-17,structured short statistics,0.08690043347523012,0.0711445326747136,118,5,D_Qe_proxy
frost_cycle_000018,2026-07-17,structured short statistics,0.09789275296317859,0.07344611110470725,157,5,D_Qe_proxy
frost_cycle_000019,2026-07-17,structured short statistics,0.054413590459872666,0.047981016167048446,48,5,D_Qe_proxy
frost_cycle_000015,2026-07-17,persistence,1.813499668393635,1.3367179017192268,156,10,z
frost_cycle_000017,2026-07-17,persistence,1.520513675511495,1.2642792451624838,109,10,z
frost_cycle_000018,2026-07-17,persistence,1.556661909703374,1.2137094665665222,152,10,z
frost_cycle_000019,2026-07-17,persistence,2.143582433126934,1.6569925530915706,43,10,z
frost_cycle_000015,2026-07-17,linear extrapolation,1.9077943549386627,1.4633750380534845,156,10,z
frost_cycle_000017,2026-07-17,linear extrapolation,1.2570468612563783,1.062331151653942,109,10,z
frost_cycle_000018,2026-07-17,linear extrapolation,1.664750624359223,1.2775355758184108,152,10,z
frost_cycle_000019,2026-07-17,linear extrapolation,1.3862258653415471,1.0791930872306388,43,10,z
frost_cycle_000015,2026-07-17,current state,1.4128782115149536,0.9822516563465945,156,10,z
frost_cycle_000017,2026-07-17,current state,0.8759766207751029,0.7011574382578082,109,10,z
frost_cycle_000018,2026-07-17,current state,1.1753473698201748,0.9433587964719217,152,10,z
frost_cycle_000019,2026-07-17,current state,1.5233448986335696,1.0940801376716136,43,10,z
frost_cycle_000015,2026-07-17,state + rate,1.3869704866095334,0.9610355614212353,156,10,z
frost_cycle_000017,2026-07-17,state + rate,0.85490443994799,0.6912521704614211,109,10,z
frost_cycle_000018,2026-07-17,state + rate,1.136470195517838,0.8801633222678962,152,10,z
frost_cycle_000019,2026-07-17,state + rate,1.3500309603577334,0.9477777758163275,43,10,z
frost_cycle_000015,2026-07-17,short statistics,1.3979474226209956,0.9800549805232017,156,10,z
frost_cycle_000017,2026-07-17,short statistics,0.863473558395226,0.7052004852332817,109,10,z
frost_cycle_000018,2026-07-17,short statistics,1.1007502413991914,0.8476019544855568,152,10,z
frost_cycle_000019,2026-07-17,short statistics,1.3553426749968367,0.9557482411505728,43,10,z
frost_cycle_000015,2026-07-17,statistics + context,1.3816698570301196,0.9647611666204211,156,10,z
frost_cycle_000017,2026-07-17,statistics + context,0.8543506815500985,0.6967812881484701,109,10,z
frost_cycle_000018,2026-07-17,statistics + context,1.1079335523203977,0.8627860326346196,152,10,z
frost_cycle_000019,2026-07-17,statistics + context,1.3662009656747864,0.9649294364739359,43,10,z
frost_cycle_000015,2026-07-17,raw 5-min history,1.3791240760051866,0.9613839011568459,156,10,z
frost_cycle_000017,2026-07-17,raw 5-min history,0.8566129414835825,0.6915218541861352,109,10,z
frost_cycle_000018,2026-07-17,raw 5-min history,1.131212799445636,0.8668122176574692,152,10,z
frost_cycle_000019,2026-07-17,raw 5-min history,1.3529501971730464,0.9453499450751217,43,10,z
frost_cycle_000015,2026-07-17,direct short statistics,0.0696991074832036,0.05985643611469515,156,10,D_Qe_proxy
frost_cycle_000017,2026-07-17,direct short statistics,0.09134130029162707,0.07362312794423141,109,10,D_Qe_proxy
frost_cycle_000018,2026-07-17,direct short statistics,0.10275278350029114,0.07824699913627778,152,10,D_Qe_proxy
frost_cycle_000019,2026-07-17,direct short statistics,0.051076393696997624,0.04342344170199159,43,10,D_Qe_proxy
frost_cycle_000015,2026-07-17,structured short statistics,0.07248568910190592,0.06160533189059102,156,10,D_Qe_proxy
frost_cycle_000017,2026-07-17,structured short statistics,0.08878475756753595,0.07186890689021616,109,10,D_Qe_proxy
frost_cycle_000018,2026-07-17,structured short statistics,0.10333462130672942,0.07936749203339699,152,10,D_Qe_proxy
frost_cycle_000019,2026-07-17,structured short statistics,0.047210121140668776,0.040221210941686854,43,10,D_Qe_proxy
frost_cycle_000015,2026-07-17,persistence,3.1235935368556618,2.530596257764677,146,20,z
frost_cycle_000017,2026-07-17,persistence,2.942340189695846,2.531655440691829,99,20,z
frost_cycle_000018,2026-07-17,persistence,2.826183580413383,2.2953187755477185,142,20,z
frost_cycle_000019,2026-07-17,persistence,3.6323326672929106,3.049887435495953,33,20,z
frost_cycle_000015,2026-07-17,linear extrapolation,3.42869750436565,2.7198359908555565,146,20,z
frost_cycle_000017,2026-07-17,linear extrapolation,2.284517094124577,1.9596992220586043,99,20,z
frost_cycle_000018,2026-07-17,linear extrapolation,3.232463415737484,2.466396808036326,142,20,z
frost_cycle_000019,2026-07-17,linear extrapolation,2.8896016560117537,2.382992052114917,33,20,z
frost_cycle_000015,2026-07-17,current state,2.028802102996587,1.5452809749594114,146,20,z
frost_cycle_000017,2026-07-17,current state,1.4592524554878799,1.1743911173920916,99,20,z
frost_cycle_000018,2026-07-17,current state,1.865003507296848,1.48889330782429,142,20,z
frost_cycle_000019,2026-07-17,current state,2.2885642021404675,1.6883522221884166,33,20,z
frost_cycle_000015,2026-07-17,state + rate,1.9728078658626163,1.5165820634309197,146,20,z
frost_cycle_000017,2026-07-17,state + rate,1.3577089900021517,1.0699149737211935,99,20,z
frost_cycle_000018,2026-07-17,state + rate,1.8227495647408523,1.451613419227297,142,20,z
frost_cycle_000019,2026-07-17,state + rate,2.1847600791108888,1.5231034533637169,33,20,z
frost_cycle_000015,2026-07-17,short statistics,1.9661682868069117,1.5136503637630312,146,20,z
frost_cycle_000017,2026-07-17,short statistics,1.3581474361312564,1.0832951482960331,99,20,z
frost_cycle_000018,2026-07-17,short statistics,1.8027031212127833,1.4213540385446195,142,20,z
frost_cycle_000019,2026-07-17,short statistics,2.1920295785279715,1.5262895043254978,33,20,z
frost_cycle_000015,2026-07-17,statistics + context,1.902559480626153,1.4616804765940854,146,20,z
frost_cycle_000017,2026-07-17,statistics + context,1.273361381475658,1.0451319566012174,99,20,z
frost_cycle_000018,2026-07-17,statistics + context,1.7499551939755444,1.3859337930431903,142,20,z
frost_cycle_000019,2026-07-17,statistics + context,2.2567506505476276,1.5654190262400114,33,20,z
frost_cycle_000015,2026-07-17,raw 5-min history,1.9579782586971923,1.5015514650109258,146,20,z
frost_cycle_000017,2026-07-17,raw 5-min history,1.3562604932067142,1.074540350409372,99,20,z
frost_cycle_000018,2026-07-17,raw 5-min history,1.8179551333992032,1.4549471326228942,142,20,z
frost_cycle_000019,2026-07-17,raw 5-min history,2.1878404476295104,1.5018087488152114,33,20,z
frost_cycle_000015,2026-07-17,direct short statistics,0.07746181211172566,0.06566342534177923,146,20,D_Qe_proxy
frost_cycle_000017,2026-07-17,direct short statistics,0.09976072708042327,0.07868398554580562,99,20,D_Qe_proxy
frost_cycle_000018,2026-07-17,direct short statistics,0.1080124117746343,0.0848287986955044,142,20,D_Qe_proxy
frost_cycle_000019,2026-07-17,direct short statistics,0.05744377154641389,0.05326024206212836,33,20,D_Qe_proxy
frost_cycle_000015,2026-07-17,structured short statistics,0.07812195202738062,0.06538177583872941,146,20,D_Qe_proxy
frost_cycle_000017,2026-07-17,structured short statistics,0.10064321630452233,0.07930759958693682,99,20,D_Qe_proxy
frost_cycle_000018,2026-07-17,structured short statistics,0.111085952287281,0.08771141385797183,142,20,D_Qe_proxy
frost_cycle_000019,2026-07-17,structured short statistics,0.05449779185139806,0.04988909860673471,33,20,D_Qe_proxy
frost_cycle_000015,2026-07-17,persistence,4.4852361266833,3.8369444793685017,136,30,z
frost_cycle_000017,2026-07-17,persistence,4.420921774289191,3.910944420032418,89,30,z
frost_cycle_000018,2026-07-17,persistence,4.058789081863461,3.5082920697829176,132,30,z
frost_cycle_000019,2026-07-17,persistence,4.913436745917634,4.513209299093308,23,30,z
frost_cycle_000015,2026-07-17,linear extrapolation,4.953260451682326,3.9297667497794415,136,30,z
frost_cycle_000017,2026-07-17,linear extrapolation,3.5487593413712273,2.8975926758887662,89,30,z
frost_cycle_000018,2026-07-17,linear extrapolation,4.754792060200193,3.7158126477332964,132,30,z
frost_cycle_000019,2026-07-17,linear extrapolation,4.411627475532637,4.087862791273573,23,30,z
frost_cycle_000015,2026-07-17,current state,2.557070127974424,2.132057578880969,136,30,z
frost_cycle_000017,2026-07-17,current state,2.0432341452062044,1.784131491394439,89,30,z
frost_cycle_000018,2026-07-17,current state,2.3034736914006158,1.882491156038815,132,30,z
frost_cycle_000019,2026-07-17,current state,2.4513170476481134,1.951492899604532,23,30,z
frost_cycle_000015,2026-07-17,state + rate,2.432755453657397,1.907209824546884,136,30,z
frost_cycle_000017,2026-07-17,state + rate,1.9038046333323115,1.5755584265203182,89,30,z
frost_cycle_000018,2026-07-17,state + rate,2.2043121755140365,1.7571329123485746,132,30,z
frost_cycle_000019,2026-07-17,state + rate,2.2828319378373942,1.7044336877692925,23,30,z
frost_cycle_000015,2026-07-17,short statistics,2.4353827426659085,1.887054509204556,136,30,z
frost_cycle_000017,2026-07-17,short statistics,1.910526252793832,1.5727491125150617,89,30,z
frost_cycle_000018,2026-07-17,short statistics,2.1981201413955334,1.7463360395106529,132,30,z
frost_cycle_000019,2026-07-17,short statistics,2.302695684953046,1.7026908333245783,23,30,z
frost_cycle_000015,2026-07-17,statistics + context,2.372170744813081,1.8025123930435982,136,30,z
frost_cycle_000017,2026-07-17,statistics + context,1.6327179177064859,1.3527266034714518,89,30,z
frost_cycle_000018,2026-07-17,statistics + context,1.9895664504070727,1.5962813552929132,132,30,z
frost_cycle_000019,2026-07-17,statistics + context,2.475160174394467,2.0173198367376144,23,30,z
frost_cycle_000015,2026-07-17,raw 5-min history,2.4208810760437713,1.8860203524834285,136,30,z
frost_cycle_000017,2026-07-17,raw 5-min history,1.9110059135985709,1.572424513808088,89,30,z
frost_cycle_000018,2026-07-17,raw 5-min history,2.205815572370986,1.764251358616679,132,30,z
frost_cycle_000019,2026-07-17,raw 5-min history,2.287169823122241,1.6930076401130416,23,30,z
frost_cycle_000015,2026-07-17,direct short statistics,0.0944123191125697,0.07645377669951778,136,30,D_Qe_proxy
frost_cycle_000017,2026-07-17,direct short statistics,0.11050493855841473,0.08774975998269449,89,30,D_Qe_proxy
frost_cycle_000018,2026-07-17,direct short statistics,0.11414329254186527,0.09033743347150304,132,30,D_Qe_proxy
frost_cycle_000019,2026-07-17,direct short statistics,0.04488810597886409,0.03712656282493755,23,30,D_Qe_proxy
frost_cycle_000015,2026-07-17,structured short statistics,0.09650725090320236,0.07830310932124263,136,30,D_Qe_proxy
frost_cycle_000017,2026-07-17,structured short statistics,0.11512301113049406,0.09020430832349736,89,30,D_Qe_proxy
frost_cycle_000018,2026-07-17,structured short statistics,0.11646470618063522,0.09037944362882466,132,30,D_Qe_proxy
frost_cycle_000019,2026-07-17,structured short statistics,0.04430733567791392,0.038668075622900144,23,30,D_Qe_proxy
frost_cycle_000020,2026-07-20,persistence,1.0357239617784917,0.8086145995646327,166,5,z
frost_cycle_000021,2026-07-20,persistence,1.5425438084079568,0.9701838484863718,136,5,z
frost_cycle_000020,2026-07-20,linear extrapolation,0.9482430742778499,0.627256202193512,166,5,z
frost_cycle_000021,2026-07-20,linear extrapolation,1.4656537667979703,0.9839711521333373,136,5,z
frost_cycle_000020,2026-07-20,current state,0.9193811082916741,0.6632693663767834,166,5,z
frost_cycle_000021,2026-07-20,current state,1.3678334386890183,0.8639159573132573,136,5,z
frost_cycle_000020,2026-07-20,state + rate,0.855305233699405,0.5948896914853726,166,5,z
frost_cycle_000021,2026-07-20,state + rate,1.3285117611108836,0.8212778527591533,136,5,z
frost_cycle_000020,2026-07-20,short statistics,0.8477347754436793,0.5902684349590644,166,5,z
frost_cycle_000021,2026-07-20,short statistics,1.3193689424289905,0.8165018098946885,136,5,z
frost_cycle_000020,2026-07-20,statistics + context,0.8435474078010469,0.582144282054036,166,5,z
frost_cycle_000021,2026-07-20,statistics + context,1.3220625396547863,0.810409024027499,136,5,z
frost_cycle_000020,2026-07-20,raw 5-min history,0.8394052424696042,0.5862376992107862,166,5,z
frost_cycle_000021,2026-07-20,raw 5-min history,1.3247842833179202,0.8173466717648541,136,5,z
frost_cycle_000020,2026-07-20,direct short statistics,0.09772372389933223,0.07958739050262884,166,5,D_Qe_proxy
frost_cycle_000021,2026-07-20,direct short statistics,0.0873839705537824,0.06964874023462674,136,5,D_Qe_proxy
frost_cycle_000020,2026-07-20,structured short statistics,0.09676173555334629,0.07887581919658732,166,5,D_Qe_proxy
frost_cycle_000021,2026-07-20,structured short statistics,0.08869071585907476,0.07146919549896473,136,5,D_Qe_proxy
frost_cycle_000020,2026-07-20,persistence,1.7526977389542613,1.4248561751558415,161,10,z
frost_cycle_000021,2026-07-20,persistence,2.3036651443979657,1.7010854760874077,131,10,z
frost_cycle_000020,2026-07-20,linear extrapolation,1.4999404988536214,1.1208493219359954,161,10,z
frost_cycle_000021,2026-07-20,linear extrapolation,2.271921345778904,1.7183462842700057,131,10,z
frost_cycle_000020,2026-07-20,current state,1.426182205993045,1.1330449943202796,161,10,z
frost_cycle_000021,2026-07-20,current state,1.8560232114942072,1.3170224238693908,131,10,z
frost_cycle_000020,2026-07-20,state + rate,1.2713742763483364,0.9966951668290921,161,10,z
frost_cycle_000021,2026-07-20,state + rate,1.7847118857182234,1.2600313136609576,131,10,z
frost_cycle_000020,2026-07-20,short statistics,1.2864802467156493,1.006677291983581,161,10,z
frost_cycle_000021,2026-07-20,short statistics,1.7777154934483297,1.2661523229910416,131,10,z
frost_cycle_000020,2026-07-20,statistics + context,1.2777168069550022,1.0058564170142699,161,10,z
frost_cycle_000021,2026-07-20,statistics + context,1.7942234690473915,1.2835213118101692,131,10,z
frost_cycle_000020,2026-07-20,raw 5-min history,1.2597030561940794,0.987846199339601,161,10,z
frost_cycle_000021,2026-07-20,raw 5-min history,1.7855054249586435,1.2474640586168988,131,10,z
frost_cycle_000020,2026-07-20,direct short statistics,0.10733429081789178,0.0876919739360414,161,10,D_Qe_proxy
frost_cycle_000021,2026-07-20,direct short statistics,0.09553199734299492,0.07675877325501475,131,10,D_Qe_proxy
frost_cycle_000020,2026-07-20,structured short statistics,0.10588914795620658,0.08583608468147773,161,10,D_Qe_proxy
frost_cycle_000021,2026-07-20,structured short statistics,0.09754818536348729,0.0779291853376158,131,10,D_Qe_proxy
frost_cycle_000020,2026-07-20,persistence,3.1954722123449226,2.6249165854343186,151,20,z
frost_cycle_000021,2026-07-20,persistence,3.4609407063311695,2.7502344163392887,124,20,z
frost_cycle_000020,2026-07-20,linear extrapolation,3.156208783355601,2.4447438131304384,151,20,z
frost_cycle_000021,2026-07-20,linear extrapolation,4.0494556365160586,3.0061672479929227,124,20,z
frost_cycle_000020,2026-07-20,current state,2.14891804993086,1.803022345668976,151,20,z
frost_cycle_000021,2026-07-20,current state,2.5141521951431423,1.8924383381785548,124,20,z
frost_cycle_000020,2026-07-20,state + rate,2.084638898544094,1.7004653679695756,151,20,z
frost_cycle_000021,2026-07-20,state + rate,2.4309561255682137,1.7150541107518043,124,20,z
frost_cycle_000020,2026-07-20,short statistics,2.095541359286598,1.7254131207859285,151,20,z
frost_cycle_000021,2026-07-20,short statistics,2.4146095595575807,1.6939530214889003,124,20,z
frost_cycle_000020,2026-07-20,statistics + context,2.025786049656708,1.6499461957486914,151,20,z
frost_cycle_000021,2026-07-20,statistics + context,2.4083163452459098,1.6734892910248975,124,20,z
frost_cycle_000020,2026-07-20,raw 5-min history,2.0751546145074906,1.6941624778453892,151,20,z
frost_cycle_000021,2026-07-20,raw 5-min history,2.4139902010694247,1.7003561924420008,124,20,z
frost_cycle_000020,2026-07-20,direct short statistics,0.11834259913850353,0.0958261540291222,151,20,D_Qe_proxy
frost_cycle_000021,2026-07-20,direct short statistics,0.1033220070534148,0.08612172057484756,124,20,D_Qe_proxy
frost_cycle_000020,2026-07-20,structured short statistics,0.11895318148741937,0.09592905260730215,151,20,D_Qe_proxy
frost_cycle_000021,2026-07-20,structured short statistics,0.10250480754862117,0.08585812025463495,124,20,D_Qe_proxy
frost_cycle_000020,2026-07-20,persistence,4.647438451189424,3.9196921395733844,141,30,z
frost_cycle_000021,2026-07-20,persistence,4.4534374909742604,3.773433903882453,114,30,z
frost_cycle_000020,2026-07-20,linear extrapolation,3.774460207546602,3.0284922359900213,141,30,z
frost_cycle_000021,2026-07-20,linear extrapolation,5.381583161216492,4.16035542036636,114,30,z
frost_cycle_000020,2026-07-20,current state,2.5446698741057663,2.208968858164551,141,30,z
frost_cycle_000021,2026-07-20,current state,2.773224301276473,2.302292647966664,114,30,z
frost_cycle_000020,2026-07-20,state + rate,2.2702853730504984,1.94483157812972,141,30,z
frost_cycle_000021,2026-07-20,state + rate,2.5206235228820573,1.8575026412434203,114,30,z
frost_cycle_000020,2026-07-20,short statistics,2.2839021693569586,1.9478908311530256,141,30,z
frost_cycle_000021,2026-07-20,short statistics,2.5175291183529813,1.8568757373544895,114,30,z
frost_cycle_000020,2026-07-20,statistics + context,2.1652600260404626,1.845254157418454,141,30,z
frost_cycle_000021,2026-07-20,statistics + context,2.5766769091991044,1.9135896517531947,114,30,z
frost_cycle_000020,2026-07-20,raw 5-min history,2.2712217403638055,1.9417950932152304,141,30,z
frost_cycle_000021,2026-07-20,raw 5-min history,2.510203130823193,1.858753945754997,114,30,z
frost_cycle_000020,2026-07-20,direct short statistics,0.11539069395190832,0.09412101990078878,141,30,D_Qe_proxy
frost_cycle_000021,2026-07-20,direct short statistics,0.10616820130625848,0.0903960189076531,114,30,D_Qe_proxy
frost_cycle_000020,2026-07-20,structured short statistics,0.11680458381318942,0.09613145924072795,141,30,D_Qe_proxy
frost_cycle_000021,2026-07-20,structured short statistics,0.11228108160049018,0.09707841467213225,114,30,D_Qe_proxy
frost_cycle_000023,2026-07-21,persistence,1.237548870768815,0.5106340584289399,31,5,z
frost_cycle_000024,2026-07-21,persistence,0.8725733915119582,0.6179553813521473,160,5,z
frost_cycle_000026,2026-07-21,persistence,1.321739252345197,0.8131812905652619,129,5,z
frost_cycle_000027,2026-07-21,persistence,1.50082570909512,0.8577321632235848,130,5,z
frost_cycle_000028,2026-07-21,persistence,1.0695536829977865,0.830666174386281,97,5,z
frost_cycle_000023,2026-07-21,linear extrapolation,1.4913831755554778,0.9261147446291416,31,5,z
frost_cycle_000024,2026-07-21,linear extrapolation,0.8286486040412788,0.615913469456,160,5,z
frost_cycle_000026,2026-07-21,linear extrapolation,1.2281404493958605,0.7931773085036004,129,5,z
frost_cycle_000027,2026-07-21,linear extrapolation,1.4185761072708767,0.7359764669417984,130,5,z
frost_cycle_000028,2026-07-21,linear extrapolation,0.8949319640877107,0.7047770791861276,97,5,z
frost_cycle_000023,2026-07-21,current state,1.1951750738005207,0.5654854076482524,31,5,z
frost_cycle_000024,2026-07-21,current state,0.7561392389337503,0.6279605692631037,160,5,z
frost_cycle_000026,2026-07-21,current state,1.116439167489891,0.7021731130999864,129,5,z
frost_cycle_000027,2026-07-21,current state,1.316288352247764,0.7252841454888348,130,5,z
frost_cycle_000028,2026-07-21,current state,0.8161893309960331,0.6269155560381403,97,5,z
frost_cycle_000023,2026-07-21,state + rate,1.238573099791791,0.6641283688681004,31,5,z
frost_cycle_000024,2026-07-21,state + rate,0.694924889953722,0.576007836200066,160,5,z
frost_cycle_000026,2026-07-21,state + rate,1.0976557460215737,0.6666586672913927,129,5,z
frost_cycle_000027,2026-07-21,state + rate,1.2995853819120788,0.666779976967642,130,5,z
frost_cycle_000028,2026-07-21,state + rate,0.7645495594577765,0.5855787798511227,97,5,z
frost_cycle_000023,2026-07-21,short statistics,1.2233068157303537,0.628100213130237,31,5,z
frost_cycle_000024,2026-07-21,short statistics,0.6892677179234508,0.5633352527791592,160,5,z
frost_cycle_000026,2026-07-21,short statistics,1.0848082513716821,0.6621110678729257,129,5,z
frost_cycle_000027,2026-07-21,short statistics,1.2981178635723365,0.6667181856083065,130,5,z
frost_cycle_000028,2026-07-21,short statistics,0.7639982078463806,0.5852537743065661,97,5,z
frost_cycle_000023,2026-07-21,statistics + context,1.2057169614326961,0.6135377943296777,31,5,z
frost_cycle_000024,2026-07-21,statistics + context,0.686402174317313,0.5574375363482511,160,5,z
frost_cycle_000026,2026-07-21,statistics + context,1.0960356911319709,0.6811220613185897,129,5,z
frost_cycle_000027,2026-07-21,statistics + context,1.3043961071579617,0.6793413906986606,130,5,z
frost_cycle_000028,2026-07-21,statistics + context,0.7851799439873062,0.5969114810476455,97,5,z
frost_cycle_000023,2026-07-21,raw 5-min history,1.2478097717067826,0.6660776963216554,31,5,z
frost_cycle_000024,2026-07-21,raw 5-min history,0.6922842562419458,0.5690924987885361,160,5,z
frost_cycle_000026,2026-07-21,raw 5-min history,1.0929505143066978,0.6648926190343902,129,5,z
frost_cycle_000027,2026-07-21,raw 5-min history,1.293914599540964,0.663420686691173,130,5,z
frost_cycle_000028,2026-07-21,raw 5-min history,0.7588131105251857,0.5781004482657844,97,5,z
frost_cycle_000023,2026-07-21,direct short statistics,0.13374988902246546,0.07462585056871857,31,5,D_Qe_proxy
frost_cycle_000024,2026-07-21,direct short statistics,0.06038749764715481,0.05160715441360605,160,5,D_Qe_proxy
frost_cycle_000026,2026-07-21,direct short statistics,0.07203211483176486,0.06033479472678384,129,5,D_Qe_proxy
frost_cycle_000027,2026-07-21,direct short statistics,0.07071962472892922,0.058492681916022526,130,5,D_Qe_proxy
frost_cycle_000028,2026-07-21,direct short statistics,0.061657182801335246,0.05053378687868901,97,5,D_Qe_proxy
frost_cycle_000023,2026-07-21,structured short statistics,0.13356308393017646,0.07440417994489396,31,5,D_Qe_proxy
frost_cycle_000024,2026-07-21,structured short statistics,0.05826542119683826,0.04853240133183122,160,5,D_Qe_proxy
frost_cycle_000026,2026-07-21,structured short statistics,0.07380972835952511,0.06188834992963421,129,5,D_Qe_proxy
frost_cycle_000027,2026-07-21,structured short statistics,0.07198722494973978,0.05861388449214813,130,5,D_Qe_proxy
frost_cycle_000028,2026-07-21,structured short statistics,0.06267867813838167,0.049636494455029545,97,5,D_Qe_proxy
frost_cycle_000023,2026-07-21,persistence,1.3497668937809066,0.5510677428125716,26,10,z
frost_cycle_000024,2026-07-21,persistence,1.5649804970274441,1.1761720672496492,155,10,z
frost_cycle_000026,2026-07-21,persistence,2.0259326561560766,1.4631503457559538,124,10,z
frost_cycle_000027,2026-07-21,persistence,2.1524955969750614,1.5870417877670902,125,10,z
frost_cycle_000028,2026-07-21,persistence,1.9851996109415238,1.624904424620012,92,10,z
frost_cycle_000023,2026-07-21,linear extrapolation,2.0827433428129396,1.513343262933069,26,10,z
frost_cycle_000024,2026-07-21,linear extrapolation,1.5121265573535523,1.1867618158611475,155,10,z
frost_cycle_000026,2026-07-21,linear extrapolation,1.8163854144084854,1.3592312213588171,124,10,z
frost_cycle_000027,2026-07-21,linear extrapolation,1.8600263211250052,1.368144165295529,125,10,z
frost_cycle_000028,2026-07-21,linear extrapolation,1.6875697080692813,1.296107946771382,92,10,z
frost_cycle_000023,2026-07-21,current state,1.3437862722872436,0.8385064652433513,26,10,z
frost_cycle_000024,2026-07-21,current state,1.231916480795204,1.0227066765178094,155,10,z
frost_cycle_000026,2026-07-21,current state,1.4780913503650663,1.0803962532608318,124,10,z
frost_cycle_000027,2026-07-21,current state,1.651913328981494,1.1681813660216733,125,10,z
frost_cycle_000028,2026-07-21,current state,1.329921556473585,1.048817932273234,92,10,z
frost_cycle_000023,2026-07-21,state + rate,1.4304498568097253,0.9640527843110493,26,10,z
frost_cycle_000024,2026-07-21,state + rate,1.1147969688264452,0.9244421163559857,155,10,z
frost_cycle_000026,2026-07-21,state + rate,1.4300881150512592,1.0243145524514488,124,10,z
frost_cycle_000027,2026-07-21,state + rate,1.559618246913683,1.071165352832561,125,10,z
frost_cycle_000028,2026-07-21,state + rate,1.2640575300687815,0.981780921443136,92,10,z
frost_cycle_000023,2026-07-21,short statistics,1.4067983355555993,0.886934963534826,26,10,z
frost_cycle_000024,2026-07-21,short statistics,1.0964785840523625,0.902991178148221,155,10,z
frost_cycle_000026,2026-07-21,short statistics,1.4087722409459813,1.006247452249707,124,10,z
frost_cycle_000027,2026-07-21,short statistics,1.540239783751352,1.0650478370967862,125,10,z
frost_cycle_000028,2026-07-21,short statistics,1.26141621221008,0.9739954356122403,92,10,z
frost_cycle_000023,2026-07-21,statistics + context,1.3601333807033065,0.788886291913114,26,10,z
frost_cycle_000024,2026-07-21,statistics + context,1.1021229031242739,0.9014365786484226,155,10,z
frost_cycle_000026,2026-07-21,statistics + context,1.4222565294198724,1.0247247790834904,124,10,z
frost_cycle_000027,2026-07-21,statistics + context,1.5621614935838763,1.0827828617521464,125,10,z
frost_cycle_000028,2026-07-21,statistics + context,1.2827636801124058,0.9833861532881948,92,10,z
frost_cycle_000023,2026-07-21,raw 5-min history,1.4366671607492982,0.9665005316155816,26,10,z
frost_cycle_000024,2026-07-21,raw 5-min history,1.108426727362764,0.919308727212709,155,10,z
frost_cycle_000026,2026-07-21,raw 5-min history,1.4085002509150448,1.0168950475419654,124,10,z
frost_cycle_000027,2026-07-21,raw 5-min history,1.5376990953783254,1.0625672226932799,125,10,z
frost_cycle_000028,2026-07-21,raw 5-min history,1.2542196653169686,0.9758798051458785,92,10,z
frost_cycle_000023,2026-07-21,direct short statistics,0.14776742014674316,0.09257178102081115,26,10,D_Qe_proxy
frost_cycle_000024,2026-07-21,direct short statistics,0.06422274902436384,0.05585709452410032,155,10,D_Qe_proxy
frost_cycle_000026,2026-07-21,direct short statistics,0.07228148432715165,0.059498849395349794,124,10,D_Qe_proxy
frost_cycle_000027,2026-07-21,direct short statistics,0.06996881228072949,0.05833999535466322,125,10,D_Qe_proxy
frost_cycle_000028,2026-07-21,direct short statistics,0.06684704630009734,0.05853335647450657,92,10,D_Qe_proxy
frost_cycle_000023,2026-07-21,structured short statistics,0.1482249657342261,0.0919345275754501,26,10,D_Qe_proxy
frost_cycle_000024,2026-07-21,structured short statistics,0.0648071104107632,0.05566456220349754,155,10,D_Qe_proxy
frost_cycle_000026,2026-07-21,structured short statistics,0.07554743885937336,0.06272139210303472,124,10,D_Qe_proxy
frost_cycle_000027,2026-07-21,structured short statistics,0.07242107711001093,0.059937556792716236,125,10,D_Qe_proxy
frost_cycle_000028,2026-07-21,structured short statistics,0.06707852098470582,0.055983131860949616,92,10,D_Qe_proxy
frost_cycle_000023,2026-07-21,persistence,1.780750698660471,0.774328513999767,16,20,z
frost_cycle_000024,2026-07-21,persistence,2.9449796389098477,2.3698846020187014,145,20,z
frost_cycle_000026,2026-07-21,persistence,3.4500729434419304,2.8571257710431563,114,20,z
frost_cycle_000027,2026-07-21,persistence,3.6719293620939424,3.0164254836930047,115,20,z
frost_cycle_000028,2026-07-21,persistence,3.7963307188052755,3.379213920241797,82,20,z
frost_cycle_000023,2026-07-21,linear extrapolation,3.878129476227697,3.060318311141832,16,20,z
frost_cycle_000024,2026-07-21,linear extrapolation,3.0521881640176147,2.3556567891408693,145,20,z
frost_cycle_000026,2026-07-21,linear extrapolation,3.381139444665938,2.4868938487625765,114,20,z
frost_cycle_000027,2026-07-21,linear extrapolation,3.605996185319786,2.9124441601334716,115,20,z
frost_cycle_000028,2026-07-21,linear extrapolation,2.955281270933899,2.4782169490241586,82,20,z
frost_cycle_000023,2026-07-21,current state,1.918854644454955,1.6556757261699269,16,20,z
frost_cycle_000024,2026-07-21,current state,2.003005437412995,1.6698389449320121,145,20,z
frost_cycle_000026,2026-07-21,current state,2.1361311902280007,1.6607556970528385,114,20,z
frost_cycle_000027,2026-07-21,current state,2.4277025902271085,1.824057027362834,115,20,z
frost_cycle_000028,2026-07-21,current state,2.0762349446300457,1.5809206568539997,82,20,z
frost_cycle_000023,2026-07-21,state + rate,1.9854683200235925,1.6251184342069387,16,20,z
frost_cycle_000024,2026-07-21,state + rate,1.8410165134345968,1.483505821374812,145,20,z
frost_cycle_000026,2026-07-21,state + rate,2.091878914874967,1.5818726346625174,114,20,z
frost_cycle_000027,2026-07-21,state + rate,2.3695849088299834,1.810730730573697,115,20,z
frost_cycle_000028,2026-07-21,state + rate,1.95044397022411,1.4979386631984575,82,20,z
frost_cycle_000023,2026-07-21,short statistics,1.9748392323636594,1.5652869096432336,16,20,z
frost_cycle_000024,2026-07-21,short statistics,1.8235292907576555,1.4674407573423434,145,20,z
frost_cycle_000026,2026-07-21,short statistics,2.0789802431396467,1.572528047828644,114,20,z
frost_cycle_000027,2026-07-21,short statistics,2.3759277114916997,1.798233478752811,115,20,z
frost_cycle_000028,2026-07-21,short statistics,1.9452285571183727,1.4955072057345156,82,20,z
frost_cycle_000023,2026-07-21,statistics + context,1.8065932259544573,1.2634462005899132,16,20,z
frost_cycle_000024,2026-07-21,statistics + context,1.817020251098441,1.4623995566854648,145,20,z
frost_cycle_000026,2026-07-21,statistics + context,2.048061633380955,1.5468134035166685,114,20,z
frost_cycle_000027,2026-07-21,statistics + context,2.3472941618024747,1.7468794361757203,115,20,z
frost_cycle_000028,2026-07-21,statistics + context,1.882620002036695,1.4420079179561973,82,20,z
frost_cycle_000023,2026-07-21,raw 5-min history,1.9946131912320775,1.6207014874423926,16,20,z
frost_cycle_000024,2026-07-21,raw 5-min history,1.831138107136389,1.4776852607857662,145,20,z
frost_cycle_000026,2026-07-21,raw 5-min history,2.0950359064844473,1.5732054660332115,114,20,z
frost_cycle_000027,2026-07-21,raw 5-min history,2.3688054073947398,1.8224968420960486,115,20,z
frost_cycle_000028,2026-07-21,raw 5-min history,1.9358193211753825,1.4792946496184503,82,20,z
frost_cycle_000023,2026-07-21,direct short statistics,0.18719110275423517,0.1302158443672632,16,20,D_Qe_proxy
frost_cycle_000024,2026-07-21,direct short statistics,0.07105004852030714,0.05925139124554969,145,20,D_Qe_proxy
frost_cycle_000026,2026-07-21,direct short statistics,0.07603981148925983,0.05849793233678374,114,20,D_Qe_proxy
frost_cycle_000027,2026-07-21,direct short statistics,0.07443748319203852,0.061175130148127366,115,20,D_Qe_proxy
frost_cycle_000028,2026-07-21,direct short statistics,0.0819210108266996,0.07321053127170771,82,20,D_Qe_proxy
frost_cycle_000023,2026-07-21,structured short statistics,0.18675858464936607,0.13032652133693412,16,20,D_Qe_proxy
frost_cycle_000024,2026-07-21,structured short statistics,0.07063193642850635,0.05785394630216929,145,20,D_Qe_proxy
frost_cycle_000026,2026-07-21,structured short statistics,0.07493707211017929,0.05831062389614569,114,20,D_Qe_proxy
frost_cycle_000027,2026-07-21,structured short statistics,0.07490697534865584,0.06191743819564684,115,20,D_Qe_proxy
frost_cycle_000028,2026-07-21,structured short statistics,0.08258057423206022,0.07293529414017298,82,20,D_Qe_proxy
frost_cycle_000023,2026-07-21,persistence,2.8897869227758695,1.7492169489472484,6,30,z
frost_cycle_000024,2026-07-21,persistence,4.332318215238927,3.772384939918631,135,30,z
frost_cycle_000026,2026-07-21,persistence,4.9626365254935605,4.438130473047737,104,30,z
frost_cycle_000027,2026-07-21,persistence,5.1056222381048775,4.499871206919838,105,30,z
frost_cycle_000028,2026-07-21,persistence,5.611562757385545,5.253095430512172,72,30,z
frost_cycle_000023,2026-07-21,linear extrapolation,7.618098192012315,7.187428939944479,6,30,z
frost_cycle_000024,2026-07-21,linear extrapolation,4.605485421213122,3.7313781244534683,135,30,z
frost_cycle_000026,2026-07-21,linear extrapolation,4.910730705279127,3.9437019268363147,104,30,z
frost_cycle_000027,2026-07-21,linear extrapolation,5.20775022404205,3.996285925588471,105,30,z
frost_cycle_000028,2026-07-21,linear extrapolation,4.4858861686056075,3.812859268429943,72,30,z
frost_cycle_000023,2026-07-21,current state,2.5593043902180472,2.470543869290214,6,30,z
frost_cycle_000024,2026-07-21,current state,2.4673500774738435,2.1850710302974474,135,30,z
frost_cycle_000026,2026-07-21,current state,2.5852319224122913,2.0602811643344854,104,30,z
frost_cycle_000027,2026-07-21,current state,2.822696872866289,2.285546724707017,105,30,z
frost_cycle_000028,2026-07-21,current state,2.736266415389413,2.205491302672711,72,30,z
frost_cycle_000023,2026-07-21,state + rate,1.504978935577022,1.0447727168562724,6,30,z
frost_cycle_000024,2026-07-21,state + rate,2.2846569817655635,1.8508896844581066,135,30,z
frost_cycle_000026,2026-07-21,state + rate,2.535077516927661,1.8638301943900708,104,30,z
frost_cycle_000027,2026-07-21,state + rate,2.8175487166066913,2.1438221410589953,105,30,z
frost_cycle_000028,2026-07-21,state + rate,2.47761566096022,1.8757508431113372,72,30,z
frost_cycle_000023,2026-07-21,short statistics,1.854714525348592,1.5783601470249786,6,30,z
frost_cycle_000024,2026-07-21,short statistics,2.288967627276164,1.8458654381162019,135,30,z
frost_cycle_000026,2026-07-21,short statistics,2.5420784294780603,1.8628786403352238,104,30,z
frost_cycle_000027,2026-07-21,short statistics,2.825054819207039,2.1488810230403246,105,30,z
frost_cycle_000028,2026-07-21,short statistics,2.4688151121214412,1.8770057977136685,72,30,z
frost_cycle_000023,2026-07-21,statistics + context,2.152226804933879,1.7698927429459752,6,30,z
frost_cycle_000024,2026-07-21,statistics + context,2.3464314476348807,1.9390138817259686,135,30,z
frost_cycle_000026,2026-07-21,statistics + context,2.5629035469696775,1.9214126057071386,104,30,z
frost_cycle_000027,2026-07-21,statistics + context,2.7684497867208107,2.1705879288413414,105,30,z
frost_cycle_000028,2026-07-21,statistics + context,2.382673808286183,1.816040452466831,72,30,z
frost_cycle_000023,2026-07-21,raw 5-min history,1.5876744086566368,1.0967685875903854,6,30,z
frost_cycle_000024,2026-07-21,raw 5-min history,2.2840843460876075,1.8511851909836208,135,30,z
frost_cycle_000026,2026-07-21,raw 5-min history,2.520569454735725,1.8487534958409102,104,30,z
frost_cycle_000027,2026-07-21,raw 5-min history,2.83010741600327,2.141436536797828,105,30,z
frost_cycle_000028,2026-07-21,raw 5-min history,2.4614374975810076,1.8620158817994492,72,30,z
frost_cycle_000023,2026-07-21,direct short statistics,0.24658813926120215,0.18081644589572865,6,30,D_Qe_proxy
frost_cycle_000024,2026-07-21,direct short statistics,0.07681798970166297,0.05957295814826885,135,30,D_Qe_proxy
frost_cycle_000026,2026-07-21,direct short statistics,0.07913926489526879,0.06219251536936129,104,30,D_Qe_proxy
frost_cycle_000027,2026-07-21,direct short statistics,0.07380438588233387,0.057116631169499006,105,30,D_Qe_proxy
frost_cycle_000028,2026-07-21,direct short statistics,0.10179565305596752,0.08594052384225516,72,30,D_Qe_proxy
frost_cycle_000023,2026-07-21,structured short statistics,0.2532846527963434,0.18380352782804774,6,30,D_Qe_proxy
frost_cycle_000024,2026-07-21,structured short statistics,0.07863457112387374,0.06231728545762868,135,30,D_Qe_proxy
frost_cycle_000026,2026-07-21,structured short statistics,0.08241935747964553,0.06565356959203851,104,30,D_Qe_proxy
frost_cycle_000027,2026-07-21,structured short statistics,0.07678148945165839,0.060401711042505864,105,30,D_Qe_proxy
frost_cycle_000028,2026-07-21,structured short statistics,0.10963318762863185,0.09215700909603125,72,30,D_Qe_proxy
frost_cycle_000029,2026-07-23,persistence,1.6777047503869367,0.4532240393144489,54,5,z
frost_cycle_000030,2026-07-23,persistence,1.933119347887809,0.4788634130132328,28,5,z
frost_cycle_000031,2026-07-23,persistence,1.9555127550056415,0.4705103003229537,43,5,z
frost_cycle_000032,2026-07-23,persistence,0.9281911074183294,0.6561049367742766,129,5,z
frost_cycle_000033,2026-07-23,persistence,1.360567694435306,0.6940964985270736,133,5,z
frost_cycle_000034,2026-07-23,persistence,0.7940173867156147,0.6175758440937892,132,5,z
frost_cycle_000035,2026-07-23,persistence,0.7017399220755837,0.48667128379729707,101,5,z
frost_cycle_000029,2026-07-23,linear extrapolation,1.7628516746700493,0.6647095987774273,54,5,z
frost_cycle_000030,2026-07-23,linear extrapolation,1.9419355324537357,0.5323614823772267,28,5,z
frost_cycle_000031,2026-07-23,linear extrapolation,1.9888374849359414,0.5924021959117091,43,5,z
frost_cycle_000032,2026-07-23,linear extrapolation,0.7703338675031877,0.5545052167892744,129,5,z
frost_cycle_000033,2026-07-23,linear extrapolation,1.128940416472048,0.482674432611759,133,5,z
frost_cycle_000034,2026-07-23,linear extrapolation,0.6396671484847957,0.491653287294731,132,5,z
frost_cycle_000035,2026-07-23,linear extrapolation,0.4926503097719343,0.35143445951749186,101,5,z
frost_cycle_000029,2026-07-23,current state,1.6447729539829525,0.5986551001314664,54,5,z
frost_cycle_000030,2026-07-23,current state,1.90497425607862,0.799183272257811,28,5,z
frost_cycle_000031,2026-07-23,current state,1.9141273484456787,0.6453601697156341,43,5,z
frost_cycle_000032,2026-07-23,current state,0.7256131605591453,0.5611850314757963,129,5,z
frost_cycle_000033,2026-07-23,current state,1.144313227574195,0.47704494594470714,133,5,z
frost_cycle_000034,2026-07-23,current state,0.516993514861133,0.41574183488340827,132,5,z
frost_cycle_000035,2026-07-23,current state,0.5170815369746115,0.44394402082336704,101,5,z
frost_cycle_000029,2026-07-23,state + rate,1.6596975583364684,0.605226477758153,54,5,z
frost_cycle_000030,2026-07-23,state + rate,1.9011615466874987,0.7117667979407886,28,5,z
frost_cycle_000031,2026-07-23,state + rate,1.9250340691853054,0.6175643396286014,43,5,z
frost_cycle_000032,2026-07-23,state + rate,0.664334868342988,0.512370667416549,129,5,z
frost_cycle_000033,2026-07-23,state + rate,1.1170507956914975,0.45315811337346057,133,5,z
frost_cycle_000034,2026-07-23,state + rate,0.5118900480643619,0.401422644234379,132,5,z
frost_cycle_000035,2026-07-23,state + rate,0.46334446153761516,0.3818938662086911,101,5,z
frost_cycle_000029,2026-07-23,short statistics,1.6587522896554705,0.5865043052202112,54,5,z
frost_cycle_000030,2026-07-23,short statistics,1.9071244479821041,0.7011907861257608,28,5,z
frost_cycle_000031,2026-07-23,short statistics,1.9256610596281647,0.6036520423277691,43,5,z
frost_cycle_000032,2026-07-23,short statistics,0.6513176068129413,0.5018466312633891,129,5,z
frost_cycle_000033,2026-07-23,short statistics,1.1049778280440752,0.44589133183412777,133,5,z
frost_cycle_000034,2026-07-23,short statistics,0.5053594879528069,0.39678040669812115,132,5,z
frost_cycle_000035,2026-07-23,short statistics,0.4427809376108388,0.35268288962976174,101,5,z
frost_cycle_000029,2026-07-23,statistics + context,1.6629981042411943,0.6046202629834222,54,5,z
frost_cycle_000030,2026-07-23,statistics + context,1.9112348564840858,0.6155352110700134,28,5,z
frost_cycle_000031,2026-07-23,statistics + context,1.922687134433293,0.5462104713732434,43,5,z
frost_cycle_000032,2026-07-23,statistics + context,0.6395545156692385,0.4736468030248555,129,5,z
frost_cycle_000033,2026-07-23,statistics + context,1.1300847569405652,0.4447161671162628,133,5,z
frost_cycle_000034,2026-07-23,statistics + context,0.5400984501259811,0.4377809416369664,132,5,z
frost_cycle_000035,2026-07-23,statistics + context,0.4493057051208245,0.34961876766896915,101,5,z
frost_cycle_000029,2026-07-23,raw 5-min history,1.6601790123160325,0.6056502907317607,54,5,z
frost_cycle_000030,2026-07-23,raw 5-min history,1.9019764249736957,0.708728523002142,28,5,z
frost_cycle_000031,2026-07-23,raw 5-min history,1.924823789415789,0.6142262747102044,43,5,z
frost_cycle_000032,2026-07-23,raw 5-min history,0.6556855458196356,0.5048147957129525,129,5,z
frost_cycle_000033,2026-07-23,raw 5-min history,1.1033989174884922,0.44768492679518906,133,5,z
frost_cycle_000034,2026-07-23,raw 5-min history,0.5071507006610557,0.4024826595943553,132,5,z
frost_cycle_000035,2026-07-23,raw 5-min history,0.453021585075345,0.36890965353430233,101,5,z
frost_cycle_000029,2026-07-23,direct short statistics,0.10108113055071519,0.05489356021876457,54,5,D_Qe_proxy
frost_cycle_000030,2026-07-23,direct short statistics,0.1344617905070977,0.07956845042068138,28,5,D_Qe_proxy
frost_cycle_000031,2026-07-23,direct short statistics,0.1190778054258922,0.07965793894825438,43,5,D_Qe_proxy
frost_cycle_000032,2026-07-23,direct short statistics,0.09654851179172415,0.08419066258959353,129,5,D_Qe_proxy
frost_cycle_000033,2026-07-23,direct short statistics,0.11594197760409404,0.10345643479295043,133,5,D_Qe_proxy
frost_cycle_000034,2026-07-23,direct short statistics,0.08751969282083087,0.07468314765527717,132,5,D_Qe_proxy
frost_cycle_000035,2026-07-23,direct short statistics,0.056567560023434986,0.04601715710870109,101,5,D_Qe_proxy
frost_cycle_000029,2026-07-23,structured short statistics,0.09936128730525091,0.04650296466323251,54,5,D_Qe_proxy
frost_cycle_000030,2026-07-23,structured short statistics,0.1327179201575998,0.0678366841684945,28,5,D_Qe_proxy
frost_cycle_000031,2026-07-23,structured short statistics,0.11491772580397806,0.06764593255565426,43,5,D_Qe_proxy
frost_cycle_000032,2026-07-23,structured short statistics,0.09446566945321103,0.08143791952561555,129,5,D_Qe_proxy
frost_cycle_000033,2026-07-23,structured short statistics,0.11248208610477978,0.0988855967846415,133,5,D_Qe_proxy
frost_cycle_000034,2026-07-23,structured short statistics,0.08527187288391168,0.07089999021350098,132,5,D_Qe_proxy
frost_cycle_000035,2026-07-23,structured short statistics,0.05263763950052027,0.03942655038347391,101,5,D_Qe_proxy
frost_cycle_000029,2026-07-23,persistence,1.76993726369091,0.595858108310652,49,10,z
frost_cycle_000030,2026-07-23,persistence,2.1334903370260676,0.600859884206901,23,10,z
frost_cycle_000031,2026-07-23,persistence,2.0754747278530363,0.5878728910876486,38,10,z
frost_cycle_000032,2026-07-23,persistence,1.7035751526863951,1.2282880185507856,124,10,z
frost_cycle_000033,2026-07-23,persistence,1.9614416406804491,1.3102253279245235,128,10,z
frost_cycle_000034,2026-07-23,persistence,1.4704871387764948,1.1743075428036498,127,10,z
frost_cycle_000035,2026-07-23,persistence,1.2956497704325227,0.9103562303658658,96,10,z
frost_cycle_000029,2026-07-23,linear extrapolation,1.9304516633745064,1.0622251307473227,49,10,z
frost_cycle_000030,2026-07-23,linear extrapolation,2.1727074059084526,0.7381902247558878,23,10,z
frost_cycle_000031,2026-07-23,linear extrapolation,2.1500297400065045,0.8011738066690404,38,10,z
frost_cycle_000032,2026-07-23,linear extrapolation,1.4364298694828352,1.0222041080992335,124,10,z
frost_cycle_000033,2026-07-23,linear extrapolation,1.4904033877666603,0.8293057917652599,128,10,z
frost_cycle_000034,2026-07-23,linear extrapolation,1.0781115797275205,0.8935114928887288,127,10,z
frost_cycle_000035,2026-07-23,linear extrapolation,0.9373961070001513,0.6770021741502298,96,10,z
frost_cycle_000029,2026-07-23,current state,1.748999670965531,0.877528185121446,49,10,z
frost_cycle_000030,2026-07-23,current state,2.177215437105888,1.3763675437224439,23,10,z
frost_cycle_000031,2026-07-23,current state,2.0398305562531376,1.016147167577909,38,10,z
frost_cycle_000032,2026-07-23,current state,1.2242338717011094,0.9834073674328015,124,10,z
frost_cycle_000033,2026-07-23,current state,1.4127700069372655,0.7844611933031964,128,10,z
frost_cycle_000034,2026-07-23,current state,0.8314253499581405,0.6935140041357448,127,10,z
frost_cycle_000035,2026-07-23,current state,0.9243003154156996,0.8025149162436515,96,10,z
frost_cycle_000029,2026-07-23,state + rate,1.72957712983842,0.8124837023770036,49,10,z
frost_cycle_000030,2026-07-23,state + rate,2.134612645977542,1.1948852455523997,23,10,z
frost_cycle_000031,2026-07-23,state + rate,2.0414067918647616,0.9155669174935702,38,10,z
frost_cycle_000032,2026-07-23,state + rate,1.124385857447965,0.9121812114836405,124,10,z
frost_cycle_000033,2026-07-23,state + rate,1.3610704528445379,0.7002905341908973,128,10,z
frost_cycle_000034,2026-07-23,state + rate,0.8088911809547711,0.6570259312437015,127,10,z
frost_cycle_000035,2026-07-23,state + rate,0.8236233311442852,0.7070304715877437,96,10,z
frost_cycle_000029,2026-07-23,short statistics,1.7282138117821695,0.7835139070340111,49,10,z
frost_cycle_000030,2026-07-23,short statistics,2.14258425472629,1.174490996393795,23,10,z
frost_cycle_000031,2026-07-23,short statistics,2.041899049526818,0.8716623067119351,38,10,z
frost_cycle_000032,2026-07-23,short statistics,1.1043499952360807,0.8911678407412673,124,10,z
frost_cycle_000033,2026-07-23,short statistics,1.3441996508012033,0.6891527593757927,128,10,z
frost_cycle_000034,2026-07-23,short statistics,0.798373692778624,0.6415456209529701,127,10,z
frost_cycle_000035,2026-07-23,short statistics,0.7990469774260345,0.6804858503245441,96,10,z
frost_cycle_000029,2026-07-23,statistics + context,1.6988934114237542,0.6509598454126577,49,10,z
frost_cycle_000030,2026-07-23,statistics + context,2.122322877554658,1.0124454007362558,23,10,z
frost_cycle_000031,2026-07-23,statistics + context,2.0287964064365718,0.7256143750463081,38,10,z
frost_cycle_000032,2026-07-23,statistics + context,1.1178105505096256,0.8632876147101347,124,10,z
frost_cycle_000033,2026-07-23,statistics + context,1.387678927344497,0.7124015736715109,128,10,z
frost_cycle_000034,2026-07-23,statistics + context,0.8403312922540431,0.6471722091597344,127,10,z
frost_cycle_000035,2026-07-23,statistics + context,0.7821728555327264,0.6422624280089745,96,10,z
frost_cycle_000029,2026-07-23,raw 5-min history,1.7281491203740391,0.8108398847199448,49,10,z
frost_cycle_000030,2026-07-23,raw 5-min history,2.1343395507733387,1.1841602035749572,23,10,z
frost_cycle_000031,2026-07-23,raw 5-min history,2.0442175685847745,0.9105288730740115,38,10,z
frost_cycle_000032,2026-07-23,raw 5-min history,1.1175492745919926,0.9099378853077035,124,10,z
frost_cycle_000033,2026-07-23,raw 5-min history,1.3417119008554441,0.6947884401945488,128,10,z
frost_cycle_000034,2026-07-23,raw 5-min history,0.804951999907418,0.6534562152460454,127,10,z
frost_cycle_000035,2026-07-23,raw 5-min history,0.8193875465735947,0.703445448639712,96,10,z
frost_cycle_000029,2026-07-23,direct short statistics,0.10856046870448101,0.06724248575583623,49,10,D_Qe_proxy
frost_cycle_000030,2026-07-23,direct short statistics,0.15108593041665455,0.10170275825879799,23,10,D_Qe_proxy
frost_cycle_000031,2026-07-23,direct short statistics,0.12920436177885564,0.09408739054264874,38,10,D_Qe_proxy
frost_cycle_000032,2026-07-23,direct short statistics,0.10089339864027659,0.08661982747553336,124,10,D_Qe_proxy
frost_cycle_000033,2026-07-23,direct short statistics,0.11791608654147655,0.10523560465033138,128,10,D_Qe_proxy
frost_cycle_000034,2026-07-23,direct short statistics,0.09041559532003234,0.07775920409991112,127,10,D_Qe_proxy
frost_cycle_000035,2026-07-23,direct short statistics,0.06397536130063898,0.05446432605332121,96,10,D_Qe_proxy
frost_cycle_000029,2026-07-23,structured short statistics,0.10481604707568198,0.056543024128522176,49,10,D_Qe_proxy
frost_cycle_000030,2026-07-23,structured short statistics,0.1479822245165219,0.08732531712244246,23,10,D_Qe_proxy
frost_cycle_000031,2026-07-23,structured short statistics,0.12327560557796802,0.07899908903407211,38,10,D_Qe_proxy
frost_cycle_000032,2026-07-23,structured short statistics,0.09792908524641214,0.08253357987185557,124,10,D_Qe_proxy
frost_cycle_000033,2026-07-23,structured short statistics,0.11330816348029932,0.09849759843159414,128,10,D_Qe_proxy
frost_cycle_000034,2026-07-23,structured short statistics,0.08635268402950562,0.0718388127278722,127,10,D_Qe_proxy
frost_cycle_000035,2026-07-23,structured short statistics,0.05828494235926613,0.04519522123005918,96,10,D_Qe_proxy
frost_cycle_000029,2026-07-23,persistence,2.1056510087346134,0.8216078683143487,39,20,z
frost_cycle_000030,2026-07-23,persistence,2.8180951701373553,1.0112243420281988,13,20,z
frost_cycle_000031,2026-07-23,persistence,2.470176089109531,0.9596599007214167,28,20,z
frost_cycle_000032,2026-07-23,persistence,3.234988759457876,2.5950904985839607,114,20,z
frost_cycle_000033,2026-07-23,persistence,3.3071107350274658,2.5377607862079214,118,20,z
frost_cycle_000034,2026-07-23,persistence,2.7539488123841434,2.3046153509017198,117,20,z
frost_cycle_000035,2026-07-23,persistence,2.464087901641441,1.7973085390869312,86,20,z
frost_cycle_000029,2026-07-23,linear extrapolation,3.0064975836520693,1.8816397880412676,39,20,z
frost_cycle_000030,2026-07-23,linear extrapolation,3.1020066540743714,1.51747169982546,13,20,z
frost_cycle_000031,2026-07-23,linear extrapolation,2.250132011362879,1.2646210663820174,28,20,z
frost_cycle_000032,2026-07-23,linear extrapolation,3.060844401064658,2.2639079241652964,114,20,z
frost_cycle_000033,2026-07-23,linear extrapolation,2.4532649546618965,1.6710450926859217,118,20,z
frost_cycle_000034,2026-07-23,linear extrapolation,2.1546446035285753,1.7362724423833729,117,20,z
frost_cycle_000035,2026-07-23,linear extrapolation,1.8319908229800002,1.451783320472618,86,20,z
frost_cycle_000029,2026-07-23,current state,2.3084101317773387,1.775263064053964,39,20,z
frost_cycle_000030,2026-07-23,current state,3.093006406006131,2.665059457927217,13,20,z
frost_cycle_000031,2026-07-23,current state,2.528183129406441,1.8659357301992863,28,20,z
frost_cycle_000032,2026-07-23,current state,1.958796712122745,1.6330367644610355,114,20,z
frost_cycle_000033,2026-07-23,current state,2.0456922854998307,1.4578275086568568,118,20,z
frost_cycle_000034,2026-07-23,current state,1.399436599484305,1.2331182308813133,117,20,z
frost_cycle_000035,2026-07-23,current state,1.703593459929974,1.5196604803890028,86,20,z
frost_cycle_000029,2026-07-23,state + rate,2.2839247299953267,1.6433913611233033,39,20,z
frost_cycle_000030,2026-07-23,state + rate,3.006940507189733,2.441772338085406,13,20,z
frost_cycle_000031,2026-07-23,state + rate,2.390729102488173,1.664523486741789,28,20,z
frost_cycle_000032,2026-07-23,state + rate,1.905260720166187,1.5825830647872396,114,20,z
frost_cycle_000033,2026-07-23,state + rate,1.9682829852735815,1.3190305525398371,118,20,z
frost_cycle_000034,2026-07-23,state + rate,1.4028890293729304,1.2279857730648913,117,20,z
frost_cycle_000035,2026-07-23,state + rate,1.5383333693242462,1.353844292901573,86,20,z
frost_cycle_000029,2026-07-23,short statistics,2.2909155907525527,1.6346678096190936,39,20,z
frost_cycle_000030,2026-07-23,short statistics,3.0257300439044807,2.4544169979406436,13,20,z
frost_cycle_000031,2026-07-23,short statistics,2.3651845383349253,1.6212084719092903,28,20,z
frost_cycle_000032,2026-07-23,short statistics,1.9034531294935246,1.571066291280816,114,20,z
frost_cycle_000033,2026-07-23,short statistics,1.9639838253363757,1.3123645696729687,118,20,z
frost_cycle_000034,2026-07-23,short statistics,1.3833687629729583,1.210287933853273,117,20,z
frost_cycle_000035,2026-07-23,short statistics,1.5080090868188316,1.3357683725407157,86,20,z
frost_cycle_000029,2026-07-23,statistics + context,2.0476528829384533,0.8666702316277625,39,20,z
frost_cycle_000030,2026-07-23,statistics + context,2.929736129517792,2.2146395363328457,13,20,z
frost_cycle_000031,2026-07-23,statistics + context,2.2529979887656135,1.2786706528704275,28,20,z
frost_cycle_000032,2026-07-23,statistics + context,1.951836451926698,1.572702639819464,114,20,z
frost_cycle_000033,2026-07-23,statistics + context,2.0441805877173604,1.3451808934358158,118,20,z
frost_cycle_000034,2026-07-23,statistics + context,1.3531975548603643,1.1146998817384113,117,20,z
frost_cycle_000035,2026-07-23,statistics + context,1.4340582414954643,1.2318382905559238,86,20,z
frost_cycle_000029,2026-07-23,raw 5-min history,2.2836553351624613,1.6460194505251768,39,20,z
frost_cycle_000030,2026-07-23,raw 5-min history,2.997055619417544,2.419207718951729,13,20,z
frost_cycle_000031,2026-07-23,raw 5-min history,2.3719030978401188,1.6535628896187873,28,20,z
frost_cycle_000032,2026-07-23,raw 5-min history,1.9012835950359033,1.581850840509916,114,20,z
frost_cycle_000033,2026-07-23,raw 5-min history,1.968343411796991,1.3217936131927153,118,20,z
frost_cycle_000034,2026-07-23,raw 5-min history,1.4016489561242143,1.2244959716920816,117,20,z
frost_cycle_000035,2026-07-23,raw 5-min history,1.53473811513161,1.3570818607970443,86,20,z
frost_cycle_000029,2026-07-23,direct short statistics,0.13601262242973608,0.10180493267320746,39,20,D_Qe_proxy
frost_cycle_000030,2026-07-23,direct short statistics,0.19923417895997386,0.15301109933921492,13,20,D_Qe_proxy
frost_cycle_000031,2026-07-23,direct short statistics,0.15084799195696919,0.12170044021974959,28,20,D_Qe_proxy
frost_cycle_000032,2026-07-23,direct short statistics,0.10701437285092108,0.08809767689265932,114,20,D_Qe_proxy
frost_cycle_000033,2026-07-23,direct short statistics,0.12563934135761545,0.11006301101178179,118,20,D_Qe_proxy
frost_cycle_000034,2026-07-23,direct short statistics,0.09857239699905884,0.08539194537284234,117,20,D_Qe_proxy
frost_cycle_000035,2026-07-23,direct short statistics,0.08258436983213867,0.07231246284265767,86,20,D_Qe_proxy
frost_cycle_000029,2026-07-23,structured short statistics,0.1305956210205343,0.090956676560354,39,20,D_Qe_proxy
frost_cycle_000030,2026-07-23,structured short statistics,0.19723054840447835,0.143335350585939,13,20,D_Qe_proxy
frost_cycle_000031,2026-07-23,structured short statistics,0.14291597668237244,0.107065775779787,28,20,D_Qe_proxy
frost_cycle_000032,2026-07-23,structured short statistics,0.10116198205917261,0.0820255479270491,114,20,D_Qe_proxy
frost_cycle_000033,2026-07-23,structured short statistics,0.11682074351454597,0.09923893115471956,118,20,D_Qe_proxy
frost_cycle_000034,2026-07-23,structured short statistics,0.09005514781535377,0.07628965381737716,117,20,D_Qe_proxy
frost_cycle_000035,2026-07-23,structured short statistics,0.07285427457300628,0.062322393282281625,86,20,D_Qe_proxy
frost_cycle_000029,2026-07-23,persistence,2.426645185080096,1.0456326180148865,29,30,z
frost_cycle_000030,2026-07-23,persistence,5.721322929327581,3.590677544838504,3,30,z
frost_cycle_000031,2026-07-23,persistence,3.1536596964315415,1.451030859426901,18,30,z
frost_cycle_000032,2026-07-23,persistence,4.7704581857403365,4.197789885972032,104,30,z
frost_cycle_000033,2026-07-23,persistence,4.624244376352427,3.771365079177828,108,30,z
frost_cycle_000034,2026-07-23,persistence,3.9700631776301063,3.4718746937579494,107,30,z
frost_cycle_000035,2026-07-23,persistence,3.6235522044860065,2.7262329852955536,76,30,z
frost_cycle_000029,2026-07-23,linear extrapolation,4.219034289602489,2.950489864381717,29,30,z
frost_cycle_000030,2026-07-23,linear extrapolation,6.633448138391233,4.692494438344629,3,30,z
frost_cycle_000031,2026-07-23,linear extrapolation,2.8220506255305793,1.7092899839388385,18,30,z
frost_cycle_000032,2026-07-23,linear extrapolation,4.293213204339562,3.335888730520339,104,30,z
frost_cycle_000033,2026-07-23,linear extrapolation,3.570763388247012,2.7123294989454063,108,30,z
frost_cycle_000034,2026-07-23,linear extrapolation,3.162076943342233,2.514691296743439,107,30,z
frost_cycle_000035,2026-07-23,linear extrapolation,2.734283078945917,2.256033243122984,76,30,z
frost_cycle_000029,2026-07-23,current state,3.13237342592968,2.8754062294044793,29,30,z
frost_cycle_000030,2026-07-23,current state,4.451934041831388,4.107176839829063,3,30,z
frost_cycle_000031,2026-07-23,current state,3.363863411723423,2.943322946698789,18,30,z
frost_cycle_000032,2026-07-23,current state,2.3303255709118225,1.974148996979435,104,30,z
frost_cycle_000033,2026-07-23,current state,2.599364010122829,2.125027799481852,108,30,z
frost_cycle_000034,2026-07-23,current state,1.8257743373742206,1.5925904354378202,107,30,z
frost_cycle_000035,2026-07-23,current state,2.459141510511776,2.3026161916357424,76,30,z
frost_cycle_000029,2026-07-23,state + rate,3.1276814670944564,2.6891823299771374,29,30,z
frost_cycle_000030,2026-07-23,state + rate,4.563414722465646,3.968940741859695,3,30,z
frost_cycle_000031,2026-07-23,state + rate,3.1349455376805353,2.6707655173659126,18,30,z
frost_cycle_000032,2026-07-23,state + rate,2.28761819026252,1.9765943288516088,104,30,z
frost_cycle_000033,2026-07-23,state + rate,2.495856242603303,1.9710115689783532,108,30,z
frost_cycle_000034,2026-07-23,state + rate,1.8469108436779056,1.56720191053356,107,30,z
frost_cycle_000035,2026-07-23,state + rate,2.2655481417098917,2.039983205205266,76,30,z
frost_cycle_000029,2026-07-23,short statistics,3.1282603038454284,2.7035392830843508,29,30,z
frost_cycle_000030,2026-07-23,short statistics,4.591981005580098,3.986807191272117,3,30,z
frost_cycle_000031,2026-07-23,short statistics,3.118355609658239,2.652267870005134,18,30,z
frost_cycle_000032,2026-07-23,short statistics,2.2876100707606737,1.981584939787054,104,30,z
frost_cycle_000033,2026-07-23,short statistics,2.495613870038973,1.9742665293415922,108,30,z
frost_cycle_000034,2026-07-23,short statistics,1.8447321649070378,1.5691026291919574,107,30,z
frost_cycle_000035,2026-07-23,short statistics,2.259954355532473,2.0351273831734864,76,30,z
frost_cycle_000029,2026-07-23,statistics + context,2.555496755894142,1.6850204946989837,29,30,z
frost_cycle_000030,2026-07-23,statistics + context,4.6027177192284325,3.9039208811490558,3,30,z
frost_cycle_000031,2026-07-23,statistics + context,2.8520431750358446,2.222642779616469,18,30,z
frost_cycle_000032,2026-07-23,statistics + context,2.4115921378839857,2.0236419948735684,104,30,z
frost_cycle_000033,2026-07-23,statistics + context,2.538013312531287,2.0104891439651578,108,30,z
frost_cycle_000034,2026-07-23,statistics + context,1.6978530785156059,1.4640090769712153,107,30,z
frost_cycle_000035,2026-07-23,statistics + context,2.191249032772337,1.9752962983869313,76,30,z
frost_cycle_000029,2026-07-23,raw 5-min history,3.1153084289235675,2.692094599609126,29,30,z
frost_cycle_000030,2026-07-23,raw 5-min history,4.606884709484893,3.9581588782999666,3,30,z
frost_cycle_000031,2026-07-23,raw 5-min history,3.1184947335811253,2.6572182214726303,18,30,z
frost_cycle_000032,2026-07-23,raw 5-min history,2.2834770259533337,1.9779281020669361,104,30,z
frost_cycle_000033,2026-07-23,raw 5-min history,2.4941301298802587,1.975238018123656,108,30,z
frost_cycle_000034,2026-07-23,raw 5-min history,1.8487303303266898,1.5731833180647636,107,30,z
frost_cycle_000035,2026-07-23,raw 5-min history,2.263783205607142,2.0386303373340406,76,30,z
frost_cycle_000029,2026-07-23,direct short statistics,0.17440976021018958,0.14497768653121212,29,30,D_Qe_proxy
frost_cycle_000030,2026-07-23,direct short statistics,0.3415824664484712,0.265369888804669,3,30,D_Qe_proxy
frost_cycle_000031,2026-07-23,direct short statistics,0.18889567014887412,0.16591810980925223,18,30,D_Qe_proxy
frost_cycle_000032,2026-07-23,direct short statistics,0.10907410061433194,0.09042078606060754,104,30,D_Qe_proxy
frost_cycle_000033,2026-07-23,direct short statistics,0.142491784264435,0.12441684121873554,108,30,D_Qe_proxy
frost_cycle_000034,2026-07-23,direct short statistics,0.1125098985579695,0.0986426191676256,107,30,D_Qe_proxy
frost_cycle_000035,2026-07-23,direct short statistics,0.10468329684591685,0.09127509594726937,76,30,D_Qe_proxy
frost_cycle_000029,2026-07-23,structured short statistics,0.16291552671761256,0.13414081912972756,29,30,D_Qe_proxy
frost_cycle_000030,2026-07-23,structured short statistics,0.3402124566819768,0.26568850395664395,3,30,D_Qe_proxy
frost_cycle_000031,2026-07-23,structured short statistics,0.17840268885389066,0.14850335145031193,18,30,D_Qe_proxy
frost_cycle_000032,2026-07-23,structured short statistics,0.09509544935098913,0.07687242131894073,104,30,D_Qe_proxy
frost_cycle_000033,2026-07-23,structured short statistics,0.12613723451125536,0.107177259976389,108,30,D_Qe_proxy
frost_cycle_000034,2026-07-23,structured short statistics,0.09671610735111177,0.08214805094324543,107,30,D_Qe_proxy
frost_cycle_000035,2026-07-23,structured short statistics,0.08852307759365155,0.0771833541350734,76,30,D_Qe_proxy
frost_cycle_000036,2026-07-24,persistence,0.8955242550423397,0.4544030799194001,170,5,z
frost_cycle_000037,2026-07-24,persistence,0.8397093870989563,0.5703588987008597,130,5,z
frost_cycle_000039,2026-07-24,persistence,1.6567596601750187,0.6734922260732643,131,5,z
frost_cycle_000040,2026-07-24,persistence,0.6506486118537906,0.4695085061368348,130,5,z
frost_cycle_000041,2026-07-24,persistence,0.5597775175912749,0.3517837798735835,111,5,z
frost_cycle_000036,2026-07-24,linear extrapolation,0.8377657968773821,0.4887992561147149,170,5,z
frost_cycle_000037,2026-07-24,linear extrapolation,0.8210092162591,0.62355822821122,130,5,z
frost_cycle_000039,2026-07-24,linear extrapolation,1.552901203655377,0.5551281995698204,131,5,z
frost_cycle_000040,2026-07-24,linear extrapolation,0.6009903270529771,0.44927419433293375,130,5,z
frost_cycle_000041,2026-07-24,linear extrapolation,0.43053108761847547,0.30584815128625903,111,5,z
frost_cycle_000036,2026-07-24,current state,0.8314117065492804,0.5221087035897531,170,5,z
frost_cycle_000037,2026-07-24,current state,0.6450748550322729,0.5244771468692228,130,5,z
frost_cycle_000039,2026-07-24,current state,1.5095139644656206,0.5419592943476762,131,5,z
frost_cycle_000040,2026-07-24,current state,0.507630764156262,0.42848154873357264,130,5,z
frost_cycle_000041,2026-07-24,current state,0.4567487179726256,0.4134478933124309,111,5,z
frost_cycle_000036,2026-07-24,state + rate,0.8049607508066206,0.49879105011264474,170,5,z
frost_cycle_000037,2026-07-24,state + rate,0.6398634190350854,0.5299008756817832,130,5,z
frost_cycle_000039,2026-07-24,state + rate,1.504688342605357,0.5184530411768424,131,5,z
frost_cycle_000040,2026-07-24,state + rate,0.4982554318724541,0.4126548680816762,130,5,z
frost_cycle_000041,2026-07-24,state + rate,0.4254681523747177,0.3852921169523196,111,5,z
frost_cycle_000036,2026-07-24,short statistics,0.7957631565715149,0.49327950987825137,170,5,z
frost_cycle_000037,2026-07-24,short statistics,0.6340832961335167,0.5203466136520459,130,5,z
frost_cycle_000039,2026-07-24,short statistics,1.4892327432825259,0.4976153984025966,131,5,z
frost_cycle_000040,2026-07-24,short statistics,0.4853355093722327,0.4085147372126768,130,5,z
frost_cycle_000041,2026-07-24,short statistics,0.414973566155478,0.3751571849186808,111,5,z
frost_cycle_000036,2026-07-24,statistics + context,0.87781570291138,0.6109254264402928,170,5,z
frost_cycle_000037,2026-07-24,statistics + context,0.6101795473856177,0.48574917412160934,130,5,z
frost_cycle_000039,2026-07-24,statistics + context,1.4983957366396576,0.49777982536647325,131,5,z
frost_cycle_000040,2026-07-24,statistics + context,0.473663072624669,0.3845904578555989,130,5,z
frost_cycle_000041,2026-07-24,statistics + context,0.43266196665852164,0.38674290567349917,111,5,z
frost_cycle_000036,2026-07-24,raw 5-min history,0.8023358445432707,0.49852412960852965,170,5,z
frost_cycle_000037,2026-07-24,raw 5-min history,0.6345716360772269,0.5230131052117658,130,5,z
frost_cycle_000039,2026-07-24,raw 5-min history,1.4887484030238431,0.5024556643111324,131,5,z
frost_cycle_000040,2026-07-24,raw 5-min history,0.48594170223096195,0.41283269366244335,130,5,z
frost_cycle_000041,2026-07-24,raw 5-min history,0.4264470171104295,0.38681486226132356,111,5,z
frost_cycle_000036,2026-07-24,direct short statistics,0.1538182824552897,0.14936731937711112,170,5,D_Qe_proxy
frost_cycle_000037,2026-07-24,direct short statistics,0.06818618698191511,0.0564637104603354,130,5,D_Qe_proxy
frost_cycle_000039,2026-07-24,direct short statistics,0.09720098357480003,0.08194899190172535,131,5,D_Qe_proxy
frost_cycle_000040,2026-07-24,direct short statistics,0.060284511901346885,0.0470004883509179,130,5,D_Qe_proxy
frost_cycle_000041,2026-07-24,direct short statistics,0.08189094322248622,0.0762016256057891,111,5,D_Qe_proxy
frost_cycle_000036,2026-07-24,structured short statistics,0.1492057342319256,0.14308432667822837,170,5,D_Qe_proxy
frost_cycle_000037,2026-07-24,structured short statistics,0.06785835615387321,0.05261615865425477,130,5,D_Qe_proxy
frost_cycle_000039,2026-07-24,structured short statistics,0.09575616439816763,0.07822411516229756,131,5,D_Qe_proxy
frost_cycle_000040,2026-07-24,structured short statistics,0.06040851173178671,0.04454851785752194,130,5,D_Qe_proxy
frost_cycle_000041,2026-07-24,structured short statistics,0.0751043691340963,0.06558052001633015,111,5,D_Qe_proxy
frost_cycle_000036,2026-07-24,persistence,1.3149968613037668,0.7305178035656921,165,10,z
frost_cycle_000037,2026-07-24,persistence,1.454062439859546,1.0503937572151778,125,10,z
frost_cycle_000039,2026-07-24,persistence,2.063857957921638,1.1460761113506726,126,10,z
frost_cycle_000040,2026-07-24,persistence,1.1573920568473073,0.8485654782947727,125,10,z
frost_cycle_000041,2026-07-24,persistence,1.0223337337947411,0.6412187029960705,106,10,z
frost_cycle_000036,2026-07-24,linear extrapolation,1.2138124039581009,0.829236515594883,165,10,z
frost_cycle_000037,2026-07-24,linear extrapolation,1.4488739847028858,1.0654079667450884,125,10,z
frost_cycle_000039,2026-07-24,linear extrapolation,1.8747011730628995,0.9175275844335149,126,10,z
frost_cycle_000040,2026-07-24,linear extrapolation,1.0112434837132938,0.735777297285885,125,10,z
frost_cycle_000041,2026-07-24,linear extrapolation,0.6729623853063792,0.4647195862607357,106,10,z
frost_cycle_000036,2026-07-24,current state,1.1946858108908358,0.912420040384982,165,10,z
frost_cycle_000037,2026-07-24,current state,1.0058177709625897,0.7668816342350869,125,10,z
frost_cycle_000039,2026-07-24,current state,1.6840828214795143,0.8433961632691445,126,10,z
frost_cycle_000040,2026-07-24,current state,0.7945325188600572,0.6736253083072233,125,10,z
frost_cycle_000041,2026-07-24,current state,0.8229431066066306,0.7562371990849286,106,10,z
frost_cycle_000036,2026-07-24,state + rate,1.1127112420796619,0.8188483672849383,165,10,z
frost_cycle_000037,2026-07-24,state + rate,0.9993193610658335,0.7709213448468689,125,10,z
frost_cycle_000039,2026-07-24,state + rate,1.678696398528442,0.7709374650893495,126,10,z
frost_cycle_000040,2026-07-24,state + rate,0.7585107941119177,0.6126830024370906,125,10,z
frost_cycle_000041,2026-07-24,state + rate,0.7198767469260883,0.6493789092397634,106,10,z
frost_cycle_000036,2026-07-24,short statistics,1.0937807588160595,0.7990540362474511,165,10,z
frost_cycle_000037,2026-07-24,short statistics,0.9751190991687586,0.7477092457663336,125,10,z
frost_cycle_000039,2026-07-24,short statistics,1.67296845457376,0.7495749551397314,126,10,z
frost_cycle_000040,2026-07-24,short statistics,0.7427915790031234,0.5979616026743636,125,10,z
frost_cycle_000041,2026-07-24,short statistics,0.6901777478550075,0.6130208576575061,106,10,z
frost_cycle_000036,2026-07-24,statistics + context,1.0908231135804243,0.7907866306497296,165,10,z
frost_cycle_000037,2026-07-24,statistics + context,0.9558541830489783,0.7100403065551025,125,10,z
frost_cycle_000039,2026-07-24,statistics + context,1.6703864121098027,0.7222512958137424,126,10,z
frost_cycle_000040,2026-07-24,statistics + context,0.7202759153658204,0.5771912972502687,125,10,z
frost_cycle_000041,2026-07-24,statistics + context,0.6802742327792418,0.5883974518021535,106,10,z
frost_cycle_000036,2026-07-24,raw 5-min history,1.1005607557390358,0.8150695281578426,165,10,z
frost_cycle_000037,2026-07-24,raw 5-min history,0.9891290489513733,0.7613146751178612,125,10,z
frost_cycle_000039,2026-07-24,raw 5-min history,1.6782768999736188,0.7599905068811638,126,10,z
frost_cycle_000040,2026-07-24,raw 5-min history,0.7477213748201915,0.601016813278795,125,10,z
frost_cycle_000041,2026-07-24,raw 5-min history,0.7225268298762396,0.6514226094904574,106,10,z
frost_cycle_000036,2026-07-24,direct short statistics,0.16244333136987407,0.15926981403931303,165,10,D_Qe_proxy
frost_cycle_000037,2026-07-24,direct short statistics,0.07319242097474006,0.06307127723000641,125,10,D_Qe_proxy
frost_cycle_000039,2026-07-24,direct short statistics,0.09953233645564483,0.08631532920602437,126,10,D_Qe_proxy
frost_cycle_000040,2026-07-24,direct short statistics,0.06245142423175904,0.05099830727098958,125,10,D_Qe_proxy
frost_cycle_000041,2026-07-24,direct short statistics,0.08860593802621325,0.08481754235666883,106,10,D_Qe_proxy
frost_cycle_000036,2026-07-24,structured short statistics,0.15472990178381033,0.14979785177852512,165,10,D_Qe_proxy
frost_cycle_000037,2026-07-24,structured short statistics,0.07178716063891127,0.056554667548656665,125,10,D_Qe_proxy
frost_cycle_000039,2026-07-24,structured short statistics,0.09806537935015303,0.08119736823228968,126,10,D_Qe_proxy
frost_cycle_000040,2026-07-24,structured short statistics,0.06140662483864811,0.04633551099680207,125,10,D_Qe_proxy
frost_cycle_000041,2026-07-24,structured short statistics,0.07742577274465992,0.07051591526273641,106,10,D_Qe_proxy
frost_cycle_000036,2026-07-24,persistence,2.177613881152352,1.1681346722484471,155,20,z
frost_cycle_000037,2026-07-24,persistence,2.6850569278717105,2.127328452778253,115,20,z
frost_cycle_000039,2026-07-24,persistence,3.106941060457513,2.1991420634235164,116,20,z
frost_cycle_000040,2026-07-24,persistence,2.2144215376715386,1.6760079652661992,115,20,z
frost_cycle_000041,2026-07-24,persistence,1.886580015417417,1.1712227212724489,96,20,z
frost_cycle_000036,2026-07-24,linear extrapolation,1.9846519175870594,1.4349848456161765,155,20,z
frost_cycle_000037,2026-07-24,linear extrapolation,2.694412797698388,2.023217400812033,115,20,z
frost_cycle_000039,2026-07-24,linear extrapolation,2.4812089799406833,1.7683914372706988,116,20,z
frost_cycle_000040,2026-07-24,linear extrapolation,1.8052052583416236,1.3762220003009769,115,20,z
frost_cycle_000041,2026-07-24,linear extrapolation,1.3630339937833011,0.8482463643144177,96,20,z
frost_cycle_000036,2026-07-24,current state,2.0737621311297776,1.8232788974181326,155,20,z
frost_cycle_000037,2026-07-24,current state,1.6201732405266587,1.2990437783254318,115,20,z
frost_cycle_000039,2026-07-24,current state,2.119572089839526,1.4732576443330963,116,20,z
frost_cycle_000040,2026-07-24,current state,1.4486847964669771,1.288750240547081,115,20,z
frost_cycle_000041,2026-07-24,current state,1.6319727936446145,1.5430690296490948,96,20,z
frost_cycle_000036,2026-07-24,state + rate,1.9424005631831016,1.6666861660496832,155,20,z
frost_cycle_000037,2026-07-24,state + rate,1.6010007792793821,1.2866376512776523,115,20,z
frost_cycle_000039,2026-07-24,state + rate,2.0374622036390355,1.3515203250638743,116,20,z
frost_cycle_000040,2026-07-24,state + rate,1.3487277407045384,1.1468344384294957,115,20,z
frost_cycle_000041,2026-07-24,state + rate,1.5052160884217263,1.4159392265106387,96,20,z
frost_cycle_000036,2026-07-24,short statistics,1.9223285359906228,1.6481816906926365,155,20,z
frost_cycle_000037,2026-07-24,short statistics,1.575759247086468,1.2607252879792155,115,20,z
frost_cycle_000039,2026-07-24,short statistics,2.0090771731232655,1.324713121773015,116,20,z
frost_cycle_000040,2026-07-24,short statistics,1.3319564150950522,1.1260649396470797,115,20,z
frost_cycle_000041,2026-07-24,short statistics,1.468453157214454,1.3763402233456912,96,20,z
frost_cycle_000036,2026-07-24,statistics + context,1.7105724249300667,1.2605869663787284,155,20,z
frost_cycle_000037,2026-07-24,statistics + context,1.5408160697357898,1.1981308589182054,115,20,z
frost_cycle_000039,2026-07-24,statistics + context,1.9529031592888915,1.2547285962776884,116,20,z
frost_cycle_000040,2026-07-24,statistics + context,1.2685521299979774,1.0667066352786576,115,20,z
frost_cycle_000041,2026-07-24,statistics + context,1.408307320314951,1.2977732589952966,96,20,z
frost_cycle_000036,2026-07-24,raw 5-min history,1.9359526161699048,1.6638127977972295,155,20,z
frost_cycle_000037,2026-07-24,raw 5-min history,1.6003641175480467,1.286059163991999,115,20,z
frost_cycle_000039,2026-07-24,raw 5-min history,2.0157205345576603,1.3415463529929101,116,20,z
frost_cycle_000040,2026-07-24,raw 5-min history,1.3406809230975578,1.1371944434558539,115,20,z
frost_cycle_000041,2026-07-24,raw 5-min history,1.506788288067044,1.4180194751079227,96,20,z
frost_cycle_000036,2026-07-24,direct short statistics,0.1846981422132898,0.18068342218739136,155,20,D_Qe_proxy
frost_cycle_000037,2026-07-24,direct short statistics,0.0829402989506223,0.07312901763536558,115,20,D_Qe_proxy
frost_cycle_000039,2026-07-24,direct short statistics,0.10869394190015108,0.09499790623480754,116,20,D_Qe_proxy
frost_cycle_000040,2026-07-24,direct short statistics,0.07224233429616556,0.06343880878880195,115,20,D_Qe_proxy
frost_cycle_000041,2026-07-24,direct short statistics,0.10709474113667351,0.1043843324484502,96,20,D_Qe_proxy
frost_cycle_000036,2026-07-24,structured short statistics,0.170487429500098,0.1665931577733869,155,20,D_Qe_proxy
frost_cycle_000037,2026-07-24,structured short statistics,0.07587859923281033,0.06425693152921653,115,20,D_Qe_proxy
frost_cycle_000039,2026-07-24,structured short statistics,0.09967489073464987,0.08548754076461158,116,20,D_Qe_proxy
frost_cycle_000040,2026-07-24,structured short statistics,0.0644253057032234,0.05287049739296438,115,20,D_Qe_proxy
frost_cycle_000041,2026-07-24,structured short statistics,0.08942812340837218,0.08626860543629357,96,20,D_Qe_proxy
frost_cycle_000036,2026-07-24,persistence,2.69296738057808,1.4166271120341862,145,30,z
frost_cycle_000037,2026-07-24,persistence,3.9109791226169333,3.2369027585302397,105,30,z
frost_cycle_000039,2026-07-24,persistence,4.327232618271811,3.3501953879901403,106,30,z
frost_cycle_000040,2026-07-24,persistence,3.2653714164778567,2.5259392000467566,105,30,z
frost_cycle_000041,2026-07-24,persistence,2.441956044573679,1.5766920606903339,86,30,z
frost_cycle_000036,2026-07-24,linear extrapolation,2.9802237751907117,2.167697247821966,145,30,z
frost_cycle_000037,2026-07-24,linear extrapolation,4.065918163420659,3.089619271271743,105,30,z
frost_cycle_000039,2026-07-24,linear extrapolation,3.403091632104132,2.659673335124359,106,30,z
frost_cycle_000040,2026-07-24,linear extrapolation,2.7700381578961837,2.215071519028676,105,30,z
frost_cycle_000041,2026-07-24,linear extrapolation,2.1057568159358797,1.3464196828312025,86,30,z
frost_cycle_000036,2026-07-24,current state,3.0002805955212577,2.8281109589809432,145,30,z
frost_cycle_000037,2026-07-24,current state,2.176499093723582,1.864572960933163,105,30,z
frost_cycle_000039,2026-07-24,current state,2.654292934497462,2.0747218315990463,106,30,z
frost_cycle_000040,2026-07-24,current state,2.1657096503042377,1.9763769800787476,105,30,z
frost_cycle_000041,2026-07-24,current state,2.459961509300393,2.3027723926641994,86,30,z
frost_cycle_000036,2026-07-24,state + rate,2.909710033869006,2.689476892382035,145,30,z
frost_cycle_000037,2026-07-24,state + rate,2.177653060864734,1.942556312256219,105,30,z
frost_cycle_000039,2026-07-24,state + rate,2.5119977328563396,1.87639659526357,106,30,z
frost_cycle_000040,2026-07-24,state + rate,2.0519590072541765,1.792814213376314,105,30,z
frost_cycle_000041,2026-07-24,state + rate,2.3402439404938002,2.1709880611750747,86,30,z
frost_cycle_000036,2026-07-24,short statistics,2.8978162071700555,2.673980725352173,145,30,z
frost_cycle_000037,2026-07-24,short statistics,2.169983307585202,1.9273964303018596,105,30,z
frost_cycle_000039,2026-07-24,short statistics,2.505900108798977,1.8653250103794945,106,30,z
frost_cycle_000040,2026-07-24,short statistics,2.046055639903811,1.7939727260789309,105,30,z
frost_cycle_000041,2026-07-24,short statistics,2.3120175551430786,2.1428099538318905,86,30,z
frost_cycle_000036,2026-07-24,statistics + context,2.3424780991543117,2.0122226053977728,145,30,z
frost_cycle_000037,2026-07-24,statistics + context,2.2165374510058884,1.9958477945231903,105,30,z
frost_cycle_000039,2026-07-24,statistics + context,2.4305388234566982,1.8160194419016165,106,30,z
frost_cycle_000040,2026-07-24,statistics + context,2.2251560615956003,1.9270306571793387,105,30,z
frost_cycle_000041,2026-07-24,statistics + context,2.373489325172792,2.175025525366097,86,30,z
frost_cycle_000036,2026-07-24,raw 5-min history,2.907822888295058,2.682422268572205,145,30,z
frost_cycle_000037,2026-07-24,raw 5-min history,2.1796923662694767,1.9355876024044913,105,30,z
frost_cycle_000039,2026-07-24,raw 5-min history,2.510696311390848,1.8718329756355705,106,30,z
frost_cycle_000040,2026-07-24,raw 5-min history,2.0527656656507824,1.7995035459061097,105,30,z
frost_cycle_000041,2026-07-24,raw 5-min history,2.335816139436917,2.1647140787000834,86,30,z
frost_cycle_000036,2026-07-24,direct short statistics,0.22423432318210565,0.2194978880049995,145,30,D_Qe_proxy
frost_cycle_000037,2026-07-24,direct short statistics,0.1009693831105353,0.08910286863933267,105,30,D_Qe_proxy
frost_cycle_000039,2026-07-24,direct short statistics,0.1236566155819523,0.10506722542432637,106,30,D_Qe_proxy
frost_cycle_000040,2026-07-24,direct short statistics,0.09654829777386309,0.08759103401076598,105,30,D_Qe_proxy
frost_cycle_000041,2026-07-24,direct short statistics,0.1430130062622394,0.13968773527734366,86,30,D_Qe_proxy
frost_cycle_000036,2026-07-24,structured short statistics,0.20509551658378383,0.20024885939709466,145,30,D_Qe_proxy
frost_cycle_000037,2026-07-24,structured short statistics,0.0863043051388804,0.07422813133552723,105,30,D_Qe_proxy
frost_cycle_000039,2026-07-24,structured short statistics,0.10868459067513365,0.09083602194722341,106,30,D_Qe_proxy
frost_cycle_000040,2026-07-24,structured short statistics,0.07868182635365704,0.0690186207494413,105,30,D_Qe_proxy
frost_cycle_000041,2026-07-24,structured short statistics,0.11965985014497459,0.1161661148723561,86,30,D_Qe_proxy
frost_cycle_000042,2026-07-27,persistence,0.3918727392961228,0.33176380225228647,27,5,z
frost_cycle_000043,2026-07-27,persistence,1.60834264128905,0.878679391698956,115,5,z
frost_cycle_000044,2026-07-27,persistence,1.0628040474556075,0.7639130267387645,126,5,z
frost_cycle_000045,2026-07-27,persistence,0.9286706915302173,0.6689269199153165,98,5,z
frost_cycle_000046,2026-07-27,persistence,1.0310235627779167,0.7759502098820946,96,5,z
frost_cycle_000047,2026-07-27,persistence,0.8662021235638931,0.6802245941564202,97,5,z
frost_cycle_000048,2026-07-27,persistence,0.40111637483243234,0.3002971681819547,35,5,z
frost_cycle_000042,2026-07-27,linear extrapolation,0.598426187186119,0.5271091586510747,27,5,z
frost_cycle_000043,2026-07-27,linear extrapolation,1.5274213734241777,0.7541848855912321,115,5,z
frost_cycle_000044,2026-07-27,linear extrapolation,0.9969251710772798,0.7679146141199947,126,5,z
frost_cycle_000045,2026-07-27,linear extrapolation,0.758745860092992,0.5716570748147769,98,5,z
frost_cycle_000046,2026-07-27,linear extrapolation,0.809778902139961,0.613147045287502,96,5,z
frost_cycle_000047,2026-07-27,linear extrapolation,0.7559970583929578,0.6118639029688776,97,5,z
frost_cycle_000048,2026-07-27,linear extrapolation,0.6179883039959214,0.5195462672995653,35,5,z
frost_cycle_000042,2026-07-27,current state,0.40520635667672233,0.3393140587289222,27,5,z
frost_cycle_000043,2026-07-27,current state,1.3781671665636688,0.6750904003980485,115,5,z
frost_cycle_000044,2026-07-27,current state,0.8235487801535845,0.571155455184076,126,5,z
frost_cycle_000045,2026-07-27,current state,0.6879627368487296,0.5218672264684707,98,5,z
frost_cycle_000046,2026-07-27,current state,0.7323930528224687,0.49798874178902874,96,5,z
frost_cycle_000047,2026-07-27,current state,0.5858953372276753,0.4619205945270128,97,5,z
frost_cycle_000048,2026-07-27,current state,0.4792254860855399,0.4444655056952661,35,5,z
frost_cycle_000042,2026-07-27,state + rate,0.43963729127787915,0.39708451381012744,27,5,z
frost_cycle_000043,2026-07-27,state + rate,1.3901217326374726,0.6427744297568893,115,5,z
frost_cycle_000044,2026-07-27,state + rate,0.8206741831133483,0.5705887948790866,126,5,z
frost_cycle_000045,2026-07-27,state + rate,0.6473665301253199,0.5028880691112275,98,5,z
frost_cycle_000046,2026-07-27,state + rate,0.6806951121262219,0.48703712656249626,96,5,z
frost_cycle_000047,2026-07-27,state + rate,0.5801492154711287,0.4677823540077099,97,5,z
frost_cycle_000048,2026-07-27,state + rate,0.4965092801480943,0.4609796265461056,35,5,z
frost_cycle_000042,2026-07-27,short statistics,0.45268619799383053,0.40087229424506116,27,5,z
frost_cycle_000043,2026-07-27,short statistics,1.3988495192002084,0.6336948920158294,115,5,z
frost_cycle_000044,2026-07-27,short statistics,0.8304475334886123,0.5740232152631795,126,5,z
frost_cycle_000045,2026-07-27,short statistics,0.6397698653970061,0.488015830182555,98,5,z
frost_cycle_000046,2026-07-27,short statistics,0.6773479676871298,0.4802360215667319,96,5,z
frost_cycle_000047,2026-07-27,short statistics,0.5758680597172207,0.4591792152145627,97,5,z
frost_cycle_000048,2026-07-27,short statistics,0.5032355025961684,0.46408741558165373,35,5,z
frost_cycle_000042,2026-07-27,statistics + context,0.4737606801778471,0.4127542275100974,27,5,z
frost_cycle_000043,2026-07-27,statistics + context,1.3809060847247214,0.6149145965387839,115,5,z
frost_cycle_000044,2026-07-27,statistics + context,0.8271068594974106,0.5671011581124126,126,5,z
frost_cycle_000045,2026-07-27,statistics + context,0.6534824910601542,0.5062846374151395,98,5,z
frost_cycle_000046,2026-07-27,statistics + context,0.7012380624565369,0.5075960996858764,96,5,z
frost_cycle_000047,2026-07-27,statistics + context,0.5661479111012792,0.45886488876885073,97,5,z
frost_cycle_000048,2026-07-27,statistics + context,0.5348687900592404,0.49246475590757277,35,5,z
frost_cycle_000042,2026-07-27,raw 5-min history,0.4514315849734961,0.4005442985795749,27,5,z
frost_cycle_000043,2026-07-27,raw 5-min history,1.3898131564665994,0.6378206840147621,115,5,z
frost_cycle_000044,2026-07-27,raw 5-min history,0.8219554649371607,0.5674330267915912,126,5,z
frost_cycle_000045,2026-07-27,raw 5-min history,0.6431690878774271,0.49524941412555706,98,5,z
frost_cycle_000046,2026-07-27,raw 5-min history,0.6750569992990256,0.4826691618882084,96,5,z
frost_cycle_000047,2026-07-27,raw 5-min history,0.5717115527072715,0.46088099154862194,97,5,z
frost_cycle_000048,2026-07-27,raw 5-min history,0.5094013465775525,0.46653123252094186,35,5,z
frost_cycle_000042,2026-07-27,direct short statistics,0.0623098813086596,0.05803977132571937,27,5,D_Qe_proxy
frost_cycle_000043,2026-07-27,direct short statistics,0.06418276837435195,0.04924869146607523,115,5,D_Qe_proxy
frost_cycle_000044,2026-07-27,direct short statistics,0.07326179341176664,0.059804277093088574,126,5,D_Qe_proxy
frost_cycle_000045,2026-07-27,direct short statistics,0.08817062304497458,0.06756962624680661,98,5,D_Qe_proxy
frost_cycle_000046,2026-07-27,direct short statistics,0.08631885098375902,0.06635417144421514,96,5,D_Qe_proxy
frost_cycle_000047,2026-07-27,direct short statistics,0.06476208457221266,0.05096741360118634,97,5,D_Qe_proxy
frost_cycle_000048,2026-07-27,direct short statistics,0.04504317815977609,0.037799066868795785,35,5,D_Qe_proxy
frost_cycle_000042,2026-07-27,structured short statistics,0.05907538321781901,0.053958212335631556,27,5,D_Qe_proxy
frost_cycle_000043,2026-07-27,structured short statistics,0.06498576356766458,0.05100418770850353,115,5,D_Qe_proxy
frost_cycle_000044,2026-07-27,structured short statistics,0.07487723263998813,0.06082508170090792,126,5,D_Qe_proxy
frost_cycle_000045,2026-07-27,structured short statistics,0.08866312561218972,0.06686958439761191,98,5,D_Qe_proxy
frost_cycle_000046,2026-07-27,structured short statistics,0.08624937517909624,0.06609946385866053,96,5,D_Qe_proxy
frost_cycle_000047,2026-07-27,structured short statistics,0.06594614475689031,0.05292463331829311,97,5,D_Qe_proxy
frost_cycle_000048,2026-07-27,structured short statistics,0.04457777273896829,0.036409486834680524,35,5,D_Qe_proxy
frost_cycle_000042,2026-07-27,persistence,0.5465206020636116,0.5011920372631546,22,10,z
frost_cycle_000043,2026-07-27,persistence,2.242109681418769,1.6413725956200846,110,10,z
frost_cycle_000044,2026-07-27,persistence,1.7509673158547214,1.4170911405898605,121,10,z
frost_cycle_000045,2026-07-27,persistence,1.669757421280234,1.2431805714071549,93,10,z
frost_cycle_000046,2026-07-27,persistence,1.8929471265714002,1.448027477555716,91,10,z
frost_cycle_000047,2026-07-27,persistence,1.5898753645956014,1.3037081746818533,92,10,z
frost_cycle_000048,2026-07-27,persistence,0.5323854349668653,0.4758651649236792,30,10,z
frost_cycle_000042,2026-07-27,linear extrapolation,0.9230518351242895,0.839090842733926,22,10,z
frost_cycle_000043,2026-07-27,linear extrapolation,2.0356004555165703,1.381639385321511,110,10,z
frost_cycle_000044,2026-07-27,linear extrapolation,1.7124849958369428,1.3164663487339305,121,10,z
frost_cycle_000045,2026-07-27,linear extrapolation,1.3936475649357274,1.096974492611625,93,10,z
frost_cycle_000046,2026-07-27,linear extrapolation,1.6293323389437737,1.2178960740609799,91,10,z
frost_cycle_000047,2026-07-27,linear extrapolation,1.3031956259786197,1.0401376119616048,92,10,z
frost_cycle_000048,2026-07-27,linear extrapolation,1.1298733534719305,1.0458414665866091,30,10,z
frost_cycle_000042,2026-07-27,current state,0.4425625780132281,0.3913391692418902,22,10,z
frost_cycle_000043,2026-07-27,current state,1.5992221676489151,0.97421254206506,110,10,z
frost_cycle_000044,2026-07-27,current state,1.1603929430185622,0.7828790249804017,121,10,z
frost_cycle_000045,2026-07-27,current state,1.1238115060638287,0.8225430393376499,93,10,z
frost_cycle_000046,2026-07-27,current state,1.25049555446,0.8356292252710117,91,10,z
frost_cycle_000047,2026-07-27,current state,0.9363969339428783,0.7410023549006814,92,10,z
frost_cycle_000048,2026-07-27,current state,0.650449306501299,0.5206353096338955,30,10,z
frost_cycle_000042,2026-07-27,state + rate,0.46028744920658415,0.35896308205619537,22,10,z
frost_cycle_000043,2026-07-27,state + rate,1.6242161456318396,0.9590940393180458,110,10,z
frost_cycle_000044,2026-07-27,state + rate,1.194737326110209,0.7974092939998559,121,10,z
frost_cycle_000045,2026-07-27,state + rate,1.0497779350719658,0.7593398399153644,93,10,z
frost_cycle_000046,2026-07-27,state + rate,1.2040813279453253,0.810277324274427,91,10,z
frost_cycle_000047,2026-07-27,state + rate,0.8933017488057939,0.6638378251833654,92,10,z
frost_cycle_000048,2026-07-27,state + rate,0.7312583575052495,0.4957495164495481,30,10,z
frost_cycle_000042,2026-07-27,short statistics,0.46402739757589223,0.36704062284939637,22,10,z
frost_cycle_000043,2026-07-27,short statistics,1.645083357663982,0.9754656645721024,110,10,z
frost_cycle_000044,2026-07-27,short statistics,1.2044347770944854,0.8244415784595358,121,10,z
frost_cycle_000045,2026-07-27,short statistics,1.0560910785712347,0.750950660303567,93,10,z
frost_cycle_000046,2026-07-27,short statistics,1.2251000245360144,0.8339016851979859,91,10,z
frost_cycle_000047,2026-07-27,short statistics,0.8951150149092207,0.66632446786826,92,10,z
frost_cycle_000048,2026-07-27,short statistics,0.7278143808375905,0.4856035711613696,30,10,z
frost_cycle_000042,2026-07-27,statistics + context,0.42970192108107963,0.3379739187462143,22,10,z
frost_cycle_000043,2026-07-27,statistics + context,1.6302702390255193,0.9602821089274143,110,10,z
frost_cycle_000044,2026-07-27,statistics + context,1.2056775507296849,0.8314696346879089,121,10,z
frost_cycle_000045,2026-07-27,statistics + context,1.0570315123475045,0.7810678956633194,93,10,z
frost_cycle_000046,2026-07-27,statistics + context,1.2322503588145484,0.868696969432428,91,10,z
frost_cycle_000047,2026-07-27,statistics + context,0.9101434448761595,0.7114241984491878,92,10,z
frost_cycle_000048,2026-07-27,statistics + context,0.8502529891973806,0.5983881130452915,30,10,z
frost_cycle_000042,2026-07-27,raw 5-min history,0.4557295786436852,0.36566128565654127,22,10,z
frost_cycle_000043,2026-07-27,raw 5-min history,1.629345473964819,0.9659796334798205,110,10,z
frost_cycle_000044,2026-07-27,raw 5-min history,1.2113952486078674,0.8119508854859343,121,10,z
frost_cycle_000045,2026-07-27,raw 5-min history,1.0556143639111644,0.759168153390896,93,10,z
frost_cycle_000046,2026-07-27,raw 5-min history,1.2100329939362442,0.8209063825535119,91,10,z
frost_cycle_000047,2026-07-27,raw 5-min history,0.8990783403937425,0.6627208252099424,92,10,z
frost_cycle_000048,2026-07-27,raw 5-min history,0.7415176702606537,0.49793157106975594,30,10,z
frost_cycle_000042,2026-07-27,direct short statistics,0.06714824985819215,0.06451515106716219,22,10,D_Qe_proxy
frost_cycle_000043,2026-07-27,direct short statistics,0.07181676619602344,0.05313269965059846,110,10,D_Qe_proxy
frost_cycle_000044,2026-07-27,direct short statistics,0.07770814942106671,0.06331404975735236,121,10,D_Qe_proxy
frost_cycle_000045,2026-07-27,direct short statistics,0.09336606691765757,0.07100047714052031,93,10,D_Qe_proxy
frost_cycle_000046,2026-07-27,direct short statistics,0.0943456092841875,0.07489211035992357,91,10,D_Qe_proxy
frost_cycle_000047,2026-07-27,direct short statistics,0.06968867500649875,0.05221146961950423,92,10,D_Qe_proxy
frost_cycle_000048,2026-07-27,direct short statistics,0.042909195292647466,0.03626927502007971,30,10,D_Qe_proxy
frost_cycle_000042,2026-07-27,structured short statistics,0.06029191208451248,0.05687348325576505,22,10,D_Qe_proxy
frost_cycle_000043,2026-07-27,structured short statistics,0.07529059045041042,0.05370648076281149,110,10,D_Qe_proxy
frost_cycle_000044,2026-07-27,structured short statistics,0.0787054330350189,0.06340631926420243,121,10,D_Qe_proxy
frost_cycle_000045,2026-07-27,structured short statistics,0.09632971780736893,0.07370434925639621,93,10,D_Qe_proxy
frost_cycle_000046,2026-07-27,structured short statistics,0.09687161089883388,0.07703804482334377,91,10,D_Qe_proxy
frost_cycle_000047,2026-07-27,structured short statistics,0.07120458446689631,0.050709923138294,92,10,D_Qe_proxy
frost_cycle_000048,2026-07-27,structured short statistics,0.04342957589122712,0.036040216363301215,30,10,D_Qe_proxy
frost_cycle_000042,2026-07-27,persistence,1.0318598123955125,0.9922087488373906,12,20,z
frost_cycle_000043,2026-07-27,persistence,3.89600905472265,3.3511158378981323,100,20,z
frost_cycle_000044,2026-07-27,persistence,3.2204707779081945,2.8356876363259427,111,20,z
frost_cycle_000045,2026-07-27,persistence,3.191123152552909,2.5435026155107683,83,20,z
frost_cycle_000046,2026-07-27,persistence,3.480362302886166,2.9029038073803095,81,20,z
frost_cycle_000047,2026-07-27,persistence,3.1781787386078917,2.7739712790041584,82,20,z
frost_cycle_000048,2026-07-27,persistence,0.6699818067757228,0.5858007411453452,20,20,z
frost_cycle_000042,2026-07-27,linear extrapolation,2.0306474532464933,1.7766100203535349,12,20,z
frost_cycle_000043,2026-07-27,linear extrapolation,2.9390011923066877,2.3239507547621994,100,20,z
frost_cycle_000044,2026-07-27,linear extrapolation,2.7909177354983474,2.293940201258401,111,20,z
frost_cycle_000045,2026-07-27,linear extrapolation,2.914789334958918,2.25418129403624,83,20,z
frost_cycle_000046,2026-07-27,linear extrapolation,3.2593178543775787,2.5436144342360705,81,20,z
frost_cycle_000047,2026-07-27,linear extrapolation,2.6144795042041404,2.1597376894470437,82,20,z
frost_cycle_000048,2026-07-27,linear extrapolation,1.6276809436818478,1.4355323685839192,20,20,z
frost_cycle_000042,2026-07-27,current state,0.9750716357402363,0.9286830858861114,12,20,z
frost_cycle_000043,2026-07-27,current state,2.2485300424742065,1.5187402599332231,100,20,z
frost_cycle_000044,2026-07-27,current state,1.6444987607043549,1.3293618625968568,111,20,z
frost_cycle_000045,2026-07-27,current state,1.9231161716269913,1.5379200489762948,83,20,z
frost_cycle_000046,2026-07-27,current state,2.0140199389511957,1.533806050429519,81,20,z
frost_cycle_000047,2026-07-27,current state,1.6468037179016446,1.3814068922333247,82,20,z
frost_cycle_000048,2026-07-27,current state,1.3927960388978133,1.352268872718766,20,20,z
frost_cycle_000042,2026-07-27,state + rate,0.8906909941369768,0.6984628596787504,12,20,z
frost_cycle_000043,2026-07-27,state + rate,2.128201820782952,1.3588868598100043,100,20,z
frost_cycle_000044,2026-07-27,state + rate,1.6075559311794174,1.2470857166838152,111,20,z
frost_cycle_000045,2026-07-27,state + rate,1.8370398817579232,1.4248770106401665,83,20,z
frost_cycle_000046,2026-07-27,state + rate,1.9573106316414401,1.4521772919341098,81,20,z
frost_cycle_000047,2026-07-27,state + rate,1.5537079014084294,1.2516950930957227,82,20,z
frost_cycle_000048,2026-07-27,state + rate,1.304549978745374,1.1935727065370614,20,20,z
frost_cycle_000042,2026-07-27,short statistics,0.9266129528379199,0.7364095906111858,12,20,z
frost_cycle_000043,2026-07-27,short statistics,2.1448904754460236,1.3707968610618844,100,20,z
frost_cycle_000044,2026-07-27,short statistics,1.646884783295129,1.276726437419355,111,20,z
frost_cycle_000045,2026-07-27,short statistics,1.847353099455806,1.4235060167416527,83,20,z
frost_cycle_000046,2026-07-27,short statistics,1.9687626810419505,1.4714711219924106,81,20,z
frost_cycle_000047,2026-07-27,short statistics,1.5567521956371269,1.2411177604165036,82,20,z
frost_cycle_000048,2026-07-27,short statistics,1.2822994131397811,1.162371834371339,20,20,z
frost_cycle_000042,2026-07-27,statistics + context,0.6912864532356681,0.5860267060877037,12,20,z
frost_cycle_000043,2026-07-27,statistics + context,2.1734439302843254,1.354246849188864,100,20,z
frost_cycle_000044,2026-07-27,statistics + context,1.6215536633584762,1.2809478793923585,111,20,z
frost_cycle_000045,2026-07-27,statistics + context,1.808978260310598,1.4239146812642678,83,20,z
frost_cycle_000046,2026-07-27,statistics + context,1.9224999007287076,1.437870746868963,81,20,z
frost_cycle_000047,2026-07-27,statistics + context,1.5564226942105546,1.2738982148221298,82,20,z
frost_cycle_000048,2026-07-27,statistics + context,1.6721745332673374,1.5634726549307725,20,20,z
frost_cycle_000042,2026-07-27,raw 5-min history,0.9087509198275247,0.7030265680254962,12,20,z
frost_cycle_000043,2026-07-27,raw 5-min history,2.134579993634858,1.351536265606108,100,20,z
frost_cycle_000044,2026-07-27,raw 5-min history,1.6109739019203166,1.247491848791423,111,20,z
frost_cycle_000045,2026-07-27,raw 5-min history,1.8405606846824925,1.4237847301192716,83,20,z
frost_cycle_000046,2026-07-27,raw 5-min history,1.9652795077114529,1.4554117066145698,81,20,z
frost_cycle_000047,2026-07-27,raw 5-min history,1.5576720688514645,1.2514242454343223,82,20,z
frost_cycle_000048,2026-07-27,raw 5-min history,1.3083159557407238,1.1883857361514258,20,20,z
frost_cycle_000042,2026-07-27,direct short statistics,0.0881120511285789,0.084332695050387,12,20,D_Qe_proxy
frost_cycle_000043,2026-07-27,direct short statistics,0.07944994462643921,0.0607908756625074,100,20,D_Qe_proxy
frost_cycle_000044,2026-07-27,direct short statistics,0.0847462034800658,0.07070604432015794,111,20,D_Qe_proxy
frost_cycle_000045,2026-07-27,direct short statistics,0.10003419017019925,0.08074941405042449,83,20,D_Qe_proxy
frost_cycle_000046,2026-07-27,direct short statistics,0.10205602230213398,0.08607797802749076,81,20,D_Qe_proxy
frost_cycle_000047,2026-07-27,direct short statistics,0.08010794038369351,0.061122924905834534,82,20,D_Qe_proxy
frost_cycle_000048,2026-07-27,direct short statistics,0.056726192795060366,0.050530245480164236,20,20,D_Qe_proxy
frost_cycle_000042,2026-07-27,structured short statistics,0.07936807421887165,0.07463194598985601,12,20,D_Qe_proxy
frost_cycle_000043,2026-07-27,structured short statistics,0.08359599166311751,0.06286283429772015,100,20,D_Qe_proxy
frost_cycle_000044,2026-07-27,structured short statistics,0.08873933151799368,0.07358990167005798,111,20,D_Qe_proxy
frost_cycle_000045,2026-07-27,structured short statistics,0.10284491347544228,0.08083962549475304,83,20,D_Qe_proxy
frost_cycle_000046,2026-07-27,structured short statistics,0.10608742658512162,0.08923075550464565,81,20,D_Qe_proxy
frost_cycle_000047,2026-07-27,structured short statistics,0.08378592688287426,0.06202660963365949,82,20,D_Qe_proxy
frost_cycle_000048,2026-07-27,structured short statistics,0.04862153158785057,0.04417550943563493,20,20,D_Qe_proxy
frost_cycle_000042,2026-07-27,persistence,1.0341552232613318,1.025787758115933,2,30,z
frost_cycle_000043,2026-07-27,persistence,5.646247748096476,5.171470327056857,90,30,z
frost_cycle_000044,2026-07-27,persistence,4.8552335517107625,4.502977306192627,101,30,z
frost_cycle_000045,2026-07-27,persistence,4.726369221960472,4.013589787709869,73,30,z
frost_cycle_000046,2026-07-27,persistence,5.143526831900677,4.567795685736653,71,30,z
frost_cycle_000047,2026-07-27,persistence,4.864258123704335,4.449799807934376,72,30,z
frost_cycle_000048,2026-07-27,persistence,1.1261196071850577,1.117542251872235,10,30,z
frost_cycle_000042,2026-07-27,linear extrapolation,1.1969378774247474,1.1111546342879643,2,30,z
frost_cycle_000043,2026-07-27,linear extrapolation,4.468090957350256,3.7342935406642916,90,30,z
frost_cycle_000044,2026-07-27,linear extrapolation,4.1747032966465225,3.3543949714158003,101,30,z
frost_cycle_000045,2026-07-27,linear extrapolation,4.668293904618072,3.759828803027446,73,30,z
frost_cycle_000046,2026-07-27,linear extrapolation,5.038823947579078,4.057100399231183,71,30,z
frost_cycle_000047,2026-07-27,linear extrapolation,4.0194697328575355,3.1611292353301317,72,30,z
frost_cycle_000048,2026-07-27,linear extrapolation,2.325623107846487,2.191299508708051,10,30,z
frost_cycle_000042,2026-07-27,current state,2.1590348746235577,2.1549174267313225,2,30,z
frost_cycle_000043,2026-07-27,current state,2.8355344381576773,2.143189290606503,90,30,z
frost_cycle_000044,2026-07-27,current state,2.069351649293747,1.7905766181949772,101,30,z
frost_cycle_000045,2026-07-27,current state,2.5346411208646122,2.2329534418112336,73,30,z
frost_cycle_000046,2026-07-27,current state,2.607640674417015,2.2787782219983903,71,30,z
frost_cycle_000047,2026-07-27,current state,2.204460464551719,1.8324132665122714,72,30,z
frost_cycle_000048,2026-07-27,current state,2.056201557702136,2.0511800839645593,10,30,z
frost_cycle_000042,2026-07-27,state + rate,1.9055087465725602,1.905507928446927,2,30,z
frost_cycle_000043,2026-07-27,state + rate,2.6614206651860823,1.8622193466919943,90,30,z
frost_cycle_000044,2026-07-27,state + rate,2.034188098704919,1.6468023033668036,101,30,z
frost_cycle_000045,2026-07-27,state + rate,2.5030566395205667,2.142218686071066,73,30,z
frost_cycle_000046,2026-07-27,state + rate,2.5259358497165314,2.1297343232922747,71,30,z
frost_cycle_000047,2026-07-27,state + rate,2.0524205686517565,1.6632608708785683,72,30,z
frost_cycle_000048,2026-07-27,state + rate,1.6094460222340445,1.594355067980736,10,30,z
frost_cycle_000042,2026-07-27,short statistics,2.0059412520071347,1.99701023769254,2,30,z
frost_cycle_000043,2026-07-27,short statistics,2.673761115020655,1.8581886451902991,90,30,z
frost_cycle_000044,2026-07-27,short statistics,2.061085469580293,1.6708362509115529,101,30,z
frost_cycle_000045,2026-07-27,short statistics,2.508155799573296,2.1449720145327587,73,30,z
frost_cycle_000046,2026-07-27,short statistics,2.5409850738244386,2.13867076882399,71,30,z
frost_cycle_000047,2026-07-27,short statistics,2.056263986214634,1.675879941282303,72,30,z
frost_cycle_000048,2026-07-27,short statistics,1.580551759756073,1.5654845564960935,10,30,z
frost_cycle_000042,2026-07-27,statistics + context,1.4904091527307575,1.4830227009376293,2,30,z
frost_cycle_000043,2026-07-27,statistics + context,2.821015353441875,1.9539122599928065,90,30,z
frost_cycle_000044,2026-07-27,statistics + context,1.9412679122582328,1.5592121229229017,101,30,z
frost_cycle_000045,2026-07-27,statistics + context,2.2655332530361085,1.8625829058426513,73,30,z
frost_cycle_000046,2026-07-27,statistics + context,2.367798713232668,1.943393738060083,71,30,z
frost_cycle_000047,2026-07-27,statistics + context,1.8195324678234541,1.4723282043927466,72,30,z
frost_cycle_000048,2026-07-27,statistics + context,1.6439149864558749,1.6269749670509477,10,30,z
frost_cycle_000042,2026-07-27,raw 5-min history,2.1323219937975795,2.1268161231541924,2,30,z
frost_cycle_000043,2026-07-27,raw 5-min history,2.6641147924042783,1.8586172502909104,90,30,z
frost_cycle_000044,2026-07-27,raw 5-min history,2.043806287128009,1.6582113384926018,101,30,z
frost_cycle_000045,2026-07-27,raw 5-min history,2.5017976046463306,2.138468486569374,73,30,z
frost_cycle_000046,2026-07-27,raw 5-min history,2.53437027150518,2.1302737440611916,71,30,z
frost_cycle_000047,2026-07-27,raw 5-min history,2.0482746334249726,1.6643915688063649,72,30,z
frost_cycle_000048,2026-07-27,raw 5-min history,1.5867730953050798,1.5752623296906112,10,30,z
frost_cycle_000042,2026-07-27,direct short statistics,0.1523212342356075,0.15232120449869013,2,30,D_Qe_proxy
frost_cycle_000043,2026-07-27,direct short statistics,0.09376613390048211,0.07807169646713488,90,30,D_Qe_proxy
frost_cycle_000044,2026-07-27,direct short statistics,0.10044519610651831,0.08162963229447148,101,30,D_Qe_proxy
frost_cycle_000045,2026-07-27,direct short statistics,0.09104317715350148,0.07354246597069437,73,30,D_Qe_proxy
frost_cycle_000046,2026-07-27,direct short statistics,0.10455599971457655,0.08849070056761317,71,30,D_Qe_proxy
frost_cycle_000047,2026-07-27,direct short statistics,0.084141481457411,0.069529674757368,72,30,D_Qe_proxy
frost_cycle_000048,2026-07-27,direct short statistics,0.04924104538261627,0.04416017157508005,10,30,D_Qe_proxy
frost_cycle_000042,2026-07-27,structured short statistics,0.1364096783520214,0.13636267099510713,2,30,D_Qe_proxy
frost_cycle_000043,2026-07-27,structured short statistics,0.10405482535908758,0.08529182171325925,90,30,D_Qe_proxy
frost_cycle_000044,2026-07-27,structured short statistics,0.10590510138498528,0.08563382132755762,101,30,D_Qe_proxy
frost_cycle_000045,2026-07-27,structured short statistics,0.09610182726991236,0.07858934158777509,73,30,D_Qe_proxy
frost_cycle_000046,2026-07-27,structured short statistics,0.1148192471403843,0.09490576707427288,71,30,D_Qe_proxy
frost_cycle_000047,2026-07-27,structured short statistics,0.0917740131381594,0.07454270980740883,72,30,D_Qe_proxy
frost_cycle_000048,2026-07-27,structured short statistics,0.03603017566587893,0.033794544418038176,10,30,D_Qe_proxy
frost_cycle_000049,2026-07-28,persistence,1.611931523205915,0.8166346576069118,101,5,z
frost_cycle_000050,2026-07-28,persistence,0.9246180452987527,0.6190177365263143,95,5,z
frost_cycle_000051,2026-07-28,persistence,0.8878366185971392,0.6679138682795538,94,5,z
frost_cycle_000052,2026-07-28,persistence,0.9255228642464627,0.6093285257392937,97,5,z
frost_cycle_000053,2026-07-28,persistence,0.9393648945213655,0.6693047697553857,95,5,z
frost_cycle_000054,2026-07-28,persistence,1.6064063036627811,0.7972817964063574,98,5,z
frost_cycle_000055,2026-07-28,persistence,0.51814593816969,0.40971379192920687,45,5,z
frost_cycle_000049,2026-07-28,linear extrapolation,1.4533423351127586,0.6517842799430059,101,5,z
frost_cycle_000050,2026-07-28,linear extrapolation,0.7636225998820839,0.5538715028391454,95,5,z
frost_cycle_000051,2026-07-28,linear extrapolation,0.7491832345610389,0.6380733590668698,94,5,z
frost_cycle_000052,2026-07-28,linear extrapolation,0.7718497765981607,0.5377488127964524,97,5,z
frost_cycle_000053,2026-07-28,linear extrapolation,0.6796482272854011,0.4913754987738662,95,5,z
frost_cycle_000054,2026-07-28,linear extrapolation,1.5353090659414264,0.7818781994208558,98,5,z
frost_cycle_000055,2026-07-28,linear extrapolation,0.5759880355046781,0.4811700484321922,45,5,z
frost_cycle_000049,2026-07-28,current state,1.4097424646794459,0.5801372345734896,101,5,z
frost_cycle_000050,2026-07-28,current state,0.6996882759409149,0.49915011651830443,95,5,z
frost_cycle_000051,2026-07-28,current state,0.6306073349209996,0.5312629883967952,94,5,z
frost_cycle_000052,2026-07-28,current state,0.7195808087534045,0.49744528361270285,97,5,z
frost_cycle_000053,2026-07-28,current state,0.6747713706057968,0.4788237176420323,95,5,z
frost_cycle_000054,2026-07-28,current state,1.4111938750867987,0.6182450266665463,98,5,z
frost_cycle_000055,2026-07-28,current state,0.3914617662861633,0.3434374246104372,45,5,z
frost_cycle_000049,2026-07-28,state + rate,1.3999600910932681,0.562868812102627,101,5,z
frost_cycle_000050,2026-07-28,state + rate,0.6494386848369648,0.47254197680553855,95,5,z
frost_cycle_000051,2026-07-28,state + rate,0.602153667750764,0.527570876199775,94,5,z
frost_cycle_000052,2026-07-28,state + rate,0.6865028454156115,0.470854169837543,97,5,z
frost_cycle_000053,2026-07-28,state + rate,0.625469084840541,0.44123025321369846,95,5,z
frost_cycle_000054,2026-07-28,state + rate,1.4163892554313469,0.6259333922652937,98,5,z
frost_cycle_000055,2026-07-28,state + rate,0.418435288361798,0.36018407037976624,45,5,z
frost_cycle_000049,2026-07-28,short statistics,1.4100353686215072,0.54692124255857,101,5,z
frost_cycle_000050,2026-07-28,short statistics,0.6609205404432185,0.4748188641037654,95,5,z
frost_cycle_000051,2026-07-28,short statistics,0.6112573535535994,0.5366260770738107,94,5,z
frost_cycle_000052,2026-07-28,short statistics,0.6758994760544007,0.45521217922834156,97,5,z
frost_cycle_000053,2026-07-28,short statistics,0.6222071671438888,0.43484102179917167,95,5,z
frost_cycle_000054,2026-07-28,short statistics,1.426354790209151,0.6259063762507984,98,5,z
frost_cycle_000055,2026-07-28,short statistics,0.3950173840013342,0.32998438854948503,45,5,z
frost_cycle_000049,2026-07-28,statistics + context,1.3901591903369184,0.5140314675444836,101,5,z
frost_cycle_000050,2026-07-28,statistics + context,0.6870937755631646,0.4974710931672547,95,5,z
frost_cycle_000051,2026-07-28,statistics + context,0.601264577006613,0.523525335047174,94,5,z
frost_cycle_000052,2026-07-28,statistics + context,0.6812723592542117,0.45339085556525677,97,5,z
frost_cycle_000053,2026-07-28,statistics + context,0.6286773445111076,0.45079607048318965,95,5,z
frost_cycle_000054,2026-07-28,statistics + context,1.429327224468715,0.6336790958837439,98,5,z
frost_cycle_000055,2026-07-28,statistics + context,0.4019267359118216,0.3428645202081861,45,5,z
frost_cycle_000049,2026-07-28,raw 5-min history,1.4095641724260746,0.5503097877354988,101,5,z
frost_cycle_000050,2026-07-28,raw 5-min history,0.6615914472080369,0.48122857161739774,95,5,z
frost_cycle_000051,2026-07-28,raw 5-min history,0.606632922340213,0.5325500364511762,94,5,z
frost_cycle_000052,2026-07-28,raw 5-min history,0.6782507300099078,0.4629727171293311,97,5,z
frost_cycle_000053,2026-07-28,raw 5-min history,0.6265214877522376,0.44583715924562656,95,5,z
frost_cycle_000054,2026-07-28,raw 5-min history,1.4179127874585418,0.626553686077836,98,5,z
frost_cycle_000055,2026-07-28,raw 5-min history,0.3954842046248805,0.33316922826011397,45,5,z
frost_cycle_000049,2026-07-28,direct short statistics,0.08287641638013205,0.06863284850829393,101,5,D_Qe_proxy
frost_cycle_000050,2026-07-28,direct short statistics,0.0780530987873451,0.05301567203784387,95,5,D_Qe_proxy
frost_cycle_000051,2026-07-28,direct short statistics,0.09655566483235056,0.0771876249087609,94,5,D_Qe_proxy
frost_cycle_000052,2026-07-28,direct short statistics,0.0856188287078529,0.06051660372876987,97,5,D_Qe_proxy
frost_cycle_000053,2026-07-28,direct short statistics,0.08370473651284883,0.05523003861824191,95,5,D_Qe_proxy
frost_cycle_000054,2026-07-28,direct short statistics,0.090575876245927,0.06383040452306613,98,5,D_Qe_proxy
frost_cycle_000055,2026-07-28,direct short statistics,0.06997974287565996,0.054310189673631985,45,5,D_Qe_proxy
frost_cycle_000049,2026-07-28,structured short statistics,0.08216702368608476,0.0683032249746946,101,5,D_Qe_proxy
frost_cycle_000050,2026-07-28,structured short statistics,0.08100040498413895,0.05403990316970887,95,5,D_Qe_proxy
frost_cycle_000051,2026-07-28,structured short statistics,0.09758837015793834,0.0772753298658486,94,5,D_Qe_proxy
frost_cycle_000052,2026-07-28,structured short statistics,0.08578075779412067,0.05939869913746205,97,5,D_Qe_proxy
frost_cycle_000053,2026-07-28,structured short statistics,0.08416219278892474,0.0549285970266198,95,5,D_Qe_proxy
frost_cycle_000054,2026-07-28,structured short statistics,0.09020918656482045,0.06488940939506158,98,5,D_Qe_proxy
frost_cycle_000055,2026-07-28,structured short statistics,0.06778877922945065,0.051991354962169924,45,5,D_Qe_proxy
frost_cycle_000049,2026-07-28,persistence,2.1698347741827866,1.433177834023373,96,10,z
frost_cycle_000050,2026-07-28,persistence,1.7129185191046024,1.2116834724629562,90,10,z
frost_cycle_000051,2026-07-28,persistence,1.6527670901601272,1.3341619543046646,89,10,z
frost_cycle_000052,2026-07-28,persistence,1.5647750260162177,1.0965265637425479,92,10,z
frost_cycle_000053,2026-07-28,persistence,1.6891683646380837,1.257707969012637,90,10,z
frost_cycle_000054,2026-07-28,persistence,2.166067200560921,1.4486296062316721,93,10,z
frost_cycle_000055,2026-07-28,persistence,0.8446394794241382,0.6961132831387138,40,10,z
frost_cycle_000049,2026-07-28,linear extrapolation,1.6976969502125077,1.0506269790685652,96,10,z
frost_cycle_000050,2026-07-28,linear extrapolation,1.5791427003785368,1.1206383671934448,90,10,z
frost_cycle_000051,2026-07-28,linear extrapolation,1.3832575114451595,1.165598664642619,89,10,z
frost_cycle_000052,2026-07-28,linear extrapolation,1.2537549950084002,0.9636312021719221,92,10,z
frost_cycle_000053,2026-07-28,linear extrapolation,1.1174380515397904,0.8636957943529936,90,10,z
frost_cycle_000054,2026-07-28,linear extrapolation,2.055844197957948,1.3328836552352565,93,10,z
frost_cycle_000055,2026-07-28,linear extrapolation,0.9605554927815378,0.8200865597993117,40,10,z
frost_cycle_000049,2026-07-28,current state,1.6331614484000243,0.8700856821942108,96,10,z
frost_cycle_000050,2026-07-28,current state,1.216563168639123,0.7901979049610577,90,10,z
frost_cycle_000051,2026-07-28,current state,1.0195870629834691,0.7136731304101165,89,10,z
frost_cycle_000052,2026-07-28,current state,1.093484294307764,0.8293301530264653,92,10,z
frost_cycle_000053,2026-07-28,current state,1.100139363715087,0.846086294772618,90,10,z
frost_cycle_000054,2026-07-28,current state,1.6237631091701663,0.8797278460259409,93,10,z
frost_cycle_000055,2026-07-28,current state,0.5101454377168689,0.3990562118687489,40,10,z
frost_cycle_000049,2026-07-28,state + rate,1.5697431650860934,0.825660411753805,96,10,z
frost_cycle_000050,2026-07-28,state + rate,1.1657376396010795,0.7463469453772936,90,10,z
frost_cycle_000051,2026-07-28,state + rate,0.9686136385644464,0.7082941635098526,89,10,z
frost_cycle_000052,2026-07-28,state + rate,1.012261441535698,0.7825654450217285,92,10,z
frost_cycle_000053,2026-07-28,state + rate,0.9662213363245082,0.7331601920589093,90,10,z
frost_cycle_000054,2026-07-28,state + rate,1.6460221738817242,0.8450355383819184,93,10,z
frost_cycle_000055,2026-07-28,state + rate,0.5704934273051998,0.4632757776413543,40,10,z
frost_cycle_000049,2026-07-28,short statistics,1.5419445205637103,0.8117365856762104,96,10,z
frost_cycle_000050,2026-07-28,short statistics,1.17548565192336,0.753720138331986,90,10,z
frost_cycle_000051,2026-07-28,short statistics,0.9841439157812906,0.7239493484272914,89,10,z
frost_cycle_000052,2026-07-28,short statistics,0.9983845326947858,0.7643025644258354,92,10,z
frost_cycle_000053,2026-07-28,short statistics,0.9535503671547574,0.7181151582291382,90,10,z
frost_cycle_000054,2026-07-28,short statistics,1.669299148028281,0.841678359148111,93,10,z
frost_cycle_000055,2026-07-28,short statistics,0.5613497815652653,0.47464998939465486,40,10,z
frost_cycle_000049,2026-07-28,statistics + context,1.5181399916749436,0.7841058973531143,96,10,z
frost_cycle_000050,2026-07-28,statistics + context,1.2102143173468503,0.8124816212957279,90,10,z
frost_cycle_000051,2026-07-28,statistics + context,0.9783745872937037,0.7178496311173816,89,10,z
frost_cycle_000052,2026-07-28,statistics + context,1.0231349385165296,0.8127849168393123,92,10,z
frost_cycle_000053,2026-07-28,statistics + context,0.9739506528389793,0.7726444128638426,90,10,z
frost_cycle_000054,2026-07-28,statistics + context,1.6503910960739914,0.8777088236428681,93,10,z
frost_cycle_000055,2026-07-28,statistics + context,0.6233928995190451,0.4928329655271382,40,10,z
frost_cycle_000049,2026-07-28,raw 5-min history,1.5446422000226692,0.8149319123873924,96,10,z
frost_cycle_000050,2026-07-28,raw 5-min history,1.1712304923735002,0.7563247168386935,90,10,z
frost_cycle_000051,2026-07-28,raw 5-min history,0.9710723117466452,0.7070547187701909,89,10,z
frost_cycle_000052,2026-07-28,raw 5-min history,1.0058271768911908,0.7801099343821715,92,10,z
frost_cycle_000053,2026-07-28,raw 5-min history,0.9663009402927043,0.7356995791908327,90,10,z
frost_cycle_000054,2026-07-28,raw 5-min history,1.645166032587592,0.8351050757616805,93,10,z
frost_cycle_000055,2026-07-28,raw 5-min history,0.5598922375975633,0.45972561251962285,40,10,z
frost_cycle_000049,2026-07-28,direct short statistics,0.08473476464675853,0.06993014964771985,96,10,D_Qe_proxy
frost_cycle_000050,2026-07-28,direct short statistics,0.08311448147847843,0.060808218119898075,90,10,D_Qe_proxy
frost_cycle_000051,2026-07-28,direct short statistics,0.09971721492927882,0.0801126998916156,89,10,D_Qe_proxy
frost_cycle_000052,2026-07-28,direct short statistics,0.08922601180284603,0.0655602182842916,92,10,D_Qe_proxy
frost_cycle_000053,2026-07-28,direct short statistics,0.08917898029099906,0.06275848404901806,90,10,D_Qe_proxy
frost_cycle_000054,2026-07-28,direct short statistics,0.09673374287745769,0.06671269892254315,93,10,D_Qe_proxy
frost_cycle_000055,2026-07-28,direct short statistics,0.0714935923752399,0.05615812146339725,40,10,D_Qe_proxy
frost_cycle_000049,2026-07-28,structured short statistics,0.08101198966711123,0.06843501479164117,96,10,D_Qe_proxy
frost_cycle_000050,2026-07-28,structured short statistics,0.08826893514098001,0.06505718391730375,90,10,D_Qe_proxy
frost_cycle_000051,2026-07-28,structured short statistics,0.10388017406816476,0.08343162180574688,89,10,D_Qe_proxy
frost_cycle_000052,2026-07-28,structured short statistics,0.08905237269979584,0.062189394154169034,92,10,D_Qe_proxy
frost_cycle_000053,2026-07-28,structured short statistics,0.08879275176925239,0.058596535508006226,90,10,D_Qe_proxy
frost_cycle_000054,2026-07-28,structured short statistics,0.09902868190540791,0.06930669376445191,93,10,D_Qe_proxy
frost_cycle_000055,2026-07-28,structured short statistics,0.06913076527568941,0.05225490307321086,40,10,D_Qe_proxy
frost_cycle_000049,2026-07-28,persistence,3.572321662257399,2.80744441306279,86,20,z
frost_cycle_000050,2026-07-28,persistence,3.2411718056741026,2.5101473555694147,80,20,z
frost_cycle_000051,2026-07-28,persistence,3.1866344010646332,2.7529229003206095,79,20,z
frost_cycle_000052,2026-07-28,persistence,2.9135448483309854,2.265819352564453,82,20,z
frost_cycle_000053,2026-07-28,persistence,3.2869031420685553,2.6031979575510302,80,20,z
frost_cycle_000054,2026-07-28,persistence,3.580735081868415,2.9618667333115725,83,20,z
frost_cycle_000055,2026-07-28,persistence,1.430655272477953,1.3480027568143849,30,20,z
frost_cycle_000049,2026-07-28,linear extrapolation,2.673596999335524,2.0298645890079237,86,20,z
frost_cycle_000050,2026-07-28,linear extrapolation,3.2435701782765394,2.4437284039456486,80,20,z
frost_cycle_000051,2026-07-28,linear extrapolation,2.656887957161703,2.168951602490054,79,20,z
frost_cycle_000052,2026-07-28,linear extrapolation,2.5439404686895655,1.9451622664738268,82,20,z
frost_cycle_000053,2026-07-28,linear extrapolation,2.325289773262403,1.7387785035059369,80,20,z
frost_cycle_000054,2026-07-28,linear extrapolation,3.1234747628234305,2.469665869917604,83,20,z
frost_cycle_000055,2026-07-28,linear extrapolation,1.642524084075163,1.4694635465473864,30,20,z
frost_cycle_000049,2026-07-28,current state,2.243789000941003,1.561818892524877,86,20,z
frost_cycle_000050,2026-07-28,current state,2.0514072149063,1.63630574307088,80,20,z
frost_cycle_000051,2026-07-28,current state,1.690777455480402,1.3461115376812178,79,20,z
frost_cycle_000052,2026-07-28,current state,1.7837925294141306,1.468373498001643,82,20,z
frost_cycle_000053,2026-07-28,current state,1.9999070972136663,1.6393723595458625,80,20,z
frost_cycle_000054,2026-07-28,current state,2.1158431332002285,1.5224951350865525,83,20,z
frost_cycle_000055,2026-07-28,current state,0.7175385483535971,0.6135328810727624,30,20,z
frost_cycle_000049,2026-07-28,state + rate,2.130436147452316,1.3685881351846774,86,20,z
frost_cycle_000050,2026-07-28,state + rate,1.995447180651369,1.5659365376825294,80,20,z
frost_cycle_000051,2026-07-28,state + rate,1.5802696662330153,1.1753852258398765,79,20,z
frost_cycle_000052,2026-07-28,state + rate,1.693967863183429,1.382942987339792,82,20,z
frost_cycle_000053,2026-07-28,state + rate,1.8027940644148537,1.4436531712592278,80,20,z
frost_cycle_000054,2026-07-28,state + rate,2.052040071157113,1.393949612616477,83,20,z
frost_cycle_000055,2026-07-28,state + rate,0.7501312357995004,0.6526453836163595,30,20,z
frost_cycle_000049,2026-07-28,short statistics,2.0997142388706287,1.3442513253843038,86,20,z
frost_cycle_000050,2026-07-28,short statistics,2.0106383134761683,1.5578563155208518,80,20,z
frost_cycle_000051,2026-07-28,short statistics,1.606025441293376,1.1797100282554969,79,20,z
frost_cycle_000052,2026-07-28,short statistics,1.691092277870224,1.3508408523151552,82,20,z
frost_cycle_000053,2026-07-28,short statistics,1.7833571033057254,1.4150415267132597,80,20,z
frost_cycle_000054,2026-07-28,short statistics,2.0638099803621,1.3894341369055403,83,20,z
frost_cycle_000055,2026-07-28,short statistics,0.7271508269370889,0.641978288926843,30,20,z
frost_cycle_000049,2026-07-28,statistics + context,2.0944321300315614,1.3511730748187358,86,20,z
frost_cycle_000050,2026-07-28,statistics + context,2.042136112722561,1.7321976395465601,80,20,z
frost_cycle_000051,2026-07-28,statistics + context,1.5895854184389762,1.1986316873513077,79,20,z
frost_cycle_000052,2026-07-28,statistics + context,1.780615073558409,1.5201596609096992,82,20,z
frost_cycle_000053,2026-07-28,statistics + context,1.8628476148501354,1.6094942310146023,80,20,z
frost_cycle_000054,2026-07-28,statistics + context,1.962269004176034,1.3317809700610166,83,20,z
frost_cycle_000055,2026-07-28,statistics + context,0.9661339858559839,0.7988276788730784,30,20,z
frost_cycle_000049,2026-07-28,raw 5-min history,2.119903996699822,1.363040605549867,86,20,z
frost_cycle_000050,2026-07-28,raw 5-min history,2.004832106688418,1.5842018053656073,80,20,z
frost_cycle_000051,2026-07-28,raw 5-min history,1.5821029269620936,1.168248440985862,79,20,z
frost_cycle_000052,2026-07-28,raw 5-min history,1.6976348787537772,1.3730960652303883,82,20,z
frost_cycle_000053,2026-07-28,raw 5-min history,1.7986802228274756,1.4446413905929123,80,20,z
frost_cycle_000054,2026-07-28,raw 5-min history,2.053016098793439,1.3863383219363135,83,20,z
frost_cycle_000055,2026-07-28,raw 5-min history,0.7235532683630026,0.6407472257565517,30,20,z
frost_cycle_000049,2026-07-28,direct short statistics,0.0973541389467999,0.0781623028805485,86,20,D_Qe_proxy
frost_cycle_000050,2026-07-28,direct short statistics,0.0973470409426131,0.08070599713319247,80,20,D_Qe_proxy
frost_cycle_000051,2026-07-28,direct short statistics,0.10664514741976423,0.08850079999717335,79,20,D_Qe_proxy
frost_cycle_000052,2026-07-28,direct short statistics,0.09576599806948605,0.07441393418282553,82,20,D_Qe_proxy
frost_cycle_000053,2026-07-28,direct short statistics,0.10316007214622794,0.08247493930458429,80,20,D_Qe_proxy
frost_cycle_000054,2026-07-28,direct short statistics,0.11055464325518413,0.07828176556082923,83,20,D_Qe_proxy
frost_cycle_000055,2026-07-28,direct short statistics,0.06618416004837813,0.04847157963004454,30,20,D_Qe_proxy
frost_cycle_000049,2026-07-28,structured short statistics,0.092167028373927,0.0735706161515397,86,20,D_Qe_proxy
frost_cycle_000050,2026-07-28,structured short statistics,0.10254334163133624,0.0816390133440844,80,20,D_Qe_proxy
frost_cycle_000051,2026-07-28,structured short statistics,0.11158635029062014,0.09123221021692543,79,20,D_Qe_proxy
frost_cycle_000052,2026-07-28,structured short statistics,0.09813756665029906,0.07428764900019348,82,20,D_Qe_proxy
frost_cycle_000053,2026-07-28,structured short statistics,0.10637924187860055,0.08172157545961618,80,20,D_Qe_proxy
frost_cycle_000054,2026-07-28,structured short statistics,0.11510385035739691,0.08161972257517322,83,20,D_Qe_proxy
frost_cycle_000055,2026-07-28,structured short statistics,0.06946024936866892,0.04905850644940005,30,20,D_Qe_proxy
frost_cycle_000049,2026-07-28,persistence,5.064061075812253,4.287859327575302,76,30,z
frost_cycle_000050,2026-07-28,persistence,4.763915775156461,3.9857153268692254,70,30,z
frost_cycle_000051,2026-07-28,persistence,4.7810230500350475,4.3168283761503545,69,30,z
frost_cycle_000052,2026-07-28,persistence,4.228319518110991,3.465516064362109,72,30,z
frost_cycle_000053,2026-07-28,persistence,4.8213341716088305,4.004983838623117,70,30,z
frost_cycle_000054,2026-07-28,persistence,5.231368470515154,4.606935543111942,73,30,z
frost_cycle_000055,2026-07-28,persistence,2.100288174689278,2.022004135221577,20,30,z
frost_cycle_000049,2026-07-28,linear extrapolation,4.202812442807042,3.141682439164416,76,30,z
frost_cycle_000050,2026-07-28,linear extrapolation,5.11114057781427,3.8099309986292496,70,30,z
frost_cycle_000051,2026-07-28,linear extrapolation,4.1971387536218066,3.60544914048831,69,30,z
frost_cycle_000052,2026-07-28,linear extrapolation,3.5113832214423124,2.8854485107945456,72,30,z
frost_cycle_000053,2026-07-28,linear extrapolation,3.409191997373276,2.504689879194259,70,30,z
frost_cycle_000054,2026-07-28,linear extrapolation,4.195405355999412,3.4637149074510756,73,30,z
frost_cycle_000055,2026-07-28,linear extrapolation,2.2128981863748405,2.063655396772145,20,30,z
frost_cycle_000049,2026-07-28,current state,2.8004908993626896,2.199191411089226,76,30,z
frost_cycle_000050,2026-07-28,current state,2.6629806582483027,2.3602059584605253,70,30,z
frost_cycle_000051,2026-07-28,current state,2.2677990176823353,1.9660160385006136,69,30,z
frost_cycle_000052,2026-07-28,current state,2.3717194231817853,2.1717458082011296,72,30,z
frost_cycle_000053,2026-07-28,current state,2.725084944497706,2.37510247853534,70,30,z
frost_cycle_000054,2026-07-28,current state,2.7372749317395884,2.1432874498627785,73,30,z
frost_cycle_000055,2026-07-28,current state,1.2029056927353146,1.0647705693704796,20,30,z
frost_cycle_000049,2026-07-28,state + rate,2.7139483903439925,1.876792886326839,76,30,z
frost_cycle_000050,2026-07-28,state + rate,2.651758605786441,2.2870819111978116,70,30,z
frost_cycle_000051,2026-07-28,state + rate,2.107908296277963,1.7307640177102153,69,30,z
frost_cycle_000052,2026-07-28,state + rate,2.2829253777724188,2.0124346433523126,72,30,z
frost_cycle_000053,2026-07-28,state + rate,2.5169905490944178,2.134913005532378,70,30,z
frost_cycle_000054,2026-07-28,state + rate,2.5582685950066786,1.8781535268516951,73,30,z
frost_cycle_000055,2026-07-28,state + rate,1.1358226971312728,0.9949516923648897,20,30,z
frost_cycle_000049,2026-07-28,short statistics,2.69921015456844,1.8737376079462933,76,30,z
frost_cycle_000050,2026-07-28,short statistics,2.6588938408899874,2.283353560068733,70,30,z
frost_cycle_000051,2026-07-28,short statistics,2.116467580893931,1.734254225076423,69,30,z
frost_cycle_000052,2026-07-28,short statistics,2.285430728562487,2.0143104990227374,72,30,z
frost_cycle_000053,2026-07-28,short statistics,2.5132920460119856,2.1238653611101563,70,30,z
frost_cycle_000054,2026-07-28,short statistics,2.541995710506564,1.8560234455492413,73,30,z
frost_cycle_000055,2026-07-28,short statistics,1.115996285997533,0.9812905514493755,20,30,z
frost_cycle_000049,2026-07-28,statistics + context,2.8479491434717357,2.0498260004469966,76,30,z
frost_cycle_000050,2026-07-28,statistics + context,2.5703363191609325,2.335568095974714,70,30,z
frost_cycle_000051,2026-07-28,statistics + context,2.1460454484456237,1.7257871156263749,69,30,z
frost_cycle_000052,2026-07-28,statistics + context,2.4073295889846826,2.1394356881191987,72,30,z
frost_cycle_000053,2026-07-28,statistics + context,2.6660031829005684,2.4190225171462196,70,30,z
frost_cycle_000054,2026-07-28,statistics + context,2.2588272494076604,1.5630321694495222,73,30,z
frost_cycle_000055,2026-07-28,statistics + context,1.2626601328301075,1.1055276729827188,20,30,z
frost_cycle_000049,2026-07-28,raw 5-min history,2.7053397526582423,1.8814121904288366,76,30,z
frost_cycle_000050,2026-07-28,raw 5-min history,2.656628304661383,2.286065302082149,70,30,z
frost_cycle_000051,2026-07-28,raw 5-min history,2.110389158155679,1.7306961875022062,69,30,z
frost_cycle_000052,2026-07-28,raw 5-min history,2.285117970617765,2.018151043511058,72,30,z
frost_cycle_000053,2026-07-28,raw 5-min history,2.5174162358028886,2.13061342020524,70,30,z
frost_cycle_000054,2026-07-28,raw 5-min history,2.541643671715382,1.8472612491140954,73,30,z
frost_cycle_000055,2026-07-28,raw 5-min history,1.1160924311417184,0.9885900489644929,20,30,z
frost_cycle_000049,2026-07-28,direct short statistics,0.1163593616658348,0.09265611208127376,76,30,D_Qe_proxy
frost_cycle_000050,2026-07-28,direct short statistics,0.09569903353984797,0.08439830543109716,70,30,D_Qe_proxy
frost_cycle_000051,2026-07-28,direct short statistics,0.11328252371740789,0.0993670412902217,69,30,D_Qe_proxy
frost_cycle_000052,2026-07-28,direct short statistics,0.10169736218591034,0.0862847044510176,72,30,D_Qe_proxy
frost_cycle_000053,2026-07-28,direct short statistics,0.12172394962460117,0.10223578691616358,70,30,D_Qe_proxy
frost_cycle_000054,2026-07-28,direct short statistics,0.12719385882037412,0.09706742003213038,73,30,D_Qe_proxy
frost_cycle_000055,2026-07-28,direct short statistics,0.06780449889839066,0.057694178661229265,20,30,D_Qe_proxy
frost_cycle_000049,2026-07-28,structured short statistics,0.10889878818401748,0.08787369449098288,76,30,D_Qe_proxy
frost_cycle_000050,2026-07-28,structured short statistics,0.10328754910517551,0.08912601764846272,70,30,D_Qe_proxy
frost_cycle_000051,2026-07-28,structured short statistics,0.12091287143207463,0.1053642021981007,69,30,D_Qe_proxy
frost_cycle_000052,2026-07-28,structured short statistics,0.10741644114593143,0.09058417221042052,72,30,D_Qe_proxy
frost_cycle_000053,2026-07-28,structured short statistics,0.13022478050285585,0.10660869050252848,70,30,D_Qe_proxy
frost_cycle_000054,2026-07-28,structured short statistics,0.13530459492066554,0.10291715215786605,73,30,D_Qe_proxy
frost_cycle_000055,2026-07-28,structured short statistics,0.07151528577463931,0.056181633255745864,20,30,D_Qe_proxy
frost_cycle_000056,2026-07-29,persistence,1.7234615603914822,0.8805598106892687,102,5,z
frost_cycle_000057,2026-07-29,persistence,1.593648071802068,0.7153731969500061,97,5,z
frost_cycle_000058,2026-07-29,persistence,0.8420456305546102,0.5736250155581417,96,5,z
frost_cycle_000059,2026-07-29,persistence,0.9402817252968395,0.6665499758709923,97,5,z
frost_cycle_000056,2026-07-29,linear extrapolation,1.5299134807676869,0.7247339912021088,102,5,z
frost_cycle_000057,2026-07-29,linear extrapolation,1.5148098227169273,0.6855138617274154,97,5,z
frost_cycle_000058,2026-07-29,linear extrapolation,0.7382822449979312,0.5709261678962744,96,5,z
frost_cycle_000059,2026-07-29,linear extrapolation,0.8831626634819143,0.7256530278329185,97,5,z
frost_cycle_000056,2026-07-29,current state,1.4989735765927883,0.6551225780831945,102,5,z
frost_cycle_000057,2026-07-29,current state,1.438903137197561,0.5863443772615169,97,5,z
frost_cycle_000058,2026-07-29,current state,0.6599599201854094,0.5325606761638412,96,5,z
frost_cycle_000059,2026-07-29,current state,0.6979449247247289,0.5500904311781423,97,5,z
frost_cycle_000056,2026-07-29,state + rate,1.479692865979577,0.6480206033676978,102,5,z
frost_cycle_000057,2026-07-29,state + rate,1.4401270628172052,0.5934389946514957,97,5,z
frost_cycle_000058,2026-07-29,state + rate,0.6234924077116903,0.4972657681576081,96,5,z
frost_cycle_000059,2026-07-29,state + rate,0.6897515315452003,0.5816734444862878,97,5,z
frost_cycle_000056,2026-07-29,short statistics,1.4727352709338852,0.6429631431223287,102,5,z
frost_cycle_000057,2026-07-29,short statistics,1.442001393222153,0.5914460852989,97,5,z
frost_cycle_000058,2026-07-29,short statistics,0.6143952905547848,0.48624739965845504,96,5,z
frost_cycle_000059,2026-07-29,short statistics,0.6932768464956087,0.5825864215497806,97,5,z
frost_cycle_000056,2026-07-29,statistics + context,1.4560707483973927,0.6303624434586481,102,5,z
frost_cycle_000057,2026-07-29,statistics + context,1.4370865301655975,0.5864786202661204,97,5,z
frost_cycle_000058,2026-07-29,statistics + context,0.6049858043233693,0.4782145620341945,96,5,z
frost_cycle_000059,2026-07-29,statistics + context,0.6700429487691772,0.565204765649097,97,5,z
frost_cycle_000056,2026-07-29,raw 5-min history,1.4674694122496834,0.6405528869569207,102,5,z
frost_cycle_000057,2026-07-29,raw 5-min history,1.43752040680168,0.5909279822497845,97,5,z
frost_cycle_000058,2026-07-29,raw 5-min history,0.620627037492082,0.49584202819350365,96,5,z
frost_cycle_000059,2026-07-29,raw 5-min history,0.6931007176847056,0.5813374791069464,97,5,z
frost_cycle_000056,2026-07-29,direct short statistics,0.07352890146679655,0.06358447071356473,102,5,D_Qe_proxy
frost_cycle_000057,2026-07-29,direct short statistics,0.08977524807416255,0.06174277818281487,97,5,D_Qe_proxy
frost_cycle_000058,2026-07-29,direct short statistics,0.08212403036678133,0.04915570014036811,96,5,D_Qe_proxy
frost_cycle_000059,2026-07-29,direct short statistics,0.08877436656116965,0.06840016166550873,97,5,D_Qe_proxy
frost_cycle_000056,2026-07-29,structured short statistics,0.07311822801085766,0.0636019446688294,102,5,D_Qe_proxy
frost_cycle_000057,2026-07-29,structured short statistics,0.08982533934666204,0.06234797284089427,97,5,D_Qe_proxy
frost_cycle_000058,2026-07-29,structured short statistics,0.08335605711497163,0.04847446448951583,96,5,D_Qe_proxy
frost_cycle_000059,2026-07-29,structured short statistics,0.0900077783920443,0.06873114865716143,97,5,D_Qe_proxy
frost_cycle_000056,2026-07-29,persistence,2.3955862537136867,1.6207836120174972,97,10,z
frost_cycle_000057,2026-07-29,persistence,2.0380347534829055,1.2283122423506518,92,10,z
frost_cycle_000058,2026-07-29,persistence,1.5501125422027104,1.046237193202147,91,10,z
frost_cycle_000059,2026-07-29,persistence,1.687894823814135,1.2733786732557477,92,10,z
frost_cycle_000056,2026-07-29,linear extrapolation,1.8709192071367045,1.2366276537258634,97,10,z
frost_cycle_000057,2026-07-29,linear extrapolation,1.7915774500734896,1.0269690434483465,92,10,z
frost_cycle_000058,2026-07-29,linear extrapolation,1.1968450587817367,0.8927375753814233,91,10,z
frost_cycle_000059,2026-07-29,linear extrapolation,1.5416174937792815,1.1871773763528277,92,10,z
frost_cycle_000056,2026-07-29,current state,1.7945278652723466,1.0114468043319556,97,10,z
frost_cycle_000057,2026-07-29,current state,1.6244366275216717,0.8313937492530404,92,10,z
frost_cycle_000058,2026-07-29,current state,1.1128800633527165,0.8836693248445466,91,10,z
frost_cycle_000059,2026-07-29,current state,1.119475870354874,0.8103795270402666,92,10,z
frost_cycle_000056,2026-07-29,state + rate,1.7210805110642637,0.9739688930470386,97,10,z
frost_cycle_000057,2026-07-29,state + rate,1.594601633708184,0.7649201423566252,92,10,z
frost_cycle_000058,2026-07-29,state + rate,0.9880599318649501,0.7568673778798543,91,10,z
frost_cycle_000059,2026-07-29,state + rate,1.0823325303996625,0.8002212452111103,92,10,z
frost_cycle_000056,2026-07-29,short statistics,1.715406176035999,0.9856908719239929,97,10,z
frost_cycle_000057,2026-07-29,short statistics,1.600640343525538,0.7712431563187059,92,10,z
frost_cycle_000058,2026-07-29,short statistics,0.966603294192802,0.7320147803887561,91,10,z
frost_cycle_000059,2026-07-29,short statistics,1.091702863770329,0.8107908749239011,92,10,z
frost_cycle_000056,2026-07-29,statistics + context,1.7139366102497664,0.982561532745125,97,10,z
frost_cycle_000057,2026-07-29,statistics + context,1.6066178237562574,0.8041872961567753,92,10,z
frost_cycle_000058,2026-07-29,statistics + context,0.9891345394367271,0.7847381148680108,91,10,z
frost_cycle_000059,2026-07-29,statistics + context,1.0924009081492518,0.8359819833501766,92,10,z
frost_cycle_000056,2026-07-29,raw 5-min history,1.715148445366257,0.9793624534074916,97,10,z
frost_cycle_000057,2026-07-29,raw 5-min history,1.5957159184243208,0.7734483284022368,92,10,z
frost_cycle_000058,2026-07-29,raw 5-min history,0.9861139260432757,0.7554747149206547,91,10,z
frost_cycle_000059,2026-07-29,raw 5-min history,1.0871803899314194,0.8101206267143096,92,10,z
frost_cycle_000056,2026-07-29,direct short statistics,0.07592884739112006,0.06484889613565425,97,10,D_Qe_proxy
frost_cycle_000057,2026-07-29,direct short statistics,0.09609706196158858,0.06421917673220688,92,10,D_Qe_proxy
frost_cycle_000058,2026-07-29,direct short statistics,0.08593452911607244,0.05620859824616205,91,10,D_Qe_proxy
frost_cycle_000059,2026-07-29,direct short statistics,0.09540435986634109,0.076629859504467,92,10,D_Qe_proxy
frost_cycle_000056,2026-07-29,structured short statistics,0.07460498589186464,0.06411310094949703,97,10,D_Qe_proxy
frost_cycle_000057,2026-07-29,structured short statistics,0.09702760580071333,0.06244934389271726,92,10,D_Qe_proxy
frost_cycle_000058,2026-07-29,structured short statistics,0.08609691397109258,0.05521724089587036,91,10,D_Qe_proxy
frost_cycle_000059,2026-07-29,structured short statistics,0.09615665689006123,0.07442597755369372,92,10,D_Qe_proxy
frost_cycle_000056,2026-07-29,persistence,3.929895665671975,3.1770965315779933,87,20,z
frost_cycle_000057,2026-07-29,persistence,3.237398976929718,2.3379617389044918,82,20,z
frost_cycle_000058,2026-07-29,persistence,2.93099877060725,2.054786391058806,81,20,z
frost_cycle_000059,2026-07-29,persistence,3.2485867658407606,2.6343335429460204,82,20,z
frost_cycle_000056,2026-07-29,linear extrapolation,3.3323488238512633,2.4030022344424693,87,20,z
frost_cycle_000057,2026-07-29,linear extrapolation,2.9685763595749872,2.066305998124819,82,20,z
frost_cycle_000058,2026-07-29,linear extrapolation,2.3751239987361648,1.7825177333546933,81,20,z
frost_cycle_000059,2026-07-29,linear extrapolation,2.842404294325641,2.1966090076719076,82,20,z
frost_cycle_000056,2026-07-29,current state,2.467118996088577,1.5658927867284018,87,20,z
frost_cycle_000057,2026-07-29,current state,2.1918717566790886,1.5425307410470825,82,20,z
frost_cycle_000058,2026-07-29,current state,2.024147033153257,1.7372238021324231,81,20,z
frost_cycle_000059,2026-07-29,current state,1.9165981610964749,1.5656972699871792,82,20,z
frost_cycle_000056,2026-07-29,state + rate,2.444054134614508,1.507470002441471,87,20,z
frost_cycle_000057,2026-07-29,state + rate,2.166599942531997,1.4336501542421753,82,20,z
frost_cycle_000058,2026-07-29,state + rate,1.8829425900132923,1.521804363653033,81,20,z
frost_cycle_000059,2026-07-29,state + rate,1.7767206855684816,1.4044575132672055,82,20,z
frost_cycle_000056,2026-07-29,short statistics,2.466484141965378,1.5320103231164695,87,20,z
frost_cycle_000057,2026-07-29,short statistics,2.173233548020305,1.4335615563527293,82,20,z
frost_cycle_000058,2026-07-29,short statistics,1.8593667659433644,1.483211905269433,81,20,z
frost_cycle_000059,2026-07-29,short statistics,1.7714026812533172,1.3937536436410118,82,20,z
frost_cycle_000056,2026-07-29,statistics + context,2.5243650568294167,1.5822108658209664,87,20,z
frost_cycle_000057,2026-07-29,statistics + context,2.2220490897544973,1.5523613586481566,82,20,z
frost_cycle_000058,2026-07-29,statistics + context,1.9648458674516094,1.716158016080153,81,20,z
frost_cycle_000059,2026-07-29,statistics + context,1.7843461911932588,1.504638274131541,82,20,z
frost_cycle_000056,2026-07-29,raw 5-min history,2.440565632073943,1.5072409635530017,87,20,z
frost_cycle_000057,2026-07-29,raw 5-min history,2.1715817681908955,1.452139132980554,82,20,z
frost_cycle_000058,2026-07-29,raw 5-min history,1.886846413185635,1.523321102519629,81,20,z
frost_cycle_000059,2026-07-29,raw 5-min history,1.7773557750360676,1.4013664184851642,82,20,z
frost_cycle_000056,2026-07-29,direct short statistics,0.0839101086400224,0.06749487344899104,87,20,D_Qe_proxy
frost_cycle_000057,2026-07-29,direct short statistics,0.11120492408957788,0.07842928715203062,82,20,D_Qe_proxy
frost_cycle_000058,2026-07-29,direct short statistics,0.0985349636662969,0.07763261366706344,81,20,D_Qe_proxy
frost_cycle_000059,2026-07-29,direct short statistics,0.10653580164017747,0.0905251107326442,82,20,D_Qe_proxy
frost_cycle_000056,2026-07-29,structured short statistics,0.08013755900434592,0.064105012018447,87,20,D_Qe_proxy
frost_cycle_000057,2026-07-29,structured short statistics,0.11402219637656995,0.07491657300098299,82,20,D_Qe_proxy
frost_cycle_000058,2026-07-29,structured short statistics,0.101616247946187,0.07484961811272983,81,20,D_Qe_proxy
frost_cycle_000059,2026-07-29,structured short statistics,0.11097622643510463,0.09156003031734802,82,20,D_Qe_proxy
frost_cycle_000056,2026-07-29,persistence,5.460278842128838,4.835354290940479,77,30,z
frost_cycle_000057,2026-07-29,persistence,4.519722089452431,3.528791710879019,72,30,z
frost_cycle_000058,2026-07-29,persistence,3.9368244831600467,2.901441372244946,71,30,z
frost_cycle_000059,2026-07-29,persistence,4.8756349901363505,4.160235206001202,72,30,z
frost_cycle_000056,2026-07-29,linear extrapolation,4.590954502222579,3.734056356556252,77,30,z
frost_cycle_000057,2026-07-29,linear extrapolation,3.7290849904019265,2.921514125319576,72,30,z
frost_cycle_000058,2026-07-29,linear extrapolation,3.603733027652717,2.6708874719103197,71,30,z
frost_cycle_000059,2026-07-29,linear extrapolation,4.580001704437613,3.5725730104691635,72,30,z
frost_cycle_000056,2026-07-29,current state,2.873379751978212,2.126176161821931,77,30,z
frost_cycle_000057,2026-07-29,current state,2.7658724944468096,2.261211601465066,72,30,z
frost_cycle_000058,2026-07-29,current state,2.629554441502624,2.4255028274883363,71,30,z
frost_cycle_000059,2026-07-29,current state,2.629078773998168,2.3434539654958577,72,30,z
frost_cycle_000056,2026-07-29,state + rate,2.782834219119366,2.017437720545767,77,30,z
frost_cycle_000057,2026-07-29,state + rate,2.589717780764284,2.054491555115779,72,30,z
frost_cycle_000058,2026-07-29,state + rate,2.6364955615098102,2.3965235915309764,71,30,z
frost_cycle_000059,2026-07-29,state + rate,2.494688687730171,2.1715245743300176,72,30,z
frost_cycle_000056,2026-07-29,short statistics,2.7840969173337355,2.022385555631487,77,30,z
frost_cycle_000057,2026-07-29,short statistics,2.609801665639179,2.054992273369993,72,30,z
frost_cycle_000058,2026-07-29,short statistics,2.6361365621524104,2.388208833142067,71,30,z
frost_cycle_000059,2026-07-29,short statistics,2.5027317939002622,2.160764680235055,72,30,z
frost_cycle_000056,2026-07-29,statistics + context,2.9078347140806584,2.1386576457319775,77,30,z
frost_cycle_000057,2026-07-29,statistics + context,2.734904968598869,2.1786915105564404,72,30,z
frost_cycle_000058,2026-07-29,statistics + context,2.8171505511803034,2.599422174444615,71,30,z
frost_cycle_000059,2026-07-29,statistics + context,2.475596412782175,2.1801679955766633,72,30,z
frost_cycle_000056,2026-07-29,raw 5-min history,2.7770044740606945,2.0177125619385587,77,30,z
frost_cycle_000057,2026-07-29,raw 5-min history,2.622412569165947,2.064265664349697,72,30,z
frost_cycle_000058,2026-07-29,raw 5-min history,2.6436016469050636,2.397219196553123,71,30,z
frost_cycle_000059,2026-07-29,raw 5-min history,2.500294817633877,2.1563278619407287,72,30,z
frost_cycle_000056,2026-07-29,direct short statistics,0.10587514598842582,0.08849489359801424,77,30,D_Qe_proxy
frost_cycle_000057,2026-07-29,direct short statistics,0.1272784110954275,0.10241671517518552,72,30,D_Qe_proxy
frost_cycle_000058,2026-07-29,direct short statistics,0.11458818931909945,0.10354551685737902,71,30,D_Qe_proxy
frost_cycle_000059,2026-07-29,direct short statistics,0.11711492701020051,0.09964254306170048,72,30,D_Qe_proxy
frost_cycle_000056,2026-07-29,structured short statistics,0.10355074034655296,0.08749462289394667,77,30,D_Qe_proxy
frost_cycle_000057,2026-07-29,structured short statistics,0.12880102369329657,0.09796845867505542,72,30,D_Qe_proxy
frost_cycle_000058,2026-07-29,structured short statistics,0.11692252468049888,0.10192211816356672,71,30,D_Qe_proxy
frost_cycle_000059,2026-07-29,structured short statistics,0.12664343385875387,0.10564082541283755,72,30,D_Qe_proxy
